L2,L3,M1,M1,L1
L2,L3,L2,L3,H3
L2,H3,L3,H2,H1
L3,L3,H2,L3,M1
L3,L1,H3,L1,L3
L2,L1,M1,BN,L1
GL,L3,L3,L1,M1
H1,L3,L1,L1,L2
L3,L2,L3,L2,H2
H2,H3,L3,L2,L2
L3,L2,L3,L3,M1
L2,L3,L3,L3,H2
L3,L3,L3,M1,H3
L2,L1,H1,L2,L1
H2,H2,L2,L3,L1
L1,M1,L3,H1,L3
L2,L1,L2,L1,L3
H1,L3,L3,M1,L1
L1,L3,L3,H3,L2
BN,L2,L2,H2,L2
L1,L1,M1,L3,L3
L3,L2,L2,L2,H1
L3,M1,L1,L2,H3
L3,H3,L1,L1,L1
L2,L3,M1,BN,L2
H3,H3,L1,L3,L2
L3,H1,L2,L3,L3
L3,L1,H3,L3,L1
L3,L3,L3,L3,L3
H2,L2,L3,L2,L1
H1,L3,L2,H1,M1
L1,L1,L1,L3,L3
L3,H2,L1,M1,L3
L2,L1,H3,L1,M1
H1,H3,L2,L3,L3
M1,L3,L2,L1,L3
H3,L1,L3,L1,L2
H2,L1,L3,M1,L2
M1,L1,H3,L2,L3
H2,L2,H2,M1,L1
M1,H2,M1,H3,H3
L3,L1,L3,M1,L3
M1,L2,L3,L2,L3
L2,L1,M1,L1,L3
L3,L2,L1,L1,L1
H2,L1,L3,L2,L3
L3,L3,L2,L2,M1
L1,L2,L3,H2,L1
M1,H3,M1,L3,L3
M1,H3,H3,L1,H1
L2,L3,H3,L2,L3
L2,L2,L1,M1,M1
L1,M1,L2,L1,L2
L1,M1,H3,L3,L2
L1,H2,H1,M1,L2
L3,L2,L2,L1,L1
L1,M1,L3,L3,M1
L3,L2,M1,L1,L1
L2,L1,L2,H2,H3
L2,L1,L3,M1,M1
L1,L3,BN,H3,H3
L2,M1,H2,L1,L1
L3,H3,H2,L2,H1
L3,L3,L3,H1,L1
H3,L2,L1,L3,L1
L1,L3,L2,L3,M1
H3,L1,L2,L3,M1
H1,M1,H2,BN,L3
L2,L2,L2,L1,H2
H3,L3,L1,L3,H3
L1,L2,L2,H1,L2
L3,L2,L3,L3,BN
L1,H2,L2,L2,H3
M1,L1,L2,H3,H3
L3,M1,L3,BN,L1
M1,L1,L1,L2,L3
L2,H1,L2,M1,H3
L3,H3,L1,H1,L2
L3,L2,L1,L3,M1
H1,H2,L2,L1,L3
H2,L3,L3,L1,L2
H3,L3,H1,L2,L3
M1,L2,L3,L1,L1
L2,L2,L3,L3,L3
L3,L1,L3,L3,M1
L2,L2,M1,L3,L2
L1,M1,H3,M1,M1
L2,L2,L2,M1,H3
L3,L2,L2,L1,M1
L3,H3,L1,H1,L3
H1,L1,L2,L1,L2
L1,L2,L1,M1,L2
L3,M1,H3,L2,L2
L2,L1,M1,L1,H2
L1,L3,L1,L2,L1
L2,BN,L3,M1,L2
L3,L1,H2,L2,L1
L1,L3,H3,M1,L3
L2,H3,L2,L2,L2
L2,H2,H3,L1,H2
L3,L2,M1,L2,H3
L3,M1,L2,L3,L2
H3,L1,BN,L3,H3
H2,L2,L1,L2,L3
H3,H1,L3,H3,L2
M1,L1,L2,L2,H1
L1,L2,L1,L2,L3
H2,H1,L3,M1,H2
L3,L3,L3,H3,L2
H3,H3,L1,L3,L3
L2,L2,H2,L2,BN
L2,L3,H3,H3,H3
L1,M1,L2,L3,H3
M1,M1,L3,H1,H2
L3,M1,M1,BN,L3
L2,M1,L2,H2,L1
M1,H1,L3,H3,M1
L1,H3,M1,L3,H3
M1,L2,M1,M1,H3
L2,H1,H2,L1,H1
H1,L3,L2,L2,H3
H1,L1,L1,L2,L2
M1,L3,L2,H2,H2
L1,L3,L1,M1,L2
L2,M1,H3,L3,H3
H2,H3,L3,L2,L2
M1,H1,H3,M1,H2
BN,M1,L3,L1,L2
L1,L2,M1,L2,L3
L1,L2,M1,L2,L3
L2,L3,L3,L2,L1
L3,L3,L2,L3,L2
L1,L1,L2,M1,H3
L2,L2,L2,L3,L2
M1,L3,L3,H2,M1
H1,GL,L3,L3,L2
L3,L2,L1,M1,H3
L1,L3,L3,L2,L2
L2,H2,H1,H1,L1
L1,L3,M1,L3,L3
M1,L1,H3,L2,L3
L3,L3,L3,H2,L2
L3,L1,L3,L1,L1
M1,L3,L1,L3,H2
L3,L3,L1,L3,L2
L3,M1,L2,L3,L2
L1,H2,L1,L1,L1
H3,M1,L1,H2,L1
L3,L2,H2,L3,BN
L3,L3,H2,M1,L1
L3,L3,L2,L3,L2
L1,L3,L1,M1,L3
H3,M1,H2,L2,L1
H2,L3,L3,L3,L1
H2,L2,L1,H3,L3
L2,L2,L3,L2,L2
M1,M1,H2,H3,L3
H3,M1,L2,H1,L1
H3,L2,L3,L2,L2
L2,L2,M1,BN,L2
M1,L3,L3,L3,L1
L1,L2,L2,L2,L3
L2,L1,M1,L1,L1
L1,L3,L2,H3,H3
L3,L1,L3,M1,L1
L3,L3,L3,L2,M1
L2,M1,L1,L1,L2
L1,L2,L1,L2,L1
L3,M1,L2,L2,L3
L3,L3,H1,L2,H3
L1,L2,H1,L2,L2
L3,L2,L3,L1,L3
L2,M1,H2,L3,H1
H2,M1,H3,L2,M1
L1,L3,L1,L3,M1
L3,L2,L1,L3,L2
L1,L3,L3,H3,L2
L3,L2,L3,H2,L1
L3,L3,M1,L2,L2
L2,L1,L3,M1,H2
H1,M1,L2,L3,L1
L1,H1,L1,L1,L3
L3,M1,M1,H3,L3
L3,H1,L2,L1,L2
L1,H2,BN,L1,H1
L2,L1,L3,L3,M1
L2,L2,H2,H1,H2
L3,M1,L1,L1,L3
H3,L3,H3,L1,L3
M1,L1,L3,L2,L1
M1,L1,H3,H2,H2
L3,L2,H2,L2,L1
L1,M1,L2,H3,L3
L3,L2,BN,L2,L2
L1,L1,L3,H2,L2
L3,H1,M1,L3,GL
H2,L2,L3,H3,L1
L2,M1,L2,L1,L1
M1,L3,L1,L1,L2
L2,L1,BN,L2,L2
L2,L3,L3,L1,H1
M1,L3,L2,H1,H2
L1,H1,H2,H2,H1
L1,L2,L2,M1,H3
L3,L2,L2,L3,GL
L2,L1,L3,L1,L1
L3,L1,L2,H3,H2
L2,L1,M1,M1,L2
M1,BN,M1,L2,L1
L3,L1,M1,L1,H3
L3,H1,L2,L3,M1
L2,M1,L3,L2,L1
L1,L2,L2,M1,L2
L3,H2,H3,H2,H2
L3,L3,L3,M1,L2
H2,L2,L1,M1,L3
L1,L1,L1,L2,L3
M1,L1,M1,M1,H3
M1,L3,BN,H2,M1
M1,L1,L2,L2,H3
L2,M1,H2,H1,L3
H3,L3,L3,L3,H3
L1,M1,L1,L1,L3
M1,L3,L2,L1,H2
L2,L1,M1,M1,L3
L2,L1,H1,M1,L3
L3,BN,L3,L3,L1
H3,H1,L3,M1,L3
L2,L3,L2,L2,L1
L3,M1,L3,L1,H1
L3,L3,M1,L2,L3
L2,H3,H3,H2,L2
L2,H2,H2,H3,H3
L2,L3,L2,H3,H3
L1,H3,BN,L1,L3
L2,L2,L3,BN,L2
L1,L1,L3,L2,M1
L2,L3,L2,H3,M1
L2,L3,L3,L1,M1
L1,L2,L1,L3,L1
M1,L2,L2,L1,H3
L1,BN,L2,L3,M1
L3,L3,H2,L3,H3
L1,H2,M1,M1,L3
M1,L3,L1,M1,L3
H3,L3,H2,L1,L3
L3,L3,L1,H3,L1
L2,L2,L1,L1,H3
H3,L3,M1,L3,L1
L2,L3,L3,L3,L3
L2,L1,L2,L2,H3
L1,L1,L2,L3,H2
H1,L3,L3,L2,L1
M1,L3,H3,H3,H1
H2,M1,L1,BN,H3
H3,H1,L1,L3,H2
L2,L3,L3,L1,L1
L1,L2,M1,L2,L3
L3,H1,L1,L2,L1
H3,L2,M1,M1,L3
L1,L2,L3,M1,L1
L3,L1,L1,M1,L3
L3,H3,L2,L1,L1
L2,L2,L3,H3,L2
BN,H3,L3,L1,L2
L1,BN,L1,L3,L1
L2,L1,H1,L3,L2
L2,L1,H3,L3,L3
L3,H3,L2,L3,L2
M1,L2,L3,L1,L1
L1,M1,H3,L3,L2
L3,L1,H1,L2,M1
L2,L2,L2,L2,L1
L2,L2,L1,L3,L1
L1,L2,H1,BN,L2
L1,BN,L2,L3,M1
L1,L2,M1,M1,L3
H2,L3,L3,H3,L2
M1,L2,L1,L2,L3
H2,L2,BN,L2,L1
M1,L3,M1,L2,L3
L1,H3,H3,L1,L3
L1,H2,H3,M1,M1
M1,L2,L3,L3,H1
H3,L3,H1,L3,L3
H3,L1,L3,L2,L3
L2,M1,L3,L1,H3
H3,L2,L3,M1,L3
L3,L2,L2,M1,L2
H2,L2,L3,H3,M1
L1,L1,L3,M1,L1
L3,H3,H3,H3,L2
L2,H3,M1,H2,L2
L2,H3,L2,L2,L3
L2,L3,L3,H2,L1
L3,H3,H3,H3,H3
L1,L3,L3,L2,H3
BN,L2,H2,H3,M1
L2,L2,L2,L3,L3
L1,L2,L1,L2,L2
L1,L3,M1,H2,L1
L3,L2,L1,L3,L1
H3,L3,L3,L3,H2
L3,L3,L2,L2,L1
L3,M1,L2,H2,H1
L3,L2,L2,L2,L1
H3,H2,L2,L3,L2
L1,L3,L2,L2,M1
M1,L3,H2,L1,L2
H3,L3,H2,L1,H1
L3,L3,L3,L1,M1
L3,L1,M1,H2,L2
L1,L2,H2,H3,L3
L3,L3,L3,H3,L2
L2,L2,L2,M1,L1
M1,L3,L3,H1,M1
L2,H2,L2,M1,L2
L3,L1,L3,L2,L1
L2,L1,H3,L2,L2
L1,M1,H2,L3,L2
L2,H3,H2,M1,L2
L3,L2,L2,L3,L1
M1,L1,BN,H1,L2
L1,H2,L3,L1,M1
L1,L3,L3,H2,L3
M1,L2,H1,BN,M1
L1,L1,M1,L1,H3
M1,H3,L3,M1,H3
L2,H3,L1,L3,H3
L2,L3,L1,H2,L3
L2,L2,L2,M1,H3
L1,L1,L3,H2,L2
L2,H2,H1,H3,H3
L2,L1,H2,H1,L2
L2,L3,L3,L3,L3
L1,L2,L1,L2,L2
H2,M1,L1,L3,M1
L3,L2,M1,L2,H1
L2,L3,L3,L1,L2
L2,H3,H3,H3,H1
L2,GL,M1,L1,L2
H2,H2,L1,L1,L2
L3,L2,L1,L2,L2
L2,M1,L2,L3,M1
L1,L1,L3,L2,M1
H3,L2,L3,L2,L1
L1,H3,L1,L3,M1
H1,L3,L1,L3,L2
L1,L1,H3,H3,L3
L1,M1,M1,L3,L2
L2,L1,L1,L3,L2
M1,H2,H1,L3,L1
BN,L2,M1,L3,L2
L1,L1,M1,H3,M1
L2,L3,H3,L2,H2
L3,L1,L1,H3,H2
L2,L3,L2,M1,L1
L3,L2,L3,L2,L2
M1,M1,H2,H3,L2
M1,H1,L3,L3,L1
H3,H3,M1,M1,L1
L2,L3,H2,H1,H3
L3,L3,L3,H3,L2
H2,M1,L1,L1,L3
H3,L3,L2,H3,L2
L2,L1,L1,M1,L3
L3,M1,L3,M1,M1
L1,L2,L2,L3,L2
L2,M1,L2,M1,M1
L3,L2,L1,L1,L3
BN,H2,L2,M1,L2
L2,L1,H3,L3,M1
H1,L2,L1,M1,L1
L2,M1,M1,H2,L3
H3,L1,H3,L3,H3
L3,L2,H3,H3,M1
L2,H2,L1,M1,L2
L2,L3,M1,L1,L1
L2,H1,H3,L2,L1
L1,L3,L2,L3,L1
L3,BN,M1,L3,H3
L3,H2,L3,H2,L3
L2,L2,L2,L2,L1
L2,L2,L3,L2,L3
H1,L1,L1,L2,L3
L3,L3,L2,L1,L2
L3,L1,L3,H3,M1
L1,L2,L2,L3,L2
H3,L3,L3,L2,M1
L1,L2,L3,H2,M1
H3,H3,L1,L1,H1
L3,L2,L3,L3,L2
H2,H2,L1,M1,L2
L3,H2,L3,L2,L2
H2,L2,L3,H1,L3
H1,H2,L1,L1,L2
H1,H3,L2,L1,L3
L3,L2,H3,L3,L3
L2,L2,L1,L3,L2
H2,L3,L1,L3,H2
L2,L3,M1,L1,M1
L2,H3,L1,L1,H1
L3,L2,H2,L3,L2
H2,L3,L3,L3,H2
L2,L3,H3,L2,L3
L3,L1,L3,M1,L1
L3,L3,L2,M1,H3
M1,H2,H2,H1,L2
L1,H1,L3,L1,H3
BN,L2,L3,L2,L2
M1,L1,BN,H2,L3
L3,L3,M1,H3,L2
L3,L3,H3,L3,L1
L3,H3,H1,H1,BN
L2,L3,L3,L1,L3
L3,L1,L2,L3,L3
L1,L3,L3,L3,L3
L2,L3,L2,L1,L3
H2,L2,L1,L3,L2
M1,H3,L3,L2,L1
H2,L3,L2,L2,L3
L1,L2,L1,H3,L1
L1,H3,H2,H2,M1
L3,L3,L3,L2,L1
L1,L1,H3,L1,M1
L1,L3,L1,L1,L2
L3,L2,L3,L3,M1
L2,L1,H2,H2,L1
H3,H1,L2,L3,L2
L2,L1,H3,L2,L1
L2,H3,L2,L1,L1
M1,M1,L3,L3,L3
H3,L3,H3,L2,L3
L3,L2,L2,L1,H2
L3,L2,H1,L1,L1
L3,L1,L2,L1,H3
L1,H1,L1,L3,L3
BN,M1,L2,L3,M1
H1,L1,L3,H1,L3
L3,L1,M1,H3,H2
H2,M1,L2,L2,H1
L1,L2,GL,L2,M1
M1,L3,L2,L1,H2
L1,L3,L3,L2,L1
L3,L2,L3,L2,L1
L1,L3,H1,L2,M1
L1,H1,L2,L1,L1
H1,L2,L1,L1,L3
L2,L2,L1,L3,L1
L1,H2,M1,L1,L2
L3,M1,L2,L2,L2
L2,L1,H3,L2,L2
M1,H3,L3,H1,L2
M1,H1,L1,L1,L1
H3,L3,L3,H2,L2
L3,L3,L1,L3,GL
L3,L1,L1,H3,L1
L2,L3,L2,L3,H3
L2,H2,L1,L3,L1
H2,H3,H3,L3,H2
L1,L3,L2,L1,L1
H3,L3,L1,L2,L2
L1,M1,BN,BN,H2
H3,L1,H3,L3,L1
L2,L3,L3,M1,H1
L3,L2,L2,L2,L2
L3,H2,L1,L1,L1
H3,L1,L3,L3,L1
H3,H3,BN,H1,L1
L2,M1,L1,L3,L1
L2,L2,M1,M1,L2
L3,L2,L3,L2,L2
H3,L3,L2,L1,H2
L3,L2,L3,L3,M1
L3,H3,L1,M1,M1
H1,L2,L2,L3,M1
L1,L1,L2,L2,L2
L2,H2,M1,H1,L2
L2,L2,L3,L2,M1
L1,H3,M1,L3,M1
L1,L3,H3,M1,L1
M1,L2,L1,BN,L3
L1,L1,L3,L1,L3
H1,H1,L2,L1,L2
M1,L3,L3,M1,L1
L2,M1,L1,H2,L2
L2,L1,H1,H3,H2
L3,H2,L3,H3,L2
L1,L2,L3,L3,L2
L1,L3,H3,L3,M1
M1,L1,L1,M1,M1
L2,H1,L3,L1,L3
L2,L2,L1,H1,H3
L1,L3,L3,L3,H3
L3,L3,L2,L3,L3
L3,L2,BN,L1,L1
L3,L2,L3,L1,M1
H2,H2,L3,M1,L3
H2,H1,L2,M1,M1
L1,M1,H1,L1,H1
L2,M1,L3,M1,H3
L3,H1,L1,L3,L3
H2,L2,L3,L1,L1
L2,L2,H2,L1,BN
H1,H3,L3,L1,L2
L1,L1,M1,L1,H2
L1,L1,L1,L2,L2
H3,H3,M1,L3,H2
M1,L3,H3,L3,GL
L3,L3,M1,H3,H3
L3,L1,H3,L2,H1
H1,L3,L2,L3,H3
M1,L3,H3,L2,L3
L2,M1,L3,L2,M1
H3,L3,L3,L1,L3
L1,L1,L3,L1,H1
L1,L3,L2,L1,L2
L3,L3,M1,L1,L3
L2,L2,M1,L1,L2
L3,L2,L3,H3,L3
L3,L1,L3,M1,L3
L2,M1,L2,L1,H3
L1,H1,L3,L2,L2
L2,L1,L1,L3,H3
H3,L2,H3,L1,L1
L3,L2,L1,L3,L1
L2,L3,L3,L2,BN
L2,L1,L3,L1,L3
L1,L1,L2,L3,H3
M1,L3,L3,L3,L3
L3,L3,L3,H2,L1
L3,L1,L2,M1,L1
L3,L1,L1,M1,L3
BN,M1,L1,L2,L2
L2,L3,H2,H1,L3
L3,H3,L1,L2,M1
L3,H3,M1,H3,L3
L2,L3,L2,L1,BN
L2,L2,M1,L3,L3
H3,L2,L1,H2,L2
L2,M1,H3,H3,L1
L3,L1,H1,L3,L2
L3,L3,H3,H2,M1
L1,L2,L3,M1,L2
L2,L1,H3,H3,L3
L2,L2,L2,L1,L3
L1,L3,L2,M1,M1
H3,M1,L2,M1,L1
L3,L1,L2,L3,L3
L1,L2,L3,H1,L3
L3,L3,L2,M1,L3
L1,L1,L2,M1,M1
L1,L2,L1,L2,L1
M1,L2,H3,L3,L3
H1,L3,H3,L1,L2
L2,H3,L2,L2,M1
L2,BN,L2,L1,L2
M1,L2,H3,H3,L3
L3,L2,L1,L3,H3
H3,H3,M1,L3,M1
H3,M1,L3,L1,L1
L3,H2,M1,L2,H3
L2,L2,L1,L3,L3
L1,M1,L3,H3,H3
L2,H2,L2,L1,L1
L1,L2,H3,L1,L3
L3,M1,BN,GL,H3
L3,L2,H3,L1,M1
L3,L3,H2,H3,L3
L3,M1,L3,L3,M1
L3,H2,H2,L2,L3
L2,L2,L3,L2,L1
L3,L1,H3,L3,L1
L3,L3,L2,H2,H1
L2,L1,L2,L2,L2
L2,L2,L3,L2,H1
M1,M1,L2,L3,L1
L2,L1,M1,L2,H2
M1,H2,L1,L3,L2
L2,M1,L2,L2,H3
H2,H2,BN,L2,L3
BN,L1,L3,H3,M1
L1,L3,H1,M1,L1
H1,H2,L1,L3,BN
L2,L2,H3,H1,L2
L1,M1,L1,L3,L1
L1,L1,L3,L3,H3
H1,L3,L3,L2,L3
L2,L3,H3,M1,M1
L3,L3,L3,H1,M1
M1,L3,H1,H1,M1
L3,L2,L2,L3,M1
M1,L3,L1,H3,L2
M1,L2,H3,L3,L3
L2,L3,BN,BN,L1
L1,L3,L3,L2,L2
L2,L3,L2,L1,H2
H3,H3,L3,L3,L2
L1,M1,H1,L3,M1
H3,M1,L3,L1,L3
H2,L2,L3,H3,L2
H1,M1,L1,L2,H2
L1,L3,L1,L3,L1
H2,H3,L1,L3,L2
H3,L1,L2,L2,L3
H2,L3,L1,H1,L3
L3,L2,L2,H1,L3
L1,L2,L2,BN,L1
L3,M1,L2,L2,L2
H3,L2,L3,H3,H2
H1,L2,M1,L3,L1
H3,L3,H1,H1,L3
M1,BN,H3,L1,M1
L3,L2,L3,L3,H2
H3,M1,M1,BN,L1
H3,M1,M1,L2,L1
L3,M1,M1,M1,L2
L3,L3,L3,L3,L2
L2,H2,L3,H3,L1
L3,L1,M1,H2,H2
H3,L2,L3,H3,L2
L2,L1,L3,L1,L2
L1,L3,M1,L1,L3
H2,L2,M1,H1,H3
L3,L1,L2,L1,L3
H3,H3,L3,M1,M1
L2,L2,L2,L1,L3
L2,L2,L3,L2,M1
H1,L2,H2,H2,L3
L2,L2,L3,L3,M1
L2,L2,L3,H2,L2
L1,L3,L3,L2,BN
L3,H1,L1,L2,M1
H3,L3,L2,L2,L3
H3,L3,L2,BN,L1
L2,L3,L1,M1,L1
L3,L1,L3,L2,M1
M1,L2,L2,M1,H3
H1,H2,L1,L2,L3
L3,L2,H2,L2,M1
L3,M1,L2,L3,L3
L3,L1,L1,L3,L1
L1,H2,L2,H3,GL
M1,BN,L2,L2,L2
L3,L3,L3,H1,L2
H1,H3,M1,L2,L2
L3,L2,L2,L3,M1
L2,L2,L3,L2,L3
L2,H2,L1,L1,H3
L3,L2,H1,L2,H3
L3,L1,L3,L2,H3
L2,L2,M1,M1,H3
M1,L3,BN,BN,L3
H2,H3,L3,L1,L3
H3,M1,H2,L3,L2
M1,L2,L3,L2,H3
L3,M1,L2,H3,H3
L2,L2,L2,L1,L2
L2,BN,M1,L2,L2
L3,L2,H2,H2,BN
L3,L1,L3,L2,L2
L3,H2,L1,L1,L3
L3,L3,L1,L3,L3
L1,H3,L3,L3,L3
L2,L1,H2,M1,L1
L2,BN,L3,L3,L3
L1,L3,L3,L3,L1
L3,L1,H1,L2,L3
L1,L1,L1,L3,L1
L3,L1,L1,M1,L1
L2,L2,L2,L2,L1
M1,L3,M1,L3,BN
H2,L1,M1,L1,L3
L2,H3,L3,H1,GL
L2,M1,L3,L2,H3
L2,L1,L3,L3,L1
L2,M1,L3,L3,M1
M1,H3,L1,L2,L2
L2,L2,L1,L2,L1
L2,L3,L3,L3,L3
BN,L2,M1,H3,L1
L3,L2,L3,L1,L2
L2,L2,L3,L1,L2
H3,L3,H2,L1,M1
L1,L1,L3,M1,L2
L2,L3,L1,L2,L2
H3,L3,M1,L2,H3
L1,L3,L3,M1,L2
H2,L3,L3,M1,L3
L2,M1,L3,H2,L3
L3,L3,L1,L1,H3
L3,H1,L1,L3,M1
L3,L2,M1,H3,L2
L3,M1,L2,H1,L2
BN,L3,L1,L1,H2
L3,L3,M1,H3,M1
H1,L3,L3,L2,L2
H1,L3,L2,L3,L1
L1,H3,L3,L1,H3
H1,L3,L2,M1,L3
L3,L2,M1,H3,L2
H3,L1,L3,M1,L3
L2,M1,L2,L2,L3
L1,L2,L1,L3,M1
L2,H2,L1,L1,L2
L1,L1,L3,L2,L2
L3,H3,L3,L2,H2
L1,L3,L2,L2,H2
L1,L3,L2,L3,L1
L2,M1,L2,L2,L1
L1,L3,L2,L3,L3
L2,L2,L3,L2,L3
L2,L3,L1,L1,M1
L1,L2,L3,L3,L2
L3,M1,H2,L2,H3
L3,H2,L3,L3,L3
L1,L2,L3,H1,BN
H3,L1,H1,L2,L2
L3,L1,L3,M1,H2
L2,M1,L3,L3,L2
L1,L3,H3,L2,L2
L3,L2,L2,L2,L2
L2,L3,L3,L1,L2
H1,L3,M1,L3,L3
H2,M1,L2,L3,M1
L3,L3,L3,L2,M1
L2,M1,L1,L1,L3
L3,H2,L3,L2,L1
L2,L3,L1,M1,L3
H2,H2,L2,L3,L3
L1,H1,H3,L2,L2
L1,L1,L1,L2,L2
L1,L2,L3,L1,L2
H3,L3,L1,L2,L2
M1,H3,L3,L1,GL
L3,BN,L3,H2,L2
L2,L3,L2,L1,H2
M1,L1,M1,L1,H3
H1,L2,L3,M1,H2
L2,L3,L3,H2,L1
H3,L1,L1,L1,L3
H2,L3,L2,L2,M1
H1,L2,L2,M1,L3
L1,L1,L2,H2,L1
L3,L1,L3,L2,L2
L3,L1,L2,L3,H2
H1,L3,L2,L1,H3
H3,L1,M1,H3,H3
L1,L1,L3,L3,L2
L1,L3,L1,L1,L3
L2,L3,H3,M1,L2
L2,L2,L3,L1,L2
L1,L3,L1,M1,M1
L1,L2,L3,L3,H1
L1,L1,L3,BN,L3
L3,H3,H3,M1,L3
L2,L2,L2,L1,BN
L2,L1,L1,L2,L3
L2,L3,L2,L3,L3
L3,L3,M1,L2,H3
L2,L3,L1,L2,L3
L1,L2,L3,L3,L1
H3,L3,L3,L1,M1
L2,L2,H3,L3,L2
L2,L1,BN,L2,L3
L1,L2,L3,H1,H3
H3,H3,L2,L1,L3
L3,L1,M1,L2,H3
M1,H3,L1,M1,H1
L3,L2,L3,L2,L2
M1,L1,L3,L3,L2
L3,M1,H2,L3,L1
L1,L2,L1,BN,GL
BN,M1,H3,M1,H3
L2,H1,M1,H3,L2
H2,L1,L2,L1,M1
L3,L3,H3,L1,L2
L2,L3,L2,L3,BN
H2,L2,L1,M1,H1
L1,H2,L3,H1,L3
BN,L1,H3,L3,L2
L2,L3,L1,L1,L3
L2,H1,L1,L1,L3
H1,L1,L2,H3,L1
L3,H1,H3,M1,L3
L1,L3,L3,L3,L3
L1,M1,L3,BN,H2
M1,L1,L3,H3,L1
L2,M1,L1,L2,L1
L3,L3,H3,L3,H2
L3,H3,BN,L1,L2
L2,L2,L3,H1,L3
L1,L1,L3,L3,L3
M1,L1,L3,L2,H2
M1,L1,L2,BN,H2
M1,L3,L2,H2,H3
H1,H3,L1,L2,L1
M1,L2,H3,L1,H3
H2,BN,L3,H2,L1
M1,H1,L2,L2,L3
M1,H2,L3,H3,BN
L1,H2,L1,H3,L3
L2,L2,L3,L3,H2
L3,L3,M1,L3,L3
L3,L2,H1,M1,H2
L2,L1,L3,L2,H1
L3,L3,L2,H1,L3
H3,M1,H3,L2,M1
L3,M1,M1,L3,M1
L1,BN,L2,M1,L1
L3,L3,L3,L1,L3
H3,H3,L3,L3,L2
L3,M1,H2,L2,L1
H2,M1,H2,M1,L1
H1,H1,L2,L1,L3
L3,L3,L1,H2,L3
L3,L3,L1,M1,L2
L3,L3,H1,L3,L3
L3,L3,L3,L2,L2
H2,L2,H2,L1,L1
L2,L1,L3,L2,L2
L3,M1,H1,M1,L3
L2,M1,L2,H3,L3
L3,BN,L1,L3,L1
L2,L2,L1,L2,H1
L1,L1,H3,L1,L1
H3,L2,L1,L3,L3
L2,L2,M1,H3,L2
H2,M1,L1,L1,H3
L2,L1,M1,H1,L1
L2,L3,L2,L2,L1
L1,L3,L2,L2,H3
L3,H1,H1,H1,H2
L1,L1,L3,M1,BN
M1,L3,H2,BN,H1
L2,L2,L1,H3,M1
L2,L3,L3,L2,L3
L3,L3,L2,L2,L2
H1,L1,L3,L1,L2
L2,L3,L1,L2,M1
M1,L2,L3,L3,L1
L3,H1,M1,L3,H2
L1,L3,L2,L2,L2
L1,L2,L2,BN,L3
L3,H1,H3,H1,L3
L3,L1,L2,H2,L1
H2,L2,L1,L3,L2
L1,M1,M1,L1,L1
L2,L2,L2,H2,L2
L2,L1,H2,L1,L2
L3,H3,M1,H2,L1
H3,L3,H3,L3,L2
H3,L2,H1,L3,L1
L1,M1,L2,L1,H2
H2,L1,L2,BN,L1
L3,M1,L1,L3,L2
M1,L3,L2,L2,L3
L3,L3,L1,L1,L1
H3,L1,L3,L1,M1
L3,L3,L3,H3,M1
M1,L1,L2,L2,L3
L2,L1,L1,L1,M1
L2,L2,L1,L1,L1
L1,BN,L1,L2,L1
L2,L3,L1,M1,L3
L3,H3,L3,H3,M1
M1,H2,H1,L2,H3
L3,L3,L1,L2,L2
L2,L1,H2,L3,BN
M1,L3,L3,L2,L3
L2,H2,L1,L3,L1
H2,M1,L1,L1,H1
L1,L1,L2,L2,L1
M1,L3,H3,L2,M1
L3,L1,H1,M1,BN
L3,L3,M1,M1,L1
L1,L2,L2,M1,L3
L3,L1,M1,L2,L2
L3,L2,L3,M1,H2
M1,M1,M1,L3,L1
H3,H2,L1,L2,L2
L1,L2,L1,L1,L2
L1,L3,M1,L2,L1
BN,L3,L1,L3,L2
L3,H3,L3,L2,L1
M1,H3,H2,L2,M1
L2,L2,L3,L2,L1
L2,L1,L1,H1,L1
L1,H3,L1,M1,L1
L1,L3,L1,M1,L3
L3,L3,L1,H1,L2
L1,L1,L1,L1,L2
H3,L3,H1,M1,L3
L2,L3,L2,L3,L1
L1,M1,L3,L1,M1
M1,L3,L3,L3,L1
L3,L1,L2,L3,L1
L2,H2,L3,L3,L3
H2,H2,L3,M1,M1
L2,L1,L2,L3,M1
L3,L1,H1,H3,L2
H3,BN,L3,L2,L2
L2,M1,L3,M1,L2
M1,L2,H1,L3,L2
H3,L2,L3,M1,L2
L1,L1,L1,L1,L2
L1,L1,H3,H2,L1
H1,M1,BN,M1,L3
L2,L1,H3,L1,L1
L1,L2,L3,L1,L1
L1,L3,L3,L3,H2
H3,L2,L1,L3,H1
L2,L2,M1,L3,H3
H3,M1,M1,L2,L1
H3,L3,L3,BN,L2
L2,L2,L2,L3,H2
L3,L2,L1,L3,L3
M1,H1,L3,L2,L1
L3,L3,L3,M1,H3
L3,L2,L1,L1,H1
M1,L3,L1,L2,M1
L2,M1,L2,M1,L3
L2,L1,L2,H3,L1
M1,L2,L1,M1,L2
L2,L3,L1,H3,L3
L2,L2,L2,L1,L1
L3,L2,L3,M1,L2
H3,L1,H1,L3,H1
H1,L2,L1,L2,M1
L3,L3,GL,L2,L3
L2,M1,L2,M1,L2
L1,H3,L1,L2,H3
H1,H2,H1,L3,L3
L3,L3,H3,L1,H3
L3,L1,L1,L3,L3
L1,L1,L1,H3,L3
L3,L3,L3,L3,L3
H2,L1,M1,L1,M1
L3,L2,L2,L1,BN
L2,H3,M1,L1,L3
L2,M1,M1,M1,L3
H3,L1,L3,L3,H1
L1,H2,L3,H3,L3
M1,M1,L1,H2,L1
L1,L3,H2,L1,H1
L3,M1,L1,L3,H2
L1,L3,L3,H2,L1
L2,L2,L3,M1,L3
H2,L3,H3,L3,L3
L3,L3,H2,L1,H3
L1,L2,H1,M1,L2
H1,L3,L2,L3,H2
L2,L2,L3,M1,L1
H3,L3,H3,L2,L3
L2,H2,L3,L1,L1
L2,L3,L2,L3,H1
H3,L3,H3,L3,L2
L3,L1,L3,M1,L2
L1,L1,M1,L2,H2
H3,L3,L2,L1,H2
L3,L1,L2,L1,L1
L2,H2,L3,H1,L2
H2,L1,L2,L3,L3
M1,L3,L3,L2,H3
L2,L2,H1,L3,L2
L2,L1,L1,L2,L3
L3,L2,L1,H3,H3
H1,M1,M1,L1,L2
L3,H3,L1,L3,L2
L3,M1,L1,L1,H3
L1,L3,L3,L1,L1
M1,L2,L1,L1,L2
M1,L3,H3,L3,H3
H3,L3,H1,L3,BN
M1,L1,L3,L1,H2
M1,H2,M1,L1,L2
L3,L3,L1,L2,M1
L2,L3,L3,L3,L3
H3,L1,L1,L3,L3
H2,L1,H3,L1,H2
L2,L1,L2,L1,M1
L3,M1,H3,L3,H3
L2,L3,BN,H2,L2
H3,L3,L2,L1,L1
L3,L2,M1,H1,H3
H2,M1,L3,L1,L3
H1,H3,L1,L2,L1
L1,L3,H3,H2,L1
L1,L3,L2,L3,L2
L1,H1,L1,L1,M1
L1,L2,L3,L3,L3
L1,L2,H2,H1,L1
L2,M1,M1,L3,M1
L2,L3,L2,L3,L1
L3,M1,L1,L3,L1
L2,L1,H3,H3,L2
L1,L1,L2,L2,L2
L2,L3,L2,H3,L3
L3,L3,H3,L3,L1
L3,L3,L2,L1,M1
H1,M1,L3,H3,L3
H1,L1,L2,L1,L3
BN,BN,H2,L2,L1
L2,L1,L2,H3,L1
H1,L1,L1,L3,L1
L2,L1,L2,L1,M1
L1,L2,L3,H2,L3
M1,L1,M1,H3,L1
L1,L3,L1,L2,L1
L3,L2,H3,L2,L1
M1,L1,L1,H1,L3
L2,L1,L3,L2,L3
L1,M1,L3,L2,H2
L3,H1,L3,L2,L3
BN,M1,H3,L2,L1
L3,L1,L2,L1,L2
L3,H2,L1,L3,H2
L1,L3,H2,L1,L1
L2,L2,BN,H1,L2
L3,L2,M1,H3,H3
L2,M1,L2,M1,L2
L2,L1,H3,L2,L1
L3,L2,L2,M1,M1
L2,L2,L1,L3,H3
M1,L1,H3,L3,L2
L3,H3,H3,H1,H1
H1,L3,L1,L2,L3
L3,L3,L3,L1,H3
M1,L1,L2,L2,L2
L2,L3,L3,L2,BN
M1,L3,L1,H2,L1
H3,H3,L1,L2,H3
M1,L2,H1,L3,L1
L3,L2,M1,L3,L3
M1,H2,L1,L2,L1
M1,L3,M1,L3,L3
L2,M1,L3,L3,L1
H2,M1,BN,H3,L1
M1,L1,L2,L1,M1
L2,L3,M1,L3,H3
L3,M1,L1,L3,L2
L1,M1,H3,H3,H2
L2,H3,L1,L3,H1
H3,L2,L1,L1,H2
L3,L2,H1,L1,H1
M1,L3,L1,L2,L2
H2,M1,L3,M1,H2
H3,L1,H1,M1,L1
L3,L3,L2,L2,L3
H1,L2,L3,H3,M1
M1,M1,L2,L1,H1
L3,H3,L2,M1,L1
H1,L2,L1,L2,L1
L3,L2,L2,L1,M1
L2,L3,M1,L1,BN
H2,L2,L3,M1,M1
L2,L2,L2,L2,L1
H1,L2,L2,L3,L2
H2,L2,L3,L1,H1
L1,L3,L2,L3,L2
L3,L3,H1,L1,L2
L3,L1,H3,H3,L3
L2,H2,L2,L3,L2
H2,L2,L3,L3,L3
L3,L2,L2,M1,L1
L1,L2,L2,L1,H1
M1,L3,L2,L2,H1
M1,L3,H3,L3,L3
L1,L3,M1,H2,L2
L3,L2,L3,L1,L2
L3,BN,H2,L3,H1
M1,M1,BN,H1,H3
H2,L2,L3,H1,L2
L3,L2,M1,L2,L2
L2,L3,L3,L1,H2
L2,L1,H3,L2,M1
L3,L3,H3,L3,H2
L2,L1,L1,M1,L2
L3,L3,L2,M1,H3
M1,L1,L3,L3,H3
L3,H1,L2,L1,M1
L1,L3,L1,M1,M1
L3,L2,H3,L2,L1
L3,M1,H3,L2,L3
L1,M1,L1,L2,L2
H1,H3,L3,BN,M1
L1,H2,M1,M1,L3
L2,L3,L3,L2,H2
H2,L1,L3,L2,L2
M1,M1,M1,L3,L3
H1,L2,L2,M1,L1
L3,M1,M1,L1,L2
L3,L2,L2,H3,L2
L3,L2,L2,H1,L3
L3,H2,L1,L2,L1
H3,L2,M1,M1,L3
L3,L2,L2,H3,L3
L3,L3,M1,L3,H3
L3,M1,M1,H2,M1
L1,L2,L2,L2,L3
L3,M1,L2,L1,H3
L3,L2,L3,L2,L3
M1,L2,L2,H3,M1
M1,L2,H1,L3,M1
M1,M1,L3,L1,L2
L3,L2,H3,H3,L1
H3,L2,L3,BN,L1
M1,L3,L2,L3,H1
L2,L3,L2,L1,L2
L2,L1,L2,L3,BN
L1,H3,H2,M1,L2
L2,L3,H1,L2,L2
L2,L1,L2,L2,L3
L1,L1,BN,H3,H3
L1,L3,L3,L3,M1
L3,L1,H2,L3,L2
M1,M1,L1,L2,H3
L1,L1,L3,L3,H3
H2,H3,L3,M1,L3
L1,L1,BN,M1,M1
L2,L1,L2,L2,L1
L2,L3,L2,L2,L2
L3,L2,L1,L1,L1
L1,M1,L2,L2,L2
M1,L3,H2,L1,L2
BN,L3,H3,L3,L3
L2,H1,M1,L2,H2
L1,H3,M1,L1,M1
L2,L2,H2,L3,L3
H1,L3,M1,H2,L2
L3,H3,L3,L1,L1
L2,L1,H2,L2,L2
L3,L3,L3,L2,L1
L1,H3,L2,M1,L3
L1,L2,H1,M1,L3
L1,H2,L2,H3,L1
L3,L3,L2,L2,L1
L2,L2,L1,BN,H3
H3,L2,L3,H3,M1
L2,L1,H3,L1,L3
L1,L3,L2,L1,L3
L2,L1,L1,L2,BN
H3,H2,H2,L1,H2
L3,L2,L2,L1,M1
M1,M1,M1,L1,L2
L2,L1,L2,L2,L1
M1,L1,H2,L3,H1
H3,M1,L3,L3,BN
L1,L1,L1,M1,L1
L3,H3,L2,H1,L3
L1,L3,M1,L2,L1
L1,H1,BN,H3,L1
L3,H2,L2,L3,BN
H2,L1,L3,L3,L2
L2,M1,L1,H3,L2
L3,L3,L3,L2,L3
M1,L3,L2,L1,H1
L3,L2,H2,L3,L3
H2,L2,H3,L1,L2
M1,L2,H3,M1,L3
L1,L2,H2,M1,L1
L1,BN,L2,L3,H3
H3,M1,H2,L3,H1
L1,L3,H3,M1,L3
L3,L3,BN,L3,L2
BN,L3,H2,L2,M1
M1,L3,L3,L1,L3
L2,L3,L1,L1,H2
L3,L1,L3,M1,L1
M1,L1,H2,M1,L3
H2,L3,L2,L1,H2
L3,H3,L1,H3,L2
L2,L2,L1,L2,L1
H1,H1,L1,H2,H1
L2,L3,H3,H3,L2
L1,H3,H2,H2,L3
L3,M1,L2,H1,L2
L1,M1,L1,H1,L3
L2,L2,L1,H2,H2
L3,L3,L1,L2,L2
H3,M1,L2,L2,L3
H1,L3,M1,L2,L3
L2,M1,L1,L1,L3
L1,L3,H2,BN,L3
L2,M1,L2,L2,L2
L1,L2,M1,L3,L2
BN,L1,M1,M1,H3
H2,L1,L1,L1,H3
L1,M1,L1,H3,L3
L1,L1,H3,L3,L3
L1,M1,H2,L1,L1
L3,M1,L2,L2,H1
BN,L1,H3,L3,L1
L3,L3,L3,L3,L2
L3,H3,H2,L3,L2
M1,H3,H3,H2,L1
L1,BN,L3,L3,L3
H1,L1,L2,L3,L2
L3,H3,L1,L2,H2
M1,L1,M1,L3,L2
L2,H1,H1,H2,L1
L3,L1,L3,L3,L3
L2,L1,M1,H3,L3
L2,L2,L3,L2,L1
M1,L3,H1,L3,L3
L3,L3,H2,H1,L2
H3,M1,L3,L3,L3
L2,L2,L2,L2,M1
L1,L1,L1,L3,M1
L1,L3,L2,L2,H1
L2,L3,M1,L1,L1
L3,M1,L1,L3,L2
L1,L2,GL,H3,H1
M1,L1,L1,L3,L1
L3,L1,M1,M1,L3
L1,H2,H2,H3,M1
H3,H3,L1,L2,L3
M1,L2,L3,L2,L3
L2,L2,H3,L2,H1
L2,L1,L1,L3,L2
L3,L2,L2,L3,L2
M1,L2,L1,L1,L3
L2,L3,L3,M1,L2
L3,L2,L1,M1,L1
L1,M1,L1,L2,L3
M1,H3,L1,H3,L2
H3,L2,BN,H3,L2
L3,M1,L3,L3,L3
L3,M1,L2,L2,L3
M1,H3,L1,L1,L2
L3,L2,H2,L1,L2
M1,L1,M1,GL,M1
H3,L2,L2,L3,L3
L1,L1,H2,L3,L1
BN,L1,H2,L3,H3
H2,H3,L2,H2,M1
M1,L1,L1,L2,L3
L1,L1,L3,L1,L1
L1,H1,L1,L3,L1
L2,M1,BN,M1,L2
L1,L1,H3,L3,L1
H1,L2,H2,L2,L3
L2,L1,L1,L1,L1
L3,L3,M1,H3,L2
L3,L3,L1,M1,L3
L1,H3,M1,L3,M1
H2,M1,L2,L3,L3
L2,L1,L3,L1,BN
L1,M1,L3,L1,L3
H1,M1,L3,L3,L3
L2,L3,L3,H1,M1
M1,L3,L2,L2,H3
L1,M1,L1,L1,H1
L2,L3,M1,L2,L3
H2,BN,L2,H3,L3
L1,L3,H3,L3,H3
L3,H3,BN,H2,L2
L3,L1,H3,L2,L1
L3,L1,L2,M1,M1
L1,L1,H1,L2,L3
H3,L2,L3,L3,H2
L2,L1,L1,L2,M1
L1,H3,BN,M1,L3
L2,BN,M1,L3,L2
L1,L2,L1,L3,L3
H3,H3,L3,M1,L3
H3,L2,L3,M1,L2
M1,L3,L1,L1,L2
L3,L2,M1,L2,L3
L1,L3,L3,M1,M1
M1,L3,H2,L3,H3
L2,L1,L3,L2,H2
L3,M1,L3,M1,L2
L1,M1,H2,BN,L1
L2,H3,L2,L2,M1
L2,H2,H1,H3,H2
L3,L3,M1,H2,L3
L3,H2,L2,H3,H1
L3,H2,L1,L3,L3
M1,L2,L2,L3,L3
L3,H1,L2,L1,L2
L2,H2,M1,BN,M1
L3,L3,L2,L3,L2
L1,M1,M1,L3,L3
H2,L2,L1,L3,H1
L1,L1,L2,M1,L2
L3,L1,L1,L3,BN
L1,L1,L1,H3,M1
M1,H1,M1,L1,L3
L2,L1,L2,L2,H2
L1,L3,H2,H3,L2
L3,M1,L1,L2,M1
L1,L3,L2,L1,L1
H3,H3,M1,L3,L3
H3,L1,L1,L3,H2
L3,L3,L1,L1,L1
L3,L3,L3,H3,H3
L2,H1,L1,L2,L2
L3,L3,L1,L3,L3
L3,L1,L2,L2,L2
L2,L1,H3,L1,L2
H3,L2,L3,L2,L3
L1,M1,M1,L1,L2
L1,M1,M1,H3,L1
L3,L3,L2,L1,L1
L1,H3,H1,M1,M1
L1,L1,L3,L3,L3
L3,L3,L3,L3,L3
L2,L2,L3,L2,M1
L1,L1,H3,L2,L3
L2,L1,L3,L1,L2
L2,L3,L3,H1,M1
L3,L3,L1,L3,L1
L2,L2,L3,L3,M1
L3,H3,M1,L1,L1
M1,H3,L3,H1,L3
H1,L1,M1,L3,M1
L2,L1,L1,L2,L3
L3,M1,L1,M1,L2
L3,L3,L2,H3,M1
L2,L2,L1,L2,M1
L3,L2,H3,L3,L1
L3,M1,L1,H1,M1
L1,H2,L2,L2,L2
L1,L3,M1,L1,M1
H3,L1,L1,L2,H1
H3,L1,L3,L3,L3
L2,L2,H1,M1,H1
L1,M1,H2,L3,H3
L1,H2,L2,L2,L3
L2,L3,H3,L2,H3
L2,L3,L2,L3,L3
L1,H2,L3,L3,L2
L3,M1,L3,M1,H1
L1,H2,L1,M1,M1
L3,L3,L3,H3,H3
L1,L2,M1,L2,L2
M1,L1,H3,L1,M1
L1,L3,H1,L2,L2
H1,M1,L1,L2,M1
L3,L1,L2,L2,L2
L1,L1,L2,L1,L3
L3,L3,M1,L3,L3
L3,L3,L1,L2,L3
L2,L2,L3,L3,L3
L2,L1,H2,M1,L3
L3,L3,BN,L3,L3
L1,H2,L2,L1,H3
H1,H1,L2,L2,L3
L2,H2,L3,L1,L1
L2,H3,L1,L1,L2
L3,L2,M1,L3,M1
L2,L1,H1,L3,L3
H1,L2,H3,H2,L2
L2,L3,L1,L3,L1
L2,L2,L3,H2,L3
BN,L1,L2,L2,H1
L3,L1,M1,L3,M1
L2,H3,H1,BN,L2
L3,BN,L3,H2,L3
H2,L3,L1,L1,L2
M1,L3,L1,L1,L3
BN,M1,L3,M1,L3
M1,L3,L3,L3,L3
L2,L1,L3,M1,M1
L2,L3,L3,L1,H3
L3,L1,L1,M1,H3
L2,L3,M1,L1,L2
L3,H1,L1,L1,L2
H3,L3,L1,BN,M1
L2,L1,L1,L2,L3
L3,H3,H3,L1,L2
L2,L3,L1,L3,L1
M1,L2,H2,L1,H3
H2,L2,M1,L1,M1
L1,H3,L3,L1,L1
L1,L1,L3,L3,L1
M1,L1,H3,M1,L2
L1,L1,M1,L1,H2
H1,L1,H2,L1,H1
L1,H3,M1,L2,H2
L2,BN,L2,M1,BN
L2,L3,H3,L2,L3
H3,L2,L3,L3,H2
L3,L2,H3,BN,L2
L1,L3,L1,L2,M1
L3,L3,M1,L1,L3
L3,L3,H2,H3,L3
L3,L2,H1,L3,L1
L2,L1,L2,L2,L3
L2,H3,L3,L1,L1
BN,L1,H2,H2,L3
L1,L2,L1,L3,L1
L2,L3,L2,L3,L1
L2,H1,L3,L3,L3
L2,L1,L3,M1,M1
L2,L3,L2,L3,L3
L3,L1,L3,L2,BN
L3,H1,M1,H2,L2
L3,L3,L2,L3,M1
H2,M1,L3,L1,M1
L2,L1,L2,H2,L3
L2,M1,L3,BN,L3
L2,L1,L3,L3,H3
M1,L1,L2,L3,L3
M1,H3,L1,L1,L1
L2,L3,L2,L2,H2
H1,L2,BN,L1,H1
L2,H2,L1,H2,H1
L3,L3,L1,L2,H3
L1,M1,L3,L3,M1
L1,L3,M1,L1,L2
M1,L1,L1,L1,M1
M1,L2,L3,H3,L2
H2,L1,L2,L2,L1
M1,H2,L2,H3,L3
BN,L1,L2,H1,L2
L3,H3,L2,H3,L3
H2,H2,H3,L3,H2
L3,L2,H1,L2,L2
H2,L1,L3,L1,H2
L3,L2,L3,L2,L1
L2,L1,L3,BN,L3
L2,GL,L3,L2,L1
L1,L2,L1,H1,M1
L3,L1,M1,L3,H3
L2,H2,M1,L2,L2
L1,L1,H1,L3,L3
L3,L2,L1,H3,L1
L3,H3,H3,H3,L3
L1,L3,L2,L2,L3
L1,L2,L2,L3,M1
H2,L1,L3,L1,M1
L1,L1,L2,L2,L2
L2,L3,L1,L2,L3
L2,L1,L2,L2,L3
L2,M1,L3,M1,M1
L1,L3,BN,L1,H1
H3,L3,L3,L1,H3
M1,M1,L3,L3,L1
L1,M1,L2,L2,H2
L3,L3,L1,L2,L1
L3,L1,L2,L3,H2
L1,L3,L1,L2,L2
H2,L3,H2,M1,L2
M1,H3,H3,L3,M1
L3,L2,H2,L1,L1
L1,L3,L1,L2,L1
M1,L3,L3,L2,M1
L3,L1,L2,M1,L2
L1,H2,L2,M1,L3
M1,H3,L2,M1,M1
L1,L2,L1,H3,L2
BN,H1,L1,L1,BN
H1,L2,M1,L2,H3
H3,L3,H1,L1,L2
L2,H3,L2,M1,M1
M1,L3,L3,L3,H2
M1,L1,L2,L3,M1
H2,L3,M1,L1,L3
L1,H3,L3,H3,H3
L3,M1,L1,L2,M1
L1,L1,L3,M1,L3
L3,L1,L2,L3,M1
L1,L3,L1,M1,L1
L3,L2,L3,L3,H3
L3,H1,M1,L2,L1
L3,M1,L2,L1,H1
L2,L2,L2,L2,BN
L1,L3,L3,L2,M1
H3,L3,L1,L1,H3
H3,L2,L2,M1,L1
H3,L2,L2,L3,L3
L3,L2,M1,L1,M1
BN,L1,L2,L2,M1
H1,L1,L2,L2,H2
L2,H2,L1,M1,L2
L3,L1,L1,L2,L1
L2,L2,L1,BN,H2
L1,H2,H3,M1,H3
L1,L1,M1,H1,L2
M1,L3,L1,H2,L3
H3,H3,BN,L2,L2
L1,L3,L1,L1,L3
L3,L2,H1,M1,L2
L2,L2,L1,L2,H1
M1,M1,L1,L3,L3
L2,M1,L2,L3,L3
L3,BN,L2,L3,L3
L2,H3,L3,M1,M1
BN,L1,L2,L3,L2
M1,L1,M1,L1,L2
L1,L2,L1,L2,M1
L3,L1,L1,L3,H3
L3,M1,L2,M1,L1
L2,H3,L1,L1,L3
L2,L1,L2,H1,L3
L3,L2,L3,L3,L3
L2,L1,L2,L2,L1
M1,BN,L1,M1,L1
M1,L3,L2,M1,L3
M1,H3,L1,H2,L3
M1,H2,L2,M1,L1
L3,H3,M1,L1,H1
L3,H2,L1,H3,H2
L3,L3,L3,L3,L1
L2,H3,L3,L1,L2
L1,L3,L2,H3,L3
M1,L2,M1,L1,L1
L3,M1,L1,L3,L1
L3,L2,L1,L1,L3
L2,L3,L2,L1,L1
L2,L1,L3,L1,H1
L1,L2,L2,L1,L3
L1,L3,H3,L2,H1
M1,M1,H2,L3,L3
L1,L2,L1,L3,H1
L2,L3,L3,L1,H2
L1,H3,L2,M1,L3
L2,L3,L1,L3,L3
M1,L2,L2,H2,H2
L2,M1,L2,M1,M1
L2,L1,L3,L1,L2
L2,M1,L1,L2,H1
H3,L1,L3,L2,H1
L1,L3,L2,L2,L1
L1,L2,M1,H3,L1
L2,H3,H3,M1,L1
L3,L3,L3,L1,L3
BN,L3,H1,H2,L3
L1,L1,H3,H2,H3
L1,BN,L1,H3,L2
L3,H1,M1,L1,L3
L2,M1,L1,H1,L1
H3,H2,H3,M1,M1
L2,L1,BN,H2,H1
L3,M1,H3,L3,L2
M1,H2,L3,L3,L3
L2,L3,L3,L3,L2
H3,H1,L1,L3,L2
L2,L3,L3,GL,L3
H3,L2,L3,H1,H2
H3,L3,L3,L2,L3
H3,L3,L2,L1,L3
L1,L2,L1,H3,BN
L2,M1,L2,L2,L1
H1,L3,L1,L3,H1
M1,L1,L1,H3,L2
M1,H1,L3,L3,H2
L1,L1,L3,M1,L2
L3,H3,L3,H3,L3
L3,M1,M1,BN,H3
L3,L3,L3,L3,L2
L3,L3,L3,L1,L3
H3,L3,H2,L2,L2
L2,L2,L3,L3,L3
BN,L2,L2,H3,L3
L1,L2,BN,L3,L2
H3,H3,L2,M1,L3
M1,L3,H2,L1,L3
L1,BN,L2,M1,L3
H2,L1,L2,GL,L3
H2,L3,H3,L3,L3
H2,L2,L2,L2,L2
H1,L1,L2,L1,L1
H1,L1,L3,H3,M1
L3,BN,L1,L2,M1
H3,L3,L2,L2,L2
H2,L3,L3,L3,L2
H3,L1,L3,L2,L1
BN,H3,H1,L3,H3
M1,L2,L2,H1,L3
L2,L3,H2,L2,H1
H3,L2,H1,L2,L2
L2,L1,H3,L2,H3
M1,L1,H1,L1,L2
L3,L2,L3,L1,L2
BN,BN,M1,L1,L2
L2,L1,L2,L3,L3
L3,M1,H3,BN,L3
L3,L3,L3,H1,L3
M1,L1,L3,M1,L3
L3,L2,L2,L2,L3
L1,L2,L2,L1,L2
M1,L1,L1,H3,H2
M1,H3,L1,L3,H3
M1,L2,L1,H2,L2
L2,L1,H2,L2,L3
L2,L3,H2,L1,L1
L3,L2,H3,L2,L3
BN,L3,BN,L2,L1
H3,L3,H1,L2,L2
M1,L2,M1,L1,H3
H2,H3,L3,L2,H3
M1,L2,L1,H2,L2
H3,L1,L2,L3,L2
H2,L3,L1,L2,M1
L2,L3,L2,H3,L1
L2,L2,M1,L1,H2
M1,L1,L2,H1,L3
L3,H3,L2,L1,L3
L1,H2,L2,L3,L1
L3,H1,L3,L2,H3
L1,M1,H1,L2,L2
L3,L3,H2,L3,H1
H3,L3,M1,L3,M1
L2,L1,H2,L2,L1
BN,L3,H2,L3,L3
L2,L1,L3,L1,M1
L2,L1,L1,H3,L1
L3,L1,L2,M1,L2
L2,L3,L3,L3,M1
L3,L2,L2,L2,H3
L3,L3,L1,L2,H2
L1,L1,L3,L2,L3
L2,L1,L2,L1,L1
L1,L1,L1,L2,L1
L3,H3,L3,H2,L3
L3,M1,L1,L2,L1
L1,L3,L3,L3,L1
M1,L3,H3,L1,H2
L2,L1,L1,L2,L1
L3,L3,M1,H1,L1
L2,L3,L3,M1,L3
L2,L1,L2,M1,M1
M1,M1,H3,L1,H2
L3,M1,H1,L1,H2
L3,H2,L3,L3,L2
L1,H3,L1,L3,L1
L1,L3,L3,L1,L2
L1,L2,H2,M1,L1
M1,L2,L3,H2,L3
L3,L3,M1,M1,L2
L2,L2,L3,L3,H1
L1,H2,L1,M1,L1
L2,L1,L3,L2,L1
L1,L2,L1,L3,L3
BN,M1,L3,H2,M1
L2,M1,H2,L1,L2
L3,H1,H1,L1,H1
H2,L2,L3,L1,H3
L2,M1,L1,L2,L1
H3,L2,L3,L3,L3
L2,H1,L3,L1,L1
L3,H3,L3,L1,H1
L2,L3,L3,L3,L3
L2,L2,L1,H3,M1
L1,L1,L3,L2,L2
H3,L1,L3,L3,L3
L1,L2,L1,L1,L2
L2,BN,L3,BN,L1
L2,M1,L1,H2,H3
L2,L3,L3,L2,L3
L1,L3,M1,H1,L3
L3,L3,L3,L1,L3
L2,L3,L2,L3,L1
H3,H1,L1,L2,L2
L2,L2,L2,M1,H2
L1,L1,L2,H3,BN
L3,L1,L2,H3,L3
L2,L2,L2,L2,L2
M1,L3,L3,L2,H1
H1,M1,L1,L1,L3
H2,L1,L1,L2,H3
L3,L3,H1,L3,L1
L3,L2,H3,L1,L3
H3,L3,H3,L1,L2
L3,H3,L3,L2,L2
H3,L1,H3,L3,L2
M1,L1,H3,L1,BN
L3,L2,M1,L3,M1
L3,M1,L2,L2,L3
L2,M1,L3,L2,L3
H3,L2,L1,H2,L3
L2,BN,L2,L3,L3
L1,M1,L2,L2,L1
H3,L2,L1,L1,L3
L2,L3,L2,L3,BN
L2,L1,L1,M1,H3
H3,M1,L2,L3,L3
H2,L3,M1,BN,L3
L3,H3,L3,L3,L1
M1,H3,H2,H2,H2
L2,L2,H3,H1,L3
L1,L3,L1,L1,L3
H3,L2,L2,L3,L3
L2,H3,L1,L2,L3
M1,L3,M1,M1,L3
H3,BN,M1,L2,L1
L3,H2,M1,L3,M1
L3,L2,M1,L1,L2
L1,L1,H2,L3,H3
L2,L1,L1,L2,M1
L3,L1,M1,L3,L2
L2,L3,L3,L1,L1
L3,L3,L2,H2,L3
L1,L2,L2,L1,H2
H1,L3,L2,M1,M1
L1,H2,H2,L2,H3
L1,M1,L3,L2,L2
L2,L2,L2,L3,L1
H3,L2,L2,L1,L2
L2,L2,M1,L1,M1
L3,L3,L3,L1,L3
L1,L2,H3,M1,L1
H2,L2,L3,H3,L2
L3,L1,L2,L3,L2
M1,L2,L2,L2,H3
L2,L3,L3,H2,L2
L3,L3,L3,L3,L2
M1,H3,L3,M1,M1
L2,L2,H2,L3,L2
H2,H2,M1,L2,H1
L1,L3,L1,H2,L2
L2,M1,L2,L3,L1
L3,L2,H2,L2,H3
L1,M1,L3,L2,L3
H3,L2,L1,H1,L3
L3,L2,L2,M1,L1
L2,L2,M1,M1,L2
M1,L3,L3,L2,L3
L1,M1,H3,L3,L1
M1,L1,H1,L1,L2
L3,L1,H3,M1,L1
H1,L1,H2,L1,L1
H1,H1,L3,L1,L2
L1,H2,H2,L2,L3
L2,M1,L2,M1,L1
L1,L1,H1,L3,L2
L1,M1,L1,H2,L3
L3,M1,H3,L1,L1
L2,L1,H3,L1,L1
L2,L3,L1,H1,L3
L2,L2,L3,M1,M1
L3,L3,L2,L3,L1
H3,H1,L1,L2,M1
L3,L2,L2,L1,M1
L2,M1,M1,M1,L1
L2,L1,H1,L1,L1
L3,L3,L2,L2,L3
L1,M1,H2,M1,M1
H3,H2,L1,H3,H1
L1,L2,M1,L3,L2
L2,L3,H3,L2,H2
L3,L3,BN,L1,L3
L3,L3,L1,L3,L2
H3,L3,L2,L3,L3
L3,L1,L1,H3,H3
L1,H2,L3,L1,H3
L2,M1,L3,M1,L2
L3,L2,L3,L1,L3
L2,M1,L3,H2,H3
L2,L2,M1,L1,L3
L3,M1,L3,L1,L1
L1,H1,L3,H2,L1
H3,H2,L2,M1,M1
L1,L1,L3,M1,L1
L2,L2,L2,L2,L3
L3,M1,M1,L2,L3
M1,L3,M1,L1,L2
H1,H2,L1,L1,H3
L3,L3,L2,L3,L1
L2,M1,L1,H1,L2
L2,L3,L2,L1,L2
L3,L3,M1,L3,L2
M1,L2,M1,L2,H1
H3,L1,L2,L3,L2
H3,L3,L3,L3,L1
L3,H3,H3,L3,L3
H2,L1,L1,L2,M1
H1,L3,L1,M1,L3
L3,L3,L1,L3,H2
L3,L3,L3,H3,L2
M1,H3,L2,M1,L1
L1,L1,M1,L3,H3
L3,H2,L3,L2,L1
L3,L3,M1,M1,L3
H3,L1,L3,M1,H2
L3,L3,L1,L3,L1
L1,L2,L2,M1,L2
L1,L3,L1,L3,L2
L1,L3,L2,L2,L1
M1,BN,H1,L3,L1
H3,L1,M1,L2,L1
L2,L3,L3,H3,M1
L3,L2,H2,L3,L1
H1,H1,H3,L3,L1
L1,L2,L1,L1,L1
L2,L3,L3,L3,M1
L2,BN,L2,H3,L3
L2,L2,L2,L2,L3
L1,L1,L3,L3,BN
L3,L3,L3,L2,L2
L1,L3,M1,L1,L1
H3,L1,H2,L1,H1
L1,L2,L3,H1,L1
L1,H2,L3,L1,L3
L3,L1,L2,H3,L1
L3,L3,L3,L1,M1
M1,M1,M1,H3,L1
M1,L2,L1,BN,H1
L1,M1,L1,L3,H3
L3,L2,L3,L3,M1
M1,L2,M1,L2,M1
H3,L3,L2,L1,L3
L1,L3,M1,H2,M1
M1,L2,L2,L3,M1
L1,H1,L2,H3,L3
L1,H2,L1,L2,L2
L1,BN,H3,H3,GL
M1,L1,L1,H2,L2
L1,M1,L1,L3,L2
L3,L1,L3,L3,L2
H1,L1,L2,M1,M1
L3,L3,L3,L3,L3
L2,L1,H2,L3,L1
L1,H3,L2,L2,L1
L3,M1,L3,L1,M1
H2,L3,L2,L2,L2
H3,L1,H1,H3,L2
L3,L3,L1,M1,L1
H3,L2,H2,L2,L2
L3,L3,L3,L1,H2
H3,L1,L3,L3,L2
L1,H3,H2,M1,L3
L3,L1,M1,L1,L3
L3,L3,L2,H3,L3
M1,L2,L3,L3,L1
L1,H3,L1,L1,L1
H3,H1,BN,M1,L3
L1,L1,L1,L2,L2
L2,L3,L1,H1,H2
L2,H1,M1,L1,M1
L2,L1,L2,H1,M1
BN,H3,L3,H3,L1
L3,H1,L3,L1,L2
L1,L1,L2,M1,L1
L2,H3,L2,H2,L1
L1,L2,L3,L3,M1
L3,L2,L2,M1,L3
L1,L2,H2,L1,L3
M1,L1,L3,L2,L2
L3,H3,M1,L1,L2
H3,L3,H3,H1,L2
H3,M1,L3,L3,L2
L1,L3,L3,H2,L2
M1,L2,L1,L1,L1
L1,L2,M1,M1,L3
L2,L1,L1,L1,L2
H3,L2,L1,L2,H3
L3,H2,L1,L3,L3
L3,L2,M1,H3,BN
L2,H1,L2,L1,M1
L1,H3,BN,H2,L1
L1,L1,L1,L2,L3
L2,H2,L3,H2,M1
L3,L2,L3,L3,M1
M1,M1,L3,L2,H2
L2,L2,H2,H3,H3
L3,L1,L1,L3,L3
L2,L2,H3,L2,M1
L2,L3,H3,H1,M1
L1,M1,L1,BN,L1
H1,H2,L3,L1,L3
L3,L2,L3,L3,L1
L3,H1,M1,L2,L2
L3,L1,L2,H3,M1
L2,BN,L1,L2,L2
L2,L3,L2,L2,L2
L3,L2,L3,M1,L1
L3,L3,L3,H3,L3
M1,H2,L1,H2,L2
H3,L3,L3,L2,L2
L2,M1,L1,L2,L1
L3,H1,L2,L2,L1
H1,H1,M1,L3,L1
H3,L1,H1,L2,L2
L2,L3,L2,L3,M1
L1,L3,H1,L1,L3
M1,M1,L3,L3,BN
M1,L1,BN,H2,H3
M1,H3,H1,L2,L1
H3,L2,L1,L2,L3
L3,H3,L2,H3,L3
H3,L1,M1,L2,M1
H3,M1,M1,L3,H1
L2,H3,L2,L2,M1
M1,L2,L2,L1,L2
L2,L3,H3,H3,L3
L3,L3,L2,L3,H2
M1,L3,L3,L1,L3
L1,BN,L2,L2,L1
H1,L2,L2,L3,L3
H1,H3,H2,M1,L1
H2,L2,L2,L2,L2
M1,M1,H2,L1,L1
L2,L1,L1,L3,L3
L2,L1,L1,L3,L1
L1,L2,L3,L1,L1
M1,M1,L1,H3,L2
L2,L3,M1,H2,L1
L3,H3,L3,M1,M1
L1,H2,L1,L3,H1
H2,L3,L3,M1,L1
H3,M1,L3,L1,L3
L3,L3,H3,H3,L3
M1,L3,L2,L1,L1
L2,L3,L1,L2,H2
L2,L3,M1,L2,H3
L3,L3,BN,L2,L3
L2,M1,L3,L3,L3
L3,L3,L2,L3,L1
L3,L2,L3,L2,L3
M1,L2,L1,L2,L2
L1,L1,L1,L2,L2
H2,L2,L3,M1,L1
H2,L1,H2,M1,L3
L2,H2,H3,L1,L1
L3,L2,H1,H3,L1
L2,L2,L1,BN,M1
L1,L1,H3,L1,M1
BN,L3,L3,L1,L3
L1,H2,L3,M1,L1
L1,L2,L2,L3,L2
L2,L3,L1,L2,L3
L3,H1,H3,H3,L3
M1,L3,H3,L2,M1
H2,L3,L2,L2,H1
L3,H2,L2,M1,H2
H1,L3,M1,L1,L1
L3,L1,M1,L3,L2
M1,L3,L1,H3,L2
H2,L3,BN,L3,L2
L1,L1,L3,L1,H3
L2,L2,L2,L2,L2
L1,L3,M1,L2,L3
L2,M1,M1,L1,L2
M1,L2,L3,L1,L3
M1,M1,L3,L1,L2
L2,L2,L2,H1,L2
L2,L3,M1,H3,L2
H3,M1,L1,L3,BN
L3,L3,L2,L3,H2
L1,M1,H3,L2,L1
M1,L2,L3,L3,L1
H2,BN,L2,H2,L2
L3,H2,L1,L1,L3
L1,M1,H2,L2,L2
L3,H3,L3,L1,L2
H1,L1,L1,L1,M1
H2,L1,M1,L3,L2
M1,L3,L1,L1,BN
L3,L2,L1,L2,L3
H3,L2,L3,L2,L3
M1,H3,L2,M1,L2
L3,M1,L3,BN,L3
L2,L2,L3,M1,L1
H1,L3,H2,L3,L3
L1,H2,L3,H3,L1
BN,L3,L2,L1,L3
L2,M1,M1,L2,H3
L3,L3,L2,L3,L1
L2,L3,L3,L1,L2
L3,L1,L3,L3,L1
H1,L1,L3,L3,L2
L3,L3,L1,L2,L2
H3,M1,L1,L1,H2
L1,L2,L2,H1,L2
H3,M1,H2,L3,L3
L1,L2,BN,L1,L2
BN,L2,L1,L2,L1
H3,H2,H3,L2,L3
H3,BN,L2,L2,L3
L2,M1,H2,L1,L3
L3,L1,L2,L3,M1
H2,L2,L3,L3,L3
L1,L3,M1,L2,L2
L1,L1,H3,L1,H2
L1,H1,L3,L3,L1
H1,L1,L3,BN,L2
L1,L3,L2,H3,L2
L2,L3,L3,L2,L2
L2,L1,M1,L1,L2
M1,M1,L2,L1,L2
L3,L1,L1,L3,L1
M1,L1,M1,L2,L2
L3,L2,L2,M1,H3
L2,L1,BN,L2,L2
L3,L2,L1,L1,BN
L3,L2,M1,L3,H2
L3,L2,L1,H3,L1
L1,L2,L3,L2,L2
BN,L1,L3,H3,L1
L3,L3,L1,H2,L3
L2,L2,H1,L1,L3
L3,L3,H3,L1,L3
H2,L3,BN,H2,M1
L3,L3,L2,L2,L3
L1,L2,L3,L3,M1
L2,L2,L2,L1,L1
L2,M1,H3,L2,L1
L3,L3,L3,H3,M1
L2,L1,L2,H1,BN
L2,L3,L2,L1,L1
L1,L1,M1,L1,H3
L2,H1,L3,H3,L1
L3,L3,L2,L2,H3
L3,M1,L3,L1,M1
L1,M1,L2,BN,L2
L1,M1,M1,L1,L3
H3,H1,H3,H1,L2
H2,L2,L3,L3,L3
L2,L3,L2,L1,L3
L3,L1,H2,H3,L1
L2,M1,L3,L1,L1
L1,L2,L3,L3,H2
M1,H3,L3,L3,H2
L3,L3,H1,L2,L3
L2,M1,L3,M1,L1
L2,L2,L2,L3,L1
L3,L2,L3,L2,L1
L3,BN,L2,L1,L3
L1,L1,L1,H3,L3
L1,L1,L1,L1,L3
L2,H3,H2,L1,H2
L3,L1,M1,L2,L3
H1,L3,L2,L1,M1
H1,H3,L1,L1,M1
L3,L3,H2,L3,L2
L2,L3,M1,L3,L3
M1,L3,L1,L1,L1
M1,L3,L1,L3,M1
L2,L3,L1,L3,H2
L2,L1,L2,M1,L2
L1,L1,L2,L3,L2
L2,L3,L1,L3,H3
L1,L2,L2,H2,H1
L2,L1,H2,H2,M1
L2,H1,L3,L2,L2
L2,L3,L1,L1,L3
H3,L3,L1,L1,M1
L3,L3,L1,H1,L2
L2,L3,H2,M1,L1
L3,L2,L1,M1,L2
L2,BN,L1,L3,L3
L2,L3,H3,L2,L3
M1,L3,L2,L2,H3
L3,H3,M1,L2,L1
L3,L3,L3,L3,L3
L1,L2,L2,H3,H2
H3,L3,L3,L3,L3
L2,L2,H2,L1,L1
L3,L2,L2,L3,L3
L2,L2,L1,H2,L3
L3,L2,BN,H3,L1
L2,L3,L3,H1,L3
L3,L3,L3,L1,M1
L3,L1,L1,L1,L1
L1,L3,H2,L1,H3
L1,L2,H1,L3,L2
L3,L2,L3,H2,L2
L1,M1,L2,M1,L1
L3,H3,L3,L2,L1
M1,L3,L2,L3,L3
L2,L3,L3,L1,L1
L2,L3,L2,L1,L3
H2,L1,M1,H3,M1
H3,L3,L3,L2,L3
H1,M1,L2,L1,L2
L1,M1,H2,L1,L3
L2,L3,L3,L2,BN
L3,L1,L1,M1,L2
L3,BN,L3,L2,L1
M1,L1,H2,L2,M1
L1,L3,L3,L3,L3
L1,L2,L2,H2,H2
L3,L2,L3,L2,BN
H1,L1,L2,L1,L3
L2,M1,H3,L3,L1
L2,L3,M1,L1,L2
L1,M1,M1,L2,L2
L2,L2,L3,L2,L1
L1,H1,L1,L1,L3
L2,L2,L1,L3,H2
L3,L3,H3,H2,H3
H3,M1,BN,H1,L3
M1,H3,L3,L3,H3
L2,BN,M1,L2,L3
M1,L1,L2,L3,H2
H3,L1,H3,L1,L3
M1,L3,L3,L3,H3
M1,L3,L3,L3,L2
L1,L3,L3,L3,L3
L3,H1,L1,M1,L3
L1,GL,L2,L1,L3
H2,M1,H1,L2,L1
M1,H1,L2,M1,H3
L2,L1,L2,M1,L1
H2,L2,H2,H3,M1
H3,H2,H3,L3,L3
L3,L1,L2,L3,L3
L2,L3,H3,L1,L2
L1,M1,M1,M1,L3
L2,L3,L3,L2,L1
M1,L1,L1,L1,L3
H1,L2,L2,M1,L1
L3,L3,L1,L3,L3
H1,H1,L3,BN,H2
M1,L2,L2,L3,L2
M1,H3,L2,M1,L3
L1,L1,L3,H2,BN
L3,L3,BN,L1,L2
L3,H3,L2,H3,L3
H1,L1,M1,L2,L2
L3,L1,L1,H2,L1
H3,L2,L3,L1,L2
L2,L3,L2,L2,H1
H3,H3,BN,H3,BN
L1,L3,L1,L3,L3
M1,L3,H2,L2,H2
L1,H1,L2,L2,L2
L3,L2,L1,H3,H3
H3,L1,M1,M1,L2
L3,L2,L2,L2,H3
L3,M1,GL,L3,M1
L1,M1,L2,H2,L1
L3,H2,L2,L2,L3
L1,L3,H2,H2,M1
M1,L1,L1,L3,L3
L2,H3,L2,H3,L1
H3,H3,L1,L1,BN
H3,M1,H2,L2,L2
L2,H3,M1,L2,L1
H1,L2,L2,L3,L1
H2,L3,M1,L1,L2
L3,H2,L3,L3,L3
L2,BN,H2,H1,L3
L2,L2,L3,L2,L2
L2,L3,M1,L3,L2
M1,H3,L2,L3,L2
H1,H2,H3,L1,M1
L3,L2,L2,H1,H2
L1,L1,M1,BN,L1
L3,L1,L3,L3,L1
L1,L2,L3,L3,L2
L3,L3,L3,L3,L3
L2,L2,L3,H2,L2
L2,L1,H3,L2,L3
H3,H2,L1,H3,L3
H2,L2,L1,L2,H3
M1,L2,L1,L2,L3
L3,L1,M1,H2,M1
H2,H3,H3,L1,L3
L3,M1,L2,L1,L3
L1,H2,L3,L3,L2
L3,L1,L2,L1,L2
L1,H1,L2,L2,L1
L1,M1,L1,L2,L3
M1,L2,L2,L3,M1
L3,L1,M1,L1,L3
H2,H2,H2,H3,L3
L1,L3,L2,M1,L2
L1,L2,L2,L1,L3
H3,H1,M1,L1,H2
L1,L1,H2,M1,L1
L1,L3,H3,L3,L3
L3,L1,L3,L3,L3
H2,L3,M1,H3,L3
H2,H2,H3,L1,H1
M1,M1,L3,M1,L1
H3,M1,H2,L3,L3
L3,L3,M1,L3,L2
L3,H2,L2,L3,L1
L3,L2,H3,L2,L3
L2,L2,H1,L2,L2
M1,L3,H3,L3,L2
M1,L1,L2,L1,M1
BN,L1,L1,L2,L3
H3,L3,M1,L2,H1
L3,L2,M1,L1,L1
L1,L3,H3,L2,L3
H1,L1,L3,H1,M1
L3,L2,L3,L3,L2
L3,L3,M1,M1,L1
BN,H2,H2,L1,L2
L3,L1,L3,L3,L3
L2,L3,H3,L1,L3
L2,M1,H3,L1,L2
L1,L3,M1,L2,L2
H3,L3,L2,M1,H2
H3,M1,L3,M1,L3
H1,L2,L2,M1,M1
L3,L1,H2,L1,L1
H3,L3,L1,L2,L1
H2,L3,L3,H2,L1
M1,L1,L2,L2,L3
M1,L2,M1,BN,L2
M1,L1,L2,L3,L2
L2,H3,L2,L3,M1
H2,H2,L1,L1,L1
L3,L3,L2,H3,L2
L1,L2,L1,L3,L3
L2,M1,L2,L3,L2
H1,L2,L1,L2,L1
L2,L2,M1,H3,L1
L2,L1,L3,L3,L3
L1,L1,L2,L3,L1
L3,L1,H2,L2,L1
L1,M1,M1,H2,L3
M1,H2,L2,L1,H3
L1,H1,H2,L3,L3
L3,M1,L1,L3,L1
M1,L2,L3,L1,BN
L3,M1,L2,M1,L3
M1,H3,H1,M1,H3
H3,L3,L1,L2,L2
L2,H2,L3,H3,L2
L3,H1,L2,H3,H3
L3,L1,L1,H3,L1
L2,L1,L3,L2,L2
L3,L1,M1,L1,M1
L2,L2,L2,L3,L2
L3,L1,L3,H3,L3
H2,H3,H2,M1,L1
L1,BN,M1,BN,L3
H1,M1,L3,L3,H3
L3,L2,L1,H3,M1
L3,L3,L3,L1,L1
H3,H3,L1,L3,H2
M1,H1,L1,M1,BN
L1,L3,L1,L3,M1
L1,L3,L3,M1,H3
L1,H2,L1,H3,L2
L3,L2,L3,L2,M1
H3,L3,L3,L3,L1
L3,L1,H2,L1,L3
L1,L3,L3,H1,H1
L1,M1,L3,M1,L1
M1,H3,L3,L1,L1
L2,L2,L1,L1,H1
L2,L1,L2,L2,M1
L2,L3,H3,L1,L2
M1,L3,L3,L3,L2
H3,H3,L3,M1,L1
L2,L1,M1,H1,L3
L1,H3,L3,L3,L3
L3,L1,L2,L2,L2
M1,L1,M1,H3,H3
L3,L1,H2,L2,M1
L2,L1,L3,L1,L1
L2,L3,M1,H2,L3
L3,L2,L3,H3,H3
M1,L3,H1,L1,H3
M1,H3,L3,L2,M1
L3,L3,H2,L2,M1
L1,L2,L1,BN,H1
L2,M1,L3,M1,L2
L3,L2,L1,L2,L3
L3,L1,L2,L2,L3
L1,M1,L2,L1,H2
L1,L1,L2,L1,L3
L3,L3,H3,H3,L2
BN,H3,L1,L2,L1
L1,L3,L2,L1,L1
L2,L2,L3,L1,H3
H2,L1,L3,L3,H3
L1,L3,L3,L3,L1
M1,L2,L3,L1,L3
L2,L1,L1,L1,H3
M1,L1,H2,L1,M1
H3,L2,L1,L3,H3
L3,L3,H3,L2,H3
L3,L2,L2,M1,L3
L2,L2,L3,BN,L3
L1,L3,H3,M1,M1
L1,M1,M1,H3,L2
L1,L2,L1,H2,H3
L1,L2,H3,L2,L2
L3,L2,M1,H1,L1
M1,M1,L3,L2,L1
L1,M1,L2,L2,L2
H1,L2,L2,L1,L3
L2,L3,L1,L2,H1
M1,L3,L2,L1,H3
L1,H3,L2,M1,L2
L3,L2,L3,M1,L3
L1,M1,L1,L2,H1
L1,M1,L2,L2,L2
L3,L2,H1,L2,L1
H3,L3,M1,H2,L1
L3,L1,M1,L3,L3
L2,L3,L2,H1,L2
H3,L3,L1,H1,M1
H3,H3,L3,L3,L2
L3,L1,L1,L1,H3
L2,L2,L1,BN,L1
L3,L1,L2,H2,L3
M1,L1,L2,L2,L3
H1,L1,L3,M1,H1
L2,L2,L1,L1,M1
L2,L2,L3,L2,L3
L1,L2,L2,M1,L3
L2,L2,L2,L1,H3
M1,L2,L3,M1,M1
L3,L1,M1,M1,L3
H3,H1,L1,L3,H2
L1,L1,M1,L3,L3
M1,M1,L2,M1,L2
H3,M1,L2,H1,L3
H2,H1,BN,L1,L3
L1,L1,L3,L2,M1
L3,H2,L1,H2,L1
L3,L3,L3,L3,L1
L1,H3,L2,H1,L3
L3,L1,L1,L2,L1
L2,M1,M1,H1,BN
L2,L3,L1,L1,H3
M1,L3,L2,L1,L3
L2,H3,H2,L1,M1
L3,L1,H3,L2,L2
L2,L1,H2,L1,M1
L2,L1,L2,L1,L1
L1,L2,L2,L3,L1
L3,L3,L3,L2,M1
M1,L3,L1,L3,L3
H3,L2,M1,H2,L3
L2,L3,L1,L3,H3
L3,L2,L1,M1,H2
L2,L3,L1,H3,L1
L3,H3,L3,BN,L1
L1,L2,L1,M1,L3
L2,H3,L3,L2,L2
L3,M1,L2,H3,L3
BN,L1,L2,L3,L2
M1,H3,L2,L2,M1
L3,L3,L2,L2,H1
H3,M1,L2,L1,L3
H3,L2,L3,H1,L2
L3,M1,L3,L2,L3
L3,M1,L2,L2,L1
L3,L2,L2,L1,L2
L1,BN,L2,L1,L2
L2,L1,M1,L1,L3
BN,L3,L2,H3,H3
L3,L2,BN,L2,H2
M1,L3,L2,H2,M1
L1,L2,L3,L1,H3
H3,H3,L2,BN,L3
L2,H3,L3,L3,L3
L1,L1,L3,H1,L3
L1,L2,L3,H2,L3
L3,L1,L1,L3,L1
L3,L2,H1,L3,M1
L2,M1,L3,L3,M1
L1,H3,L3,L1,M1
L2,H3,L2,L1,L2
L1,L1,L2,M1,H2
L1,L2,H3,H3,L2
H3,L1,L1,L3,L3
L1,L3,H2,L2,L1
L3,L2,M1,L2,M1
L1,L1,L1,L1,M1
M1,L2,L2,L3,L2
L2,L3,L3,H1,M1
H1,L3,L1,L2,L2
H3,L3,L3,H2,L1
L2,L1,L3,L2,L3
H1,L2,L2,L3,M1
L1,H2,L2,L3,L3
L2,L1,L3,H1,M1
M1,L1,H3,M1,L2
L1,H3,M1,L2,L1
M1,L2,L1,M1,L1
L1,M1,H3,M1,H3
M1,M1,L3,L3,H2
H3,L1,L3,L2,H1
H3,H2,L1,L3,L3
L2,L3,L2,M1,L3
L3,L1,L2,M1,L1
L2,L3,L1,H1,H1
L1,H1,M1,H2,L2
L1,M1,L1,M1,L3
H1,M1,L2,M1,L3
H2,H2,H3,H3,H1
L3,L3,L3,L3,M1
L3,H2,H2,L1,L3
H3,L1,L2,L2,L1
L3,L2,L1,H2,H2
H3,H2,L3,L1,H3
L2,L2,L3,L2,L1
H3,M1,L1,L1,M1
L2,L2,L3,H3,L2
L2,L2,L2,L3,L3
L1,H3,L2,L1,L2
L1,L1,L3,H2,L3
M1,M1,L2,L2,L1
M1,L1,L2,L2,H3
H2,H1,H2,M1,L2
L2,L3,M1,L3,L2
M1,L2,L2,M1,H1
L1,L2,L3,H3,L3
L2,H3,L3,L2,L1
L1,L2,M1,L1,L2
H2,H3,L3,M1,L1
L2,L1,L2,L1,L3
L3,L2,L3,L2,M1
BN,L3,H1,L1,M1
L2,M1,L3,H3,M1
H2,H3,L3,L3,L3
L2,H1,M1,L2,L1
L3,L3,L1,H3,M1
L3,M1,L3,L2,BN
L1,H1,M1,L2,L2
L3,L1,L2,H2,L1
L3,L2,M1,H2,M1
L3,L2,M1,L2,H2
H2,H2,L3,H3,L3
L1,L3,L3,L1,L1
H3,M1,L2,L2,L1
L1,L3,L3,H2,BN
H2,L2,L1,L3,L2
L1,L3,L2,L1,L2
L3,L2,H1,H2,H1
L3,L2,M1,H2,L1
H1,M1,L2,L2,L3
L2,L2,L2,L3,H3
L3,H1,M1,H3,H3
L2,L3,L1,L2,L2
L3,L3,H3,L1,H2
L3,H1,L1,H1,M1
L3,L1,L3,H3,L2
L2,H2,L1,L2,L3
L2,L2,L3,L2,L3
M1,L2,M1,L2,L3
M1,L1,L3,L1,L3
L2,L3,L3,BN,L1
H3,L3,M1,L3,L1
L2,L2,L3,L3,L3
H2,L2,L3,L3,L1
BN,L1,L3,L2,L2
L2,H2,L3,L3,L3
L2,L1,L1,H3,L3
L2,BN,L2,L3,L3
M1,M1,L2,H1,L2
L3,L3,L2,L1,L3
H3,H2,L3,L1,L1
M1,H2,BN,H3,L1
L1,L1,L3,L3,L3
L3,L1,M1,H3,L1
L1,H3,H3,H2,H2
L2,L3,L3,H3,L2
H3,L3,L2,H3,M1
L3,L3,L3,L2,L3
L2,L1,L2,M1,L2
L2,M1,L3,L3,BN
L2,L3,M1,H1,L3
L3,L2,M1,L3,M1
L3,M1,L1,L2,L1
L2,L1,L1,L2,H2
BN,L3,L3,L2,L1
L1,L2,L3,M1,M1
L1,L2,L1,H3,H2
L2,L2,L3,H1,H3
L2,M1,M1,L1,L1
L2,M1,H3,L1,L3
L3,L3,M1,L3,H1
L3,L3,H2,H1,L1
H3,H3,L1,H2,L3
BN,L2,L2,L2,L3
L2,L2,BN,H3,L2
L3,L3,H3,L1,L3
L3,H1,L2,H3,M1
L1,M1,L2,H2,L1
L1,L2,L2,H2,L2
H3,L2,L3,L3,L2
H3,L2,L3,H3,L3
M1,L3,H1,L3,L2
L3,L1,L3,H2,L2
L1,L3,L3,L2,L1
H3,L2,L3,L1,L3
M1,L3,L1,L2,L2
L3,H2,L2,L2,L2
H1,L2,M1,L2,L3
L2,H1,L2,L1,L1
L1,H3,L3,L1,L3
L2,L1,M1,L3,BN
H2,L1,L1,L3,L2
L3,H3,M1,M1,L1
L3,L3,L1,L3,L2
L1,M1,L1,L1,L3
M1,L3,L3,L3,L2
L3,L1,L1,L3,L2
L1,L2,L3,M1,L1
L2,M1,L3,L2,M1
M1,L2,L3,L2,L3
L2,H3,L3,L2,L1
L1,L2,L2,L3,BN
H2,L1,M1,M1,L1
M1,L1,BN,L1,M1
L1,H1,L1,H3,M1
M1,L2,H1,L1,L3
M1,L1,M1,H3,L3
H3,L1,H3,L2,L3
H3,L3,H2,L3,L2
L3,L3,M1,H3,L3
M1,H3,M1,H2,H1
L1,L2,H1,L2,L1
L3,H2,L3,L3,L1
H3,L2,H2,M1,L2
L3,L1,L2,H3,L1
BN,H3,L3,H2,H3
L1,M1,L1,L2,H3
L1,H1,L1,L1,L2
L1,L1,L3,H1,L1
L2,L3,H3,M1,L3
L3,L2,L1,L3,H2
H3,L2,L2,H3,L2
L3,L1,L2,L2,L1
L1,L3,L1,BN,H3
L3,L2,L2,M1,H2
L3,L3,L2,L1,L2
M1,L1,L2,L3,H3
BN,L3,L2,L2,L3
L1,L2,L2,H1,L3
H1,L1,H3,L1,L3
L2,H3,L2,L2,M1
H2,L2,L1,H2,L2
L3,BN,L1,L3,L3
L3,L3,L2,M1,H3
H2,H2,L1,L3,L3
H3,L2,L1,L3,L2
L3,L3,L3,L1,H3
L1,H3,H3,L3,H2
L1,H2,H2,H2,L3
L3,H3,L3,L2,L3
L2,M1,M1,L1,M1
M1,L3,H1,L1,L1
L2,L2,L3,L3,L3
H3,BN,L1,L2,H2
H3,L2,L3,H3,L2
L3,L1,H1,H3,BN
L1,L3,L2,L3,L1
L1,L2,H2,L3,H3
L3,H3,L1,H2,L3
H2,L2,H1,L1,L1
L3,L3,L1,L2,H2
L2,L2,H1,H3,H2
L3,H2,L2,L2,L3
H2,H1,H1,L2,BN
M1,L3,H2,L1,M1
L1,L3,L1,M1,H1
L1,L3,L1,L3,L1
L1,L3,L3,L2,L2
M1,L2,H3,L1,L1
L1,L1,L3,L1,L3
H3,H2,L2,L3,BN
L3,L2,L3,L2,L2
L1,M1,M1,L1,H3
L1,L3,L1,L2,L3
L3,L1,L2,L3,L1
L3,L3,L1,L1,L2
H3,M1,M1,L3,L1
L1,L3,L1,H3,H3
L3,L2,BN,L2,L2
L1,M1,L1,H2,L1
L3,L3,L1,L3,H3
H3,L3,L3,L2,L1
L3,L3,H1,L2,L3
L3,L1,L1,M1,M1
L3,H2,L1,L2,L1
L2,L1,L3,L3,M1
H3,BN,L2,BN,M1
L2,L1,L1,L3,H2
L1,L2,L3,L1,H1
H3,L3,H3,M1,M1
L3,L1,L3,L3,L1
H3,M1,L3,H3,L2
L2,H3,L2,L3,L1
M1,L3,L3,L1,L3
L2,L2,L1,L2,L1
L2,L2,L1,H1,L1
H2,M1,L2,L1,H1
L1,L3,L1,L1,L2
L1,L3,L2,L2,H2
L1,L3,L3,H2,M1
H3,L3,M1,H1,L2
L1,M1,L1,L3,H3
L1,L1,L3,L3,H3
L2,L1,L3,M1,L2
L2,H2,H3,L3,L1
L3,L1,L1,L3,L2
L2,H3,L3,L1,H1
L3,H2,L1,L1,L3
L2,H2,L2,H3,M1
L3,L2,L1,L3,H1
L3,M1,L3,L3,L3
M1,L2,H3,M1,L1
L1,L2,L2,L2,L2
L1,H2,H3,L1,H2
L1,L2,H1,M1,H3
L2,M1,L3,L3,L3
M1,L3,L2,H1,L2
L2,H1,L3,L1,L3
L3,L3,L1,BN,M1
H3,L2,M1,L1,M1
L3,H3,L2,H1,H3
M1,BN,H1,L2,L1
L2,H1,L3,L1,L3
H2,M1,M1,L1,L3
H3,L3,L2,L1,L1
L1,L2,H3,L3,L3
L3,L2,L3,L1,L2
L2,H2,L1,L1,L1
L2,L1,L3,H2,L3
L1,L1,L2,M1,L2
L2,L1,BN,L3,BN
L1,L1,L1,L1,L1
L2,L3,H3,L2,L1
L2,M1,L1,L3,L1
L3,L3,H3,L3,H1
L1,L3,L1,L1,M1
L2,H3,L2,L2,L2
H3,L3,L1,L3,M1
L2,L2,L3,L1,L1
L3,L3,H2,L1,L1
L2,M1,H3,L1,L3
BN,M1,L2,L3,L3
L3,L3,L3,L3,M1
M1,BN,L2,L1,L1
L2,L1,L2,L1,L3
L2,L3,M1,L1,L1
L1,L3,H2,L3,L2
M1,M1,L1,L2,M1
M1,L3,H3,H2,L2
M1,H3,L2,H2,H1
L2,L1,L1,L2,L3
L3,L3,H3,L1,BN
L2,L2,L1,M1,L3
M1,L3,H3,H2,H3
H2,L3,L3,M1,L3
L2,H3,H2,H2,L2
H1,L1,L3,L3,H2
L3,L1,L1,L2,L1
L1,L1,M1,L3,H2
L2,L2,L1,L1,M1
L3,L2,L1,L1,L3
L2,L2,L2,L1,H2
H3,L2,L3,L3,L2
M1,H3,L1,L2,L1
L1,L1,L3,M1,H3
L3,L1,H2,L3,L2
L3,L1,L1,H3,L3
L2,L3,L2,L3,L3
L1,L2,L2,M1,M1
H1,L2,L2,L2,L2
L2,L2,L1,M1,M1
L1,L2,L3,L3,L1
BN,L3,L3,L2,L2
L2,H3,H3,L3,L3
L1,L1,L1,L2,L1
L3,L3,L1,M1,H1
L1,L2,L1,L1,M1
L2,L3,L1,L1,L3
L3,L2,L3,L3,L3
L3,L3,L3,L3,L3
L1,H3,L1,L1,L3
L2,L2,L1,L2,H2
L2,L2,L1,L3,L1
M1,H3,L3,L1,BN
L2,L1,M1,H3,L2
H3,L3,L3,H2,L1
H2,L2,L3,L2,L1
L2,L3,H3,L3,H3
H3,L3,L2,L2,L3
L1,L2,H3,L3,M1
L3,L2,L1,H3,H3
L1,L1,H2,L2,L2
M1,L3,BN,L3,L3
L3,H3,L2,L3,L3
L2,H1,L3,M1,L2
L1,L3,L1,L3,L2
L2,M1,L3,M1,L1
L2,L3,L3,H1,BN
M1,H3,L3,BN,L2
L2,M1,M1,L1,L1
L2,L1,L3,L3,M1
L2,M1,L2,M1,L3
L3,L2,M1,L3,H2
L3,L2,L2,L3,L3
L1,L1,M1,L1,L2
BN,M1,L2,M1,L1
M1,L1,H3,L3,L2
L2,L3,L3,L1,H3
M1,GL,L1,L2,M1
L1,L3,L2,H2,L3
L3,L3,M1,L1,L3
M1,L3,L1,L3,L1
L2,L2,L2,L2,L2
L1,M1,H3,H3,H2
L2,L3,L2,L2,L3
H2,H3,M1,L2,L1
L2,L1,L2,L3,L2
L1,L1,L1,BN,L1
H2,L1,L2,L2,L2
L2,L3,L1,L1,H3
L2,L2,L3,L2,L1
L3,H2,L3,L2,L2
L3,L3,L1,L2,H3
L1,L1,M1,L2,L3
L2,L2,L3,L1,L1
L3,L1,BN,BN,L1
L1,L3,M1,L3,L1
L2,H3,L1,L2,L1
L2,M1,M1,M1,BN
M1,H3,L3,L2,M1
L1,L2,L2,L1,L3
L3,L2,H1,L1,L1
L3,H1,L2,L1,H2
L3,L1,L2,L3,L3
L1,L1,L3,L1,H2
L2,M1,H2,L3,L3
L1,L2,M1,L1,H2
L1,L3,L2,L3,M1
L2,L3,M1,L3,L2
L3,L2,L3,L1,M1
H1,L1,H3,M1,M1
H3,L1,L3,H3,L2
M1,L2,L2,L2,L2
M1,L3,L2,L1,H1
L2,L2,L3,H3,L3
L2,L1,H3,BN,M1
L2,L1,H3,L1,M1
L3,L1,L3,L2,L1
H2,M1,M1,L2,H3
L3,L3,L3,L2,H1
H1,M1,L1,L1,L2
L2,L1,L1,M1,L3
L2,H2,L3,L3,L2
L1,M1,L2,L3,L1
L1,M1,L2,L2,L2
M1,L3,L2,L3,L3
L1,L2,L1,L3,L2
M1,L3,L3,L3,H2
M1,L2,L2,L2,L1
H3,L3,M1,L3,L2
M1,L2,H2,L2,L3
L2,L2,M1,BN,H2
L3,L2,L3,H1,H3
L3,H1,BN,L2,H2
L1,L2,L1,L1,L2
L3,L1,L1,L2,H1
H2,L1,H1,M1,H3
H3,L3,H3,L2,L3
L1,L2,L2,L2,L2
L3,L2,M1,L1,L2
L3,L1,L1,M1,L1
L2,M1,L1,H2,L1
L3,L3,L1,L3,M1
L2,M1,L3,L2,L2
H3,L3,L1,M1,M1
L2,L3,L2,L2,L2
M1,L2,BN,L2,H2
L1,L3,L2,L3,H2
H3,L2,L1,H3,L2
L3,L1,L2,H3,L3
L1,M1,L2,L3,H2
L3,M1,L1,H2,M1
L2,H2,L3,L3,L2
L2,L1,L2,L3,M1
L3,H3,M1,L2,L2
H3,BN,L1,L2,M1
H2,H1,L2,L3,H1
H3,L2,M1,L2,M1
L2,L2,H1,L1,L1
M1,H1,L3,L2,L1
L3,L1,L2,L3,L2
H3,L3,L3,BN,L1
L1,L1,L2,L2,L2
L2,L1,H1,L1,L3
L1,L3,L3,L2,L2
L3,L3,L1,L2,L3
M1,L3,L3,H3,L1
L1,L2,L3,L1,L1
L3,H3,L3,L2,L2
L3,L2,H2,M1,L1
L1,L3,L1,M1,L1
L3,H3,BN,H1,M1
L3,L1,L2,L1,L2
H3,M1,L1,M1,H1
L2,L1,L1,L2,H2
L3,L2,M1,M1,L1
BN,H3,L1,L3,M1
L2,L2,L2,H3,L2
L1,M1,L1,L2,L2
L1,L1,L2,L3,L3
L1,L3,M1,L1,L2
L3,L2,L3,M1,L2
H3,L3,L2,L2,L3
L3,L3,BN,L3,L2
L1,M1,L2,L2,L3
L3,H1,L3,L1,L3
L2,L2,H3,L3,L2
M1,H2,L3,H2,M1
L3,L3,L2,H3,M1
M1,L1,M1,L3,L2
L1,L3,H2,M1,L3
M1,H2,H2,H2,L2
M1,H2,L1,M1,L3
H2,L2,H3,L3,H1
L1,L2,L2,L1,H2
L3,L3,L1,L2,L3
L2,L2,L1,H1,L1
L3,L2,L3,BN,M1
L1,L1,L3,M1,L1
L3,H2,L3,L2,L2
BN,M1,M1,L1,L3
M1,M1,L3,L3,L2
L3,L2,H2,L1,H3
L3,BN,L3,M1,L3
L1,L2,M1,L1,M1
L3,H3,L1,H1,L1
L1,H3,H2,L2,L3
H3,L1,L2,L2,L1
L1,L2,L2,L3,L2
BN,H3,L3,L3,L1
L1,H3,H1,H3,L3
L3,L3,L2,L3,L3
H1,L3,L2,L3,L1
H3,M1,M1,L2,M1
L1,H2,L2,L2,L1
H3,H1,L2,L1,H2
L3,H3,L2,L3,L2
M1,H2,L2,L3,L1
L2,L2,H2,L1,L2
M1,M1,L3,L1,H2
L2,M1,M1,L2,M1
L3,H3,L1,L2,H1
L2,L3,L2,L3,H2
M1,L2,M1,H3,M1
L3,H3,M1,L1,L3
H2,L3,L3,M1,M1
M1,L3,L1,L3,L3
L1,L3,M1,L3,L3
L3,L1,H1,M1,L1
H3,L1,H2,M1,H3
L2,L1,L2,L3,H2
L2,L2,L3,L1,L3
L1,M1,L2,L3,H2
L2,L2,BN,L1,H3
L3,M1,L1,M1,L3
L3,H2,M1,M1,H3
L3,H1,H3,L3,H1
L2,L2,L1,H2,L2
H2,L2,L2,H3,M1
M1,L1,M1,M1,L2
H3,L1,H3,L1,L2
L1,L2,L2,H3,L1
H2,L2,L2,L2,L1
H1,L2,L3,L1,L1
M1,L1,L2,L2,L2
H3,L2,L1,L1,L2
H3,L1,L2,L1,H3
L2,H1,L3,L1,M1
L2,L1,H2,H2,L1
L2,L3,H2,L3,H2
L2,M1,H2,H3,M1
M1,L3,H1,L3,M1
L3,L3,L2,L2,M1
L2,L3,L3,L3,L3
M1,L3,L2,H3,L3
L2,M1,M1,L1,L1
L1,H2,L2,L3,L1
H2,L3,L3,L1,M1
L3,L1,GL,L1,L3
L2,L1,L1,L1,L3
L2,M1,L1,M1,L3
H3,L1,L1,L2,H2
H1,L3,L1,L1,H2
L1,L2,L2,L1,L1
L2,L2,L2,L1,L1
L2,L2,H1,H2,H3
L1,L3,BN,M1,H1
L2,L1,M1,L1,L3
L1,H2,L3,L3,L2
L2,L1,H2,L1,L2
H3,L1,L1,L2,L1
L2,L1,L3,L1,L2
L2,L1,L1,H3,L1
L1,H1,H3,M1,L3
L3,L2,L2,M1,M1
L3,L1,L1,M1,L3
L1,L3,L3,L1,L2
L2,M1,L2,H2,L1
L3,M1,H1,M1,M1
L3,H3,L3,H1,L2
H3,L1,L2,BN,L2
M1,H2,H3,M1,L2
L3,L3,M1,L2,L1
L3,H1,BN,L2,L2
H3,L1,L2,L1,H3
L2,H3,L1,H2,L2
L3,L1,L1,L1,L1
L3,L3,L2,H1,M1
L2,L2,H2,L3,L2
L1,L2,L1,L3,L1
L3,M1,L2,L1,H3
H2,L3,L1,H3,L3
L3,M1,M1,L1,L1
L3,M1,L3,L2,L1
L2,L3,M1,L1,M1
L2,H1,L3,M1,M1
H2,L3,L3,H3,L2
H3,H3,L1,M1,L2
L1,L1,L1,L1,M1
L1,GL,M1,L3,H2
H3,H3,L3,H3,L3
H3,M1,L3,H1,L3
L3,L2,L3,L3,L1
L3,L2,L2,M1,L3
L1,H1,H2,H2,H3
H3,H1,M1,L1,H2
M1,L3,L3,L2,L2
H3,L3,M1,M1,L3
L3,L2,L1,L3,H3
L1,L3,H3,L3,L1
L2,H2,L1,H2,M1
L1,M1,L1,L2,M1
H3,L3,L1,L1,L3
L2,L2,M1,H2,L3
L2,L1,L2,L2,L2
L3,L1,M1,L3,L3
L2,L3,L1,L3,L1
H2,L3,M1,L1,L3
L1,H1,L2,L2,L1
M1,M1,L2,L2,L3
H3,L3,M1,L1,L3
L3,L3,L1,H2,L2
H3,L2,M1,L3,H1
H3,L3,L1,L3,H3
M1,L1,M1,L1,L3
L2,L2,H2,L1,L2
L2,M1,L2,H1,BN
L2,L1,L2,L3,L1
L2,L1,H3,L2,L1
H3,L1,M1,L1,L1
L1,L2,L3,H3,H3
L3,H2,L1,L2,M1
M1,H3,L3,H2,H3
L3,L3,H1,L3,L3
M1,H3,BN,L3,L2
M1,L3,L2,L1,H2
H1,L2,H3,L1,L1
H1,L1,M1,L1,L3
L1,L1,H3,L3,L1
L3,GL,M1,H1,L2
L1,L3,L3,L2,H2
L1,L2,L1,L1,BN
L3,L1,H2,M1,L3
M1,L3,M1,H1,L3
H2,M1,H3,L3,L1
M1,L3,H1,M1,H3
L1,M1,L2,L3,H3
L2,M1,L1,L3,L3
L3,L2,L3,H3,L3
L3,M1,H1,L3,L3
L3,L2,L1,L3,L3
L3,L1,M1,L3,L1
L1,L3,M1,L1,L2
H3,H3,M1,H3,M1
L1,L3,L2,M1,L3
H2,L2,H3,L2,M1
L3,L1,H2,M1,L2
L2,H1,L1,L1,L3
L2,M1,H3,M1,L2
L3,H2,L3,L1,M1
L1,H3,L2,L3,L2
M1,L1,L2,L2,L1
L1,H3,H3,L3,L2
L2,H3,L3,L1,L1
L2,L3,BN,H2,L1
M1,BN,L1,L1,M1
L2,L1,H2,L2,M1
M1,L3,L2,H3,H2
M1,L2,L3,L1,L3
L1,L1,M1,L3,L3
H3,L2,L2,L3,L2
L2,L1,H1,H2,L1
L3,H1,H3,L3,H3
H1,M1,L1,H2,L3
L1,H2,L2,L3,L1
L1,M1,L3,L2,L1
L3,L1,L2,L2,L3
M1,H3,M1,H1,L2
H3,H1,M1,L1,H2
L1,M1,H3,L2,H2
L1,L3,L3,L2,L1
L1,L1,M1,H3,L3
H1,H1,L2,BN,L2
L3,L3,L2,H1,H2
L2,L2,L2,M1,L2
L3,L2,L3,L3,L3
L1,L3,L3,L3,M1
M1,L3,L3,M1,L1
L3,L2,L3,L3,L3
M1,L3,L3,L3,L3
L2,L1,L1,L2,M1
M1,L2,H1,L2,L2
L3,L2,L3,H3,L3
L2,L2,L1,H3,L3
L2,L1,L3,H3,L2
L3,L3,L3,L3,M1
L2,L2,L3,L2,L1
H2,L3,L3,L2,H1
L2,L3,L1,BN,L1
M1,H1,BN,L2,L3
M1,L2,L1,L3,L3
L3,L2,L3,H2,L3
L2,L1,L1,H1,L3
L3,L1,M1,L3,L3
L2,L1,L2,L1,M1
L2,L3,L2,M1,L3
L1,L2,M1,L2,L3
H3,L1,L2,L3,H3
H3,L3,L3,H3,M1
L1,L3,L2,L2,H3
L3,L3,L3,L1,H3
H2,H2,M1,L1,L1
L3,L1,L3,L1,L3
L2,L3,L1,L3,L2
L3,L2,H2,M1,L2
L3,L1,L3,H2,L2
M1,H2,L1,H3,H3
L2,L3,L1,M1,L1
L1,L2,GL,H2,L2
L1,L1,H3,H1,M1
BN,H3,H3,H3,L1
L2,L3,GL,L2,L2
L3,H3,L2,M1,L3
L2,L3,L2,L3,H3
L2,L2,L3,L1,H2
L1,L3,H3,M1,L3
L3,L2,L2,H2,L2
H2,L2,L3,L2,L3
L1,L3,M1,H3,L2
H3,L1,L2,L2,L3
H2,L3,L2,L3,H2
L2,L2,M1,L3,H2
L2,L3,M1,L1,L2
L1,M1,L1,L3,L2
L2,L3,H3,M1,L2
H1,L1,L2,L3,H2
H3,H1,H3,BN,L3
L3,L3,H3,L2,L2
L1,M1,L3,M1,L1
L2,H3,BN,L2,H2
L2,L1,L3,L2,L1
L3,L1,H1,H3,L3
L2,L3,M1,L2,L1
BN,H3,L2,H3,L3
L2,L3,L2,H3,M1
M1,L2,M1,L3,M1
L1,L2,H2,L2,L1
L2,M1,L2,H3,L1
L2,L2,L3,L3,L3
L3,H3,H1,L2,H2
H1,M1,L3,L1,L2
L3,L2,L3,L2,L1
BN,L3,M1,L3,L2
M1,L1,M1,BN,M1
L1,L2,L2,M1,L2
H2,L3,L1,L2,L3
M1,M1,M1,L2,L3
L1,L3,H3,L1,L3
L2,L1,L2,L2,M1
BN,L3,H1,H2,L2
L3,M1,L3,L3,L2
L2,M1,L2,H2,L1
H1,L3,H3,L1,L3
H3,L2,L1,L1,L2
L2,M1,M1,L3,L1
L2,M1,M1,H2,H2
L2,M1,L3,H3,L2
L2,H2,L2,L3,L1
L1,L1,L3,L2,L2
L3,L2,L3,L2,L3
L2,L3,H3,M1,H1
H3,L2,M1,L3,L1
L3,M1,H3,L3,M1
H2,L1,H1,H2,L3
L1,L1,L3,L1,L1
L2,L1,BN,L1,L1
L2,L1,H3,H3,H3
H3,L3,L1,L2,L3
L2,L3,H2,L1,M1
L2,L2,L2,L3,M1
L1,L2,L1,H2,L3
L3,L3,H2,H3,L3
H2,L1,L2,L2,L3
L2,H2,L2,L2,L3
L2,H2,L3,L1,L2
L2,L3,BN,L2,L1
BN,H3,L1,L3,L3
H3,L1,L3,L3,L3
L1,L1,M1,L2,L1
M1,L3,L2,L2,L3
L3,L2,L3,L2,L1
L3,H1,L3,H3,L2
H2,L1,L1,M1,L1
L2,L3,L2,L1,M1
L1,H3,L2,L2,L3
L3,L1,H3,M1,L1
L2,L1,H2,L2,L1
BN,L1,M1,BN,L1
L3,L3,L3,L1,H3
L3,L3,H3,M1,M1
L3,L3,L1,L2,L2
M1,H2,L1,M1,L3
L3,L1,L1,L1,L3
L1,L3,L1,L2,L2
H2,L1,H2,H2,L1
M1,L2,M1,L3,L2
H3,H2,L1,L1,L2
L3,H3,L2,L3,L2
L3,L2,L2,L3,H3
L2,L1,L2,L2,L2
M1,M1,L1,L1,M1
L3,L1,H3,L3,H3
L2,L3,L3,L1,L3
L1,M1,L3,H3,BN
L3,H1,L3,L3,L3
L1,L1,L1,L3,L3
L3,L3,M1,L1,L1
L1,M1,L2,M1,L3
BN,L2,L3,L3,H1
L2,L2,L1,BN,H1
L2,L2,M1,L2,L3
L3,L2,L2,H3,L2
L3,L2,L1,L1,L2
L2,BN,L1,L3,M1
L3,H2,L1,L3,L1
H2,H3,L3,L1,M1
L2,L1,L2,H2,L2
L3,L2,L3,H3,L3
L3,H3,H3,M1,L2
L3,L1,M1,L1,H2
L1,H2,L1,H3,L1
L1,L3,H3,L1,L3
L1,H2,L1,M1,H3
H3,L2,L1,L1,L1
L3,M1,L2,H1,L1
H3,L3,L1,L3,H1
M1,L3,L2,L3,L3
L2,BN,H2,L2,H3
L2,L1,L2,M1,L2
L2,H3,L1,L3,L1
L3,L3,L2,L1,L3
L1,L3,M1,L3,M1
L2,L1,L3,L3,L2
L3,L3,M1,L2,L2
H1,H2,M1,H2,M1
L1,L1,H2,L1,H2
L3,M1,L1,BN,L3
L1,H1,L3,L2,L3
L1,L3,L2,H3,L3
L2,H3,L3,L2,L3
L3,H3,L3,M1,H3
L2,L3,L2,H3,L1
L2,L2,L3,M1,L1
L1,H2,M1,L2,L3
H1,L2,L1,L3,L2
BN,L2,L2,H3,L2
H1,L1,L3,L3,BN
L2,L1,L1,L1,H3
H1,L2,H3,M1,L3
L2,H2,L3,L3,L2
M1,L3,L3,H1,L3
M1,L1,L1,L1,L3
M1,H2,L1,L2,M1
H3,L2,H2,L3,L2
H3,L1,L1,L2,M1
L2,M1,H3,L2,M1
H1,L3,L2,H2,L3
L2,L2,L3,L2,H1
L2,L1,L2,H2,H3
L2,L3,L2,L3,L1
L2,H2,L2,H3,M1
L2,L3,L2,L3,L1
L2,H2,L3,H3,L2
H3,M1,H2,M1,M1
L2,L3,L3,L1,L3
L3,L2,L2,L2,L3
H3,L1,L2,H3,L2
H1,L3,M1,L3,M1
L2,L1,L2,M1,L1
L1,L1,L3,L2,L3
M1,L3,H1,L1,H3
H3,L3,L2,L2,H2
L2,L2,M1,L3,L1
L3,L3,M1,L1,L2
M1,M1,H2,L3,H1
H1,L1,L1,L1,L2
L1,L3,L2,L3,BN
L2,L3,H3,H3,M1
L3,L1,L3,L3,L3
L1,L3,L3,L1,L3
H1,L1,H2,H3,L2
M1,L3,H2,L3,L3
H2,M1,L1,L2,L1
L2,L2,M1,H1,L1
L2,M1,L3,M1,L2
BN,H3,L3,H3,L2
L3,H3,L1,H3,L3
M1,L3,M1,M1,L2
L1,L3,M1,L3,L3
H1,L2,L1,L1,L1
H3,L3,L3,L3,M1
L1,L1,L2,L1,L3
L2,L1,H3,L3,L3
H1,L2,M1,L1,L3
L1,L3,M1,H1,L1
L3,L2,L1,M1,L1
L3,BN,L2,L2,M1
L3,H2,L1,L1,M1
L2,H3,H3,H1,L3
L1,M1,L3,M1,L2
L3,H2,M1,L3,L2
H3,L3,L3,H3,L2
L3,H3,L2,H3,M1
L1,M1,L3,L2,BN
L3,L1,M1,M1,L2
M1,M1,H1,L1,L1
H3,H3,H3,L1,L1
H3,M1,L1,L1,L1
L3,L1,L3,L1,H1
L2,L2,L3,H3,L2
M1,M1,M1,L3,L1
M1,BN,L3,L3,L3
H1,L3,M1,H1,H3
L2,L2,L1,L2,L3
H3,L3,H3,L1,L2
L2,L2,L2,H2,L3
L2,L3,L1,L2,L3
L2,L3,L3,L3,H2
L2,L1,L1,H1,L1
H3,L2,M1,H2,M1
L2,L1,L2,L2,L3
L2,L3,L2,M1,L3
L1,M1,L1,L1,L3
M1,L2,L1,L3,L2
H1,L1,L2,M1,M1
H3,M1,L1,M1,H3
H2,H2,H2,L1,L3
L1,M1,L2,H3,L3
L2,L1,L3,H2,L2
H3,H1,L2,L1,L1
L2,L3,L1,L3,L2
H3,L1,L2,L3,L2
L3,L3,L2,H2,H1
L2,GL,L2,L2,L3
BN,L2,L3,L3,H3
M1,L1,L1,L3,L3
L3,L1,L3,L3,L2
L3,L2,H2,H3,L3
L1,L3,L1,M1,BN
L3,L3,L2,H1,L3
L1,H2,M1,M1,H2
L2,L3,L1,L3,L2
L3,L2,H2,L2,L3
H3,M1,L1,L3,M1
L1,L2,L3,L1,L1
L3,L1,L2,H3,M1
L1,L3,H3,L2,L2
L3,M1,H3,L1,L3
L2,L3,H2,H3,L1
L3,L3,M1,L2,L3
L1,H3,L2,H2,L3
L3,L2,L1,L1,H3
L2,L2,L1,M1,L3
L3,L1,BN,H2,L2
L2,L1,M1,L1,L2
H1,H3,H3,H1,L3
M1,H3,L1,L1,L3
H3,L3,L3,L2,L2
H3,L1,L2,M1,M1
L1,L2,L2,M1,L1
L3,H2,L2,L3,M1
L1,L2,H1,L3,L3
L3,L1,L3,L2,M1
L1,L3,M1,L2,L2
H3,H2,L1,L3,L3
H3,M1,L2,L1,H3
L2,L2,M1,M1,M1
L1,BN,L3,H1,L3
M1,L3,L3,L3,M1
L1,L3,H1,L1,L3
L1,M1,H2,L2,M1
L3,H1,H2,L3,L1
L3,L1,H1,L2,H3
L3,H3,L1,M1,BN
M1,L1,H2,L1,L2
L2,L2,L1,L3,H1
H1,L3,L1,L2,L3
L1,L3,L2,L2,L3
L3,L2,L3,M1,L3
L1,L3,L1,L3,L2
L2,L3,H1,L3,L2
H3,L3,L1,H3,L2
H1,L2,L3,M1,M1
L1,L3,L2,L1,L2
L2,L1,L3,M1,H3
L2,H3,L1,L2,H2
L1,L3,L3,L1,M1
L2,M1,H3,L3,L1
H2,L1,L3,H1,H1
M1,H2,H3,H2,L2
L2,H2,L1,L2,H1
M1,L2,L2,L2,L1
H3,L3,H1,H3,L2
L3,L1,H2,L3,L3
L1,H1,H3,L1,L3
L2,H1,L2,L2,L2
L1,M1,H2,L3,L3
L3,L3,L2,L3,L2
H1,L2,L2,H2,H1
L1,L1,L1,H3,H2
GL,M1,L1,H1,M1
L2,L3,L2,H3,L3
H3,H3,L3,L3,L1
L1,L2,L3,L3,L1
L3,L1,M1,L3,L1
L3,L3,L1,L2,L2
L1,L2,M1,L3,L1
L3,L2,L2,M1,L2
L3,L2,H3,L2,L3
L3,L2,L3,L2,L3
L2,H3,M1,H2,H3
H2,BN,L1,M1,L3
L2,L3,L2,H2,L3
L3,H2,L2,L2,L3
L2,L3,M1,L3,L2
GL,L1,H3,L3,BN
L2,L1,L2,L2,H1
L3,L1,L3,M1,H2
H2,L1,L2,L3,H1
L1,L2,M1,L3,L1
L1,L3,L2,L3,M1
L3,L3,H1,L3,H3
L3,L1,M1,H3,L1
L1,L1,L3,L2,H2
L2,L2,BN,L3,M1
H3,H2,L3,L2,L1
L1,M1,L1,M1,L3
L3,L3,M1,M1,L1
H3,L3,H2,L1,L2
L1,L1,M1,L1,L3
M1,L2,L1,L1,L3
L1,L2,L2,L3,L1
L3,L2,L3,L3,H1
L1,M1,M1,BN,L1
L3,L2,L2,H2,H2
L1,L3,L2,M1,L3
L1,L3,L3,L2,L2
L3,M1,L2,L2,M1
L2,L2,L2,L1,L3
L3,L1,L2,L3,L3
L3,M1,L2,L3,L3
L3,L3,L2,L3,H3
L2,H2,L1,H3,L2
L1,L3,L3,L1,L2
L1,H1,M1,H3,L3
L2,L1,L1,H3,L2
L1,M1,M1,L2,H3
L3,L2,M1,L3,L2
L2,GL,H1,L1,L1
H2,L3,L2,L3,L2
M1,L3,L1,L3,H2
L1,L3,L2,H3,L3
L3,L1,L1,L2,H3
H2,L2,L2,L3,L2
L2,L1,L2,H2,L1
H3,M1,L2,H1,BN
L2,H2,L3,L2,L3
L1,H3,L3,L1,L2
L1,M1,L2,L3,L2
L1,L2,BN,L3,L1
H2,L2,L1,L1,L3
L3,L3,L2,L1,M1
L1,L3,L2,M1,L3
L3,L2,H2,BN,L1
L1,L1,BN,L2,L3
L1,M1,L1,H1,L3
H1,H2,H3,L3,L3
L3,H3,M1,L3,L1
L2,H3,L1,M1,H2
L2,L2,L2,L3,L1
L3,L2,M1,H2,H3
L3,BN,M1,L2,L3
L2,L1,L3,H2,M1
L3,L3,H1,L3,L3
L1,H3,L1,H3,L1
L2,L2,L1,L1,L3
M1,L2,L3,M1,L2
L3,L1,L1,L3,M1
H3,L3,L2,L2,H3
L1,M1,L3,L2,H3
L1,L1,H1,M1,L3
L1,M1,H3,H3,L3
L1,BN,M1,H3,L2
L3,L3,L3,L2,H2
L1,L1,L3,L2,L3
L2,H3,M1,M1,L2
L3,L1,L2,H3,L2
L2,H3,L3,L3,M1
L1,L2,M1,H3,L3
L1,H3,L3,L3,L2
L3,L2,L2,L1,L3
L1,L2,L1,H2,L1
M1,BN,L3,L3,L1
L2,L1,L2,L2,L2
L2,H2,L2,M1,L1
H2,M1,BN,L3,L2
L1,L2,M1,L1,L3
M1,L2,L3,L1,L1
L3,L3,H1,L1,L2
L2,L1,L3,L3,L2
L2,M1,M1,L3,H3
H1,BN,H3,M1,L3
L3,L3,H1,L3,M1
H1,H3,L1,L1,M1
L3,H1,M1,H3,L3
L3,L3,L2,L1,H2
L3,L3,L3,L3,L1
L3,L2,L2,L1,L3
L3,H1,H3,L3,L2
L1,L3,H3,L2,L2
M1,L1,H3,L1,L1
L2,M1,H2,M1,L2
L1,L1,L2,H2,H2
H3,L3,H2,L3,L2
L2,L2,L3,M1,L2
M1,L2,L1,L2,M1
L2,M1,H3,L1,L3
H2,BN,L2,H3,L1
L3,L1,M1,L2,L1
L1,H3,L2,M1,L1
L1,H2,L3,L2,L2
L1,GL,L1,H3,L3
L3,L1,L3,H3,L2
L2,L1,L2,L3,L3
H3,L2,H1,L3,M1
GL,L3,BN,L3,L2
M1,L2,L3,L3,H2
L3,H3,M1,L1,H1
L2,H2,L3,L3,L1
L3,H3,L1,L1,M1
M1,L3,M1,L3,M1
H3,L3,H1,M1,H3
L1,L3,M1,L1,L3
L2,L2,L2,L1,M1
L1,L3,L2,L2,L2
H3,L2,L1,L2,L2
H2,M1,L3,L3,L3
H1,H3,M1,M1,L2
L3,BN,L1,M1,L3
L2,L3,L2,M1,L2
L3,L3,H1,L1,H3
H3,H3,L3,M1,L1
L1,H3,L3,L2,L2
L1,L1,H2,L2,L1
H2,H2,L3,M1,M1
H2,L1,L1,H3,H2
H3,H1,L2,L3,M1
M1,L3,H2,L2,M1
M1,L2,L1,BN,M1
L3,L3,L3,L3,L1
L3,L1,M1,L2,BN
L3,H3,H3,M1,H1
M1,H3,L2,L1,L3
H2,L2,H1,H2,L2
L3,L1,M1,H3,L3
L2,L2,L2,L2,L3
M1,L3,L3,H3,L2
L3,L3,L1,H1,L3
H2,L3,L3,L2,H1
M1,L1,L2,L1,L2
L1,L3,L3,L2,L2
L2,L2,L1,L1,BN
L2,L2,L3,L1,L3
M1,M1,M1,L1,H1
H3,L1,H2,L2,L3
H3,L3,BN,H3,L3
M1,L3,L3,L2,L1
L1,L3,L3,L1,L1
L3,BN,L3,L3,L3
L2,L2,M1,M1,L1
L2,L1,H3,M1,L2
L1,H2,L3,M1,L2
BN,L3,L1,H3,L3
L1,L1,L1,L3,H2
H1,L2,L3,H3,M1
L2,M1,L3,L1,L3
L1,L1,H3,L3,BN
L1,L1,L3,L2,L1
M1,L2,L1,L2,L1
L2,H3,L2,L1,M1
L2,L2,L1,L1,L3
L1,L3,L3,L3,L3
H3,H3,L2,L3,L2
GL,H2,L1,L1,L1
L2,H3,L1,L2,L1
L2,M1,L3,L3,L3
L2,L1,L3,L3,L1
M1,L1,M1,M1,L3
H3,L3,M1,L2,L1
L2,M1,M1,L3,L2
H3,L2,H2,L2,M1
H2,H1,L2,L1,L2
L2,L1,L1,L2,L3
L1,L3,L2,L3,L2
H2,L2,H3,L2,H3
L1,L3,L2,L2,L2
L3,L3,L1,L3,L3
M1,L1,L3,L1,L3
H2,M1,L2,H1,L2
BN,M1,L3,L3,H1
L2,M1,M1,L3,L2
L2,L2,L2,L2,L1
M1,L1,L2,L1,L3
L1,L3,L1,H3,M1
H2,L2,L2,M1,H1
M1,H2,M1,H2,L1
L1,L1,H1,M1,H3
L3,H3,M1,BN,H3
L3,L2,L2,H2,L1
H3,L1,H1,L3,L2
L2,L1,L2,L1,L2
M1,M1,H1,M1,L2
M1,H3,H2,L1,L2
L3,L1,L2,L2,L1
L1,L1,H3,L2,L1
L1,L2,L1,L1,M1
L2,H2,H3,L2,L1
M1,L1,L2,L3,L3
H2,L3,L2,M1,L3
L1,L1,L3,L2,H1
L1,L1,H2,L2,M1
M1,M1,L3,L3,L3
L1,H3,M1,H3,H3
BN,L1,L1,L2,H1
M1,H3,L3,L2,H3
M1,M1,H2,L3,L1
H2,H1,L2,H2,BN
L1,L1,L2,L2,L1
L1,L3,L1,H3,L2
L2,L3,L3,L2,L1
L3,L2,L1,L1,H1
M1,L3,M1,M1,M1
L3,H2,H1,M1,M1
M1,H3,M1,L1,L1
H2,H3,H2,H2,L1
H2,L3,H3,L3,H2
H1,L3,H2,L2,M1
H2,L2,L3,H3,L3
L3,M1,H1,M1,L3
L3,L1,L2,L3,L3
L3,L1,L1,L1,L3
L3,L2,M1,L3,M1
L1,L2,L1,L3,L3
L2,L2,L3,L1,H1
L3,H1,L2,H1,L2
H1,H3,M1,L1,L1
L3,L1,L2,M1,H2
H2,H2,H3,L1,L3
L2,L3,L3,H3,M1
L3,L2,L2,L1,L1
L1,L1,L3,L2,L3
M1,L3,L2,L1,L3
M1,L3,H2,L2,L2
M1,L2,BN,H3,L1
M1,L3,H3,L3,M1
L2,L2,H2,L3,L2
L1,H3,H3,L1,H1
L1,L2,M1,L3,L1
L1,L2,M1,L2,L3
L3,L2,H2,M1,L1
L3,H2,L3,H3,L2
L2,H2,L3,BN,H1
L3,H3,L3,M1,H1
M1,H1,M1,M1,M1
L2,L3,L3,L1,M1
H1,L1,L1,M1,L3
M1,H3,M1,L2,L2
L3,L2,L2,L3,L2
L2,L1,L1,M1,H3
L1,L2,L2,H2,M1
L1,M1,L2,L2,M1
M1,L1,H2,L1,L3
H3,L2,L2,L3,L2
L1,L2,L1,M1,M1
L2,H3,L1,L3,BN
L3,L3,L3,L2,L2
M1,H1,L3,H2,H2
L1,L2,L3,L1,M1
H3,L2,L3,L2,L1
L3,L3,L1,L1,M1
L2,L3,M1,L2,L3
L2,L3,L3,L2,H1
H3,L2,H2,L1,L3
L1,H2,L3,L1,L2
L1,L3,H2,H1,L3
L2,H3,H2,L2,L2
H2,M1,L2,L3,H3
H1,L2,L3,L2,L3
L2,H3,L3,L3,L3
H3,L2,M1,L2,H1
H3,H3,L3,L2,L3
H2,L3,L3,L3,L1
L3,H1,L2,L1,L2
L3,L3,L1,L2,H2
L3,L3,L1,M1,L2
H2,L1,M1,L1,L2
L1,L3,L1,L2,H2
L3,M1,L3,L2,H3
L3,L2,M1,L2,L1
H3,L3,H2,L3,M1
H1,L2,H1,L1,L2
L1,L1,L2,L2,H3
M1,L3,L3,L1,L3
M1,L2,M1,M1,L1
L3,L2,L3,L2,L3
H3,L3,H3,L1,L3
L2,L3,H3,L1,L1
H3,H2,L2,L2,L1
L2,H2,H3,L3,L3
L1,M1,L3,L1,L3
M1,L1,L2,L1,L1
L3,H3,BN,L1,L1
M1,L3,H2,M1,H3
L1,L3,L1,H2,H2
M1,L1,L2,H1,M1
L2,L1,H3,L2,L2
L3,L2,H1,L2,L2
L2,H2,M1,L3,M1
L2,L1,M1,BN,H2
L2,H1,L3,L3,M1
L2,H2,L2,M1,H3
M1,L1,M1,L2,H2
L3,H3,L2,L1,L1
L3,L3,H1,H3,L1
L2,H2,H3,H3,L1
L2,L3,L1,L2,L2
L3,L3,H2,L2,L2
L3,L1,L1,M1,L3
H2,L2,L1,H3,L2
L1,H2,H1,L2,L2
BN,L2,L2,M1,L3
L3,H2,L3,L3,L2
L2,H3,L3,L3,L1
H3,M1,H3,L3,M1
H1,L3,L3,L3,L3
L1,L3,M1,L1,L1
L3,L1,H1,L2,L2
M1,H3,L1,H3,M1
L1,H3,L2,H3,H3
L1,L3,L2,L2,H2
L1,L2,L2,L3,BN
L1,H3,L1,L3,L3
L2,H1,L3,H1,M1
L2,L1,L2,H1,H2
L2,L2,BN,L1,M1
H3,H2,L2,H1,L2
L3,L3,L2,L3,L2
L2,BN,L3,L3,L3
L2,L1,L3,L2,L2
L2,H1,H2,L3,M1
L3,L3,M1,M1,H2
L3,L3,H2,L2,L2
L1,M1,L1,L3,L3
H1,L1,H2,M1,L2
L2,L2,M1,M1,L2
H2,H3,L2,L1,H3
L1,L2,L3,L1,L1
L1,L2,L2,M1,L2
L1,L3,M1,L3,L2
L2,BN,L3,L1,M1
L3,L3,L1,L3,M1
L2,H2,L1,L3,L2
L3,L3,L2,L3,L2
M1,L3,L3,H3,L3
H3,L1,L2,L2,L1
H1,H3,L3,M1,L1
H3,L2,L3,L1,L1
L2,H3,H3,M1,L1
H2,H3,M1,L3,L2
L3,L3,L3,M1,M1
H1,L3,L3,L3,L1
L3,L2,L3,L3,BN
L2,L1,L3,L3,L1
L3,H1,H2,L3,L2
L2,H2,M1,L2,L1
H3,H2,L3,H2,L2
H2,H2,L1,H1,H1
L1,H2,L3,M1,L3
H3,L1,L2,L3,L3
L1,H2,L2,L3,L1
M1,L1,M1,L1,L1
M1,L3,L3,L3,H3
BN,M1,H1,L1,M1
M1,L2,H3,L2,L1
L2,H3,L1,L1,L3
H2,L1,H3,L3,L3
L3,H3,M1,H2,L2
L1,L2,L3,L1,M1
M1,H3,L3,H1,L3
H2,H3,L3,L2,L1
L3,L2,H3,H3,L2
L2,L2,M1,L2,L3
H3,H1,L2,L1,L1
H1,M1,L3,L1,H3
L2,M1,L2,L3,L2
L3,L1,L1,H2,L1
L3,M1,M1,L3,L1
M1,L3,H3,L3,H3
M1,M1,M1,H2,L1
L1,L2,H3,L1,L2
L1,L2,L2,L1,L1
L1,L2,M1,L2,L3
H2,H2,M1,H3,H2
H3,L1,BN,L1,H3
H1,L3,L3,L1,L2
L2,L3,H3,L2,H3
L3,BN,L1,L3,L3
L3,H3,L2,M1,L2
L3,L3,BN,L3,H3
L1,L2,L2,L1,H3
H3,M1,L2,L3,H2
L3,H2,L3,M1,L2
M1,L2,L2,L2,H2
H3,L2,L2,L1,L2
M1,M1,H2,H2,L1
L2,L3,H3,L1,H1
BN,L1,L3,L3,L3
L1,L1,GL,L2,L3
L3,L2,M1,L3,L2
M1,L1,L3,L2,L1
L2,M1,L3,BN,L2
L3,M1,L1,L3,L2
L3,L3,L2,M1,L1
M1,L2,L3,L2,L3
H2,L1,L3,L3,H3
L1,M1,L3,L3,L3
H2,H2,H3,M1,L1
L2,L2,M1,L2,H2
L3,L1,H3,L2,L3
L1,BN,L3,L3,M1
L1,L2,L1,L3,H2
H3,L1,L3,L2,M1
L1,H3,L3,M1,H2
L2,M1,L2,L1,H3
L3,L3,L2,BN,L2
L1,L1,L2,L3,L2
L1,L3,L2,L3,L3
L3,L3,L2,L3,L3
L3,M1,L3,L3,L2
H1,H1,L3,L3,H3
M1,H2,L3,L3,L2
L2,L2,L3,M1,L1
L2,M1,L3,L3,L3
L3,H2,M1,H3,L3
L3,L3,M1,M1,H1
L2,L3,L3,M1,L1
L3,M1,M1,H3,L3
H3,H1,H2,L3,H2
H2,H2,L1,H3,L2
L3,M1,H2,H2,H2
L2,L1,L1,L2,L1
H2,L3,L2,L3,L3
L3,L3,L3,H1,L1
L1,L3,L2,L1,L1
H2,L1,L2,L1,M1
L1,BN,L1,H3,L1
L3,H1,L3,H3,L2
L3,L2,M1,L1,L3
BN,M1,M1,L3,H1
L3,L1,H3,L3,H1
L3,L2,L3,L2,L1
L2,L3,M1,L2,M1
L2,H3,L2,L2,L1
L1,L1,H2,L3,L1
L3,L1,H3,L2,L1
L3,L1,L2,H1,L3
L3,H3,M1,L2,L2
L1,L3,H2,L3,L1
L2,H2,L3,L3,L3
L1,H1,L3,H2,M1
H2,M1,L2,L3,H2
L2,L3,L1,L3,L1
L3,M1,L2,BN,L3
L3,L3,H3,L1,H3
L3,BN,L2,L2,L1
L3,L1,L1,H2,L2
L3,L3,L2,L3,L2
L3,L2,M1,M1,L1
L1,H3,L2,M1,H1
L2,L1,L1,L3,H1
L2,L3,L2,M1,L2
L1,H3,L2,BN,L3
H2,M1,L2,L2,L2
H2,L1,L2,L2,L3
H3,L1,L1,L3,L2
L2,L1,L3,M1,L2
L3,M1,M1,L2,H1
L2,H3,M1,M1,H2
M1,L3,M1,M1,L3
H2,L2,L3,L1,L3
L1,M1,L3,L2,L2
L3,L2,L2,L3,L3
L3,L2,M1,L3,L3
L3,L3,H1,L1,H2
BN,L3,L2,H1,M1
L2,L3,L1,L3,L3
M1,L2,H3,L1,L2
L2,L3,M1,L2,H1
L2,L3,H1,L2,L1
L2,L2,L2,H3,M1
L2,L1,L1,L3,L3
H3,L3,H3,L3,H2
BN,M1,L1,L3,L1
L1,H1,L3,L1,L1
L2,H2,L2,M1,M1
L3,L2,L3,M1,L3
L3,L3,L3,L2,L2
L3,L3,L2,H2,L3
H3,L2,H3,L3,L2
L3,L1,L1,M1,L3
L1,L3,H3,L2,L3
H1,L2,L2,L3,L3
M1,L3,L2,M1,L2
L2,L1,M1,L3,H3
L3,M1,L1,L3,L3
H2,L1,L3,L2,H2
M1,M1,H3,L3,L1
L2,L3,BN,H1,M1
M1,H3,L3,H3,L2
L3,L2,L3,L2,L3
BN,H3,H2,L3,L2
H2,H3,L2,L1,L1
L1,H2,L1,L1,L1
L1,M1,L3,BN,L3
H1,L1,M1,L1,L1
M1,L2,L3,L2,H3
L2,H3,M1,L2,L3
L2,L1,H2,L3,H2
L1,L3,H3,L3,L2
L1,L3,H3,H2,H1
L1,M1,H1,L3,L1
L2,L3,L3,H1,L3
L2,H1,L1,M1,L2
L3,L1,L2,L1,H1
L3,L1,M1,H2,M1
L2,L2,L3,L1,L3
H1,L3,H3,L3,L2
L1,L1,H3,L3,L1
L2,H1,M1,L1,L3
L2,L1,M1,L3,L1
L1,L1,L2,M1,L2
L1,L2,L2,L2,H1
L2,L1,L1,L2,L3
L1,H3,L3,L3,L2
L3,L1,L1,L1,H3
H1,L2,H3,L2,H3
L2,L1,L3,L2,L1
L1,L2,M1,L3,L2
BN,L2,L3,L2,H1
L3,L1,L2,M1,L1
H2,L3,L3,L1,H3
L2,L3,BN,L3,H3
H3,M1,L3,M1,H1
L2,H3,L3,L1,M1
L2,H3,L2,L3,L3
L2,L3,L2,L3,L3
L2,M1,L2,L2,H2
H1,L2,H3,M1,L3
L1,M1,M1,M1,L1
L1,H2,L1,H3,L3
M1,L2,L3,H2,L3
H1,L2,L1,L2,L3
L1,L3,L1,H2,L1
L2,L2,H3,L3,L3
H2,L2,L3,L2,L2
L3,L3,M1,L1,BN
L1,L1,H1,M1,L1
H1,H1,L3,L1,L1
L1,H3,M1,M1,L3
H3,L1,H3,H3,L1
H2,L3,L2,L2,L2
L2,L3,L1,L1,L1
L2,L3,L3,L2,L3
L1,L1,L1,L3,L1
L3,BN,H2,L3,L1
H2,M1,L3,M1,M1
L1,H1,L1,L1,M1
M1,H3,L3,L3,L1
H2,H1,L3,H3,L1
L2,L3,L3,L2,L1
L1,L3,M1,L2,H1
H2,H3,L2,BN,BN
L1,H2,L1,L3,L1
M1,L3,L3,L3,H3
L1,H2,L1,L1,M1
L1,L2,L3,L2,H3
GL,L3,H1,L1,M1
H3,L1,M1,BN,L3
L3,H3,L3,L3,M1
L3,L1,L3,L1,L1
L2,L2,H3,L3,H3
M1,L2,L3,L1,L3
H3,L1,L3,L2,L2
L2,M1,H3,L2,L2
H2,M1,L2,L2,L3
L3,M1,H2,L3,L1
L2,M1,H2,M1,L3
M1,L2,L2,L1,H3
L2,L2,M1,M1,L2
M1,M1,L3,L2,H3
L3,BN,L2,H1,L3
L2,L2,L3,L2,L3
H1,L2,M1,BN,H3
L2,M1,L1,H1,M1
M1,M1,M1,H3,L1
L3,L1,L2,L1,M1
H2,L1,L3,H1,L2
L3,L1,L3,L3,M1
L1,L3,L2,L3,L3
L3,H1,L3,L2,L1
L3,M1,L1,L2,L2
BN,L2,L2,L3,H3
L2,L1,L3,H1,L2
L1,L1,L3,L3,L3
L3,M1,L2,L3,L2
L1,H2,L3,L1,L2
L1,L1,BN,M1,M1
L1,L3,L3,M1,L1
H2,L1,L2,H2,L3
L2,L3,L3,M1,L3
L3,M1,L1,M1,M1
M1,M1,H2,L3,L3
L3,H3,H3,H3,L1
L1,M1,L3,L3,L1
L1,M1,L2,L2,L2
L2,L2,M1,H3,L3
H1,L1,L1,L3,M1
L2,L3,L1,L2,H2
L1,L1,L2,L2,H1
L2,L3,H2,L3,L1
M1,H3,L2,M1,BN
L1,L1,L2,L1,L3
L3,L3,L3,L3,L2
L2,L3,M1,M1,L2
L3,L1,L3,L3,L2
L1,L1,L2,L1,L3
L3,L2,M1,L1,M1
M1,L2,L3,L2,M1
L1,L2,L3,L3,L3
BN,L3,H3,L2,L2
L3,L2,M1,L3,H1
L3,L2,L3,H2,M1
L1,BN,L3,H3,L2
H1,L3,BN,L3,L2
L2,L3,L2,L1,L3
L2,L3,L3,M1,L2
L3,L3,H1,L2,L2
BN,H1,M1,L3,L3
L3,L3,L2,H1,L1
M1,L1,M1,L1,H1
L3,L3,L2,L3,L2
L3,L3,L3,BN,L1
L3,L2,H1,L2,H3
L2,L3,L1,L3,M1
H2,L3,M1,L3,H2
M1,H2,L1,L1,L1
L2,H2,L1,L2,H2
L1,L1,L1,L1,L1
M1,H1,M1,L3,L2
L3,L2,L2,H1,L2
L2,L3,L1,H2,L1
L3,H3,H3,L1,L3
L1,L3,L2,L3,L3
L3,H3,L3,L2,L2
L3,L2,L3,L2,L3
L2,L1,H2,L3,L3
M1,L3,L2,L3,L3
L2,L3,L3,L3,L2
H2,L2,L3,H1,L3
L3,H3,H2,L3,L1
H3,L2,H1,H3,M1
L1,L2,L2,L1,L3
L1,L2,L1,L1,L3
L1,L3,L2,M1,L2
L3,L3,L1,L2,L2
L2,L2,L3,H3,L2
L2,L3,H3,L3,L3
L2,L3,L3,L3,L3
L1,H3,L3,H1,L3
L2,L2,L2,L3,H2
L1,L1,L3,L3,L1
L3,L1,L1,L2,L2
H2,L2,H2,H1,BN
L3,L1,L2,L2,L1
L3,M1,L2,H2,H3
L1,L3,M1,L1,L3
M1,M1,H2,L1,H2
L1,L1,M1,L3,L2
L1,L1,H2,L2,L1
L3,L2,L1,M1,M1
H3,L3,H3,L3,M1
M1,GL,M1,L1,L1
L3,M1,M1,H3,L3
H3,L1,BN,M1,L2
L3,L1,L3,L1,BN
L3,L1,H2,BN,L3
M1,L1,L3,H1,L2
M1,L1,H3,L3,H3
L2,L1,L3,L3,L1
L3,L3,L1,L3,L3
BN,L3,H3,L2,L2
L3,L3,L2,L2,L3
L1,H3,L2,L1,L3
L3,L2,L1,H1,M1
L1,L2,L2,L3,H1
L2,L2,L1,L2,L3
L1,L1,L1,H2,BN
H1,H2,L1,L2,L1
L1,M1,L3,H2,M1
H2,L1,L2,L2,L3
L1,M1,L3,H3,L3
BN,M1,H2,L1,L1
M1,L2,L2,L1,L3
L1,L2,H3,L1,L2
M1,L1,H1,L2,L3
L3,L3,M1,H3,L2
H3,L1,L1,H1,L3
L1,L1,H2,L1,L3
L1,L3,BN,BN,H1
H3,L1,H3,M1,L3
L3,L2,L2,L3,L2
L2,L2,L1,L3,H3
M1,M1,L3,L1,H3
L3,H3,L1,L2,L1
L1,H2,M1,H2,L3
L1,H2,L2,L2,L2
L1,H3,L2,L2,L2
L1,L2,L3,H2,M1
L2,L3,H1,L3,L1
H2,L1,L3,H1,L3
H3,H1,L2,L1,L3
L1,L2,H1,L1,H3
L2,M1,H3,L3,H1
L3,L2,L2,BN,M1
M1,M1,M1,L1,L1
L3,M1,L2,L3,L3
L3,L3,L2,H3,L2
L1,L3,L2,L2,L2
L2,H2,L3,L1,L2
L3,L1,M1,L2,L3
L1,H3,M1,L3,L2
L2,L2,L3,L2,L3
L1,BN,L2,L3,L2
H1,L3,M1,L3,L1
H3,L2,L1,H2,L3
L1,L1,L2,L2,L2
L3,L1,L2,L3,L3
H3,L2,M1,L1,M1
L3,L1,L3,H3,M1
L3,L1,BN,H3,M1
L2,H2,L1,L3,H3
L3,L1,L3,L1,BN
L3,H2,M1,L3,L2
H2,L2,L1,L1,L1
L2,L2,L2,L1,H1
M1,L2,L1,H3,L3
L1,L3,H3,M1,H3
L1,L1,H1,L3,L3
L2,L3,L2,M1,L2
L2,L3,L2,H3,L1
L1,H2,H3,H1,H3
L3,L2,L3,L1,L2
L1,M1,L3,L2,L2
M1,L2,L3,H1,H1
L3,L3,L3,L3,L2
L2,M1,L2,M1,L3
M1,L3,M1,L3,L3
L3,L2,L1,L3,M1
L3,H3,L2,L2,H2
M1,L2,H3,H3,H2
L1,L2,L3,L3,L2
L3,L1,L3,M1,L1
L2,L1,L1,L2,H3
L1,L1,H3,L1,L3
M1,L3,H1,L2,H3
L2,L3,M1,L2,L3
H3,H1,L2,L3,L1
L3,H3,L3,L2,L2
L3,L1,M1,M1,L1
L3,H3,L1,L2,L1
H2,L2,H2,L2,L3
H2,L2,L3,L1,M1
L3,H1,L2,H2,L1
H2,H1,L1,L3,H3
L1,H3,L3,H2,M1
M1,H1,M1,L3,L1
L2,M1,M1,BN,L2
L3,L3,L2,H3,M1
L3,H2,L3,M1,H3
H2,M1,H3,L2,L2
L2,M1,M1,L3,H3
L1,BN,H2,M1,L2
H1,L2,L1,L3,L2
L3,H2,L3,L1,L1
L3,L1,L2,L2,H3
H3,L3,H3,H3,L1
M1,L3,L3,L2,L1
L2,M1,GL,H1,L1
L2,L1,M1,L3,L1
H3,L1,L2,H2,H3
M1,H1,L3,L3,L1
L1,H3,L3,L3,L3
L1,L2,L2,H2,L1
L2,L2,L1,L1,L3
L2,H2,L1,L2,L3
L1,L2,L2,L3,L3
L3,L1,L2,L2,L3
H2,L2,L3,L3,L1
H3,L1,L3,L3,L2
L2,BN,L2,L1,L3
L2,M1,H2,M1,L3
L2,L2,L2,L2,H1
H1,L3,L2,H3,L2
M1,M1,H1,L1,L1
L1,H2,L3,H3,L3
H2,M1,L1,H3,H3
L1,M1,L2,L3,M1
L2,L1,M1,H2,M1
L3,L1,M1,L2,L2
L3,L3,L2,H2,L3
H3,L3,M1,L2,H2
L1,M1,L1,L3,L2
L1,L2,H2,BN,L3
L2,L2,M1,L1,H2
L3,L3,L1,L1,M1
L2,L1,L3,L1,L1
L2,L2,L1,M1,H1
L1,L2,H1,L3,L1
L2,H2,L3,L1,L2
L2,L3,L2,L3,L2
M1,L3,L1,L3,L2
L1,L1,L3,L2,L2
L3,L1,L3,H2,L1
BN,H3,L1,H3,L1
L3,L2,L3,L2,H3
H3,M1,H3,M1,GL
L1,L2,L3,L2,L2
L3,L1,L3,L2,L2
H2,L2,L2,L1,H2
L2,H3,L1,L3,L3
H1,L3,M1,L2,L1
M1,M1,H2,L1,BN
L2,L1,H3,H1,L1
L3,L3,M1,L2,L3
L1,L3,H1,L3,L1
L2,L3,H1,M1,L3
H3,L3,L1,L3,L2
L2,L3,L3,L3,L3
L2,L1,L1,H3,L3
H3,H2,L1,M1,H1
L3,L1,L3,H3,L3
L3,L3,L2,L3,L2
L3,L3,H1,L3,L2
L3,L3,L2,M1,H3
L2,H1,M1,H2,L1
L1,H2,L2,L3,L3
M1,L3,L3,L1,L2
L2,L1,L1,L1,L2
M1,L1,L3,L2,L3
BN,L3,L2,L2,L2
L2,H2,M1,M1,L3
L2,H3,L1,L1,BN
L2,L2,L3,L3,M1
M1,L2,L2,L1,H1
L3,L3,L1,L1,L1
L3,H3,H2,L2,H2
L1,L2,L1,H3,L2
L1,H1,L3,M1,L3
L1,L1,L2,L3,L2
L3,L2,L2,L3,L3
L3,M1,L3,M1,H2
M1,H3,H3,H1,L2
H1,L2,H3,L2,L3
L1,H2,H2,L3,L3
L2,L1,H1,L2,L2
L2,H2,L3,L2,H3
L1,H2,L3,L3,H3
H3,L1,L1,L1,L2
H3,L3,L3,L1,L2
H1,M1,L3,H3,L2
M1,H2,H3,L1,L2
L2,L1,M1,L3,M1
H3,L2,L3,H2,L2
L2,L1,H3,L1,L3
L3,L1,L3,L2,L2
L2,L3,M1,L1,L2
L1,L2,H2,H3,L1
L1,L1,L1,L3,BN
L2,L3,M1,L3,L1
BN,L2,L1,L3,L2
L1,H3,L3,H2,H3
L3,L1,M1,L3,L1
H3,H3,L2,L3,H2
L3,H1,L3,M1,L2
H1,L1,L2,L2,H3
L1,L3,L3,L2,M1
L2,L2,H2,M1,M1
L3,L2,L3,H1,L3
L1,L1,L3,M1,L1
L2,L3,L1,H3,H1
L2,L3,L3,L3,L2
L1,L2,L3,L3,H2
H2,L2,L3,H3,BN
L3,L2,M1,L3,L3
L1,L1,L3,L3,M1
L2,L3,H2,L2,H3
L1,M1,L1,L3,M1
L1,L2,L3,M1,H2
L3,L3,L3,L2,M1
H2,M1,L1,L1,L1
L3,H2,H2,L2,H2
L1,L2,L3,L1,L1
L3,BN,L3,L1,H3
L3,L2,L3,H1,H2
L3,L1,H2,H3,L2
H3,L1,L2,H1,M1
L2,L3,H1,H3,L1
M1,L3,L2,L3,L2
L3,H2,L2,L3,H1
L2,L3,H2,L3,H3
L2,L1,L1,BN,L1
L1,L1,L1,L2,M1
H1,L2,L3,L2,H2
L1,L2,H3,M1,H3
L2,L2,L2,L2,L1
L1,M1,L1,L1,M1
H3,L3,L2,H3,H3
L1,L2,H2,M1,L3
L3,L3,M1,L2,L3
L2,L3,L1,H1,L3
H2,L2,L2,L3,H3
L3,L3,L3,L1,L3
L2,L1,L3,L3,L1
H3,M1,L3,H3,M1
L3,L3,H2,L1,L1
L1,L2,L1,M1,L3
M1,L2,L2,L3,L2
L2,L1,H3,L3,L1
L3,L1,H1,M1,L3
L3,L2,L2,L3,H2
L1,L2,L3,L1,H1
L3,L3,H2,L1,L3
M1,BN,H2,L1,L2
H3,L2,L1,L1,H2
L3,L2,L1,H2,L1
M1,L3,L3,H3,L3
L1,L2,M1,L3,H3
L2,M1,L1,L1,L2
M1,L1,L3,L3,L3
M1,L2,L3,L1,L3
L2,L3,H3,M1,H2
L1,L2,L3,M1,M1
L3,H3,L1,L1,H2
L1,L3,M1,M1,L1
L2,L3,L1,L2,M1
H3,M1,L2,L2,L2
L1,L2,H1,L1,H1
L3,BN,L2,L3,L2
L3,H3,H1,L3,L2
L1,L3,L3,L3,H3
H2,L3,L1,M1,L1
L2,L1,L3,L3,L3
H1,L3,H2,L3,L1
L2,L1,L2,H3,M1
BN,H3,H1,M1,L2
H1,L3,H3,L2,H2
L3,L2,L3,L1,L2
H3,L1,L3,L1,L1
L3,L3,L2,L1,H3
L3,L1,H2,L1,L2
L2,L2,M1,L1,H1
H3,L2,L2,L1,L2
L2,L3,H1,L1,L2
L1,L2,M1,L2,L2
H3,L3,H3,L1,L3
L3,M1,H2,L1,L2
L3,L3,L2,L3,L2
L1,BN,L3,H1,L2
M1,L2,L3,H1,BN
H3,H3,L3,L3,L1
L1,L3,L1,H3,L2
L1,L3,H3,L1,M1
L1,L3,L1,H2,H3
H2,L3,H2,L1,L1
L1,L1,L1,L1,M1
H1,L2,H3,H3,L2
H3,H3,L1,H3,L1
H3,H2,H3,L1,BN
L1,L2,L3,L3,L2
L3,M1,H3,L2,L1
L2,L2,L1,L1,L3
L1,L3,M1,M1,H3
L2,L3,L3,L2,L2
M1,H2,L1,L3,L3
M1,L1,L3,L1,L3
H3,L1,H1,L1,L2
L2,L3,L1,L1,L1
L1,H1,H2,L2,L3
L2,L1,L3,L1,M1
M1,L2,L1,L2,L3
L1,L2,M1,H2,L1
M1,M1,H1,L3,L3
L1,H1,H2,L3,L2
L2,H3,L1,H3,L3
L3,L3,L3,H3,M1
L3,L3,L1,L3,L3
BN,L3,L2,M1,L2
L2,H2,H3,M1,H3
L1,M1,L2,M1,H2
L2,L2,L1,H2,L1
L2,L1,H2,M1,H3
L3,M1,L2,L3,L2
L2,L1,M1,M1,L2
M1,H2,L2,L2,L3
M1,L2,H1,L3,M1
L1,L2,H3,H3,H2
H2,H1,L3,H2,H3
L2,L1,H3,M1,L3
L3,L1,L2,H2,H3
L1,L1,L1,L3,L2
M1,L2,L2,L2,H3
L3,L3,H3,L3,L2
H2,L3,L3,M1,H2
L2,H2,L2,L1,L1
L2,M1,L3,H3,L2
H1,L1,L1,BN,L1
L2,L1,L1,L3,L3
M1,L2,L3,L1,H3
H2,H2,L3,L3,L1
L3,L3,M1,H3,H2
H1,L3,L1,H3,L3
L1,L2,H2,L2,L3
M1,L3,L2,L1,M1
M1,L2,L1,L1,L1
L3,L1,H1,L1,H1
L2,L2,L3,L2,L1
L3,L1,L1,H3,L3
L3,L3,L2,H3,L2
L2,L3,L3,H3,L1
L1,H1,L3,L1,L1
L1,L3,BN,L2,L2
M1,L3,H3,L2,L1
H3,L1,L3,L1,L3
L3,L1,L1,L3,H3
H2,L3,L3,H3,L2
BN,L2,L3,L3,L2
L2,L1,M1,L2,L1
H2,L3,L1,L3,L3
L2,L3,H1,M1,BN
L3,H2,H3,L1,M1
H2,L2,L3,M1,L2
L2,H2,M1,M1,H3
BN,H3,H3,L1,L3
H3,L1,L3,L2,L2
L1,H3,L2,L2,L3
L3,L3,L3,H2,L3
H2,L1,L3,L2,L3
L2,H2,BN,L2,H1
L2,M1,M1,L3,L2
L3,L3,M1,L1,L1
H2,L3,H3,L1,L3
L3,BN,L1,L1,M1
L3,L3,M1,L3,H3
H3,L3,L3,H3,H2
L2,L3,L2,H1,L2
H1,H2,L3,L2,L3
M1,L3,H3,L3,L3
L3,L2,L2,L2,L3
L2,L1,L3,L3,L2
L2,H2,H2,M1,L2
H1,H1,L2,L1,L2
L3,L2,L3,H3,L3
L3,L1,M1,H2,L3
H1,H2,L2,L1,L1
L2,L2,L3,L2,L3
L1,L3,H2,L3,M1
L2,M1,L1,M1,L2
L1,L1,L3,L1,L2
L1,L2,L3,L2,L2
H3,M1,L3,H3,L1
L3,L1,L3,L2,L2
M1,L2,L3,L3,L2
L1,H3,H2,L3,BN
L3,L3,L1,L2,H3
H1,H2,L2,L2,L2
L1,L2,L1,L2,L3
H3,L3,M1,L2,H3
H3,M1,H3,L3,BN
L2,H3,L1,L2,L2
H2,L1,L3,H3,H2
L1,H2,L3,L2,H2
L3,M1,M1,H1,H1
H1,L2,H3,L3,L3
L2,L2,M1,L3,L2
L1,L2,L1,H1,L2
L1,L2,L2,H1,M1
M1,M1,L1,L2,L2
L2,L1,L1,H2,L3
L1,L1,L3,H1,L2
L3,L3,M1,L3,L1
H3,L3,L3,L2,L1
M1,L1,L3,L2,L3
H3,M1,L2,L3,L2
BN,H3,L2,M1,H2
L3,L1,L1,L3,L2
L2,M1,H2,L3,L2
H3,H2,L3,L3,M1
L2,L3,L1,M1,L2
L2,L3,H2,M1,L3
L2,L1,M1,L1,BN
L1,L1,L1,M1,M1
L3,M1,M1,L3,L3
L1,L3,L1,L3,L2
M1,L3,L3,L1,L1
H3,L3,H3,L1,L1
H3,L3,L3,L2,H2
L2,H2,L2,L2,M1
M1,L3,H2,L1,L2
H1,L1,L3,H3,L2
L2,L3,L1,L3,H1
L1,H2,L1,L2,H1
L2,L3,H1,H3,L3
L1,L2,L3,H3,L1
H3,L3,L3,L3,L3
H1,L2,L3,L3,M1
H1,H2,L2,H2,L1
H1,L2,M1,L2,L3
M1,H3,L1,L2,L3
L3,L1,L1,BN,M1
L3,L1,L2,L3,L2
H2,L3,L3,L2,L1
L3,L1,L3,L1,L3
M1,L3,L2,L3,M1
BN,L3,BN,H3,M1
L3,L2,L3,L3,M1
L3,H2,H3,BN,M1
L3,L3,L1,L1,L2
H3,L2,L3,L3,L2
H3,H3,L1,H3,M1
L3,H3,H2,L3,L1
L2,L1,L3,L1,L3
M1,L1,L2,L2,H2
M1,H3,L1,L1,H2
L1,L2,L1,L1,H2
L3,L3,L3,M1,H3
H1,L3,L2,L3,L1
L2,L2,L3,M1,H1
H3,L1,L3,L3,BN
L2,H2,L3,L3,M1
L1,L3,M1,L2,M1
L3,L3,M1,L1,L1
L3,L1,L3,L1,H2
L1,L2,L3,L3,H3
L1,GL,L2,H2,H3
L1,M1,BN,L3,L2
H2,L3,L3,L1,L3
L2,M1,H3,L2,L1
L2,L1,H2,L3,L3
H2,L2,L2,H2,L1
L1,L3,L2,L2,L3
H3,L1,L3,M1,H1
M1,L3,H3,H1,L1
L2,H1,L1,L1,H3
L2,L2,M1,M1,L3
L1,L2,L1,L3,L3
L1,L3,H3,L1,L3
H3,M1,BN,L1,L3
L1,L3,L3,BN,L1
H3,L3,H3,L3,L1
L3,L1,H3,L1,H1
H3,L3,M1,L3,M1
L1,L3,GL,L2,L1
H2,M1,M1,L3,L3
L3,L3,H1,H3,L2
H1,L3,BN,L2,H3
L1,L1,L3,L3,H2
L3,M1,H2,L1,L1
L3,L3,L3,L1,H1
H2,H3,M1,M1,L3
L3,H2,L3,H2,M1
L2,L2,L1,H2,L2
H2,H2,H1,L1,L1
H1,L1,L2,L2,L2
L2,L2,L2,L2,L3
M1,M1,L1,M1,L1
L3,H1,L3,L1,M1
M1,H3,H3,M1,L1
H1,M1,L2,L1,BN
M1,L1,L3,L1,L1
H2,L1,L1,L3,L2
L3,H1,L3,L2,L3
L3,L2,L3,L3,L3
M1,L1,L3,L1,L2
L2,H3,L2,L3,L2
H1,L3,L3,H3,L1
H1,M1,L2,L3,L3
L1,L1,H1,L3,L3
L1,L2,L2,L1,L3
L1,L2,L1,L2,L2
L3,BN,H1,BN,L2
M1,M1,L1,L2,L1
L1,L3,L3,H3,L3
L1,L2,H1,H3,L1
L1,L2,L3,L2,L3
H3,L3,L2,L1,L3
H1,L2,L3,L2,L3
M1,H3,L3,L2,L1
L1,L1,M1,M1,L3
M1,L1,L1,L2,L1
L1,H2,L1,L3,L2
L2,L3,L2,L1,M1
H3,L3,L2,M1,L3
L3,L3,M1,L1,L2
L3,M1,L1,M1,M1
H3,L2,L3,L2,L2
L1,BN,H3,L2,H1
H3,H3,L2,H2,H3
L1,L2,L1,H3,L1
H3,L1,L2,L2,L1
H1,H3,L2,M1,M1
L1,L3,H3,H2,L1
L2,L2,L3,M1,L1
H3,M1,H3,H1,L2
H1,L3,L1,L2,L3
L3,H2,L2,M1,H2
L2,L1,L2,L1,L2
H3,L3,M1,M1,L1
L1,H3,H3,L1,L2
L2,M1,H1,L3,L1
L2,H3,H1,H3,L2
L3,L3,H3,L2,L2
L2,L3,L3,L3,M1
L2,H3,M1,H1,L2
L3,H3,H1,M1,M1
H1,L3,L2,L2,M1
L1,H1,L3,L3,M1
L3,L2,H3,L1,L3
L1,L2,L2,L1,L1
L1,L3,L2,H3,L2
L3,L3,L2,L2,L1
L1,M1,H3,BN,L3
L1,L2,L2,L2,H3
L1,L2,L3,L1,H2
M1,L2,L1,L3,L3
L2,L2,L2,L2,M1
L3,L2,L1,L2,L3
L3,L3,H2,H3,M1
L3,L2,L2,L1,L1
L2,H2,L3,L1,L1
M1,L3,L2,M1,H1
L2,H2,L2,M1,L2
L3,L2,BN,L2,L1
L3,H1,H1,L1,L3
L3,L1,M1,L2,M1
L2,L3,M1,H2,L3
H2,L3,L2,L2,L2
H3,L2,L1,L3,L3
L1,L3,H1,H2,H2
L3,M1,H3,H2,M1
L3,L1,L2,L2,H1
L1,H2,H1,L3,H3
H1,L1,L2,H3,L2
M1,L3,L1,L3,L2
L2,L3,L1,L3,M1
BN,H3,M1,L3,L1
H2,L3,L2,L2,M1
L2,L2,L3,L3,L1
H2,L2,L2,L1,L1
L2,L2,L2,L3,L3
BN,H2,L3,L3,L1
L3,H3,H3,L3,M1
L1,L3,H1,L3,L2
H2,GL,H2,H3,M1
H3,L1,H3,L2,L3
L3,L3,L2,L2,L3
L1,L3,H3,M1,H1
L2,L2,H3,BN,L1
L1,H2,M1,H3,H3
L1,H3,H2,L2,L2
H3,H2,M1,H2,L2
M1,L3,L3,L1,H3
L3,H3,L1,L2,L3
H2,L2,BN,H1,L2
H1,L3,L2,L2,L2
BN,L2,L1,L1,L1
L1,L3,L3,H3,M1
L3,L1,H3,L3,L1
L1,L1,H1,M1,L1
H2,L3,M1,L2,M1
L2,H3,L2,L3,L2
L2,L2,M1,L2,M1
L3,H3,L3,M1,M1
L3,H2,L3,L3,L3
L2,M1,L2,H2,L3
L1,L3,L3,L1,L1
L1,L3,L2,L1,L2
BN,M1,L1,L2,L3
H3,L3,H3,L2,L3
L1,L1,L3,L2,L2
L3,M1,L3,H2,L1
M1,L2,L1,L2,M1
L3,L2,L1,L1,H2
L3,L2,H3,L1,L3
L3,M1,L1,M1,L1
L1,L3,L3,L2,L1
L1,H2,L3,L2,L2
L1,H1,L2,L2,L1
L2,L1,L3,L1,L1
L2,H1,L2,L2,L1
L3,M1,H3,H1,L2
M1,L1,L3,L3,L2
H3,L1,L3,L2,H2
L2,H2,M1,H3,H2
L3,L3,H1,L2,L1
L2,H1,L3,H3,H2
L1,L2,L3,L3,H3
H2,M1,H1,L1,L1
L1,L1,L3,L2,L3
L1,L2,L2,L3,L1
L2,M1,H3,L1,L1
L2,L1,L2,L3,L1
L1,L3,L3,M1,L1
L3,M1,L3,H3,L2
L2,H1,BN,L1,H2
M1,L3,H3,M1,L2
M1,H2,L2,L1,L3
BN,L2,L2,L3,H2
L1,L2,L3,H3,L3
L2,L3,L1,L3,L2
L3,L3,L1,L2,L2
L1,L1,L2,L2,L3
L3,L2,L3,L2,L3
L2,M1,H2,L3,L2
L3,L2,L3,L2,L2
M1,L2,L2,H3,L2
L3,GL,M1,H1,L2
H3,L3,L1,M1,H1
L3,L3,L2,H2,L3
L3,H3,L2,H3,L2
L2,L3,L1,L1,H1
L2,L2,BN,M1,L2
H2,L2,L3,BN,H2
L1,H3,L2,L2,L1
L1,L3,L1,L2,H2
M1,L3,L3,L2,H3
H1,L2,M1,L2,M1
L2,L3,M1,L3,L1
M1,L2,H3,L1,L2
L2,H1,L1,L1,H3
L2,L2,L2,H1,L1
L3,L1,L3,L2,H1
H1,L1,L1,L2,H3
L2,H1,L1,L1,L2
H2,L3,L1,BN,M1
GL,L2,L1,H1,L3
H2,L3,L1,L3,M1
L1,L3,H1,L3,L3
L3,L1,L1,L3,L1
L3,L1,H3,L3,L3
L2,L2,L3,L2,L2
L3,M1,M1,L1,L3
L2,L3,L2,L1,L1
H1,M1,L2,BN,L3
L2,L2,H3,M1,BN
L2,L3,L1,L3,H2
M1,L2,L1,L2,H3
H1,L2,L3,H3,H3
L2,L1,L1,L1,L3
L3,L2,L2,L2,L1
L2,L3,L3,H3,L1
L2,M1,L3,L2,M1
L1,L2,M1,L1,H3
L2,L3,L2,L2,L1
L1,L2,L2,L3,L2
L3,L2,H2,L1,H3
L3,L3,BN,L3,L1
L1,H3,M1,L1,L1
M1,M1,L3,H2,H2
L1,M1,L2,M1,L2
M1,BN,H1,L1,L2
M1,L3,H1,L1,BN
L3,H3,L3,M1,L1
H3,H3,M1,L2,L1
M1,M1,H3,L2,L1
L1,L1,L3,L2,H3
L2,L2,L2,M1,L2
L1,H2,L3,H3,L3
L2,L2,L3,L3,H2
H1,H3,H2,L2,L2
L2,L2,M1,H3,L2
L3,L2,L1,H3,L3
GL,L1,L3,L3,L2
L2,L3,H1,L2,L2
M1,L3,M1,L2,L2
L1,L1,L3,H1,L3
L2,L1,L2,L1,M1
L1,H2,L3,BN,H1
L2,L1,L3,H3,L3
L3,M1,L1,L3,L3
L1,L3,L2,L3,L2
H3,H3,M1,L3,BN
H3,L3,H2,L3,L1
L3,L3,H3,M1,H3
M1,L3,H2,M1,L2
M1,BN,L3,L3,L2
L1,L1,M1,L2,L1
H1,L2,L2,H3,L2
M1,L3,M1,L2,L3
L3,L3,L3,L1,L2
H3,L1,M1,H2,H3
H3,L3,M1,L3,H2
L2,L3,L3,H3,L2
L1,L2,L3,L3,M1
BN,L1,M1,H3,L3
M1,H3,L1,M1,L1
L2,H2,H2,L1,M1
L1,H3,M1,L2,L1
L1,L2,L1,M1,L3
L3,M1,L2,L1,M1
H3,H3,L2,L3,M1
M1,L2,L3,L2,L3
M1,L1,H3,L2,L2
L2,L1,L3,L3,L1
L3,L2,L3,H3,H3
H2,L2,H2,M1,L3
L2,H1,L2,L2,L2
L1,L3,L2,M1,L3
L1,L1,H3,L3,L1
H3,L3,M1,L3,L3
L2,L1,L2,L2,L1
L3,L2,M1,H1,L2
L3,H2,M1,L3,H3
L3,H2,M1,L3,L1
L3,L3,L3,L1,L2
M1,L1,M1,M1,H2
L3,L3,H3,L2,L1
M1,L3,L2,L2,L2
M1,L2,H2,L1,L2
M1,L2,L1,L2,L1
L3,L1,L3,L3,L3
M1,L2,H2,L1,L3
H3,L2,L1,L3,L3
L2,H3,L2,L3,L3
H3,L2,M1,H3,H3
L2,L1,L3,L2,L1
L1,L1,H2,L1,L1
L1,L3,L3,L2,L1
L2,L2,L2,L3,L2
L2,L3,L3,L1,L2
L2,H3,L1,L3,M1
L3,L3,H2,L1,H3
L1,L3,L3,H3,L1
L3,L1,BN,M1,L2
L2,L2,L3,L2,L3
L3,H2,L3,L3,L3
L3,L2,M1,H3,L3
L3,M1,L2,L3,L3
L2,L2,M1,L1,L2
L2,L1,L3,L2,H1
L3,L3,L2,L2,H2
L3,H2,L1,L1,L1
L2,L1,L3,BN,M1
L1,L3,H1,L1,L3
L2,L2,L2,L3,L1
L3,H2,L3,M1,L3
L1,L2,L1,L1,H1
L1,L2,L1,L3,H2
L1,H1,H3,L3,M1
L3,M1,H1,M1,M1
L3,L1,L2,L3,L3
L1,M1,L3,H3,L1
L2,M1,L3,L2,L3
H1,H1,L2,H3,L3
L3,BN,L3,H3,L3
M1,H1,M1,L3,M1
M1,L2,M1,L2,L3
L2,H1,L1,M1,L3
L3,L2,L2,M1,L1
L1,L1,L2,L1,M1
L3,L3,L2,M1,L3
L1,L3,L3,H3,L2
L2,L1,M1,L3,M1
L2,L2,L1,L2,L1
H3,L3,BN,L2,L1
L2,L1,H3,L2,L2
M1,L2,L3,H3,L3
H2,L2,H1,L1,L3
L3,L2,L3,L3,H3
L2,L1,L3,H2,L1
L1,L1,L1,M1,L1
L1,L2,H3,L3,L2
L2,L2,L3,L1,L2
L1,L2,H3,L1,L3
L3,H3,M1,M1,L3
H2,L1,L1,L1,L1
L3,L2,L2,L3,L2
H3,L3,L1,L2,L2
M1,L1,L1,L2,H1
L3,L3,L2,L2,L1
L3,L2,H3,L1,L2
L3,L2,M1,L3,L2
L2,L3,H3,L2,L3
M1,L3,L3,L1,M1
L3,L3,M1,L1,H2
L3,BN,M1,L3,L2
L2,L1,H2,L2,H2
M1,L2,H2,M1,H3
H1,L2,M1,L3,M1
L3,H2,L2,H3,H1
L1,H1,L3,L1,H3
L3,BN,H1,L2,L1
H1,L3,M1,L3,H3
M1,L2,BN,M1,L3
L2,L3,L1,L1,BN
L2,L3,L3,M1,L3
H1,L2,H2,L2,L1
L3,L2,L1,L3,L2
L1,L2,M1,L3,H3
L3,M1,L1,L2,H3
H2,M1,L2,H1,M1
L3,L2,H3,L3,L2
L3,H2,L3,L3,L1
L2,L1,L2,L2,L3
L1,L3,L2,L2,L3
BN,L2,M1,M1,L3
H3,M1,M1,L1,H3
H1,L3,H2,H2,L3
H2,L1,L2,H2,H3
L3,L2,L3,M1,L2
L3,L2,L2,H2,M1
H3,L2,L2,L2,BN
H2,H3,L2,L3,L1
L1,L3,L2,M1,L3
L2,L3,L1,M1,L3
H1,L2,L2,H2,L3
M1,L3,H1,L2,L3
L2,H3,BN,L3,L3
L2,L2,H3,M1,M1
L2,H3,L3,H1,L3
L3,L1,M1,L1,L2
L1,L2,L1,L2,L1
M1,H1,L1,L3,L1
H3,L3,L1,L3,L2
L1,L2,L3,L2,H3
L3,L2,M1,L2,H2
L1,H3,BN,L2,L1
H2,H1,L2,H2,L1
L3,H3,M1,L2,L1
H3,L3,L3,L1,L1
L3,L2,L2,M1,H2
L2,H2,L1,L3,L2
L2,L3,L1,H2,L3
H3,H1,L3,L1,M1
L1,L3,L1,L3,L1
L2,L1,L3,L3,L2
H3,L2,L3,L1,L3
L1,L3,H1,L3,L1
BN,L1,L2,L2,L3
M1,M1,L3,M1,H2
H1,L3,L3,L2,L1
L1,L1,L2,L2,L2
H3,L3,L1,M1,H3
H3,M1,L3,L2,L3
L2,L1,GL,H1,L3
L1,L1,H3,L3,L2
H3,L2,L3,L3,M1
M1,L2,M1,H3,H3
M1,L2,L2,L3,L1
L3,H3,H2,L2,L3
L1,H3,H2,L1,L3
L3,L2,M1,M1,L2
L3,L3,L3,H3,M1
H3,M1,L3,L2,H2
BN,L3,L1,L2,L2
L3,L2,L1,L1,L1
L1,L1,L1,H3,L2
L3,L2,H3,M1,L3
L1,L3,M1,L2,H2
H3,L3,L3,H3,L1
L3,M1,L3,H3,M1
L2,L2,L1,H3,L2
L1,H3,M1,H3,L2
L2,L3,L2,L3,L2
M1,L3,M1,L3,L3
L3,H3,L2,M1,M1
L1,L1,L3,M1,L2
BN,L3,L1,M1,H2
L3,M1,L1,L3,L2
L3,L1,L2,L1,L1
L3,L2,L2,L3,L1
H3,L2,L1,L1,L3
L1,L3,H2,H1,L1
L3,L1,L2,M1,L1
H3,L2,M1,L3,L1
L2,L2,L2,M1,L2
H1,L1,H3,L1,H2
L3,L1,L2,H3,L3
H1,H3,L1,H2,L2
M1,L2,L2,L1,L3
H1,L2,M1,H3,L2
L3,L3,L3,L2,L3
L1,M1,H2,GL,L1
L3,L2,L3,L3,GL
L3,L2,L2,L1,L3
L1,M1,L3,L3,L3
L2,L1,L2,L3,M1
M1,BN,M1,BN,L1
M1,L2,H3,L3,L2
L3,L1,L2,H1,H3
H2,M1,H3,L2,L3
H3,H2,L2,L3,H2
L1,H1,H3,H2,L3
L2,L2,L1,L3,L2
L2,L3,L1,L1,H2
L1,L3,BN,L3,L1
M1,L2,M1,H3,M1
H3,L3,H2,L1,L2
H2,L1,L2,L3,L3
H3,H3,L3,L3,L2
L2,M1,L3,M1,H2
L2,L3,L2,L2,L1
L2,L3,H3,M1,H2
L3,L3,L3,M1,H2
L1,L3,L1,M1,H1
L1,H3,L2,L1,L1
H2,M1,L3,L3,L2
L3,L3,L1,L2,H2
L2,L3,M1,BN,L1
L1,L1,L1,L2,M1
L3,L2,BN,L2,L3
M1,L1,H2,L1,H3
M1,L1,L1,L2,L1
H3,L2,L3,L2,L3
L1,H3,L2,L3,L3
H2,M1,L2,L1,L1
H1,H3,L1,L1,L2
L1,L3,L2,M1,L3
H2,L2,L2,L3,L2
L2,L1,L2,L3,H3
L1,L2,H3,L1,M1
L1,L1,M1,L2,H2
H2,M1,L1,L2,M1
L1,L3,L2,L1,L3
L1,L3,L3,H1,H3
GL,L3,L3,L2,L1
L2,L1,L2,L2,H3
L3,L1,L2,L1,L3
M1,L1,H1,H2,H3
M1,L3,L2,H1,L1
L2,M1,L2,L3,H2
H1,L2,L3,L1,BN
L3,H3,L1,M1,L2
M1,L2,L3,H2,M1
L3,M1,L1,H3,L1
L2,L3,H2,L2,L1
H3,L3,L3,L2,L2
H3,L3,L3,L1,H2
L2,L2,L1,L2,L3
L2,L3,M1,L2,M1
L2,M1,L3,BN,L3
L3,L3,L3,L3,L2
BN,L3,L2,L3,L2
L3,L3,L1,L1,M1
M1,L2,L1,H3,L3
M1,L3,L3,L2,L3
L3,M1,L1,L3,L3
L3,M1,M1,L2,L2
L1,H2,H2,L2,L3
L1,H3,L3,L1,L3
L1,L2,L3,H2,L3
L3,M1,L1,L2,M1
L1,H3,L2,L3,L1
L1,H1,L3,L2,L2
L3,L3,M1,L2,M1
L3,L2,H3,L1,M1
H3,H3,M1,L1,L3
M1,L1,H3,L2,L2
H3,L3,L3,L3,M1
L3,H3,L1,H3,M1
L3,H3,L1,L3,L2
L1,L1,L1,L1,L3
L2,L2,H2,L2,H3
L3,L1,L2,L2,L1
L3,L1,L3,L2,L3
H3,L3,L3,L3,L3
H3,L2,L3,L2,L2
L2,L1,M1,L2,M1
L3,L3,M1,H3,L2
L2,M1,L3,L1,L1
L3,L2,H3,L1,L2
L1,H3,M1,H2,L3
L2,L2,H3,L2,L3
H3,H1,L3,L2,L2
M1,H1,L2,L1,H3
H3,L3,M1,L3,L3
H1,L3,L3,L2,L3
L3,L3,M1,L3,BN
L3,L3,L3,L1,H1
H2,L1,L1,M1,L2
L3,H3,L2,M1,L3
L2,L2,L3,L1,L1
H3,M1,H3,L3,L1
L1,M1,L3,L1,L2
L1,L1,L2,L1,L2
H2,M1,H1,L3,H3
L3,L2,L3,L1,M1
H1,H2,L3,L1,L3
L1,L3,L1,L2,H3
L2,L1,L2,L2,L2
L2,H3,L1,L3,L1
M1,L1,H2,M1,L1
L2,H3,L1,L3,BN
L3,L3,H3,H2,L2
L3,H3,L2,L2,L2
L3,H2,M1,L1,L2
M1,H3,BN,M1,H1
L1,M1,L1,H3,H2
L3,M1,L1,L2,L2
L2,L1,H3,M1,L1
M1,L3,L1,L2,L2
M1,M1,L3,H3,GL
L1,L1,L1,L3,L1
L2,L1,L2,L3,H3
H2,M1,L2,L1,L2
H2,H2,L1,L3,L3
H3,L2,H1,H2,L3
L1,M1,L3,M1,H3
L3,L1,L3,H2,L3
M1,L3,L1,L2,H3
L2,L1,L3,L3,L2
M1,L1,L2,L1,L2
L1,L1,L3,H2,H2
H3,L2,L3,M1,H2
L3,BN,L3,L3,L3
L2,L1,H3,H2,L3
L3,H3,L3,M1,L3
L3,M1,H3,L1,BN
H3,L1,L1,L1,L3
L1,L1,BN,L2,L1
L1,L3,L3,L1,L1
L1,L2,L3,L3,H1
BN,L2,H2,L3,L2
H3,L2,L1,H3,M1
L1,L1,L2,H3,M1
L3,H2,L1,M1,L2
L2,L2,L2,L3,L3
L2,L3,H3,L1,L3
M1,L2,L3,M1,L3
L3,L3,H2,L1,L1
L2,L2,L1,BN,L1
H1,L1,L3,L1,M1
L1,BN,L2,L3,L1
L2,L2,H3,GL,M1
L1,M1,L1,L1,L1
L3,L3,H3,M1,H2
L2,M1,M1,L2,M1
L3,L3,L3,L1,L3
L2,M1,M1,BN,M1
M1,M1,L3,H1,L2
L1,L3,L3,L3,M1
L2,M1,L3,L2,M1
L2,L1,L1,M1,L2
L2,L3,L1,L3,L2
L3,L3,L3,L3,H1
M1,L2,L2,H3,H2
L3,M1,H1,H3,L3
L2,L2,L3,L2,M1
H2,L2,L1,M1,L1
M1,M1,L2,L3,L3
M1,H2,H3,H2,H3
L3,L1,M1,L2,BN
L2,L2,L2,L3,L3
M1,L1,L2,L3,H1
L1,L3,H3,H3,M1
L1,H3,M1,H3,L2
L1,L2,H3,L1,L3
L2,L2,M1,L2,L3
M1,L1,L2,H1,L3
L3,L2,H2,L2,L2
L3,L1,H3,L1,L2
L3,L3,L3,H3,L3
L2,L3,L1,L2,H2
M1,L1,L1,L1,L3
L1,L3,M1,BN,M1
L2,L2,H1,L1,L3
M1,H3,L2,L2,L1
M1,M1,L2,L2,L1
L3,L2,L3,H3,H1
L3,L1,L3,L3,H3
BN,L1,M1,L1,BN
L1,M1,H2,L1,H3
H2,L1,H2,L1,H3
L3,M1,H2,L3,L2
L1,H2,L3,L1,M1
L2,L1,L3,L1,H2
L3,L1,BN,L2,L3
H1,L2,H3,L2,L1
L2,BN,L3,L1,L3
L3,L1,L2,L2,L1
BN,H2,L3,L1,L3
L2,L3,L1,M1,L1
L2,L2,L1,L2,L1
M1,L3,L1,L2,L3
L3,L1,L3,M1,H3
L3,L3,L2,M1,H2
M1,H1,M1,L2,H3
H3,M1,H2,L3,H3
L3,M1,L2,H3,M1
L1,H3,L1,H1,L1
H1,L1,L2,L2,H1
M1,L2,M1,L3,M1
L2,H3,BN,L3,H1
L2,L2,L3,M1,H3
L1,L1,L3,L3,L3
L1,L1,L1,BN,L1
L3,H3,H1,L1,L2
BN,BN,M1,L2,L1
H2,L3,L3,H3,H2
M1,M1,L1,L2,L1
L1,M1,L1,L3,L3
M1,M1,L1,H3,M1
L3,L2,L3,L3,H3
L3,L1,L1,M1,L2
L2,L1,L3,L1,M1
L2,L1,L3,H3,L3
L1,L1,L3,L3,L1
L2,L3,L1,L3,L2
L3,L2,L2,L1,L3
M1,H3,L3,L1,L3
L1,L3,L3,H3,L3
M1,L3,L3,BN,M1
L3,L1,H3,L3,L3
BN,M1,L2,L2,L2
L3,L3,H2,H3,L3
L2,H2,L1,M1,L1
L3,M1,L3,L1,H3
L3,L3,L3,L3,L2
L3,H1,L2,M1,M1
L1,L2,L2,L3,L2
L3,H2,M1,L1,L1
H3,M1,L2,L2,H3
L3,L3,L3,L2,L2
L3,H2,L1,L2,L1
L2,H3,L3,L1,M1
L1,M1,BN,L3,L3
L1,L2,H3,L1,L1
L1,H3,L3,L3,L3
L2,L2,L3,L2,H3
M1,L3,H3,L2,L2
L1,L2,M1,L2,L1
H2,L3,L3,L2,L2
L3,L2,H2,L1,L1
L1,M1,L3,L2,H2
L3,H2,L3,L2,M1
H3,H2,H2,H3,L2
L1,L3,L1,L2,H2
L2,M1,L3,H3,H1
M1,L2,L3,H3,L3
L1,L3,L3,M1,H2
L3,L2,M1,L2,L2
L1,H2,L2,L3,L3
L2,L1,L3,L1,M1
H3,M1,L1,H2,H2
L2,L1,H2,M1,L1
L2,H2,H3,L1,L2
L2,BN,L2,L1,L3
L3,L2,H2,L2,L3
H2,L3,L2,L2,H1
L1,L3,M1,M1,L1
L1,L1,L2,L3,L2
BN,M1,L2,L3,L2
L1,L2,L3,H3,L2
M1,L2,L1,L3,L1
L2,L3,L2,L1,H3
L1,M1,L3,L3,H1
L2,L2,L1,M1,L1
L3,H2,L3,BN,H3
H3,H3,H3,L2,L2
L3,L2,L1,L2,M1
H1,L1,L1,L1,L2
L2,M1,L2,L1,L1
L2,L2,L3,L3,H2
L1,L3,M1,L1,H3
M1,H3,L3,H1,H3
L1,L3,L3,H3,H1
M1,L3,L3,L3,H2
H3,H3,BN,L3,L2
H1,H2,L3,M1,M1
L1,M1,L3,L2,L1
BN,L3,L3,L2,L3
M1,L3,H1,L2,L3
H3,L3,L3,L2,L1
H2,L3,L2,M1,L2
M1,L2,L2,L1,L1
M1,L1,BN,L2,M1
L2,H3,M1,L2,L1
L1,L1,H2,L2,H2
H3,L3,L2,L1,L1
L3,L1,L2,L3,L1
M1,H2,L3,M1,H2
M1,L2,L3,H1,L2
L1,L1,H2,L1,H3
M1,L1,L3,L1,L1
H3,BN,L3,L3,L3
L2,L2,L3,L2,L3
L3,L1,L1,H1,L2
M1,L2,L1,L2,M1
H2,L2,L2,M1,L3
L3,L2,L1,M1,L3
L2,M1,L3,L2,H2
L2,BN,L1,L1,L2
M1,L3,H1,M1,L1
M1,L1,L3,BN,L3
L2,L3,L1,L1,L2
L1,M1,L2,L2,M1
L3,L3,L1,M1,L3
M1,H3,L3,L1,L2
L1,L1,L3,M1,L2
M1,H3,L1,L3,H2
L2,H3,H2,L3,L2
L2,H2,BN,M1,L2
L1,L2,H2,H3,L2
H3,L1,L3,L3,L3
H2,L3,L3,L2,L1
L3,L2,L1,M1,L3
L3,H2,L1,L1,L3
H3,L3,L3,L3,L3
L1,H2,H3,L2,L1
L2,L3,L2,H1,L1
M1,L3,L2,L1,H2
L1,L1,H2,L1,H3
L3,L3,H1,L3,L3
L2,H3,L1,L3,H1
L3,H2,L3,L2,L3
H2,H3,L1,L1,M1
L1,L2,L2,L1,M1
L3,L1,L1,L1,H3
H1,L1,L1,L3,L3
L2,L2,L3,L2,BN
BN,L2,M1,L1,M1
M1,M1,L1,BN,L2
H2,BN,L3,H3,M1
L3,L3,L1,L2,L1
M1,L1,L2,L3,H1
M1,M1,L3,H3,L3
L2,L2,GL,L2,L1
L1,L2,L3,L3,L2
M1,L3,H1,L3,L2
L2,L3,L1,M1,L2
H2,L3,L3,L1,L3
L2,L2,L1,L1,L2
L1,H2,H3,M1,M1
L2,H3,H2,M1,L2
L2,L1,L2,M1,H3
L1,L1,L3,L2,L2
L1,H3,L1,L2,L3
L2,L2,L3,L3,L3
H2,L1,L3,L3,L1
H3,L3,H2,L1,H3
L1,L3,H2,L1,L3
M1,L1,H1,L2,L1
H1,M1,H2,H2,H2
L3,L1,H2,L2,M1
H2,L1,H2,L2,M1
M1,BN,M1,L1,L2
L3,L2,L1,H3,H3
H3,H2,H2,L1,H2
H3,L2,L3,H2,H2
L2,L2,M1,L1,H2
BN,H3,M1,L1,M1
H3,L2,L1,H1,L3
H3,H2,L2,M1,L3
H1,L3,H3,L1,L2
H2,H3,L2,H2,L1
L2,L2,L2,L2,L2
L1,L2,H3,H1,L1
L2,L1,H1,H2,L2
L3,H2,L2,L1,H3
L3,L3,L2,BN,L2
H3,M1,M1,L1,L2
L1,GL,H1,L2,BN
L3,L1,L2,L3,L3
H1,L2,H3,L3,L1
L1,L1,L2,L2,L1
M1,L3,H3,L1,M1
BN,L3,L2,L1,L3
L2,L1,L3,M1,H3
L1,L1,L3,M1,L2
H1,M1,L3,L1,M1
L3,L1,L3,L1,M1
L2,L3,L2,M1,L1
L1,L2,L2,M1,L3
M1,H3,M1,L1,M1
M1,L1,L3,L3,L3
L2,H3,L2,L3,M1
L2,L2,L3,H2,L2
H1,L2,M1,H3,H3
L3,L1,L2,L2,M1
L3,L1,L1,L1,H1
H3,L2,L2,H1,M1
H2,M1,L3,L1,L2
L2,L2,L1,L1,L2
H3,H3,L3,H3,L2
H3,L2,L2,L1,L3
L1,H3,L3,L2,L2
L1,BN,M1,M1,L2
H3,L1,L2,L1,L2
M1,L1,L2,H3,L1
H3,M1,L1,H2,L1
H2,L2,H3,L2,H3
H3,M1,L2,L2,H2
M1,M1,L2,L1,L2
L1,L3,L2,L3,L3
L3,L3,L1,L3,L1
L2,L3,L2,H3,L2
BN,L3,L3,L2,BN
H1,L2,L3,L3,L1
L3,L3,GL,L1,L1
M1,L2,L3,L2,L2
L3,L1,L2,L3,L3
L1,L3,BN,L2,M1
L1,L1,L3,M1,H1
M1,L1,L2,M1,H3
H1,M1,H3,L1,H1
H1,L3,H1,L2,L1
L3,L3,L3,L1,H3
L3,L3,H2,L2,H3
L2,M1,BN,L3,H3
L1,L3,M1,H1,L1
L1,L1,L2,H3,L3
M1,L2,L1,L3,L1
L3,L1,H2,L3,M1
L2,L2,H3,H3,L3
H1,BN,L3,L1,M1
M1,H2,L2,M1,L2
H3,L3,H3,L1,L1
L2,L3,L2,M1,L3
H3,L1,L1,L2,L1
L3,L2,L2,L3,L2
L1,L3,L1,L3,L1
H3,L2,L1,L1,L1
L1,L2,L3,H2,L3
L3,H2,H3,H1,L3
L1,H3,L3,L3,M1
L3,L2,L2,L1,L1
L1,L3,L3,L1,L3
L1,L3,H2,M1,L1
L3,L3,L2,L3,L3
L3,L3,L3,L2,L3
L2,L3,H1,L2,L1
L3,L1,M1,H1,L2
L2,L2,H3,M1,L2
M1,M1,L1,L3,L3
L2,L3,M1,M1,M1
L1,L1,H2,M1,H3
L2,L3,H2,L1,L1
L2,L3,M1,H2,L2
L3,L1,H3,H1,M1
L2,L3,L1,H2,L3
H3,L1,L2,M1,L1
BN,L3,L3,L2,L3
H3,L3,H2,L3,L3
L3,L1,L3,L1,H1
L2,L3,H3,M1,L1
L3,L2,L3,L3,L3
L1,M1,L3,L1,H3
L1,L3,H3,L3,L3
H1,H2,L3,M1,L3
L3,H1,L3,L1,L2
L1,H2,L2,L1,L1
L3,L2,L1,L2,H2
L2,L3,H3,L1,L3
L3,L3,L1,L3,L3
H1,L1,H2,L3,H1
L3,M1,L3,L2,H3
H3,L2,L3,L1,L2
M1,L1,L3,L3,L3
L1,L3,M1,L2,L2
L3,H3,H3,L3,M1
H2,L3,H3,L3,H2
L2,H2,L2,L1,H2
L2,M1,L1,H3,M1
L2,L2,M1,M1,L2
L1,M1,M1,L3,M1
L2,L1,BN,L1,H1
M1,M1,H1,H3,L2
L1,H2,H3,L1,M1
L3,H3,L2,L3,H3
L1,L2,M1,L2,L2
L3,L2,L2,L2,L2
L3,L3,L3,L3,L2
H3,L2,L3,L2,H2
L3,L2,L3,L3,L1
L2,H3,L2,L1,L3
L2,L2,L3,L1,L3
H3,L3,L2,M1,L2
L2,H3,L1,L1,L2
L3,BN,L3,L1,M1
L2,L2,L2,L1,L2
L1,L2,L2,L2,L3
BN,M1,L3,L1,H3
L3,L1,L1,L1,H3
L3,H2,L1,L1,L1
L3,BN,L2,M1,M1
M1,L3,L3,L2,L1
M1,L1,M1,L3,L1
L2,L3,L1,H2,L3
H2,L1,L1,L1,L3
L2,L2,L2,L1,L3
L1,BN,L1,M1,L2
M1,M1,M1,L3,L1
L3,H1,L3,M1,L3
M1,L1,L1,L3,H3
L2,M1,L3,M1,L2
L3,L3,L2,L1,M1
L2,L1,H3,L1,L2
L1,L1,H2,L1,L1
L1,H3,L2,L2,L1
L3,H3,L1,L1,L2
L1,H1,H3,H1,M1
L1,M1,L2,L2,L2
L1,L1,L1,L2,L1
M1,L2,L2,L1,M1
L1,L1,M1,H1,L3
M1,L3,L2,L2,H3
L3,L1,H2,L2,L3
H3,L1,L3,L3,L2
L2,L3,L3,L1,L3
H2,L1,L3,L1,L1
L3,L2,L2,L3,M1
M1,L3,M1,L1,L1
H3,L2,H1,L3,L3
L1,L1,L2,H3,L2
L3,L1,M1,L3,L3
L3,L3,H1,M1,L1
L2,M1,L1,L2,L3
H3,L3,L3,L3,L2
L2,L2,L2,L1,L3
H2,M1,M1,M1,L2
L3,L2,L3,L1,L2
H3,H3,L1,L2,L1
L2,L1,L1,L1,L1
H3,L1,M1,L2,M1
L1,L3,L2,L3,H3
M1,L1,L3,H3,L1
L1,L2,L2,L2,L2
L3,H2,H2,L3,L2
L2,L2,M1,L2,L1
H3,L2,L1,L3,L3
L2,L3,L2,L2,L3
L1,L2,M1,H1,L2
L1,L3,L3,L2,H3
L2,H2,L3,M1,H3
L3,L1,L1,H1,L1
L2,M1,L2,L2,H3
L1,L2,L3,H3,H2
M1,H3,L2,L3,L1
L2,H2,H2,BN,L2
L2,H3,L1,L1,H2
L2,M1,L3,L3,H2
M1,L3,M1,L2,L2
H2,L2,L1,M1,L1
L2,L2,L2,H1,L3
H2,L2,M1,L3,H2
M1,L3,H3,L3,M1
H3,M1,L2,BN,H3
L2,M1,L2,H3,L1
L3,L2,BN,L3,L2
L3,L1,H3,H3,L3
L2,BN,L2,L2,L2
H3,L3,L2,L2,L1
L2,L3,L2,L2,H1
L1,L3,L2,M1,M1
M1,L2,H3,L1,H1
L2,H1,H2,L3,M1
L1,L3,L2,L2,H1
L3,L3,M1,L1,L3
M1,L3,L2,L3,L3
H2,L3,L2,M1,L1
L1,L2,L1,M1,H3
L1,H3,M1,L3,L1
H3,L2,L1,L3,H3
L1,H1,L1,L1,L3
L1,L1,L3,M1,L3
H3,L2,H3,L1,L1
H2,M1,H1,BN,M1
L3,L3,L2,L3,H2
L2,L2,L3,M1,H3
H3,L1,L1,L1,L1
L2,M1,H3,L2,M1
L3,M1,L2,L2,L1
L1,L2,L1,L3,L1
L3,L1,H1,L3,M1
L1,L1,BN,M1,L2
L3,L1,L3,H3,M1
L1,L1,L3,L3,H3
L3,L3,M1,H1,L2
L2,H3,H1,L2,L3
H1,L2,L3,L1,L1
M1,H3,L2,H3,L1
L2,M1,L1,H1,M1
L2,L2,L1,L2,L2
H2,H3,L3,H3,L3
L3,L3,L1,L3,L2
M1,L3,L3,L1,L3
L1,M1,M1,H3,L2
L1,H3,H2,M1,L3
H3,L1,L3,L1,H1
H3,L2,L2,L3,M1
L1,L1,L2,L2,L1
M1,L3,M1,L1,L3
L3,L1,L2,L2,H2
M1,L2,L3,H2,L3
H3,L3,M1,L3,H3
L3,M1,L1,L2,L2
L1,L2,L3,L2,L3
L2,L2,L1,L1,L1
L3,L2,M1,L1,H3
H2,L3,H3,L2,L3
L3,H3,L3,L2,L2
L2,L3,L2,L2,M1
H2,L3,M1,L3,L3
L1,L1,L2,L3,L2
L2,M1,L3,H3,L1
L1,L3,L1,M1,L2
M1,L3,BN,L3,L1
BN,H1,L3,L3,L1
L3,H3,L1,L2,L3
L3,H1,L3,L3,L1
L1,L1,L1,L3,M1
M1,L1,L3,L3,L3
L3,L1,L1,L3,M1
H1,L3,L1,L2,L2
L1,L3,L3,H3,L2
H2,H3,H1,L3,H1
L2,L1,L2,L3,L1
L2,L1,L1,L2,H2
BN,L2,H1,BN,L2
L3,L2,L1,L1,L3
L2,L3,L3,L3,L2
L2,L1,L1,L2,L1
H3,L3,L1,H3,H1
L2,L3,L2,H3,L2
BN,L3,L1,L3,L3
M1,L3,L1,L2,L1
H2,L1,L3,L1,M1
L1,L2,L1,H1,M1
L3,H3,L3,L1,L2
M1,L2,L1,L1,L2
L3,L1,M1,L2,L2
H3,L1,L1,L2,L1
H1,L1,L2,L2,L1
L2,L3,M1,L2,H2
L3,H1,L2,L1,H2
L1,L3,H2,L2,H3
L2,L3,L2,L1,L3
L1,L3,L2,L3,H3
H2,M1,L1,L2,L2
L3,M1,L3,L3,L1
M1,L2,L1,L3,H1
L3,H1,L2,L2,L2
L2,L3,L3,L1,M1
L2,L2,M1,L1,L2
M1,H2,H2,M1,L3
M1,L2,L3,L1,L2
M1,L3,L3,M1,L2
L1,L3,L1,L3,H3
H1,L2,M1,H3,H3
M1,L2,M1,L3,H3
L2,L3,H2,L3,H2
M1,L1,L2,L3,M1
L2,M1,L1,M1,H1
L2,L3,H2,L3,L1
H2,H3,L1,L1,L2
L3,L3,L3,L2,L2
L2,H3,L2,M1,H3
L3,M1,L1,L3,L2
H3,L3,L1,L3,H2
H2,L3,H3,L2,L3
L2,BN,L3,M1,L2
H2,L2,M1,H3,L2
H2,L3,L1,L1,L2
M1,L2,L3,L2,L1
L3,L2,L3,L3,H3
L1,L3,L1,H2,L3
L3,H2,L3,L2,L2
L2,L1,M1,M1,L2
L3,H2,L3,M1,L1
L1,M1,H2,L3,L3
L1,L1,L3,L1,M1
H3,L2,L3,L1,M1
L2,L2,L1,H1,H3
BN,L2,L3,M1,M1
M1,L3,L1,M1,L1
L2,L3,L2,L2,L1
L1,L3,L3,L3,L1
H3,M1,L2,M1,H2
L1,H3,L3,L3,H1
L3,L2,M1,H3,L1
M1,L2,L2,L1,L1
H3,L1,M1,L1,L1
L1,BN,M1,L2,L1
L2,H3,H1,L2,L1
H1,H2,L2,H3,L2
L2,H1,L3,M1,M1
L2,L1,H2,H3,L3
H1,L3,H3,BN,BN
H2,L1,L3,L1,H1
L2,L1,L3,H3,L2
L3,H3,M1,L1,M1
L3,L2,L3,H1,L1
H3,L3,BN,L3,L1
L1,L3,L2,M1,L2
L3,L1,L3,L3,H3
L3,L1,H3,H3,L2
BN,BN,L3,L3,L2
H1,L1,H2,L3,L3
L3,L2,L3,L3,M1
H3,H1,L2,L1,L2
L1,M1,H2,L1,L3
L3,L1,M1,M1,L2
L3,L3,H3,M1,M1
L3,L3,L3,H2,L2
L2,L3,L3,L2,L3
L1,L2,L3,L2,L2
H1,L1,H2,L2,L1
M1,L2,L3,H2,L3
L3,L3,H3,L3,L1
M1,BN,L1,M1,H1
L1,L1,L2,H1,H1
L3,L3,L3,L3,H2
L3,H2,L2,L3,L1
M1,L2,L3,L1,L2
L3,L2,M1,H1,H2
L3,L3,H3,BN,L3
L3,L3,L2,L1,L2
M1,M1,M1,L2,L3
BN,H2,L2,L1,L1
L3,H1,L3,H3,H3
L3,L3,H1,L2,H3
M1,L3,H3,L1,L3
L2,L3,L1,H3,H2
H2,M1,L3,L3,L2
L2,H2,M1,L1,H2
H3,L1,L2,L2,H2
L2,L2,L1,M1,L3
L3,H2,L2,L1,L3
L3,H3,L3,L3,L3
L3,L3,L1,L1,L3
L1,M1,H2,L1,L3
L1,M1,L3,H3,L3
L3,H1,M1,H3,H2
M1,H1,H3,L2,L3
H3,L1,L3,H2,M1
M1,L2,L1,L2,L1
H3,L1,L3,M1,L3
H3,M1,M1,M1,L1
H3,L3,L3,H2,L3
L2,H3,L2,M1,L1
L3,M1,H3,L3,L3
H3,L1,L1,H2,M1
L3,L3,H3,L3,L2
H1,L2,H1,H2,L3
L3,H2,L1,H1,L1
L3,L2,L3,L1,L2
L1,L3,H3,L3,H3
L1,L3,L1,H3,H1
BN,L1,L1,GL,H3
L3,L1,L3,L2,L1
M1,L1,L1,L3,L2
H2,L1,L1,L2,L2
L3,M1,L3,M1,L1
L3,L3,H3,H3,L1
H1,L3,L1,L2,H3
M1,L3,L3,L2,M1
L2,L1,L3,H3,L1
L3,H1,L1,H1,L1
L3,H2,H2,H1,L3
L1,L1,L2,M1,L3
L2,H2,L1,L3,H2
L2,M1,L1,M1,L3
H1,M1,L2,L2,L3
L2,M1,H3,L3,L1
M1,L3,L2,L2,L3
H1,L3,BN,H2,L1
L1,L2,L2,L3,H3
BN,H1,L2,L2,H2
L2,L2,L3,M1,L2
M1,L2,M1,L1,L3
L2,GL,L2,H3,H1
L3,L1,L3,L3,M1
H1,L2,L3,L3,L3
L1,L2,M1,L1,L1
M1,L1,L3,L2,M1
M1,L1,L1,M1,H3
L3,L3,M1,L2,L3
M1,M1,L1,L3,L3
L1,L2,L3,L1,L2
L1,M1,H1,H3,M1
L3,L3,M1,L1,L2
L3,L2,L3,L2,H2
L1,L3,H3,L3,L3
M1,L1,L2,M1,H2
L3,M1,L3,H2,L1
L3,L1,L1,H3,L1
L3,H2,M1,L2,L3
H2,H1,M1,L3,H2
H3,L2,L2,L1,H1
M1,L2,L2,L2,H3
L1,L2,L3,L3,L1
M1,M1,L1,GL,L1
L1,M1,L2,M1,H3
H2,L3,L2,L2,L2
L1,L2,M1,L2,L2
L3,H1,H1,L3,L3
M1,L2,L2,L1,L3
H3,M1,L2,M1,L2
L2,H3,L3,H3,L1
L2,H2,L1,H3,L3
H3,H3,L3,L3,L2
L1,H1,H3,L3,M1
L1,L2,H2,M1,L2
L3,L1,L1,L3,L2
L3,H2,L1,H1,H1
H1,L3,L2,H3,L3
L2,L2,L3,L2,L3
L2,H1,L1,L2,M1
L3,L2,L2,L3,L3
M1,H2,L3,L2,M1
H2,L1,H3,M1,L3
L2,L2,H3,GL,L1
L3,H3,L2,M1,L3
L3,L2,L2,L1,H1
L1,H1,L2,L1,H2
L2,L3,L1,H1,L3
L3,L3,L1,H2,M1
L3,M1,H1,L1,M1
L3,L1,L1,GL,L3
H3,H2,L3,H3,H3
L3,L1,M1,M1,L1
H3,L2,L3,H2,M1
L3,H2,L2,L1,L3
L2,L2,H3,H3,L1
L3,L3,L2,H3,L2
L1,L3,M1,L3,M1
L1,L3,H2,L3,L3
H1,L1,M1,L1,L2
L1,L3,L3,L1,L1
L3,L3,L1,L3,H2
H3,H3,L3,L3,L1
H2,L3,L2,M1,M1
L1,M1,H2,L1,L3
M1,L2,L3,L1,L3
L3,L2,BN,M1,GL
H2,L1,L3,L2,L2
L2,L3,L2,L3,M1
L1,L3,L1,M1,L3
L2,L1,L2,L1,H3
L3,L2,L1,L2,L2
L3,L1,M1,L2,L1
H1,L3,L3,H3,H2
L2,H3,M1,L3,L3
L3,L3,L3,H2,L3
L2,L1,L2,L2,H2
H2,L1,L1,BN,L1
L2,M1,L2,L2,L2
H2,L3,L1,L2,L1
L2,L2,L3,H3,L3
M1,M1,M1,L1,L2
M1,M1,H2,H2,L3
L2,H2,H2,L2,L1
H3,L2,L3,L2,L2
L1,L3,L3,L3,M1
H1,H2,M1,L1,M1
L1,L2,L2,L2,L2
L1,L3,L1,L1,L3
L3,M1,H3,M1,L1
L2,L3,L1,M1,L2
L2,M1,L2,L3,L1
L2,M1,L1,H1,L3
L1,L1,L3,M1,L3
H2,L3,M1,L2,L3
L3,H3,L2,L2,L3
H2,L3,L1,M1,L2
L3,L2,L3,L2,H2
L3,M1,L1,M1,M1
M1,L3,L1,L2,L2
L1,L3,L3,L2,L1
L2,L3,L1,M1,M1
H3,L1,L2,L2,L1
L1,L1,BN,L3,BN
L3,M1,L2,L1,H1
L2,H1,M1,L1,L1
L1,BN,H1,L1,L2
L3,L3,L3,L1,L1
L3,L2,L2,L3,H3
M1,L3,H3,L3,L3
H3,H1,L3,L3,L3
H3,M1,L2,L1,L3
M1,L3,M1,L2,L2
M1,L2,M1,H2,L3
L3,L2,M1,M1,L1
M1,L3,L1,L3,L2
L1,L2,L1,L2,L1
L1,L1,L2,H3,L2
M1,L3,H3,L2,L2
L3,L2,L3,M1,H2
L1,H1,L3,H3,L2
L3,H3,L1,M1,L2
L2,L1,L1,L3,L2
M1,L3,L3,L2,L3
L1,L3,M1,L1,L1
H2,L2,M1,L3,H1
L3,H3,L3,L2,L2
L1,L3,H1,H1,L3
H3,L3,L3,L2,L1
M1,L3,L3,M1,L1
L2,L1,BN,L3,L1
L1,H3,L3,L2,M1
L1,L3,L3,M1,M1
L2,L2,L2,H2,L1
L1,L2,L2,L3,H2
L2,M1,L3,H2,L1
L3,L3,M1,L2,H3
L3,H3,L2,L2,L1
L1,L2,M1,L3,L2
M1,H3,L1,M1,M1
L3,M1,L2,L1,L2
L1,H3,L2,L2,M1
BN,L2,L3,L2,L3
M1,H3,L3,L2,L2
M1,L1,L2,L3,L2
L1,L2,H3,M1,M1
L3,M1,M1,L3,M1
L3,L1,M1,M1,M1
H2,L3,M1,H1,L1
L1,L2,L2,L2,L2
H3,M1,M1,L3,H3
L2,H2,L2,BN,H3
L1,H1,L2,L2,H3
L3,L2,L2,L3,L1
L1,L3,L3,L3,L1
L3,L3,L1,L3,L1
L1,L2,L3,H3,L1
M1,L2,L2,L1,L2
BN,H3,L2,L3,H3
L3,H2,H2,L1,M1
L1,M1,BN,H3,L1
L3,L1,L1,L1,L3
L2,H2,H2,L1,H1
L2,M1,H3,L1,L3
L3,L1,H1,L3,L1
BN,GL,H2,L1,L3
L3,L2,H1,H2,L1
L2,L1,H3,H3,L1
L3,L2,L2,L2,L2
L1,L1,H3,L2,L2
H3,L2,L3,H2,L2
M1,M1,L1,H1,L2
H2,H2,L2,H2,L3
L3,GL,M1,L1,H2
L1,L2,M1,L2,H2
L1,L1,L3,L2,L2
L3,L2,L2,L1,L1
L1,H2,M1,L1,L3
L3,L2,BN,L3,L1
H2,H2,H3,L3,H3
L2,L3,L3,L2,L1
BN,L2,L1,L1,L1
M1,L2,L2,L1,L1
H3,L3,L3,L3,L1
L2,L2,H2,L3,L2
L3,L2,L1,L2,L2
L1,L1,L3,L3,L1
L3,L2,L3,H3,L3
L3,H2,L2,L1,GL
L3,L2,L2,L1,L1
L2,L1,L2,L1,L1
H2,M1,L3,H1,L2
L2,L1,L1,L3,H2
L2,L2,L2,L1,L1
L2,L2,L2,H3,L3
L3,L3,L2,L1,H3
L3,M1,L2,L3,H2
L1,L1,L1,L2,L3
L2,L3,L3,L1,L2
L2,H2,H3,M1,H3
L1,L3,L3,L3,L1
H1,L2,L1,L2,M1
L3,H2,L1,L2,L1
L3,M1,H3,L2,L1
H1,H2,H3,L2,M1
L2,H3,H1,L1,H3
L1,H1,L3,L2,M1
L3,H2,L3,L2,L1
L1,L2,L1,M1,L2
L2,BN,L1,M1,L2
M1,M1,L2,L2,L2
H3,L2,L1,L2,L2
L1,L2,L2,H3,L3
L2,L2,L3,L3,L2
H3,L3,L1,M1,H2
L1,H2,L3,M1,L3
L2,L3,H3,H3,L1
L2,M1,H2,L2,L2
L2,L2,L3,H2,L2
L2,L1,L3,L2,H3
L2,L1,L3,L3,L3
H2,L2,H3,H1,H2
L3,L3,L2,L3,L2
M1,L2,M1,L1,L1
L3,L3,H2,H2,L2
L3,H2,L1,L2,H2
L1,H2,L3,H3,L3
L3,L2,L3,L2,M1
L1,BN,H3,M1,L3
BN,L1,L2,BN,L2
L1,L3,L2,L3,M1
H3,M1,H2,L1,H1
H3,M1,H3,L3,H2
L1,L2,L2,L3,L1
L3,H2,H3,L3,L3
L3,L2,M1,H3,H1
L3,L3,L2,H2,L1
L1,L1,L3,L1,L3
H2,M1,L3,L2,L3
L2,L1,L3,L2,L3
H2,L1,L2,L3,L3
L2,H2,L3,H3,L1
L1,L3,L3,L3,L1
M1,M1,H3,L1,L1
L3,L2,L3,H2,L3
L2,H2,L2,L1,L1
M1,L1,L1,M1,L2
L1,L3,L1,L2,M1
M1,L2,L2,M1,L2
M1,L2,L1,L3,L3
L2,M1,L3,M1,L2
L1,L3,L3,L1,L3
L2,M1,L1,L3,L3
L2,L3,L1,L1,H1
L2,H2,L2,H1,L2
H3,M1,L3,L1,L3
L1,L1,L3,L2,H3
L2,M1,L3,L3,L1
L2,L3,L1,L2,M1
L2,L2,L3,H3,H3
L1,L1,L3,L2,H2
H3,L3,H2,L2,BN
L2,H3,L2,M1,L2
H2,L3,L1,M1,L1
H1,L3,M1,L3,M1
H3,H3,L2,L1,M1
H3,L2,H3,H1,L1
H2,L2,L3,L2,M1
L2,H2,H2,H1,L3
L1,H1,L2,H3,L3
L2,H2,L3,H3,M1
L1,L1,M1,L2,M1
M1,L2,L2,L3,L2
L2,H3,L3,M1,L3
M1,M1,L3,L2,L1
L1,M1,L1,L1,L2
M1,L2,L2,L2,L1
L1,L3,BN,L2,M1
L1,H2,H3,L2,L3
L2,L2,L3,L1,L3
L2,H3,L1,L1,H3
L2,L3,L3,H1,L2
L1,L3,L3,L3,L1
L1,H3,H1,M1,M1
M1,L1,L3,L2,L2
L1,H1,L2,L2,L1
H3,L2,L3,L2,L2
L1,L3,L2,L1,L2
H2,L2,L3,H2,H1
BN,H3,L1,H2,L1
M1,L2,L3,L1,L2
L1,L2,H2,H2,L3
L2,M1,L3,L2,L1
L1,L3,L3,M1,L2
L3,L3,BN,L1,H2
L1,L3,L3,L1,L1
L2,L1,L2,L2,L3
M1,H2,L1,L2,H2
L2,H1,L3,L2,L3
L1,H1,L3,L2,M1
L2,L1,H3,M1,M1
L1,M1,L1,L1,M1
L3,M1,L2,M1,L2
L3,BN,H1,L3,L3
H2,L1,L3,L3,L2
L3,L3,H2,L3,L3
L3,L3,L3,L3,L1
L3,L3,L2,H3,H2
L1,L2,L3,L2,M1
L3,L2,L1,L3,H2
L2,L2,L3,L3,H3
L3,L3,L2,L3,L2
L3,L3,M1,L3,L1
L3,M1,L2,H1,L1
L3,H1,L2,L1,L2
L1,L1,H3,L2,L3
M1,M1,L3,L2,L2
L2,H2,L2,BN,H3
H2,L2,L1,L3,L1
M1,L3,H3,M1,M1
L3,L1,L3,L3,H3
L2,BN,H3,M1,L2
L2,L1,L2,L2,L1
H1,L3,L1,L3,L3
H3,L1,L1,L3,L1
L1,L3,L1,H3,L2
L1,L1,L1,H1,H3
H3,L3,L2,M1,L2
L3,L2,L2,L2,L3
H3,L1,L3,H2,L2
L1,L3,L3,L1,H1
M1,H3,L2,H2,M1
BN,M1,H2,H3,L3
L1,L3,H3,L3,L3
L1,L3,L3,L2,H1
L1,H3,L1,L3,L3
L2,L3,H3,L2,M1
L3,L1,L2,M1,H2
H2,M1,H2,L1,L3
H2,M1,L2,H2,L1
L3,L3,L2,M1,L2
M1,L3,L2,L2,L1
H3,L2,H3,L1,L2
L1,M1,M1,L2,H1
L3,L3,L3,M1,L3
H2,L3,L3,H1,L1
H1,L3,H2,H3,L2
L3,H3,H3,H3,L2
M1,L3,H2,L3,L2
L2,H3,H3,M1,L2
L1,H3,L1,M1,M1
H1,L2,L3,L3,L2
L3,L2,M1,BN,L2
L3,L2,H3,L3,L2
M1,H3,L3,L3,M1
L2,L1,H3,H2,L1
L3,M1,L1,L1,L2
L1,L1,M1,L2,L1
L1,L2,L1,H2,H2
L3,L3,H1,M1,M1
H2,L1,H1,L3,L2
M1,H1,L3,L2,L3
L3,L2,L3,L2,L3
L1,L2,H2,M1,L2
L2,L2,M1,M1,H2
L2,H1,L2,H2,L1
H1,M1,L2,L2,H3
L2,L1,L1,L3,L3
BN,L2,L1,L2,H1
L2,H1,L3,L1,L3
H1,L1,L1,L2,L2
L1,M1,H3,M1,L1
L1,L3,L3,H3,L2
M1,BN,L1,M1,H2
L3,L1,L3,BN,M1
L1,H3,L1,L1,L3
H1,L2,L1,L3,L1
L2,L2,L1,L3,L3
L3,L2,BN,L1,L2
L2,L2,L1,H1,L3
L2,L3,L3,H3,L1
L1,H3,L1,L1,L2
H3,M1,M1,H3,L1
M1,L2,M1,L3,L2
M1,L1,L2,L3,L2
L2,H1,L1,L2,L1
H1,L1,L3,H3,L3
M1,H2,L2,H1,BN
M1,L3,L1,L1,L2
L2,L3,L2,L3,L3
L3,M1,L3,L2,L2
L2,L2,L1,M1,L2
H1,H2,L3,M1,L3
H1,M1,H3,L2,L3
M1,BN,L3,L2,M1
L1,L2,M1,L3,L2
H2,L3,L3,H2,H1
BN,L1,L3,L3,L2
L2,M1,L2,L2,L3
L3,L3,L1,L3,L3
H1,L3,L1,M1,M1
L3,L2,L3,H2,L3
L2,M1,L2,L2,L1
L3,L2,L1,M1,L2
H3,L1,L3,H2,L2
H1,L2,L2,H3,H2
L1,L1,H2,H3,L1
L3,H2,L3,L2,H3
L3,H1,M1,L1,M1
L2,L2,M1,L2,L3
L1,L3,L2,M1,L2
H2,L2,L3,M1,M1
L3,L3,L1,L2,L2
M1,H3,L2,L3,L1
H2,L3,M1,L3,L2
H3,L3,H2,M1,BN
L1,L3,L3,L3,L1
L1,L2,M1,L1,M1
L3,H3,M1,L2,L3
L3,H2,L3,L2,L2
H2,BN,L1,L3,L3
L1,L1,L1,L3,M1
L3,M1,L3,M1,H1
L2,H3,L1,L2,L2
L3,H2,H2,L1,L1
L2,L3,L3,M1,H1
L2,L1,M1,L2,L2
H3,L1,L1,L3,L1
M1,L2,BN,L2,M1
M1,L3,L1,L3,L3
L1,H2,H1,L3,L1
L3,M1,L3,M1,L2
BN,L2,L1,M1,BN
L3,L3,M1,H2,L3
H2,L3,H3,H3,L2
L2,L3,L1,H3,M1
L1,L2,L2,H2,L1
H2,H3,H1,H3,L3
L1,L2,H2,M1,L2
L2,L1,L3,L1,L2
L3,H2,L3,M1,L2
H3,L3,H3,L3,M1
L3,L2,H1,H3,L3
L3,L1,L2,L3,H3
H3,L2,H1,L2,H3
L3,L1,L2,M1,H3
M1,L2,L2,L3,L3
L3,H1,L3,L1,L2
L2,M1,L2,L1,L2
H2,L2,L3,L2,H2
H3,L1,L3,L3,L2
L2,L3,L1,M1,L3
L2,L1,M1,M1,L2
GL,H3,L3,L1,M1
L3,H1,L3,M1,L3
L2,H3,H1,L1,L1
L3,L2,H3,H3,L2
L3,H3,H1,L2,L1
H1,L3,L3,M1,L3
M1,L1,L2,L3,L2
L3,L2,L2,L1,H3
L1,L3,H3,L3,L3
L1,L1,H3,H3,L3
BN,BN,L1,L1,BN
L3,L1,L1,BN,H2
L3,L1,H2,L2,H3
L3,H2,BN,H1,L3
L2,L1,H2,L3,L3
H2,H1,M1,L2,L1
L1,L1,H3,L3,H2
M1,L2,L2,L3,H3
L1,L1,L1,M1,L3
H2,L3,H1,BN,L3
L3,L1,L2,L1,L3
M1,L3,L2,L2,L1
L1,M1,L1,L3,L2
L3,L1,L1,L2,L3
H2,L3,L3,L3,L3
L1,L1,L2,L2,L3
L3,H1,M1,L2,L1
L2,L3,L1,L3,L2
H2,M1,L3,H2,L1
L1,H3,L3,L1,L2
L2,L2,M1,L1,M1
L3,L3,L3,L3,H3
L1,L3,H1,L1,BN
M1,L2,L3,GL,H3
M1,L1,L2,M1,L2
L2,L1,H2,L2,M1
L3,M1,L1,L2,L2
H1,M1,L2,BN,L2
L3,M1,L1,L3,M1
L1,L3,M1,H3,M1
L1,H3,L3,L1,L2
L1,L2,M1,L2,L3
M1,H3,H1,L1,L2
L2,L3,L1,M1,L1
L2,L2,BN,H3,H3
M1,H2,L2,H3,L2
M1,L1,L2,H3,H2
L3,L2,L3,L1,L1
L2,L1,L2,L3,L3
L3,M1,L3,L1,L3
L3,L1,L3,H2,H3
H2,L2,L1,M1,L1
L2,L2,M1,L2,L3
L2,L3,L1,L1,L3
L3,L2,M1,H2,L1
BN,L2,L1,L2,L2
L1,L1,M1,L3,L1
L2,L1,H1,L1,H3
L2,BN,H3,H3,L1
H2,H2,L2,L2,H2
L2,L1,L1,H1,L3
L2,L3,L3,L1,H1
H3,L3,L2,H3,H3
L1,L2,L2,H2,L1
L3,L3,L2,L2,M1
M1,L1,L2,L3,BN
L1,L3,M1,M1,H2
L3,H3,L3,L1,L3
M1,L2,H3,H2,L3
L3,L3,H3,L2,L2
H3,L2,L1,L3,H2
L3,L3,L1,L3,L2
M1,L1,L3,L3,L2
M1,L3,M1,L1,L2
L2,H3,L1,L3,M1
L1,L2,H3,L3,L2
H2,L2,L2,L2,L2
L1,H3,L1,BN,L2
M1,L1,L2,L1,L3
L2,M1,L1,H3,L3
L1,L1,M1,L1,H3
L2,H2,H3,M1,L2
L3,BN,L1,M1,L3
L3,L1,M1,L2,L3
L1,L2,L3,L2,H2
L1,H2,L2,H3,L2
L1,L3,L1,L2,L1
M1,L2,H3,L2,H3
M1,L2,M1,L3,M1
L2,L3,H1,L3,L2
L2,L3,L3,L2,L2
L2,L2,H3,H3,H2
L3,L3,L2,L2,L3
L1,H2,L1,H2,H3
L2,M1,L1,L1,M1
L2,L3,H3,L1,L1
BN,L3,L2,M1,L3
L3,L3,L2,L2,M1
H3,L3,L1,M1,L1
L2,L3,L3,L3,L1
M1,L3,L2,L2,H3
L1,L1,M1,H3,H2
L1,H3,H3,L1,H3
L1,H3,L2,L3,L2
M1,L1,H2,L1,H3
H3,L1,H2,L2,H3
L3,L3,L3,L2,L1
L3,M1,L3,L2,M1
L2,H2,L3,M1,L2
H3,H2,H3,H2,M1
L3,L3,L1,L1,L2
L1,L1,BN,L2,L2
L1,L2,L3,H2,L3
L3,L1,L2,L3,H2
H2,L1,M1,H2,L3
H2,L2,L1,L3,H3
H3,L2,L2,H2,H1
H2,BN,L1,L1,M1
H2,M1,H1,L2,H2
M1,L3,L2,L2,L3
L2,L2,M1,H2,L2
L2,L3,L2,L1,H2
L3,L2,L3,L3,H2
BN,L3,H1,H1,L2
H2,L3,M1,L3,L3
L1,L1,H3,BN,M1
M1,L3,L1,L1,H2
L3,H3,H2,L2,M1
L2,L3,L2,L1,L1
H2,L2,L1,L2,H2
M1,L1,L3,L1,L1
L2,M1,L3,M1,H2
M1,L3,M1,L2,L2
M1,L3,H3,L3,L3
H3,L2,L3,H1,L3
L3,L3,L1,H1,L1
H3,M1,L3,L1,L2
L3,L2,L2,L3,L3
L3,H3,L2,H1,L3
L3,M1,M1,L1,H3
M1,L3,L2,L3,L1
L3,L2,M1,L3,L1
H3,H1,H2,L2,L2
M1,L2,L2,M1,L1
L3,L2,L1,H2,H1
L3,L3,L3,L2,M1
L2,L2,L2,L3,L2
L1,H1,L1,L3,H3
L1,L2,L2,L3,H2
L1,L3,M1,L2,L2
L3,BN,L2,H2,H3
L2,L2,L2,L1,M1
L3,L1,L1,M1,L1
L2,H1,M1,H1,L1
L3,H3,BN,L1,L1
H3,L3,L1,H3,L3
L3,L3,H3,L1,L1
L2,H1,L3,M1,L2
L3,L3,L2,L1,H2
L2,L3,M1,L1,L2
L1,H3,H2,H3,L1
L2,L1,L3,L1,L3
L1,L3,L2,L2,L2
L2,M1,L3,BN,L1
L3,L1,L2,H1,L1
L3,L2,L1,L2,M1
L2,L3,L2,M1,L2
L1,H2,L2,L1,L3
L3,L3,M1,L3,L3
H2,H2,H3,L1,L2
L3,L3,H2,H1,L2
L3,L3,H2,L2,L3
L2,L3,H1,L3,L1
L3,H2,L1,L2,L1
L3,L1,M1,L3,L2
L1,L3,L1,BN,L2
L2,H1,L2,L1,L1
L1,M1,L2,L3,L3
H2,L1,H3,L1,L2
L3,M1,L3,L3,H3
M1,L1,L3,L3,L3
BN,L3,M1,H1,L2
L3,L2,L1,L2,L2
L3,L2,M1,L3,L1
L1,L2,H1,M1,L1
M1,L2,M1,L2,H3
L3,L3,L1,H1,M1
L2,L3,L1,H3,M1
L3,L1,L3,M1,M1
L2,L1,M1,L2,M1
L1,L3,L3,L3,H3
L1,L2,H2,H1,L1
L1,H3,M1,H3,BN
L1,L2,L1,L1,L1
L2,L1,L2,H2,L1
L1,L3,H3,H2,L1
L2,H1,L1,L1,L2
H2,L3,L1,L3,L2
H1,L1,L3,BN,H3
L2,L1,L1,L1,L3
L1,L1,M1,L2,L2
L1,L3,L1,L1,H3
M1,L1,H1,L1,L1
L2,L1,L1,L1,L1
L1,L2,H2,L3,M1
L3,L2,H3,M1,L3
L3,M1,L3,H1,H3
L2,L2,H2,M1,L1
L1,H1,L3,L1,L2
L3,L3,H3,L3,L3
L3,L2,L2,M1,L2
L2,BN,L2,L1,L1
L3,L3,L3,H3,L2
L1,H3,L1,L1,BN
L3,H3,L1,L1,L2
L2,L3,L1,L2,H3
H2,H1,L2,M1,L2
L2,L3,L3,H3,L3
L1,L2,L2,L1,L2
L3,L2,L2,L1,L3
L2,H2,H2,L1,L3
L3,L1,L3,L1,L1
L3,L3,L3,L2,L3
H1,L1,M1,H3,L3
H3,L3,L2,L1,L3
L3,L2,L1,L3,L3
M1,H3,BN,L2,L3
M1,H2,L2,H3,L1
M1,L3,L2,L3,M1
M1,L3,H3,H3,M1
L1,L2,L2,L1,M1
H2,H3,M1,L2,L2
M1,L2,H1,H1,BN
M1,L2,H2,H2,L3
L2,H3,L3,L3,L2
H3,H1,L2,L1,L3
H3,H1,L3,L1,H3
BN,M1,M1,L3,L3
H1,M1,M1,M1,M1
L2,L1,L2,L2,L1
L2,L2,L1,L2,L1
H1,L1,L1,H1,L1
L2,M1,L1,L1,L1
L2,L2,L2,L2,L3
L3,M1,L2,H1,L1
L1,L1,M1,M1,H3
L2,L2,L3,L1,L2
H3,L1,L3,H1,BN
L2,L3,L3,H2,L2
L2,L2,L3,L2,L3
L3,L2,L2,M1,L1
L1,M1,M1,L2,L3
L3,L3,H3,L2,L3
L1,H3,H2,L2,L1
L3,L2,L3,L2,L3
L1,L3,L3,L1,L2
M1,L3,L1,M1,H3
L1,L3,L3,L2,L1
L1,L1,H1,M1,H2
L3,M1,L3,L2,L2
M1,L1,H3,L3,M1
L1,GL,L1,H2,H2
L1,L1,L1,M1,L1
M1,L2,M1,L1,H3
H2,H3,M1,L2,M1
L1,H3,L1,L1,L1
L3,L1,M1,L2,L3
L2,H3,L3,L1,L1
L2,L2,L3,L1,L3
M1,L1,L3,L1,L2
L3,L1,L3,L1,L2
L2,H2,H1,L1,L2
M1,L2,L1,L3,H1
M1,H3,L1,M1,M1
L2,L3,H2,L1,L3
H2,L1,L1,L1,L2
L3,GL,L1,H2,L2
H2,H2,L2,H2,L3
L3,M1,L2,L2,L2
L3,L1,L2,H1,L3
L1,H1,L2,L2,L2
L2,M1,H3,L3,L3
M1,H2,M1,L3,M1
L1,L2,L1,L2,L2
L3,L2,L1,L1,L1
L2,L3,L2,L3,H3
M1,L2,L1,L1,L2
H1,L3,H2,L2,H2
H3,L2,L1,L1,L3
L2,H2,L3,M1,L2
L3,L1,L1,L3,H2
M1,L2,H3,H3,L1
L1,L1,H3,L2,L2
L3,H1,L3,L3,H3
L2,L3,L3,L3,L3
L2,L1,L1,L3,L3
L3,L3,H1,L2,L2
L2,M1,L1,BN,L3
L2,L1,L3,H2,L2
L2,L3,H3,H2,L2
L3,L3,H3,L2,L1
L1,H2,L1,H3,BN
H1,M1,L1,L3,H1
L1,M1,L1,L3,L1
L1,L2,L3,L2,L2
M1,L1,H1,L1,H2
L2,M1,BN,M1,L1
L3,H3,H2,BN,H3
M1,L2,L1,L1,H3
L3,L3,M1,H2,H1
M1,L1,L1,L3,L2
L3,H3,L2,M1,L2
L3,L2,H3,H1,L2
L3,L3,L3,M1,L2
L2,L2,L2,H1,L2
L3,M1,L3,H2,L3
H3,M1,L3,L2,L1
L3,L1,L2,L3,L3
L3,L3,H2,L3,L1
L1,L1,L2,L2,M1
L1,H2,L1,H3,L2
L2,L3,L2,L2,L3
M1,H3,L1,H3,L1
L2,H1,L2,L3,L3
M1,L3,M1,H1,L3
L1,L2,L1,L3,L2
M1,L3,L2,L3,L3
L3,M1,L3,L1,L2
L2,M1,L1,H2,L1
L1,H2,L2,H3,H2
L1,H3,H2,L3,L2
L1,L3,L2,M1,L2
L3,L3,BN,L2,L1
L3,H3,L3,L1,M1
L3,M1,L3,L3,H2
H1,L1,M1,L3,M1
M1,L2,L3,L2,L3
H1,L1,L3,H1,GL
H3,L1,L3,M1,L3
H1,L3,L1,L3,L2
L3,L2,M1,M1,L1
L2,H1,H3,L3,L1
H2,L3,L3,H3,L2
L1,L2,H3,L1,L1
M1,H3,L1,L2,L3
M1,L1,L3,L3,L2
L3,H3,L3,L3,L1
L3,L3,L3,L3,L3
M1,L2,L1,L3,M1
L3,L1,L2,L2,L3
H3,L1,L2,L3,H3
L2,L3,M1,H1,H3
L1,L3,L2,H3,L2
BN,M1,L2,L1,L3
L1,H1,L2,L3,L1
H3,L3,L3,L3,L2
H2,L1,M1,L3,H2
L3,L2,L3,L3,L1
L3,L3,L1,L2,H1
L2,H3,L2,H2,L3
M1,H1,L2,L3,H1
L3,L3,M1,L3,H3
L1,H2,L2,L1,L2
L2,L2,L2,M1,M1
L2,L2,L1,L3,M1
M1,L2,L2,L3,BN
H2,L2,M1,H2,L3
L2,L3,L3,M1,H3
H2,H3,L1,L1,L2
L1,L1,H3,L3,L1
H2,L2,L2,BN,L2
H2,L3,M1,L1,L3
L2,L1,L3,L1,M1
L3,L1,L1,H1,M1
L3,L2,BN,L1,L3
L1,H2,L2,L2,M1
M1,L2,L3,L3,L1
L3,L2,H2,M1,L3
H2,L2,H3,L2,L3
L3,L2,L2,H2,L2
H2,H3,L2,M1,L2
L3,L2,L2,L2,L2
L2,H3,H3,H1,H2
L1,L3,L3,L2,M1
M1,L3,L1,M1,M1
M1,BN,L3,L3,L2
L2,L3,L2,L2,L3
L2,L3,L2,L1,H3
L1,H1,L3,H3,H3
L1,L1,L2,H3,L1
H2,L1,L1,L1,L3
L1,L2,L3,L3,L1
L3,M1,BN,L3,L3
L1,L2,L2,H2,M1
L1,BN,M1,L1,M1
L1,L2,L3,L1,M1
L3,L3,L1,L3,L2
M1,L2,H3,L2,L3
BN,L3,L1,L3,L2
H1,H3,L3,M1,L3
L3,M1,L2,L1,H3
L2,L3,M1,H1,L2
L3,L3,L2,H3,L2
L3,L3,M1,L1,H2
L3,L2,H2,L1,H3
H2,M1,H2,L2,M1
L3,H2,M1,L2,L3
M1,L1,L1,L2,H3
H2,L3,M1,L1,L2
BN,L3,L1,L1,L1
L2,H3,L2,L3,M1
M1,M1,L2,M1,L2
L3,M1,L2,L3,H3
L3,L2,L2,L2,L2
L1,H3,L2,L3,L1
H2,M1,H2,H3,L2
L2,L2,H1,L3,L1
L3,M1,L2,L3,H2
L2,L3,L1,L2,L3
GL,L1,BN,L2,L1
M1,L3,H3,L3,H1
L1,L2,L1,H3,H1
L3,L3,L2,L1,L3
H2,M1,M1,H3,L1
L1,H3,L3,L3,H1
L3,BN,L2,M1,L2
L2,H3,H2,L1,H3
M1,L3,L2,L3,L3
L2,H2,L2,L1,L1
L1,L3,L2,L3,L3
L3,L1,L1,BN,L2
H2,L3,L3,M1,H3
H1,M1,L1,M1,L1
L3,L2,L1,L2,BN
M1,L3,H3,L3,L3
L3,L3,H1,L2,L1
L3,H2,L2,L2,L1
L1,L1,L1,L1,L1
L2,L2,BN,L2,L1
M1,L1,L3,H1,M1
L3,H2,L1,L3,L1
L3,L1,H1,L2,H2
L2,L2,L3,H3,L1
L2,L2,L1,L2,L2
L2,H2,L2,L3,L1
H3,BN,H3,H2,H1
L2,L1,L2,BN,L1
L1,L3,L3,L3,M1
L3,L3,H2,L3,L1
M1,L2,L1,H3,L2
L1,L3,M1,L1,L2
H3,BN,L3,M1,L2
L1,M1,L2,L2,L3
L3,L2,M1,H3,H3
BN,L3,M1,L1,L3
L3,L2,GL,L3,H2
H3,M1,L3,H3,L2
H3,L3,M1,L3,L3
H3,H3,L3,H2,L2
L3,L3,L2,H2,M1
H3,L2,H3,L1,L3
M1,L3,L3,L1,L2
L1,L1,BN,L1,L1
L3,H3,L2,L2,H2
L1,BN,L3,M1,L1
L1,L3,L1,L3,L1
M1,H3,L1,H1,L1
L3,L3,L3,L3,M1
L3,L2,L2,H3,M1
L1,H3,H2,L3,L2
H1,L3,L2,L3,L3
H1,M1,L1,M1,BN
L2,L1,L1,L1,L2
L2,H2,L2,H1,L1
L3,BN,BN,L3,H3
L1,M1,M1,H3,L3
H2,L2,L2,L3,L2
L1,L2,L2,L3,L3
L2,L2,L3,L2,L1
L2,L3,L1,M1,H2
L2,H3,L1,BN,L3
L3,L3,L3,H1,L3
L1,L1,L3,L2,L3
H3,L2,L2,H3,L3
L3,L3,L2,L3,L3
L1,H2,L2,L3,M1
L1,L2,L1,L3,L2
M1,M1,L1,L2,L3
L1,L3,L2,L2,L3
L1,L1,L1,M1,L1
H1,L1,M1,M1,H3
M1,L1,L1,L2,M1
L1,H2,L2,M1,L3
L3,H3,M1,L1,L3
M1,L2,H2,L2,M1
M1,L1,M1,L2,H2
L3,L1,L1,L1,L1
H3,H3,L3,L3,H3
L1,L1,H3,L2,H3
L3,M1,M1,L1,L3
L3,L3,M1,M1,L3
H2,M1,L1,H3,L2
M1,H3,L2,L1,L2
L3,H3,L3,M1,M1
H3,L3,H2,L3,H2
L1,L1,L3,L1,BN
H1,L2,BN,L1,L2
L2,H2,L1,L2,L2
M1,H3,L3,L1,L3
L2,H3,H3,L3,H2
L2,L2,H3,H2,L3
L2,L2,L1,H1,L3
L3,H3,H3,L3,L1
L1,L3,L1,H1,L1
L2,H1,M1,H3,H2
L3,H1,L1,L2,L3
H3,H3,H3,L2,M1
L3,H3,L2,L1,L2
L3,M1,L1,H3,L1
L1,L3,L1,L3,L2
L3,L2,H3,L2,L2
H3,M1,L3,L3,L2
L2,L2,L2,L2,L1
M1,L3,H1,H2,M1
L1,M1,L1,H1,L2
L3,L2,L2,L1,L1
L1,H3,L1,BN,L1
L2,L1,L2,M1,L2
L3,H3,L1,L1,L2
M1,L3,M1,L3,H3
L2,L3,L1,L2,L3
L1,H1,BN,L3,H1
L2,L1,L1,L3,L1
L3,L3,H1,L1,H1
H2,L3,M1,L2,L1
L3,M1,L1,L2,L3
L1,L2,M1,H3,H3
L3,H3,H2,L2,L3
L3,L1,L3,L2,L1
L3,L3,L2,L1,L3
L2,L1,L1,L1,H3
L3,M1,L2,H3,H1
L3,L3,L3,L3,L1
L2,L2,L1,M1,H3
L1,L2,L2,L3,M1
L2,L3,H3,L2,L2
L3,H2,L3,H1,H3
H2,M1,L2,M1,L3
H3,L2,L1,M1,L1
L2,H1,L1,H3,H3
L1,L1,L1,L2,L1
L2,L3,L1,L2,L3
L2,L2,H3,L1,L1
L2,L3,L2,M1,M1
L2,L3,H2,L2,M1
M1,L3,L2,L3,H1
L3,L2,L2,H2,L3
L3,L2,H2,L1,L3
L2,L1,M1,L3,M1
M1,L3,L1,L1,H3
L2,L2,M1,M1,BN
M1,L2,M1,L2,H1
L2,L1,M1,L3,L1
H3,L3,M1,H1,L2
L3,H3,H1,L3,M1
H3,H3,L1,M1,L3
H3,H2,L2,H3,L2
L1,L2,L3,H1,L3
L2,L1,M1,L2,H2
L2,L3,H2,L1,H1
L3,L1,L2,L2,H3
L1,L3,L1,L3,H3
L2,L1,M1,L1,L2
L2,L1,L3,H3,M1
L1,L1,L2,L1,L1
L3,H2,L3,L3,L3
L2,H3,L1,L2,L1
L1,M1,L2,L2,L3
L1,H3,L1,L1,H2
H3,L3,L1,H1,L3
M1,L1,L1,L3,L3
L3,H3,H2,L1,L1
H2,L3,L3,H2,L2
H2,L3,L3,L3,L2
M1,H2,L1,L3,L2
L2,H2,M1,L2,L3
L3,L1,L1,L2,L3
L2,L3,L1,M1,L3
L3,L2,L3,L2,L3
L1,L1,L2,L3,L3
L1,H3,L2,L2,H2
L1,L2,H2,L3,L2
L3,L1,L1,M1,L3
H3,L3,L3,L1,L3
L3,L3,L2,L2,L3
L2,L2,M1,H2,L2
L3,L2,L2,L3,M1
L3,L3,L1,L2,M1
L2,L1,L3,M1,L3
L3,L2,H1,H3,H2
BN,L2,L3,L1,H1
M1,L1,H3,L2,L1
H3,H1,H2,L3,H2
L3,L3,L3,M1,L3
L1,L3,L1,L3,L3
H1,L1,L2,L3,L2
L3,L3,L2,M1,L3
L3,M1,BN,L1,L1
L3,H2,L1,H2,L3
H2,L3,L3,L3,L1
L1,L2,L2,L3,L2
H3,L3,L3,L3,L3
L3,L3,L2,L1,L3
H2,L2,L3,L3,L2
L1,M1,L1,M1,L3
L3,L3,L2,H3,H1
L1,L3,L1,L2,L3
L2,L1,L1,L3,H2
L2,L3,L1,L2,L3
L2,L2,L1,L3,L1
M1,L3,H1,H3,L1
M1,L2,L2,L3,H3
H3,L3,H3,L2,L3
H1,L3,L3,H1,M1
L3,M1,L3,L1,H2
M1,M1,H3,L1,L2
H3,L2,L1,H2,H3
L2,L1,H3,L3,L1
H2,M1,L1,L1,L2
L3,L3,H1,H3,M1
L1,L3,L3,L3,L2
H2,H3,L2,M1,L2
H3,L3,L3,L3,L1
L2,L3,L3,L1,H2
L2,L3,L3,L1,L2
L1,L3,H3,L3,H3
M1,L1,H2,L1,L1
H1,L1,H1,L2,L2
L1,M1,L3,L3,L2
L2,H2,L2,L2,L2
L1,L3,M1,L2,M1
L1,L3,H3,L3,L2
L2,L3,L1,L2,L3
L3,L3,L2,L2,L3
BN,L1,L3,H1,L3
L1,H2,L1,L1,M1
H3,L2,H1,L2,L2
L3,L3,L3,H1,L2
H3,L2,L1,L2,L1
L3,L3,L2,L3,L2
L2,L3,L1,H3,H1
L1,L2,L3,L2,L1
L1,M1,H3,L3,L1
L2,L1,L2,L2,L2
L1,L2,L1,L2,L2
H3,M1,L1,L2,L1
L3,H1,L1,L1,L3
GL,L3,L3,L3,L1
L1,L2,H1,L1,L3
L1,H3,L2,M1,L1
BN,L1,L3,L1,M1
M1,L1,L1,L2,H3
M1,H3,H1,L3,L1
L1,H2,L3,L1,H3
L1,M1,L2,H2,H2
L3,BN,H2,L3,M1
H1,L1,L3,L1,BN
L3,L1,L2,L2,GL
M1,L3,L3,M1,L2
L1,L2,L1,H3,L2
L2,L1,L1,L3,L1
L3,L3,H3,L1,L1
H3,L1,L2,H3,L1
L2,L1,L3,M1,L1
M1,L2,L2,L2,L2
L1,L2,L3,M1,H3
H2,L3,L3,L1,L1
L1,H2,L3,L2,L1
M1,L1,L2,L3,L1
BN,L3,H3,L2,L1
L3,L2,L1,H3,H2
L2,L3,L3,L2,M1
L2,L1,L1,L1,H3
L1,H1,L2,H3,L2
M1,H1,H2,H3,H3
L3,L3,BN,L3,H1
H3,L2,L2,GL,BN
M1,L3,H1,L1,L3
L1,L1,L1,L2,L3
L2,H3,L2,M1,M1
L3,L3,L3,L3,M1
L3,L3,L1,L3,H2
L1,L1,L3,L2,L3
L2,M1,M1,H3,M1
L2,L1,L1,L3,L3
L1,M1,L1,H2,H3
M1,L3,L1,L1,L2
H3,H2,H3,L1,H3
L3,L2,L1,M1,L2
L3,H2,L3,H3,L1
L2,M1,H3,M1,L2
H2,L3,M1,L1,L2
L1,L2,H3,H3,M1
L3,L3,M1,L3,L3
L3,H3,L1,H3,H3
L3,L3,M1,H2,L2
H3,L2,L2,L2,L1
M1,H1,H1,H3,L1
L2,L3,M1,L2,H3
L3,L3,L2,L2,H2
L1,H2,L3,M1,L3
L1,H3,H2,H2,M1
L3,L3,L3,L2,L3
L2,L3,M1,M1,L3
L1,BN,M1,L2,M1
L3,M1,H3,L3,L3
L1,L2,L3,L2,L1
H3,L3,L3,L2,M1
M1,L2,L2,L3,L3
L1,L1,L3,H2,L3
L2,L1,L2,L1,L3
L2,L3,L1,L3,H1
L1,H3,L1,M1,L3
L2,L1,H3,H2,L1
L2,L3,M1,L2,L1
L3,L3,L3,L1,M1
L3,H1,L2,H2,L2
L1,L2,L2,L2,L2
L2,H3,L3,L2,L2
L2,BN,L1,L1,L3
H3,L2,L1,L2,H3
L2,L1,L3,L3,L1
L3,L3,H2,H1,L2
L3,M1,H3,L1,L1
L3,BN,L3,H3,L3
L2,L1,L1,L1,L2
L2,L3,L3,M1,L3
L3,L3,L1,L1,BN
L3,H2,L2,L1,H3
M1,M1,L3,L3,L1
BN,L3,L3,L3,L3
H3,L2,L2,L1,L1
L3,M1,H2,L2,L3
L3,L3,L3,M1,H2
L2,H1,L2,M1,H1
M1,H2,L2,H2,M1
H1,L3,L3,L3,H2
L1,H3,L3,L2,L3
M1,L1,M1,L3,L3
L2,L2,L1,L1,H3
L1,M1,L1,L1,BN
L3,M1,H1,L3,H2
M1,L2,H1,L2,L2
BN,H3,L2,L3,H2
H2,L3,L1,L1,L2
H3,L3,M1,H2,L2
L3,L2,M1,L3,L2
H3,L1,L2,L3,L1
H3,H1,L1,H3,M1
M1,H3,L1,L2,L2
L3,L3,L1,L3,L1
L1,L2,L3,L2,M1
L1,L1,H3,L1,L1
L3,L3,L2,L2,M1
H2,L2,L1,M1,L2
H2,L2,L3,H2,L1
H2,L3,L3,L3,L1
L2,H2,L2,L2,L3
L1,L1,M1,L2,H2
L2,L2,L3,L3,L3
L2,M1,L3,H3,L3
H3,M1,L1,L2,H1
L3,L3,L2,M1,L3
L3,L2,L3,H3,L2
H1,L1,H3,M1,L2
L2,H3,L3,L3,H2
L2,L3,L3,L1,L1
L3,L3,H3,M1,L3
H3,M1,L1,BN,L2
H3,L3,M1,L1,L3
L3,H3,L2,L1,M1
L2,L3,L3,H3,L3
H3,L1,H1,L2,H3
M1,L2,L1,L1,L1
H1,L1,H1,L2,L2
L3,H3,L2,L3,H3
L1,H2,L2,L1,L3
H3,L1,L1,L2,M1
L3,BN,L1,H3,M1
L1,L2,BN,M1,L1
L1,L2,M1,L2,M1
H1,L3,L3,H1,M1
L1,L1,L3,L3,H2
L2,L3,L2,L1,L2
L3,H1,L2,L3,L2
L2,M1,M1,L3,L3
L1,L2,M1,L3,L1
L3,H3,L3,L3,L1
L1,L1,BN,L3,L2
L3,L3,L3,M1,L3
L1,L1,L1,L3,L1
L2,M1,M1,L3,M1
L2,L3,L1,L1,M1
L2,M1,L1,L3,L1
H3,L1,L1,L3,L2
L2,L1,L3,H3,L2
L2,H3,L3,L2,L3
L2,L3,H1,L3,L3
L3,L2,H2,L2,L3
L3,L1,L1,L3,L3
H3,L2,L2,L3,L1
L3,M1,L2,L1,H2
H2,L3,L3,L1,M1
L2,BN,L2,BN,L2
H2,L2,L1,L1,L1
L2,H2,L3,L3,L3
L2,L3,L1,L2,L2
L3,L1,H1,L2,L1
H2,L3,L2,H3,L2
L2,L2,L2,L2,H3
M1,L1,L1,H1,H2
L2,BN,L3,L3,H3
L2,H3,L2,L2,L3
L1,M1,L1,L1,BN
L2,L3,L3,L3,L2
L1,L1,H3,L3,L3
BN,L3,L3,L2,L1
H2,L2,L2,L2,L2
M1,L1,L3,L3,L1
L1,L1,L2,L3,M1
L2,L2,L3,L2,L3
L2,L2,L3,L1,M1
L2,H3,L2,L1,L1
M1,L2,L2,H3,L3
L2,H3,H2,L3,L3
H1,L3,H2,H2,L3
M1,L2,L1,H3,H2
L3,L1,L2,L1,M1
L3,L2,L1,H3,L2
H3,L3,L2,H3,L3
L1,L3,L3,M1,L1
L2,L2,L1,L3,L2
L3,L3,L3,L3,H3
H3,L3,L3,H2,H1
L2,L1,M1,L3,L2
BN,L2,L1,L3,L1
H3,BN,L1,L1,L3
H3,L2,H2,L3,L2
L3,L1,L3,L1,M1
H3,L2,L3,L1,H3
L2,M1,L1,L1,L3
L3,M1,M1,H2,H2
M1,H1,L2,L1,L3
H3,M1,L3,H3,L1
BN,L3,L1,H3,H3
L1,M1,H2,H3,L2
M1,L3,L2,L2,L1
L3,H2,H1,M1,H3
L3,L2,L3,L2,L2
H3,H3,H1,L3,L3
H3,L3,L1,L3,H2
M1,L3,L3,H3,L3
L1,L2,M1,H3,H1
L1,L3,GL,L1,L3
L1,H3,H1,L2,L2
L3,L3,L3,L2,L3
M1,L1,H3,L1,H3
L2,L3,L2,L2,L2
L2,L1,L2,M1,M1
L1,L3,L3,L1,L3
L2,L3,H2,L3,L1
M1,BN,H3,L1,L3
L3,L3,L1,L3,H2
H2,M1,L2,L1,L1
H3,M1,L3,L2,L3
L2,L3,L3,L1,L3
L2,H2,L2,L1,L1
M1,H1,L3,BN,L2
L3,L3,L1,H1,L3
H2,H3,L3,L2,L1
L2,M1,L3,L2,M1
H3,L1,H1,L1,H3
L1,L2,L3,L1,L1
L2,H2,L2,L1,L1
L3,H3,L1,L2,L2
L1,H2,H1,H3,H3
L1,L1,H3,L1,L2
L3,L1,L3,L1,H2
H3,L2,M1,L2,M1
L2,L1,L3,L2,L2
L1,H3,L3,H3,L2
H2,H3,H3,L3,L2
H3,M1,L2,M1,L1
L2,L3,L3,M1,M1
M1,L3,L3,H3,L3
L2,L3,L1,L2,L1
L3,M1,L1,H2,M1
L3,M1,BN,L3,L2
M1,L3,M1,L3,M1
H2,L1,L2,L2,L1
L2,L3,H3,L1,L3
H1,L3,M1,M1,H1
L2,H3,L3,L3,L3
M1,L2,BN,L1,L1
L1,L2,H1,L3,H3
H3,L2,L2,L2,L3
H3,H3,L1,H2,L3
BN,L3,L2,L1,L2
L1,L3,H3,M1,L3
H1,L3,L3,L1,H3
L3,L3,H3,H3,L3
M1,L3,L2,L3,H1
L3,L2,L2,BN,L2
H3,H3,L3,L1,H2
L1,BN,L2,L2,L2
L2,L3,L3,L1,L1
L3,H2,L3,L2,M1
L2,L2,M1,L3,L2
GL,L2,L1,BN,H3
L3,H3,H2,L2,L1
L2,H3,L2,H1,L3
M1,M1,H3,L3,L2
L3,L2,L3,L3,M1
L3,L2,L3,M1,L3
M1,H1,H1,L2,L1
L3,L3,M1,L3,L1
M1,L2,M1,M1,L2
L2,H3,M1,L2,H1
L3,L3,M1,L2,L3
L1,GL,L2,M1,L2
M1,H3,L2,L2,L3
L3,L1,M1,L2,H2
L3,L2,L3,H3,L2
L3,L3,L2,L2,L3
L2,L1,L2,L3,H3
H3,H3,L2,L3,L2
M1,L1,L1,L1,L2
L1,L3,L3,L2,L3
L2,H3,L3,L2,L1
L3,L3,L2,L1,L2
L1,H2,M1,L2,L1
M1,L3,M1,L2,L1
M1,L2,L3,L2,L1
L1,L2,L1,L1,H3
L2,H3,L3,L2,L1
L3,L2,L3,L3,L1
L3,BN,H2,L2,L2
L2,M1,L1,L2,L3
L3,H2,L2,M1,H3
H3,L2,M1,M1,L2
H3,L3,L2,L3,L1
M1,L3,L2,L1,L3
L3,M1,L3,M1,L1
L3,L2,L1,L3,H1
H1,L1,L1,H3,L1
L3,L2,L1,H3,L3
L2,L2,H3,M1,L2
L2,L3,L3,L3,BN
M1,L3,L3,M1,H2
L2,L3,L3,L2,L3
L1,M1,BN,H3,L1
L2,L2,H3,L2,M1
H2,L1,H2,L2,L1
H3,L3,L2,L2,L1
M1,L2,H1,H2,H3
L1,L3,M1,L1,L3
L1,H1,L2,L3,L3
L3,L1,H3,L1,L1
L3,L3,L3,M1,M1
M1,L2,L1,M1,H3
L3,L1,L1,L3,L3
L1,L3,BN,L2,L1
L2,M1,M1,L2,L1
L3,L2,M1,L3,L1
M1,L2,M1,H2,L2
H2,L2,H3,M1,L2
L2,L2,H3,L3,L3
L2,L1,L3,M1,H1
L3,H1,L2,L3,H3
L1,L3,L1,H3,L3
L3,L2,H1,L3,H3
L3,L2,M1,L3,L1
H3,H3,L1,L3,L3
L3,L2,BN,H2,L3
L3,BN,L1,M1,L2
L3,M1,L3,L3,L3
L2,L1,L2,L2,L3
L1,L2,H2,M1,H3
H3,H3,L2,L2,L1
L1,H3,L3,H3,L3
L1,L3,M1,L3,L2
L2,L3,BN,L2,L1
L1,L3,L3,L1,M1
L1,M1,L3,H3,M1
H3,L3,H3,L1,L3
L3,L3,H2,L2,L1
L1,L2,L2,L2,H1
BN,L2,L1,L1,L1
L1,L2,M1,L1,L3
H2,L3,L3,L3,L2
M1,L1,L3,L1,H3
H1,L1,L1,L3,L1
L2,M1,M1,H3,L2
M1,L3,L1,M1,L3
H3,M1,L3,M1,M1
M1,H1,L1,H1,M1
H3,L2,L1,L1,L2
L2,L1,H3,M1,L3
L1,L2,L3,BN,L2
H2,M1,H3,L1,L3
M1,L2,M1,L3,H2
L2,L2,H1,L3,M1
M1,L1,L3,L2,L3
L2,L2,L1,BN,L2
M1,L2,L1,H1,L3
H2,L1,L1,L2,L2
H3,L1,L3,L3,L1
M1,L3,L3,L1,H2
L1,L3,L1,L2,L2
L3,L1,L3,L1,H2
M1,H2,L3,L1,BN
M1,L1,L2,L1,L3
L3,L1,BN,L3,L1
L2,L2,H2,L2,L1
L3,L3,M1,H1,L2
L1,M1,L2,L1,L3
H1,L2,L1,H3,L2
L3,L1,L3,L1,L2
M1,L3,L2,L2,L1
M1,L3,H3,L3,L1
H1,L1,L1,M1,H3
H2,L3,L2,H3,L1
M1,L2,L2,L2,L2
L2,L2,L2,L2,L1
L3,L1,M1,H1,M1
L1,H1,L3,H2,M1
L3,H1,M1,L1,L2
M1,L2,L3,H3,L3
L2,L3,L1,L2,H3
L1,L2,L3,M1,L2
L2,H1,L3,H3,L2
L2,L1,M1,L2,L3
L3,L1,L3,M1,L2
L3,L1,L3,L1,L2
H1,H2,L2,L3,L2
M1,M1,L3,L1,L1
L1,L3,L1,M1,L1
L3,BN,H3,M1,H3
H3,L3,L1,BN,L3
L3,M1,BN,L3,L2
L1,H2,M1,L3,L3
L3,H3,L2,L2,L3
L3,M1,L3,M1,L3
L2,L2,H3,H3,L1
L3,L3,H1,L3,L2
L3,L1,L2,H2,L2
L3,L2,L1,L3,L2
L2,L3,L1,L1,L3
L3,L3,L2,L3,L2
L2,L2,M1,L2,L3
L3,L3,L1,L3,H2
L3,L3,L3,L1,H2
L2,L2,L1,L3,L1
L3,H3,H2,L3,H2
L3,L3,H3,L1,L3
L2,L3,L3,M1,L3
H2,L1,L2,H2,H1
L2,L3,L2,L2,L2
M1,M1,L1,M1,L3
L1,BN,M1,M1,M1
L3,M1,H2,H3,L2
L3,H3,H3,L2,L1
L1,M1,L3,L2,L3
L1,L2,L1,L2,M1
H3,L3,L1,L2,L3
L3,H3,L3,L2,L3
H1,M1,L3,L2,L2
L3,L1,L2,H3,L1
M1,H1,L1,L3,M1
L3,L1,L1,L3,L3
M1,L2,L2,H3,H3
M1,L3,L3,M1,L2
BN,M1,L3,L2,L2
H3,L1,BN,M1,L2
L1,L1,M1,L1,L1
H3,H2,L1,H2,BN
L2,L3,L1,L2,L3
H1,L1,M1,L3,H1
L3,H2,H3,M1,L2
L1,L1,L3,H1,L2
L1,L1,L2,L2,L1
L2,L3,L1,L2,L3
H2,L3,L3,L3,M1
L1,H3,L1,L1,L3
L3,L3,M1,M1,H3
L2,L1,L2,L3,L3
L2,M1,L3,L3,L3
L2,M1,L3,M1,L1
L1,L2,L3,L2,L2
L3,L2,L3,L2,L2
H3,H3,L2,M1,L1
H3,M1,M1,L3,L2
M1,L2,L1,H3,L2
L2,L1,L3,M1,M1
L1,L3,M1,L3,L3
L3,M1,L3,L2,L1
H3,M1,L3,L3,M1
L3,L1,M1,L3,H2
L3,L3,H3,L2,H3
H3,L2,BN,L3,H1
L2,L2,L3,L3,L3
L2,L3,L3,L3,L2
L2,L2,L1,H2,H2
L3,M1,L3,L3,H3
L1,L1,L1,L2,L1
L2,L3,L3,L3,H2
H1,M1,L3,BN,L1
L3,H1,H1,L1,L1
L2,L3,M1,L3,H1
H2,L2,H2,L2,L3
L1,L3,L3,H3,L1
L3,L3,L3,M1,M1
L2,L2,H3,M1,L1
L1,L1,L2,H2,M1
L1,M1,L3,H1,L3
L1,H1,H3,L1,L1
M1,M1,L1,L3,H3
H1,L3,L2,L2,H1
L1,H2,L3,L1,L2
H3,L2,M1,L3,H3
L2,H2,L3,M1,L3
L3,L3,L1,L3,L3
L1,L2,L2,L3,L2
L3,L1,L2,L3,H3
L1,L3,L3,L1,H3
L2,BN,BN,L3,L2
H2,L3,H2,H2,H2
M1,L3,L3,L3,M1
L2,L1,L1,L3,L3
H2,L3,M1,L2,L3
L1,L2,L1,L1,L3
M1,M1,M1,L3,L2
L2,L1,L3,M1,L1
L2,M1,M1,H3,L3
L1,L1,L1,L2,L2
L3,L3,L1,L3,L1
L3,L2,BN,L2,H2
L2,L3,L1,L3,L1
L1,L2,H3,L2,H3
M1,L3,L3,BN,BN
L2,L2,L3,L3,L1
L3,L3,H2,H3,H2
H3,H3,M1,M1,L3
L1,H3,GL,M1,H2
L1,L1,L1,L1,M1
L3,L3,L2,M1,M1
L2,H3,M1,L1,L1
M1,H2,L2,L1,L3
L3,L2,L2,L2,L2
L3,H3,L2,H3,H2
L2,L2,L2,BN,L2
BN,L3,L2,L3,H1
L2,M1,L2,L1,L2
L3,M1,H2,L3,L3
M1,L1,M1,L2,L3
H1,L3,L1,L2,L3
L1,L3,M1,L2,L1
M1,L3,H3,L3,L2
BN,L2,L2,L3,L2
L1,L2,L3,L2,L2
L3,M1,L1,L3,L3
L2,H3,L2,L1,L2
L2,H3,L1,L1,L3
H3,H1,M1,L2,L2
L3,L2,L1,L3,L2
M1,M1,L2,L2,L3
L1,H3,H3,H3,L1
L3,H1,L1,L3,L3
L3,L2,L3,H3,L3
M1,L1,H3,H2,L3
L2,L3,L3,L2,L3
L3,H1,L2,L3,L2
L3,L1,H3,M1,L3
L3,H1,M1,L1,H2
L3,L2,L3,M1,L2
L2,L1,H1,H3,L2
L3,H2,L2,M1,L3
M1,L3,L2,L3,L3
L3,H3,L3,L1,L3
L2,M1,M1,L1,L3
H1,L2,L3,M1,L1
M1,L1,L2,L1,H2
M1,L3,L2,L2,H3
L2,M1,H1,L3,L2
H2,L3,L2,L2,L1
H2,L1,H3,L2,L2
H3,L3,L1,L3,L2
L1,L2,L2,H2,M1
H2,L1,L3,L2,L2
M1,H3,L1,L3,H3
L1,L3,H3,L3,M1
L2,L3,L2,L3,L3
L3,L3,L3,H1,L3
H2,H3,H1,M1,L2
L3,L3,L2,L3,L3
H1,H3,L3,H2,L3
H2,H2,L2,L3,BN
M1,L1,L2,M1,M1
H1,L1,M1,M1,L1
M1,L3,L1,L3,L3
BN,L3,L1,L1,L2
M1,L1,L3,L2,L2
L1,BN,L2,M1,L3
H3,L2,L1,L3,L2
L3,H3,L3,L3,L2
L3,L2,L1,L1,L2
H2,L2,M1,L1,M1
H3,M1,L1,L1,L2
H3,H3,L1,L2,L3
M1,L2,M1,L1,L2
L2,L2,L3,L2,L1
H3,L2,L1,L3,L3
L3,M1,L2,L2,L2
M1,H2,L3,L3,L3
L1,H2,L3,L2,L1
L2,M1,L2,L3,L2
L2,M1,H3,L2,L3
M1,L1,L3,L2,M1
M1,L1,M1,L1,L2
L3,L2,L1,L3,L3
H3,L3,L1,L3,M1
L3,L2,H3,L2,L3
L2,M1,L1,L2,L2
H2,M1,M1,L3,L3
L2,L2,L2,H3,L3
M1,L2,H2,H3,H2
H2,M1,L3,H3,M1
H3,L2,L3,L1,L2
L2,L1,L2,L2,L3
L1,L3,L3,L1,L2
L2,L2,L1,L2,M1
M1,L1,H1,M1,H2
L2,H3,L2,H3,L1
H3,L3,L3,L1,L3
L3,L2,H3,L1,H2
L2,L1,L2,M1,L2
L2,L3,L2,M1,H1
L3,L2,L3,L1,H1
L1,L2,H3,L1,M1
L2,H3,L3,L2,L3
L3,L1,M1,L3,H1
L3,L3,L3,M1,H3
L3,H3,L2,L2,M1
M1,H2,M1,L2,L3
L2,L2,L1,L2,L2
H1,H2,L3,H1,L2
L1,L3,L2,H3,L2
L2,L2,L1,L3,L2
H1,L3,L2,L2,L2
L2,L3,H2,L1,L1
H1,H2,L1,L1,H3
L3,M1,H1,M1,M1
L3,H2,L1,L2,L2
L3,M1,H2,L1,L1
L1,L2,L3,L3,L2
L1,H2,L3,H2,L3
H2,L1,L1,H1,L3
M1,L2,L3,H2,L1
L1,L2,L1,H3,L3
L1,BN,L3,L3,H3
M1,H2,L3,L1,L2
H1,H1,H3,L2,L1
H2,L1,H3,L1,M1
L3,L3,L1,M1,BN
M1,L3,L1,L2,L2
L3,L1,H3,L3,L1
L1,M1,L2,H2,L2
L3,L3,M1,L3,L3
H3,L2,L3,L3,L2
M1,L1,L1,H1,L1
L3,L3,L1,L1,L1
H2,M1,H3,L3,L2
L1,M1,L2,L3,L1
H3,L1,L3,L2,H2
L3,H1,L1,L3,L3
L1,L2,L2,M1,M1
L1,M1,L3,L1,H2
L1,H3,M1,L3,H2
H1,L1,H1,L2,L2
L2,H3,L3,L1,H2
L1,L1,M1,L2,H2
L3,H2,H3,BN,L3
H3,L1,L1,L1,L1
L2,L2,L3,L3,L1
H2,L3,L2,L2,L3
H3,M1,L3,L2,BN
M1,L2,M1,L1,L1
L3,BN,L2,L3,L3
L3,L3,L3,L3,M1
L2,L2,L2,BN,L3
L2,L3,H2,L3,L3
L1,L3,L2,M1,L1
L1,H2,L3,L1,H2
L1,L3,L1,L1,L3
M1,H2,H3,L3,L2
L1,L3,L3,L3,L3
M1,L1,H2,H1,L3
L1,L1,L1,M1,L2
M1,H2,L3,H2,L1
L3,H2,L1,L3,H3
L2,L1,L3,H3,L1
H1,L2,L3,L3,L1
L3,BN,L3,L3,L1
L2,L3,L3,M1,L3
L2,L2,L3,L3,H2
L2,H3,L3,L1,L3
L2,L2,L2,L2,L2
L3,L2,L3,L2,L2
L1,L2,L2,L1,L2
M1,L3,H3,L1,H1
L3,L3,L2,BN,L3
L3,L3,L3,L3,H3
BN,L3,H3,M1,L3
L3,L2,L3,M1,BN
L3,H2,H3,H3,H1
L2,L1,H2,L1,H3
M1,M1,L3,L1,M1
L3,H2,L3,L3,H2
L1,L3,L3,M1,L1
L3,L1,L2,M1,L3
H1,L3,L2,L2,L2
L1,L3,L3,M1,M1
H3,H2,L1,L1,M1
L2,L3,H2,L3,H1
M1,L1,L1,H1,L2
H3,L1,BN,L1,L1
L1,H2,L2,L2,L3
L3,L2,H2,M1,L3
L2,L1,L3,L1,L3
L2,L1,L1,L2,L3
L3,L3,L2,L2,M1
L3,L2,BN,L1,H2
L3,H2,L2,L2,L3
H3,M1,L3,M1,L1
L3,L3,M1,M1,H2
L1,L3,M1,L1,L2
L3,L1,L1,L3,L3
L3,M1,L3,M1,L2
L3,L1,M1,L3,M1
L2,L3,L2,M1,L3
L3,L1,L3,L2,L2
L1,L1,L3,L1,L2
H2,M1,L3,M1,L3
H3,L2,L1,H2,L1
M1,H2,L3,L3,BN
L2,L1,L2,L2,L3
L2,BN,L2,L2,L2
H1,L3,L3,L3,L3
L3,L3,L1,L3,L2
H2,M1,L2,L3,H1
L3,H2,M1,L3,L3
H2,M1,L3,M1,L3
L2,H3,L2,H2,L1
L2,L2,M1,BN,L2
H1,L2,H2,L3,H1
L1,H3,L2,L2,H2
L2,H1,H2,H2,L2
L3,L2,L2,L1,L1
L2,L1,L1,H2,L1
L2,L3,L3,M1,L2
H3,M1,L1,L2,L1
M1,GL,H1,M1,L1
L1,H3,H2,L1,M1
L3,H3,L3,BN,L2
M1,L1,L3,H3,L1
L3,M1,L2,H1,M1
L3,M1,L2,H3,L1
L2,L2,H3,L1,M1
H1,H3,L3,H3,L1
H1,L3,H2,BN,BN
L2,H3,L2,M1,L1
M1,L3,H3,L2,L1
H2,M1,L2,L3,H3
L1,H2,M1,L3,L1
L3,L2,H3,L2,L2
L1,L2,L3,L2,L2
L1,L2,L1,L3,L2
L3,L1,L3,L2,H3
L1,L1,H3,L3,BN
L2,M1,M1,L3,L1
L3,L3,M1,L1,H2
M1,H2,L1,M1,L3
H3,L3,H3,L2,H3
H3,L2,L2,L1,L2
L3,L3,L2,L1,L3
L3,L1,L3,L3,H3
L2,L3,L1,H2,L3
L3,L1,L1,L3,L2
L2,L1,M1,H2,L1
BN,L3,M1,L1,L3
L2,M1,H2,H1,M1
L2,H3,L3,H1,L2
L2,L1,H2,L2,L3
M1,L1,L3,L2,H3
L3,H1,M1,L3,L2
M1,L1,H2,H1,M1
L3,L2,M1,L1,H3
H1,L3,L3,H1,L2
L2,M1,L1,H3,L1
L3,L1,L3,L1,L2
L2,L2,L3,H3,L2
L1,L3,L3,L3,H3
L2,L2,L1,L2,L1
H2,H1,L3,L1,H3
H2,L3,L2,L1,L3
L3,L3,H3,L2,L2
M1,L1,L2,H3,L1
L2,L3,M1,L3,L3
L2,L3,L1,L3,L3
M1,L3,L3,L3,L2
M1,M1,M1,L1,L3
GL,L2,L1,M1,L1
L3,L2,L3,H2,L1
H2,H1,L3,L1,H3
M1,L1,M1,L2,BN
L3,H3,H3,L2,L3
M1,M1,L2,L1,L2
M1,L3,M1,H3,L2
M1,L3,L3,L3,L3
L2,L2,L1,BN,L3
L1,L1,L2,L1,L3
H2,L1,L2,M1,L3
M1,L3,L1,M1,L3
L2,L1,M1,L2,L1
L3,L3,H3,H3,H1
L3,L1,M1,L3,L2
L3,H3,L3,L3,L2
L3,L2,L2,L2,L1
M1,H1,H3,M1,L2
L1,L3,H3,L3,L2
L2,L2,L2,L3,L3
M1,L3,L3,L1,L1
L2,L3,L3,L2,L1
L1,L1,L3,L1,L2
L3,L3,L3,L1,M1
L1,L1,H2,L3,H1
L1,L3,L3,L2,L2
L2,L1,H2,L3,L2
L1,M1,L3,L1,L3
H1,L1,L2,M1,L2
L3,L3,H1,L3,L3
L1,L2,L2,H2,H1
M1,L2,L2,M1,L2
L3,L3,L2,M1,L2
L3,L2,L1,H3,L3
L2,L3,M1,L1,H2
H2,L1,L3,L1,L2
BN,L1,M1,L3,H3
L2,M1,M1,L3,L2
L2,L3,L3,L2,H1
L1,L1,L2,L3,L2
L1,L1,L1,M1,L3
L3,L1,L3,L3,L1
H2,L2,M1,L2,M1
L1,L1,L1,H2,L3
L2,L3,L2,L1,H3
L2,L3,L1,L1,L3
L2,M1,L1,L2,L3
H2,L3,L2,L3,L1
L2,H2,L2,L2,L3
L3,H3,L1,L3,L2
L3,L3,L3,L2,H2
H2,L2,L1,H2,M1
M1,BN,L3,L3,H1
L2,M1,L1,L3,L2
M1,L3,L2,L2,M1
L2,L2,L2,H3,M1
L2,L1,L1,L3,L3
L1,L1,L2,L2,L2
L3,M1,M1,H1,L1
H1,L2,L2,M1,H1
L1,L2,M1,M1,BN
L3,L3,M1,L3,L1
L1,M1,L2,L2,H1
L1,L1,L2,H3,L1
L3,M1,L3,M1,L3
L1,L2,H1,M1,M1
L1,L1,L2,L3,M1
M1,L1,BN,M1,L2
H2,L2,L1,L1,L1
L2,M1,M1,M1,L3
L2,L3,M1,L3,M1
M1,L1,L2,L3,L3
BN,L2,L2,L3,H1
H3,L2,L2,L3,L3
L2,L2,L2,L2,H1
L1,H2,L3,L2,M1
L3,H1,M1,L3,L1
L3,L3,L3,L1,L1
L3,L3,H3,L2,L2
H3,L2,L3,L1,L3
L1,L3,L3,M1,L3
L1,M1,L1,H2,L1
BN,L3,L1,L1,H2
L2,L1,M1,L1,L2
L3,H2,L1,L3,L2
L3,H2,L1,M1,H3
L2,H2,BN,H2,L1
M1,L1,H3,L2,L1
L3,L3,H1,L2,H3
L3,L3,L2,L2,L1
H1,L2,L1,L1,L1
L3,L3,L3,H3,M1
L2,L2,L2,L2,M1
L2,L2,L3,M1,H2
BN,L1,L1,L1,L3
L3,L1,M1,L2,L2
H2,L2,BN,L3,L1
L3,L2,GL,L1,M1
L2,L2,L3,L2,L2
L3,H3,L1,L3,L2
L2,L3,H3,L3,H2
L2,M1,L2,H1,H1
L2,M1,L1,L2,L1
L2,L3,L1,L2,L3
H3,H3,M1,L1,L1
L2,H1,M1,L3,L2
L3,L1,L2,M1,M1
L3,L1,L3,L1,L2
L3,L3,L1,M1,L2
M1,H3,L2,L3,L3
H1,L2,L1,M1,L1
BN,L3,L3,L3,H3
H2,L3,L2,L3,H1
L2,L3,M1,M1,L3
L3,BN,L1,H3,L2
L3,GL,L1,L1,L1
L2,L3,H3,L2,L2
M1,L3,H3,M1,L3
L2,L2,L2,L2,L3
L1,L2,L3,H3,M1
L1,L3,L3,H3,L3
L3,H3,H3,L1,L3
L3,L2,L1,L1,L3
L3,M1,L3,L3,L3
L1,L1,L2,L2,L1
L1,H2,L2,H3,L1
BN,L1,L1,L1,L1
L1,M1,L1,L3,L2
L2,L1,H2,L1,H2
L1,L1,L2,H1,L1
L2,H2,H2,L3,H3
L2,L2,L3,L2,L1
M1,L3,L3,L2,L2
L3,BN,L1,M1,H2
M1,L2,M1,L1,L2
H1,L2,L2,L2,L1
L1,L2,BN,L3,L3
L1,M1,M1,L1,H3
L2,L3,L1,L1,L2
L3,L1,L1,L2,L2
L3,L2,H3,L3,H1
H2,H3,L2,M1,L1
L3,H2,L3,H2,H3
L1,L2,H3,L2,M1
H3,M1,L3,L3,M1
L1,L3,L2,L3,H2
L1,H1,L2,M1,M1
L1,L2,H3,L3,H1
L3,L2,L3,L3,L2
L2,M1,H2,L1,L1
L1,L1,L3,L2,L3
GL,GL,L3,L3,L1
M1,L2,L2,L3,L3
L2,L2,L1,M1,L2
L1,L1,L3,L3,L3
H3,H3,L2,L3,L3
L3,L2,H1,L1,L3
H1,H2,L2,L2,L2
L1,L3,L2,M1,L1
L3,L2,L2,H1,L3
M1,L3,L1,L1,L2
L1,BN,L1,H3,L2
L2,H1,L1,L1,L2
BN,L2,L1,H1,L3
L2,H2,L3,L1,L2
L2,L3,L2,M1,H3
L1,L2,L2,L3,L3
L2,H2,L2,L3,H3
L1,L3,L3,L3,L1
BN,L1,L3,L1,L2
M1,L2,H3,L3,L3
L2,L1,L1,L2,L3
L1,H3,L1,L2,L3
L1,L3,H2,H2,M1
L2,L3,L3,H2,H3
L3,L1,L1,L3,L1
M1,L2,L3,L3,L2
L2,M1,L1,L1,L3
H3,L2,L1,L3,H2
L2,L2,M1,L1,L1
L2,L1,L2,BN,H2
L3,M1,L3,L2,L3
L2,H2,H3,L1,L1
H3,M1,L1,L2,L3
L2,L2,L3,H1,M1
GL,L1,H1,H1,L1
L2,L3,H3,L3,H3
L2,H1,L3,BN,L2
L1,H3,L2,M1,BN
H1,M1,H2,L1,H2
H1,L2,H1,H3,L2
L3,H2,BN,L2,M1
H3,L3,L3,H1,L1
L2,L2,M1,M1,H3
L1,H3,M1,L1,L3
H3,H3,L3,H1,L1
L2,H1,L2,H3,L3
L1,L3,L1,M1,L2
H2,H1,H2,L2,L3
L2,M1,L3,L3,L1
L2,L2,H2,L2,H3
H1,L1,L2,H2,L2
L3,M1,L3,BN,L2
L1,L1,L1,L3,L3
L3,L1,L3,L2,L2
L3,H3,L2,L2,L2
L3,L3,L2,L1,L1
M1,M1,H3,L2,L2
H3,H2,L3,L1,L3
H1,L2,H3,L2,L1
L1,L3,L2,M1,H3
L3,L1,L3,L1,H3
H1,H1,L1,L3,H2
L2,H2,L1,L1,M1
H2,L2,L2,H2,H3
L2,L2,L1,L1,M1
L1,M1,L1,M1,L2
L3,L2,L2,L2,H2
L3,H1,BN,L3,L3
L1,L2,H3,L2,L3
L2,H3,M1,L2,L1
L3,H3,L3,L1,M1
H2,L3,L2,L2,BN
L3,H1,H3,H2,H1
M1,L3,L3,L3,L3
H3,L2,L2,L2,L2
H3,GL,L1,H3,L2
L1,L3,H2,M1,H1
L2,L1,L1,L3,L2
M1,M1,L2,L3,L1
L3,L2,L3,H3,L3
H3,H1,L1,H3,L1
L3,L1,H3,M1,L2
L2,H2,L3,L3,H3
L3,L2,L2,H1,L3
L1,L1,L3,H2,L2
L2,H3,L1,M1,L2
L3,L3,L3,L2,M1
L3,L3,H1,L2,L3
L2,L3,L1,L3,L1
L3,L2,L1,H3,L2
L3,M1,L2,L2,H1
L3,L3,H2,L2,L3
L2,L2,M1,M1,L2
H3,L3,L3,H2,L3
L2,L3,L2,L2,M1
H3,H3,L3,L3,H3
H3,H3,M1,L2,L2
H2,L3,L1,L1,L2
L2,L3,L2,H3,H1
H2,L2,H2,L3,L2
L2,H2,L1,L3,L3
L2,L2,L1,L3,L3
L2,H1,H3,L2,H1
H3,M1,L2,H2,H3
L2,H2,H3,H2,L1
L3,M1,M1,L1,L3
L2,L3,M1,L2,H3
L1,H1,L2,L3,L1
H2,L2,L2,H2,M1
M1,L2,L2,M1,L2
H1,L3,L1,H3,L3
L1,L2,L3,L2,H2
H3,L2,L1,M1,L2
L2,L2,L3,L1,L1
L3,H3,L1,L2,L1
H1,H2,L3,L2,L3
L3,L3,L3,L3,H3
L1,M1,L2,H2,L1
L3,L3,M1,H1,L1
L1,L2,L2,H3,L2
L3,L2,L2,H3,M1
H2,M1,L2,L2,H3
L1,L2,L3,L3,L3
L2,H1,H3,L3,M1
L3,L3,M1,H2,M1
M1,L2,L1,L2,L3
L1,L2,L3,L3,L3
L3,L2,L1,L1,H2
L2,H3,L3,M1,L2
L1,L2,M1,M1,L2
L1,L1,L3,M1,L3
L2,M1,L2,L1,L1
M1,L1,L1,M1,L2
H3,L3,L2,L3,L2
L2,L2,L3,L1,L2
L1,M1,L2,M1,L2
L3,L2,L1,L3,L2
L3,L1,H1,L2,L3
L2,H1,H2,L3,L1
L3,L3,L2,M1,L3
L3,L3,L2,M1,L3
L3,H2,L3,L2,H2
L2,H1,L1,BN,H3
L2,L2,L2,H2,H3
H1,L3,L3,L3,H2
L3,L1,H3,H3,L3
H2,L2,BN,L2,H2
M1,M1,L3,H3,L1
H3,H1,L2,M1,L3
L2,L2,H2,L3,L1
H3,L2,L1,L2,H3
L2,H3,L3,L3,L2
L3,L1,M1,L2,H3
M1,L2,M1,L2,L2
L3,L3,L2,M1,H2
L2,L3,L1,L2,H2
L2,BN,H3,BN,BN
L1,L3,BN,L2,M1
L2,H2,L1,L1,L1
L1,L3,L2,L2,L2
M1,L3,L3,L3,L3
L3,H3,L3,L2,L3
L2,L1,L1,H3,L2
GL,L3,L2,L3,H1
M1,L2,L3,M1,L3
L3,M1,L3,L3,L3
H1,L1,M1,H3,H2
L1,L1,L1,L2,L3
H3,L1,L3,M1,L1
L3,H1,L3,L1,H3
L2,L3,L2,L1,L2
L3,L2,L1,L2,H3
L2,M1,H1,L2,H2
H3,L2,M1,H1,L2
L2,H1,L3,H2,L2
L3,L2,L1,M1,H3
H1,L2,L2,L3,L1
L3,L3,BN,L1,L3
L1,BN,L2,L2,L3
L3,H3,L3,M1,L2
BN,L2,H3,M1,L2
M1,L3,L1,H1,L3
M1,L3,L2,L1,L3
H1,H2,M1,H1,H3
H1,L1,L3,L2,L3
H3,L3,L2,L3,H2
BN,H1,L1,L3,L2
L3,M1,L3,H2,L3
H1,L1,H1,M1,H3
H2,H3,H2,H3,L3
L2,L1,H2,L3,L3
M1,L3,L3,L3,L2
L2,M1,H3,M1,H2
L1,H1,L2,M1,L2
L2,M1,L3,L1,H3
H1,M1,M1,L1,L3
L2,M1,H2,L1,L1
L1,H3,L3,L1,L3
H3,H3,L3,L3,L3
M1,L2,L2,H2,L1
L1,L2,L3,H2,L1
H1,L2,L2,L1,L3
M1,M1,L3,H2,L3
L2,H3,L3,M1,BN
L1,L3,L2,L2,M1
H1,GL,L1,H2,L3
L3,L3,H1,L2,M1
L1,L1,L1,H3,L1
H2,L3,L1,L3,L1
M1,L1,M1,L2,L1
L2,M1,L2,L3,H1
H2,H3,L2,M1,H3
L3,L3,L2,L1,H2
L2,M1,H3,H1,L3
BN,L1,H3,H2,L2
L2,L2,L1,L2,H3
H3,L2,M1,L3,H3
L1,H3,L2,L2,L1
M1,L2,H2,L2,L2
L2,H3,M1,H3,M1
L3,L3,L3,M1,M1
H2,H2,L2,L3,L3
BN,L1,M1,L2,L1
H3,BN,L3,L2,M1
H2,H1,H3,L3,L3
L3,L3,L3,M1,L2
L3,M1,L3,BN,H1
M1,M1,L1,L3,H3
L3,M1,L1,L2,M1
L3,M1,H3,L1,L3
H3,H3,L1,L1,BN
L2,L1,L2,L2,L3
L3,L2,L2,M1,L3
BN,L3,L3,L2,L1
H2,L2,H2,H3,H1
M1,M1,L3,M1,L3
H3,L3,L3,L3,L1
L3,L3,M1,H3,L3
L2,L1,H1,L2,L3
L2,H3,L1,M1,L3
H2,M1,H2,L1,M1
L3,L3,L3,L3,L1
L2,L2,L3,L3,L3
H3,L3,H1,L2,L3
L3,H2,H3,M1,M1
L1,H3,H3,M1,L2
L1,L2,L2,M1,H1
BN,L3,H3,L3,BN
L2,H3,L3,L3,L2
H2,L2,L1,L3,L3
H1,M1,H3,H3,L3
L1,L1,L1,L3,L3
L2,H2,L1,L2,L1
L3,L3,L3,L3,H2
H2,L2,M1,L2,L1
M1,H3,L2,L2,L3
M1,L2,L2,L2,L2
L3,L2,L1,L3,H2
H2,L3,L3,L1,L1
L2,L3,H3,L1,L2
L1,L2,L1,H3,L3
L3,BN,M1,H2,M1
H3,L2,M1,L3,L3
L3,L2,L1,H3,L2
H3,H3,L1,L2,L3
L1,L1,H1,L3,L3
L2,L3,M1,L2,L3
H2,H3,H2,L2,L1
L2,L3,H1,H1,L3
H2,L2,L3,L3,H2
BN,L3,H1,H2,L2
L3,M1,L1,M1,H2
L1,H2,L2,L3,L1
L3,M1,L3,L1,L3
L2,L1,L2,L3,M1
L1,L3,H2,L2,L2
L3,BN,L2,L1,L2
L3,H2,M1,M1,L2
H1,L2,L1,BN,L1
L3,L1,L2,L1,M1
L1,L3,H2,L3,L3
L2,L3,L1,L2,M1
L1,L3,H2,L3,L3
H2,L3,L2,L3,L2
L2,L2,L1,L2,M1
L2,L2,L3,L2,L2
L3,L2,BN,L1,L3
L1,M1,M1,H3,L3
L2,L1,L1,L2,L1
H3,L2,H3,L3,H3
H2,L1,L3,M1,L2
L1,L3,L2,L1,L3
M1,L1,M1,L2,L1
L2,H2,L2,L3,M1
L3,L2,M1,M1,H1
L3,M1,M1,L2,L1
M1,M1,BN,BN,L1
L2,H3,H2,L1,H1
L2,L2,H1,L1,H2
L1,L2,L3,L3,L1
L2,L3,H1,L2,H2
L1,L2,H3,H1,H3
L3,L3,L3,L3,L3
H3,L1,H3,L2,H3
L1,BN,L1,L2,L3
H2,L3,L3,L2,L3
H3,M1,BN,L2,L3
M1,L3,L1,H1,L3
L2,L1,L3,H2,L3
L3,L1,L1,L3,H1
H2,L3,L3,H1,L2
L3,H1,L1,L3,L3
L2,L3,L2,H3,L2
L3,L3,L1,M1,L3
L2,L2,GL,L3,L2
H3,L1,H3,M1,BN
L2,L2,L1,L1,L3
L2,H2,L2,M1,H1
L1,H2,L2,M1,L3
L3,M1,L1,L2,L2
L3,L1,L2,L2,L3
L3,L3,L1,H3,L2
L3,H3,L1,L3,H3
L1,L2,L1,L3,L2
H1,H1,L3,L3,L2
M1,L1,L3,L2,L3
L3,L3,L2,L1,L2
L1,L3,H3,L2,L3
H2,L3,L3,L1,L1
L2,L3,L2,L3,H2
L3,L3,L3,L3,L2
L3,L3,L1,L2,L3
L1,L1,L3,L2,H2
L1,H2,L3,L2,M1
L1,L1,L2,L3,H1
L2,L3,L3,L2,H2
L1,L1,L3,L3,H2
L3,L3,L3,L1,L1
M1,L1,L3,H3,L3
L1,L3,L3,L2,L1
H2,L3,L1,L1,L1
L2,L3,L2,H1,L2
L2,L3,M1,L2,L2
L3,L2,L2,M1,L2
L2,M1,H3,L3,L1
M1,L2,L3,L1,H1
L1,L2,H1,L2,M1
L2,M1,L1,L1,L3
H2,L3,L2,L3,L2
L2,H3,L1,L1,H3
L3,L1,M1,L2,L1
BN,L3,L2,L3,M1
M1,L3,H3,H3,H3
L3,H3,L3,M1,L2
L2,H1,L1,L2,L1
L3,H2,H3,M1,L2
H2,BN,M1,L3,L2
H3,L1,M1,M1,H3
L2,L1,L2,M1,L1
M1,L2,L1,L2,L3
L1,L3,L2,H3,H3
M1,L3,L3,H1,L1
L3,L3,H3,L3,H3
L3,L3,BN,L1,L3
L3,L2,L3,L2,L2
L2,L3,L1,L3,M1
L3,H2,M1,M1,L2
BN,L3,H1,L3,BN
L3,H1,H2,H2,L3
H1,H2,L2,L2,H2
H1,H2,L2,L1,L3
M1,L1,L2,L3,L3
L3,L1,H1,L3,L1
M1,L2,L3,L1,L3
BN,BN,L2,M1,L2
M1,L2,M1,H2,L3
L2,L2,H2,L1,L1
M1,L1,L2,L2,L2
M1,L3,L1,M1,L2
L2,L1,M1,L1,L1
L2,L2,L3,L2,L2
M1,L1,L3,M1,L2
L3,H3,M1,M1,L1
H1,H3,L2,L2,L1
M1,H3,H2,L2,L3
H2,L3,L2,L1,L1
H2,H3,L1,L2,H1
H2,M1,L1,M1,L3
L3,L3,L1,L1,BN
H1,L3,M1,L2,H3
L1,L3,M1,M1,L3
H3,L2,L1,M1,M1
L2,L2,M1,L1,M1
L1,L3,H3,M1,M1
M1,L1,L3,M1,L1
L1,BN,L3,M1,L3
M1,L3,H3,L3,L3
H2,L3,L1,L3,L3
M1,L2,L3,L3,L1
L3,L1,L3,L3,L3
L3,H1,H3,L3,L2
H2,L1,L1,L3,L3
L3,L1,L1,L2,L1
L3,M1,L1,M1,L1
L2,L3,L2,H3,L1
L3,H3,BN,L1,H1
L2,L2,L2,H1,L1
L1,H2,L3,L3,L2
L3,H3,L2,L2,L2
H1,H2,M1,M1,L1
L3,H2,L3,L2,L3
L1,L2,H1,L2,L1
L1,H3,L3,L2,M1
H1,L3,L1,L2,L1
L3,L2,L1,L2,L2
L2,L3,H1,H2,L3
H2,L1,L2,L1,H3
L1,L2,L2,H1,L1
L2,L3,M1,L3,L1
M1,M1,L1,M1,H1
L1,L1,L1,L1,L1
H1,L3,L2,L3,L2
L1,L2,M1,M1,L1
L3,L3,BN,L2,L1
M1,L1,L1,L2,H3
L2,L2,H2,L2,H3
H2,L2,H2,L2,L2
L2,M1,L2,H2,L3
H3,H2,L3,L3,L3
L1,L2,L3,L2,L2
L2,L1,L2,L3,L1
M1,L1,H3,L3,H2
L1,L1,H3,H2,L2
L3,L3,M1,L3,L2
L3,M1,H1,L2,H3
L3,H2,L3,L3,M1
H3,H2,L3,M1,L1
L2,L1,M1,L3,L2
L1,M1,L2,L1,M1
L3,L1,M1,H1,L1
L2,L1,L1,M1,M1
M1,L2,L3,L3,L2
M1,H1,L1,L1,L1
L2,L2,H3,L1,L3
M1,H3,H3,H3,L2
L2,L3,L1,H2,L1
M1,L3,L2,L2,L3
M1,M1,M1,H2,L1
BN,L3,L2,L3,L3
L2,L1,M1,H1,L1
L2,L2,L3,L1,L2
L3,L2,L2,L2,M1
L3,L3,L3,L2,L2
H3,M1,L2,L1,L2
M1,L1,L3,L1,L1
M1,L2,L3,L2,M1
L3,L2,H1,L1,H3
L3,H1,L3,H1,H2
H3,H1,M1,M1,M1
L3,L1,L1,L1,L1
L3,L3,L1,L2,L3
L1,L2,L2,L1,L3
M1,L3,L3,M1,L3
H1,L2,L3,L1,H3
L2,L1,L2,L3,H3
L2,H1,L2,L2,L1
M1,BN,L3,L3,L1
L2,L2,L2,L3,H2
H2,L3,L3,H2,M1
L1,L2,L1,L2,L3
H2,L1,L3,L3,M1
M1,L2,L1,L3,L1
H3,L2,L3,L3,L2
L3,M1,L2,L3,BN
M1,M1,L3,L3,H3
L2,H3,L1,L2,M1
M1,L1,L1,L1,L2
M1,L3,H2,L2,L2
L1,L3,L1,H2,L1
L3,H2,L2,L3,L1
L1,H2,L2,M1,L2
L2,L2,H2,H2,L2
H1,L3,L3,L1,L3
BN,L3,L3,H2,H3
L1,L1,L1,M1,L3
L1,H3,L3,L1,BN
L3,L1,L3,L2,L1
L2,L3,L2,H3,L3
L2,M1,L1,L2,L2
L3,L2,L2,L1,L2
L3,H2,L1,L3,L2
H1,L1,M1,L2,H1
M1,L2,L1,H2,L3
L3,L1,L2,H1,H1
H3,L2,L2,L2,H2
L3,M1,H2,H2,M1
M1,L3,M1,L1,L3
L3,L1,L2,L1,L3
L1,L3,L3,L2,L1
L2,L2,L3,L2,H3
L3,L2,H1,L1,L3
L1,M1,M1,H3,L3
H2,L1,H2,L2,L2
L2,H2,L3,L2,L2
H3,M1,L3,L3,L3
M1,L2,H2,M1,H3
L2,L1,H2,L3,L3
L2,H3,M1,H3,H2
L3,L3,L2,M1,L3
H2,H1,L1,M1,M1
L1,H3,L3,L1,H3
L3,L1,H2,L2,BN
L3,M1,H2,L3,L1
L1,L3,L3,H2,L3
L2,L1,L3,L1,M1
L2,BN,L2,L1,L2
L3,L1,L1,L3,L2
L3,L1,L2,L1,L3
L3,H2,L1,L1,H1
L2,H2,L3,L2,L1
L3,H2,L1,L1,L3
BN,L1,L1,M1,H3
M1,M1,L1,L3,L3
L3,L3,M1,L2,L1
L1,L2,H3,L1,H3
L2,L1,L2,L1,L3
L1,L3,L1,L1,L3
L1,L1,L3,H2,H3
L1,M1,L3,L1,L3
L3,L1,L3,L2,L2
L3,L3,M1,L2,M1
L1,L3,L2,L2,H1
L3,L2,M1,L2,H1
M1,L2,L3,L1,L2
BN,L2,H2,H2,L3
L1,L2,M1,H3,L3
L2,L2,L1,L2,L2
L3,L3,L2,L1,L3
L3,H2,H2,H2,L3
L3,L1,M1,H1,H1
L1,M1,H3,L1,M1
L3,H2,M1,M1,L1
L2,L2,L1,H2,L1
M1,M1,L2,H3,H3
L3,H3,L3,M1,L1
L1,L3,L3,H2,H1
H2,H2,L2,L1,L1
L2,H3,L1,L3,L1
L1,L2,M1,L1,L2
L1,L3,L1,M1,L1
L2,L1,M1,L3,L1
L3,H1,L1,H1,L3
L1,L3,H3,L3,L2
H3,L1,H3,H3,M1
L2,H2,L3,L3,L2
L3,L3,L3,L3,H2
H3,L2,L2,L2,L2
L3,H1,H1,M1,H3
M1,L2,L3,L3,H2
BN,L1,L3,L2,L1
L2,H3,H2,L2,L2
H1,M1,L3,L2,L3
L3,L3,H3,L3,H3
M1,L3,L3,H3,M1
L3,H2,M1,H3,H1
H2,L1,L2,L3,BN
L2,M1,L3,M1,L2
M1,L2,L3,M1,L1
L2,L1,M1,L2,L2
L2,L3,L1,L2,L3
L3,H2,L2,L3,M1
L2,L3,L3,L2,L2
BN,L2,L2,L2,L1
L3,L2,H1,H3,L3
H2,L1,L3,M1,L2
L1,L1,M1,L1,L2
M1,H3,M1,M1,L2
L3,H2,L3,L2,L1
L2,L3,L3,L2,L3
L3,L1,L1,L1,M1
L3,L1,L1,L2,L1
L2,H1,L2,L3,L3
L3,L2,L3,L3,L2
L2,L2,L1,H3,L3
H2,H2,H3,L1,L1
L2,L2,L1,L2,L3
L3,L2,L1,L1,L2
H3,L2,H1,L2,L3
H2,M1,L3,L3,M1
H3,L2,M1,H3,M1
L2,H2,L3,L2,L3
L2,H1,L1,L3,L1
L2,L3,H3,L3,H2
H3,H1,L3,L1,L1
L3,L2,H2,L1,H3
L2,L3,M1,L1,L3
L1,M1,L1,L3,M1
H3,L3,L1,H1,L1
L1,H1,BN,L3,L2
L3,L3,L3,L2,L2
L3,L3,L1,L2,H2
L1,H3,L1,L3,H3
H3,H3,H3,L3,M1
H2,M1,L3,L1,L3
L1,L1,L2,L1,H1
L1,L1,L2,L1,M1
M1,L2,H3,H3,M1
L1,L3,L2,M1,H2
L1,M1,H3,L1,L1
H3,L3,H3,H3,H3
L3,L3,H3,L3,M1
L2,L3,H2,L1,L3
L3,L3,H1,L1,H3
H1,H1,L2,H3,L3
H3,L1,M1,M1,H1
L2,L3,L1,L2,L1
BN,H1,M1,L2,L2
H3,H2,M1,H3,L3
M1,H1,L3,L3,L3
L3,H3,L3,L1,H1
L2,L1,H3,L1,L3
M1,L1,L3,L3,L2
L2,BN,L3,L1,L1
L2,L2,H1,L3,L3
M1,L3,M1,L3,L3
H2,L2,L3,L1,L3
H3,H3,L3,L1,L3
H2,H3,L2,L2,L1
H2,L1,L1,H2,BN
L2,L3,H2,M1,L1
L1,L2,L3,L2,L2
L2,H2,L2,H1,H3
M1,L2,L3,L3,H1
L1,L1,L3,L1,L3
M1,L3,L3,L3,L1
L1,L3,L3,L2,M1
L1,L1,L3,L1,H1
H1,L1,L2,L2,L2
L3,H3,L1,M1,H2
L2,H1,H3,L1,M1
L3,L1,L1,L1,L3
M1,M1,H1,L3,H3
L2,L2,L3,L2,L1
L1,L3,L3,L1,M1
M1,L2,L1,L2,L1
L1,M1,L3,M1,L1
H3,H1,L3,L3,H2
H3,L2,L3,L3,L2
L2,L3,L3,L2,L2
L2,L3,H1,L2,H2
L3,L1,L1,L3,L1
L1,L2,H2,L2,L2
L3,H2,H2,L2,H2
L3,L3,H2,H3,L2
L3,L3,L3,L2,L3
L3,L1,L1,L1,L2
L3,L2,L1,M1,M1
L3,M1,L1,L3,L2
L2,L2,H3,H2,H2
L1,L3,H3,L1,H3
L1,L1,L1,L3,L2
L3,L3,L2,M1,M1
L1,M1,L1,L2,L3
L2,L3,H1,L2,L2
M1,L2,M1,L2,L3
L1,M1,L3,L2,H3
L2,L2,H1,L3,L1
H2,L3,L3,L2,L1
L3,L2,H2,L1,H3
L2,L1,M1,L1,H1
L2,L2,BN,L3,L1
L2,L2,L1,L2,L2
L2,L3,L1,H1,M1
L1,L2,L1,L2,L3
L2,L3,L3,H2,L2
L2,M1,M1,L2,L1
H3,L2,H2,L3,M1
L2,L3,L3,H3,M1
L3,L2,L2,L1,L2
L3,L3,L1,H2,H3
H2,L3,L1,H3,H2
L3,H2,L1,L1,L1
L1,L2,L2,L3,L3
L3,L3,L1,L1,L1
L3,M1,H1,H1,M1
L2,M1,L1,L3,L3
L2,H3,H1,L3,H3
L1,L2,M1,L3,L3
L2,H2,L2,L2,L3
L3,L1,L2,L3,L3
L3,L3,H1,L2,L1
L3,L1,L1,L1,L2
H1,M1,L3,L1,H2
L1,L1,L3,M1,L3
L2,L1,M1,L3,H2
L3,L3,L2,H3,L3
L3,L2,M1,M1,L3
L1,L3,M1,L3,L2
L2,L2,H3,L3,L1
L3,L3,L2,L1,L2
H3,L3,GL,H2,H2
M1,L2,L2,L1,L1
L2,M1,L3,M1,L3
L3,L2,L2,L3,M1
L1,H2,L1,M1,L3
L2,L2,L1,L2,L1
H2,L3,L1,L3,L2
L2,L1,H2,L2,H1
M1,M1,L3,H2,M1
L1,L3,L3,BN,H2
L1,L3,H3,L1,M1
L3,H2,L1,L3,M1
L3,H3,M1,L1,L1
M1,L3,L2,L1,L3
H3,L2,H3,L2,L3
L3,L3,L1,L1,L1
L3,L2,L2,H3,L1
L1,L2,L2,L1,M1
L3,L1,L3,L2,L1
M1,L3,L2,L3,L3
L3,H2,L3,L2,L2
L2,L3,M1,L3,H1
L2,M1,H3,H1,L2
M1,H3,L2,L3,L3
L1,L1,L2,L3,L3
L2,M1,L1,L3,BN
BN,L3,H2,L2,L2
L3,H3,L3,L2,L2
M1,L2,L2,L3,L2
H3,L2,BN,L2,L3
H3,H2,L2,L1,L1
L3,H3,M1,L2,L3
L3,L1,L3,H1,H2
L2,M1,L3,L1,H2
L3,M1,M1,M1,L2
M1,H3,L3,L2,L1
L3,L2,L2,H2,L1
H2,H1,L2,M1,L2
L2,L2,BN,H3,H2
H3,L1,H3,L1,L3
L1,L1,L3,BN,L1
M1,M1,L1,L1,H2
L3,L2,L3,L2,M1
L1,L2,L2,L2,L1
L3,L3,L3,M1,L2
L2,L1,H2,H3,L3
L3,BN,H2,L2,L2
L1,H3,L1,L2,L1
L2,L3,L2,H1,H3
M1,L3,L3,L2,L2
L1,L2,L1,L3,M1
L1,H2,L1,L3,L2
L2,L1,L1,L3,H3
L3,H2,L3,L3,L2
L1,L2,L3,H3,L3
L3,L1,H2,L1,L1
L3,L2,L2,M1,L3
L1,L2,L1,L1,M1
H2,M1,L1,H1,M1
L3,L2,L2,H3,L3
L1,M1,H1,H3,L2
L2,L1,H2,L3,L3
L2,L2,L3,L3,M1
M1,L1,H1,L3,M1
H1,L3,L2,M1,L3
M1,M1,L1,L2,L2
M1,L2,L3,H3,L2
L2,H2,L1,H1,M1
L1,L2,L2,BN,H2
L2,L3,L1,L1,L1
BN,L1,H2,L2,L1
M1,L3,M1,L2,L1
L1,BN,H3,L2,H3
L3,L1,L3,L3,H3
L3,L2,L3,L3,L2
L3,M1,L2,H2,H3
M1,L2,L3,L1,L2
L3,L3,L3,L3,H3
L2,L2,L1,L3,L1
L3,L2,M1,L3,L1
L2,L1,L2,L1,H3
L1,L3,M1,H1,L2
M1,H1,L2,M1,L2
L3,L2,L3,L1,M1
L2,L2,H3,L3,L3
L1,H1,L2,L3,H3
L1,L3,H3,L2,L3
L1,H1,L3,L1,L1
L1,L3,H3,H3,H3
L3,L3,H2,L1,H3
L3,M1,H3,H1,BN
L3,L3,M1,L1,L2
L1,L2,L3,L3,L1
L3,L2,L1,L1,L2
H2,H2,L2,L2,L1
H1,H3,L2,L3,L3
L3,L2,H2,M1,L3
L2,L3,L3,L2,L3
L2,L3,H3,L1,H1
H3,L2,L3,L1,L3
H3,H3,H2,L1,L3
L2,L3,L3,L3,H2
L1,H3,L3,L1,L3
H3,L2,L3,L2,L1
M1,L2,H3,L2,L3
L3,L3,L2,L3,L2
L3,L2,L1,H1,L1
M1,L2,M1,M1,L2
H2,L3,H2,H3,L3
L3,L2,L1,L3,H1
H3,L3,M1,L1,L2
L2,L3,L1,L3,H1
L2,L3,H2,L2,L3
L2,H2,L1,L2,L3
L1,L3,L2,H2,L2
L2,L1,L3,L3,L3
L3,L1,L2,H1,L3
L1,M1,L3,H3,H1
L1,L2,L3,M1,L3
L1,L1,L2,L1,L3
L2,L2,M1,L1,L3
L2,H3,L2,M1,L1
L1,L3,H1,H3,H1
L3,H2,M1,L2,L2
H1,M1,H2,L3,L3
L2,M1,L1,L3,M1
H2,L1,L2,H3,L2
H3,L1,M1,L1,L3
L1,L1,M1,L1,L1
L2,H3,L1,L2,L1
L1,L2,L3,M1,L2
L1,L3,L1,H2,L3
H1,H3,L3,L3,L1
L3,L2,H2,L2,L2
L1,M1,M1,L1,M1
L1,L3,L3,L3,L3
L3,BN,L3,L2,L2
L1,L1,L3,L2,H3
L1,H3,L3,L2,L1
M1,M1,L3,L1,L2
M1,H3,L1,M1,H3
L1,L3,M1,L3,M1
L2,L3,L1,L1,L2
L2,L1,L3,L3,L1
H2,L1,L3,L1,L3
H3,H1,L2,H3,M1
M1,L2,L2,L3,L2
L2,M1,L2,L1,L2
H2,BN,L3,L1,M1
L2,L3,L3,L2,M1
L3,L2,L1,L3,H3
H1,L2,L3,L1,L3
M1,L3,L2,L3,H1
L3,L2,L2,L2,BN
H3,L3,L1,L2,H3
L2,L1,L2,L3,L1
L2,M1,H1,L3,M1
L1,L3,L1,L3,L1
H3,L3,L2,L3,L2
H2,H3,L2,M1,L1
L1,L3,L3,L1,L1
L3,L2,L2,L3,H3
L1,L2,M1,L1,L1
L2,L3,H2,L2,L2
L2,L3,L3,L1,H1
L1,L3,L2,L2,L1
L1,H2,L1,L1,H3
L2,L1,L1,L2,L1
M1,M1,H1,L2,L2
L3,L3,H1,L1,H2
M1,L3,L1,H2,L2
H2,L2,L1,L1,L2
L1,BN,H1,L2,L2
H3,H3,M1,L1,H3
H1,L2,L3,L3,L3
L1,L1,L3,L2,H2
H3,L3,L3,L2,H1
H2,H1,BN,H2,L3
H2,L3,H3,M1,M1
L3,L2,H3,L1,L2
L2,L3,H3,H3,L3
L1,H2,L3,H3,M1
H3,L1,L2,L2,L3
M1,M1,H2,L3,L1
L3,L2,L1,L1,H3
L3,L2,L2,L2,L2
L1,H3,H3,L1,L3
H1,M1,H3,L1,L2
M1,M1,L2,L3,L3
M1,BN,L2,L3,L3
L3,L1,H2,L1,L1
L2,M1,L2,L2,L3
L2,L2,L2,L3,L3
L3,L3,L2,L3,M1
L3,L3,M1,L2,L3
L1,L2,L3,M1,M1
L2,H1,L1,BN,L1
L2,L1,L1,L1,L1
L1,M1,L3,M1,L1
L1,L1,H3,L1,L2
L1,L3,L1,L2,L1
L1,L1,M1,L3,L2
H1,L2,L1,L2,L3
M1,M1,L1,BN,L3
L2,L1,L1,M1,L1
BN,L2,L2,H3,L3
L3,H1,L1,L1,L1
L2,L1,M1,L2,L2
H3,BN,L1,H3,L3
L2,L3,L3,L1,L2
L2,L2,L2,L1,L3
L3,L2,L3,H3,L3
M1,L3,L1,L1,H2
L1,L3,H3,L2,L3
M1,BN,L1,H2,L1
L3,H2,L3,L3,H3
L3,L3,BN,L1,H1
M1,L1,L2,L2,L1
H3,L2,H2,L3,L3
M1,L1,L1,H3,L3
L3,H3,L1,M1,L3
M1,L2,L1,H2,L1
M1,L2,L1,L3,L1
L2,L2,L3,L1,L2
L2,L2,L2,L2,H3
L3,L2,L3,BN,L1
L1,H1,L3,M1,L2
M1,L1,L2,L1,L2
H2,L3,L3,L2,L3
L3,L3,L3,L2,L1
L3,L2,L1,H2,L3
L1,H1,L2,L3,L3
H3,H3,L3,L1,L2
H2,L1,BN,H1,L3
L2,L1,L2,L2,M1
M1,L2,H1,L2,L1
M1,L2,L3,L1,L2
H2,L2,L1,L3,L2
H1,L2,L2,L2,L3
H2,L3,L2,H3,H2
M1,L2,L1,L2,L2
L3,L2,L2,H3,L3
H3,H1,L2,L3,L1
M1,L2,M1,L1,H1
H2,L2,BN,H3,L3
M1,L2,L2,L3,L3
H2,H3,L1,H1,H3
H3,L2,L1,L3,M1
L3,L3,L1,L1,L2
BN,L2,L2,L2,L3
L3,L1,L2,L1,H1
H2,L2,L1,L3,L2
H3,H1,H3,L2,L2
L2,H3,H2,H1,H1
H3,L3,L3,L2,L1
L1,L3,H2,L1,L1
L2,L2,L3,L2,L3
L3,L1,H3,L3,M1
M1,L3,L1,M1,L1
M1,M1,L3,H3,M1
L2,L2,L1,H3,H2
L1,H2,H3,L2,L1
L3,L1,L1,M1,L2
L1,L2,L1,L3,L3
H2,L1,L1,L3,L3
L1,L2,L1,L2,L1
L2,L2,L2,L1,BN
L1,BN,L3,L3,L1
L3,L2,L3,L1,L3
H3,GL,L2,L3,H2
L1,L3,L2,L1,L2
M1,H3,L3,L1,L2
M1,L2,L1,H1,L3
L1,L1,H1,L2,L1
L2,L3,M1,M1,L3
M1,L2,L1,L2,L3
L3,L1,L2,L1,L3
M1,L3,M1,L2,L1
L1,H3,L2,M1,L1
GL,L2,M1,L3,L3
H2,L1,H3,L2,L2
H3,H3,L3,H3,L3
M1,L1,H1,L3,L1
H1,L2,L3,L1,L1
L2,L3,L2,L3,H3
L3,L2,L1,H2,BN
L2,L2,L2,H3,L3
L3,H3,L1,L1,L3
L2,L3,M1,L3,L2
L2,L3,H1,M1,L3
L2,L2,L3,H2,L2
L1,H2,BN,L1,L3
L2,L2,H3,H1,H3
L3,H1,M1,H1,L2
H3,M1,L1,H2,M1
L3,L1,L2,L2,L2
M1,L3,L3,H3,L1
H3,H2,H3,M1,H1
L3,H3,L2,BN,H1
L2,L2,M1,L2,M1
M1,L1,BN,H3,H2
L3,L3,H2,H3,L3
L2,L3,L3,H2,L3
L1,L1,L2,L2,L2
L1,L2,L3,M1,L2
L1,L3,H3,L3,L3
H2,H3,L2,L2,L3
L3,H3,M1,L2,L1
L3,L3,L3,M1,L1
L2,L2,L3,H1,BN
H3,L2,L2,L3,L1
L3,H2,L2,L3,H1
H3,H3,L3,L3,L1
L1,H2,L1,L1,H3
H3,L1,L1,M1,L1
GL,H3,L2,L1,L2
L1,L3,L3,L1,L3
L2,H1,L2,H3,L3
L2,H3,L2,M1,L3
L3,L2,L3,L1,L3
M1,L1,L1,H2,H3
H2,L1,H2,L2,L3
L2,L3,L1,L3,M1
M1,L2,L3,L3,L1
L2,L2,L1,L3,H3
L1,M1,L3,H3,L2
L1,H3,M1,L2,L3
H3,L2,L2,L1,L1
H3,L2,L3,L1,L1
H1,L2,M1,L3,L1
M1,M1,L1,BN,L2
M1,L2,H2,L1,L1
M1,H3,M1,H2,H2
H3,L3,L2,H2,L2
L2,L2,M1,L2,H2
L3,L2,L3,L3,L2
L2,H3,L2,L3,M1
L1,H1,L2,H2,L3
L2,L3,M1,L3,H3
H3,L3,M1,H2,M1
L3,L3,L1,M1,M1
M1,L3,L1,L1,L2
L2,BN,L1,L3,L1
L2,L1,M1,L1,L2
L1,M1,L2,L3,L2
L2,L2,L1,L3,L3
L1,L3,L2,L1,L2
L3,L1,L1,H2,L2
L1,L3,L1,H2,H1
L1,L1,L1,L3,L3
L2,M1,H2,M1,L3
L2,L3,M1,H2,H2
L3,L3,L3,L3,L1
M1,L1,M1,H2,L1
L1,H3,H1,L2,GL
L2,L3,H3,M1,L3
L1,L2,L1,L3,L1
L2,L1,L2,H2,H3
L3,L2,L3,L3,L2
L2,H3,L3,L1,H2
L3,L1,M1,L3,H1
H3,BN,L2,L2,L3
L3,L2,L2,L3,L1
L3,L1,BN,L2,L1
L3,M1,L1,H3,L1
H3,L3,M1,H2,M1
L1,L2,L2,L2,L1
L2,L1,L2,M1,L2
L1,L3,BN,M1,L2
L3,L1,L3,L2,L3
M1,L3,L3,M1,L2
L3,M1,L2,H1,L1
BN,L2,L1,H3,H1
L2,M1,L3,L3,H3
L2,L3,L2,M1,L2
H1,L2,M1,BN,H2
H2,H2,L2,L2,L1
L3,L1,H2,L3,H2
M1,L1,L2,L1,L3
M1,H3,H3,M1,L2
L1,H3,L2,L3,H3
L1,L1,L2,H2,H1
BN,H3,L2,L3,L1
L3,L2,M1,H3,L1
L2,L1,M1,L3,M1
H1,L2,L3,L2,L1
H1,M1,L1,L1,H2
L3,L2,L3,L3,L3
H2,L3,L3,L1,L3
L2,H1,L2,L2,H2
H2,L3,H1,L3,L2
L1,L1,M1,H3,L1
H1,BN,BN,M1,H3
L2,L1,L1,M1,L1
L1,H1,L1,M1,L1
L3,L2,L2,L3,H3
H1,L2,L3,L1,M1
L1,H3,L3,L2,BN
H3,BN,L1,L2,L3
L1,L3,L3,M1,H3
L1,M1,H2,H3,L3
L3,H2,L3,L2,L1
L1,L1,L2,L1,L2
H3,L1,L1,L3,H1
L1,L3,L3,L2,L1
L3,M1,L1,L3,L1
L1,L3,L3,L1,L2
H3,H2,L1,L3,L3
L1,M1,L3,L1,H2
L3,L3,M1,L2,M1
L3,M1,M1,L3,L1
L1,L3,L1,L2,L1
L2,M1,H3,L1,L3
L3,L3,M1,M1,L2
L2,M1,H2,H3,L2
L3,L1,L3,L1,M1
GL,L3,H3,H1,H1
L3,H2,L3,M1,L3
M1,L1,L1,L2,M1
L1,L3,H2,L1,L1
L1,L2,L3,L3,L1
M1,L3,M1,L1,L2
L2,L3,L1,L2,L3
L2,L1,L2,L3,L2
M1,L2,L3,H3,L3
L2,L3,L2,L1,L3
L2,L2,H3,L2,M1
H3,H3,L2,L3,L2
L3,M1,L2,M1,L1
L2,L2,L2,L2,L3
L3,M1,L3,L1,L2
H2,M1,L2,L1,L2
L1,H3,L2,L3,L2
M1,L1,H2,L3,BN
L3,L3,M1,L3,L2
L1,H2,L3,M1,M1
L3,L3,L2,L2,L2
H3,L3,L3,H1,M1
L1,L3,H3,H1,M1
H3,H3,L1,L1,L2
H2,L1,L3,L2,H3
L2,L1,L2,L2,L3
H1,L2,M1,L1,L3
H1,L1,H3,L1,BN
L2,M1,L3,L1,L3
L2,L1,L3,L2,L1
H2,M1,L2,L1,H2
H3,M1,L2,L1,L1
L3,L3,L2,L1,H1
H2,L2,L2,L1,H2
L3,H3,L2,L1,L3
BN,L1,L2,H2,H2
L2,L2,H1,L3,L2
M1,L3,H3,L3,BN
L1,H3,M1,L1,L2
L3,L3,L3,L1,M1
L3,L2,L3,H3,H2
M1,BN,L3,H2,L2
L2,L3,L3,L3,H3
H3,L3,H2,H2,L3
L1,L2,L2,L2,BN
BN,L1,GL,L2,L2
L1,H3,L3,L3,L2
L3,L1,L3,L2,L3
L2,L3,H3,L1,L2
H1,BN,L2,L3,M1
L2,L3,L1,L2,L3
H2,M1,L2,L2,L1
H3,L1,L3,L3,L2
L2,H1,BN,H3,L2
L1,L2,M1,L3,L1
L2,L2,M1,L1,H1
L1,L2,L2,L1,L1
L3,L2,L1,H1,H1
L2,L2,L3,H3,L3
H3,L2,M1,M1,L2
L1,L3,L1,L2,H2
L1,L3,L2,M1,L1
L1,H3,L3,L3,M1
L2,M1,H3,M1,L3
L2,H2,L3,L1,L1
L1,L1,BN,M1,L2
H3,BN,L1,BN,L2
L1,L3,L3,L3,L1
L3,L2,L1,L3,L2
L1,L2,L3,M1,M1
L3,L1,H3,L1,M1
L3,L3,L1,L1,H1
L2,M1,H3,L2,L2
L1,L2,L3,L2,H3
L3,H3,M1,L2,L1
L3,L3,L1,L2,L2
L3,L3,L2,H3,L2
H2,L1,L2,M1,L1
L1,L2,L2,L2,L2
L3,L3,H1,H2,L1
L2,L1,L1,M1,L2
L2,H2,L1,M1,L3
M1,M1,M1,L3,L3
M1,BN,L1,L2,L2
L2,L2,H3,H2,H2
L1,L1,M1,L3,L1
L3,M1,L2,L3,L1
H2,L1,L2,L2,BN
M1,L3,L1,H3,L3
BN,L3,L2,H3,L1
L3,L1,L1,L1,L1
M1,L2,L2,BN,L2
L3,L3,M1,L2,H1
L3,L1,H3,L1,H3
L2,H1,H1,M1,H3
M1,H3,BN,L3,M1
L3,L2,M1,H1,H1
M1,L1,L3,L3,L1
L2,L2,L1,L2,H3
H2,H2,H3,L3,L3
L1,H1,L2,H3,L3
L2,L2,L2,L3,L1
H3,L2,L3,L3,L2
L1,H2,L3,L3,H2
L3,L1,L1,L1,M1
H2,H3,L3,L2,L1
L1,L2,H2,M1,L1
H1,L3,L1,L2,M1
L3,H2,L1,L1,L1
L1,BN,M1,L2,M1
L1,L1,L3,H3,L3
L1,H1,L3,BN,H2
L2,L1,L3,L1,L3
L3,L3,L1,L2,L2
L2,L2,L1,L3,L2
M1,L2,L1,L2,L2
L2,L2,L3,L1,L3
L2,BN,L3,L1,L3
L3,M1,H3,H3,L3
L3,L2,L3,H3,L2
L2,L1,L3,M1,M1
L1,H2,L3,L2,L3
L2,L1,L1,BN,L1
M1,L3,L3,L3,L3
L1,H3,L1,L2,L2
L3,BN,BN,L2,L3
L3,L1,H1,L1,H2
L3,L3,L2,L3,M1
L2,L3,H2,L2,L2
M1,L3,M1,L3,H2
L2,L1,L1,H2,L2
BN,L1,M1,L3,M1
H1,L2,M1,H3,L2
L3,H1,L2,H1,L1
L2,L2,L2,L2,L1
L2,L1,L2,BN,L2
H3,L2,L1,L1,L2
L2,L2,H2,H1,L3
L2,L1,L3,L2,L2
L3,L1,L3,L3,L3
L3,L1,L3,L1,L2
M1,M1,H2,M1,L2
L1,H2,L3,H1,L1
L2,L3,L3,L2,H2
H3,L2,L1,L2,L3
L3,L2,M1,L2,L1
L2,H3,M1,L2,L1
L1,M1,L2,M1,L2
L1,H1,H3,L3,L3
H1,H2,L1,L2,L2
L3,H3,L2,H3,L3
L1,L3,L3,L1,L2
L2,H3,L2,L1,L3
H3,L3,L2,L1,BN
H2,L2,L3,L2,L3
L3,H1,L1,H3,M1
M1,BN,H3,L3,L1
L1,L1,M1,L2,H2
L1,L1,M1,L2,H3
L3,L1,H2,L2,L2
L2,L2,L1,H1,L2
L3,L2,L1,M1,L3
L3,L3,H3,M1,L1
L3,L3,L3,H3,L2
L2,L1,L1,L2,H3
M1,L2,L3,H2,L2
L3,H2,L1,H1,L2
L1,L3,H3,H3,H3
H2,M1,L1,L1,L1
H2,H3,L3,BN,L3
H3,H1,L1,M1,L1
L2,BN,L1,L3,H2
L3,M1,H2,L3,L3
H3,L3,L2,H3,H1
H3,L1,L3,M1,H2
L1,L1,H3,M1,L1
M1,L3,L2,L1,L2
M1,BN,L3,L3,L2
M1,L3,L3,L3,H3
L2,L1,L1,M1,M1
L2,L1,L2,L3,L2
L2,M1,L1,H3,M1
L3,H3,M1,L3,H2
L2,L2,L2,L2,L2
L3,L2,H2,L2,H3
L3,L3,H1,H2,L2
L1,L1,L2,M1,H3
L1,H2,L1,L1,L1
L1,L1,L1,L1,H3
L3,H1,L1,L2,L3
L3,M1,M1,H3,L1
H3,L3,L2,M1,L3
L2,H3,L3,L2,H3
L1,L2,L1,L2,M1
L2,L2,M1,L3,L2
H2,H2,BN,L1,M1
L1,H3,L3,L3,L3
H3,L2,L2,L1,H1
L1,L3,H1,M1,H1
M1,M1,L3,L2,L2
L2,L3,L3,L2,L2
L2,L2,L1,M1,M1
L1,L3,L3,L2,H1
L2,L2,M1,L3,L3
M1,L3,H3,L1,L2
L2,M1,H3,L3,L2
L1,H2,M1,L1,L3
L3,H2,H3,M1,L3
L1,L3,L2,L3,BN
L3,M1,L2,BN,H2
L3,L2,L1,L2,L1
L3,H2,H2,L2,L1
L2,H3,L1,L2,L2
L2,M1,L1,L2,L1
H3,L3,H1,L2,L2
L2,L3,L3,H2,L1
M1,L1,H3,M1,L2
L3,L2,M1,L3,H3
H3,L3,H1,L2,L3
M1,M1,L1,L3,H2
L1,H3,L3,L1,L3
L2,L1,L3,L2,L3
M1,L1,L2,H3,L3
L2,L2,H3,M1,L2
H3,L2,L3,H3,M1
H2,L3,L1,L2,L3
L1,L3,L3,H2,H2
H2,L3,L1,L3,L3
L2,M1,L1,L1,L2
L1,M1,L2,L3,L2
L2,M1,M1,L1,L3
H3,L2,L1,H3,BN
L3,L3,L1,BN,M1
H2,L2,M1,L3,L1
M1,M1,L1,H3,M1
M1,BN,L1,L2,L2
H3,L3,L1,L2,L1
L1,H2,M1,H2,H2
L2,H1,M1,L2,L1
M1,L3,L3,H3,M1
H3,M1,L3,H3,L2
L1,M1,H1,L3,L2
H3,L3,L3,H2,M1
L3,H1,L1,L1,L3
M1,L3,L1,H3,L2
L1,H3,L3,M1,H2
L2,H3,L1,H2,L1
M1,H2,L3,H2,H3
L3,M1,L2,L2,L3
M1,H2,H3,L3,L2
L1,BN,L1,L1,L2
L3,M1,H3,M1,L1
L1,M1,L3,L3,L3
BN,L2,H3,BN,L2
L3,L1,H1,L1,L1
L3,L1,L2,H3,L3
M1,H2,L1,L3,H3
L1,H3,L2,L1,M1
L2,M1,L1,L3,H3
L2,L2,L3,L1,L2
L3,H3,BN,H1,H1
H2,L2,L1,L1,L1
H2,L1,L3,M1,H2
L2,L2,L1,L3,L2
L1,L3,H2,L2,L3
H2,M1,H3,BN,L2
L2,L3,L3,H2,L3
L3,H3,M1,H3,L3
L3,BN,L3,L3,L3
L1,L2,GL,L3,BN
L1,L1,L2,L3,L3
L3,H3,BN,L3,L1
L3,L3,L1,L2,M1
L1,L2,H1,H3,L3
L2,M1,H1,L2,H1
L1,M1,L1,L3,H3
L2,L2,L2,L3,L3
H3,L2,L1,L2,L1
L2,H3,L3,L1,L1
L1,L1,H3,L3,L1
L3,L1,H3,H3,L2
L1,L2,M1,M1,L2
L3,L2,L2,L2,H2
L2,L3,M1,L2,H3
L2,H1,L1,L1,L3
L2,L3,H1,L2,L1
L2,M1,L3,M1,H1
L1,L2,L2,M1,L2
L3,L1,L2,H1,L1
M1,L1,L2,L3,L2
L1,L3,L3,L1,H3
H3,H2,L1,L3,L3
M1,L3,L1,H3,L1
H3,L2,H3,L1,L3
L1,L3,L3,L3,L1
H1,H3,H3,L2,H1
L2,L3,M1,H3,L3
L1,L2,L2,H3,BN
L1,M1,L2,L1,M1
L2,H3,L2,L1,H3
L3,H3,L1,L1,H3
L1,M1,L2,H2,L3
L3,L1,L1,H3,H1
L1,L1,L3,L3,L3
L1,M1,M1,L1,L1
H2,L2,L3,L3,L2
H3,L2,M1,L3,L3
M1,L2,L3,H2,H3
M1,L2,M1,L2,L1
H2,BN,L1,L3,L1
L2,M1,M1,L2,L3
L1,L1,L3,H1,L2
L1,L2,L3,L3,H3
L2,L2,L3,L1,L3
L3,L2,H2,L3,L2
L2,L3,L1,L3,L3
L2,H2,L1,H3,L1
L2,L2,L2,L3,L1
H3,L2,L1,H3,M1
L2,L2,L3,M1,M1
M1,L3,L3,H3,L2
L2,L3,M1,L1,H3
L3,BN,M1,L2,L2
BN,M1,L1,L1,L3
L3,L2,L3,L2,L2
L1,L3,L1,L2,L1
L2,H3,L3,L2,L3
H3,L2,L2,L3,L3
L2,H2,M1,H2,L2
L1,L1,M1,L3,L1
H2,M1,H2,BN,L3
L3,L3,L2,L2,H3
L1,L2,L2,L2,L2
L1,L1,L2,L3,L3
L2,L2,L2,H3,L1
L1,L2,L3,H3,L1
L2,M1,M1,H3,H2
L1,L3,L1,L2,M1
L1,L2,L3,L2,L2
H2,L3,M1,H3,L3
L3,H1,H3,M1,L3
L2,L1,L2,L1,M1
L2,L3,L2,L1,L1
H3,L2,L3,L3,L1
L3,L1,L1,L3,M1
H1,L1,H1,L1,L1
BN,L3,L2,L2,L3
L2,L2,L3,L1,L2
M1,L1,L1,H2,L3
L2,L3,L3,L3,L1
L3,M1,L2,L3,L1
L2,M1,L2,L2,L2
L1,L2,L3,L1,M1
L2,L2,L2,L1,L2
H3,L2,L3,L3,L1
L1,H2,M1,L1,L1
L3,L3,M1,L3,L3
L2,H3,H3,L2,H3
H2,L1,H3,L3,M1
L2,L1,L3,L3,L2
L3,L2,L1,L2,L2
L3,L3,L1,H1,L2
H3,L3,L1,L3,L2
L1,L3,L1,L2,H2
L1,H2,L2,M1,L2
L2,M1,H1,L3,L3
L3,L2,H2,L2,M1
M1,H3,H2,H3,L1
L3,L2,H3,L1,L3
L3,L2,L2,L1,H3
H2,L2,L2,M1,H3
L1,L2,L2,H3,H3
M1,L3,L3,H1,L2
M1,L1,L3,L3,L1
L2,L3,M1,L1,H3
L3,M1,L2,L3,L2
L1,L1,L1,L1,L2
L2,L3,M1,BN,L2
L2,L1,L2,L3,H3
L1,L1,L2,H3,L3
L3,H3,M1,H1,L2
H1,L2,L1,M1,L1
L1,H3,L3,L1,L2
L1,L2,L3,L2,L1
L2,BN,L3,L1,L1
L1,H3,L3,H3,L1
L1,L2,L1,L2,L2
M1,L1,L3,H2,L1
H1,L2,H3,L3,L3
L2,L2,L2,H2,H3
L2,L1,L2,L3,L2
L1,L1,BN,L2,L3
L3,L2,L3,H2,H3
L3,L3,H2,L3,L2
L3,M1,L1,H3,H3
L2,L2,L2,L2,H1
L3,H3,H1,H2,L2
L3,L3,L1,H1,L2
L3,M1,L3,L1,M1
M1,H3,L1,H3,L1
H2,L3,L3,L2,L3
L1,L2,H3,H3,L2
H2,L3,M1,L1,H1
L2,L1,M1,M1,L2
L1,L2,L1,L2,L3
L2,L2,M1,L3,L1
L2,L2,L1,M1,L3
L2,L2,H3,L2,M1
H2,L3,H1,L1,L2
L3,L3,L2,H2,L2
L3,L2,L2,H3,L3
L2,L3,L1,L2,L3
M1,L2,M1,L2,H3
L1,L2,BN,M1,M1
H3,H1,L3,L2,L1
L1,L2,L2,L3,BN
L2,L3,M1,L3,L3
M1,L3,L3,H1,L2
L2,H1,L2,L3,H2
H2,L3,M1,L3,L1
L1,H2,L3,L3,L3
L3,L3,L2,H3,L3
L1,L1,L1,L3,M1
L2,L3,L2,L3,M1
L3,H1,L3,L1,L3
L2,L3,L3,H3,H2
L2,L2,L3,L1,L3
L3,L3,H3,L1,M1
L2,H1,L3,L2,L1
L1,M1,L1,M1,H1
L2,L1,L3,BN,L1
L3,H1,L3,L2,L3
L3,L1,L2,L3,L1
H2,L1,L3,H1,H3
L1,M1,L3,L1,L2
M1,L1,L2,L3,H1
H1,M1,L2,L2,M1
L2,L3,L1,L3,L3
L3,H3,H2,L2,H3
L2,L1,L3,L1,L1
H2,L3,H2,H3,H1
L1,L3,L3,L2,L3
L1,L2,M1,L1,M1
L3,L2,L2,L2,H2
L2,BN,L2,L3,L2
L1,H3,L2,L1,L3
L2,L1,H1,H2,L3
L1,L3,M1,M1,L3
M1,L3,L2,L3,H3
L3,M1,L2,L3,L3
L2,H1,L3,M1,L2
BN,L3,L2,M1,L2
H2,L3,L3,L2,L2
L3,L1,H3,L1,L1
L1,H3,L3,L3,M1
H2,L2,M1,L1,L3
L2,L2,M1,L1,H3
L1,H3,L3,L3,L3
L3,L1,M1,H2,M1
L3,H3,H2,M1,L2
L1,L2,L2,L3,H1
L3,H2,BN,L3,H2
L3,BN,L2,L3,H1
L3,L1,L1,L3,L3
L2,L2,L2,L1,L1
L3,L2,L2,M1,L1
L3,M1,M1,H1,L3
L2,L2,L2,M1,H3
H2,L3,L3,L1,L1
L3,L2,H1,L3,L1
M1,L1,L1,L2,L3
L1,L3,L2,L2,L3
H3,L2,M1,H2,H1
L1,L3,L1,L1,L2
L2,L3,L3,L2,L3
L3,L1,L2,L2,L2
H2,H1,H2,L1,L1
L1,M1,H3,L2,L3
L1,L2,M1,H2,M1
L1,M1,L3,M1,BN
L1,L2,L1,H1,H2
L2,H1,H1,M1,L3
L3,H2,H3,L1,L2
L1,H2,L3,M1,L1
L1,L3,M1,L3,H1
H1,L2,M1,M1,L3
BN,H3,L2,L3,L2
L3,H2,L3,L3,BN
M1,L3,L1,H2,L1
M1,M1,L1,L2,L3
L1,L3,L3,L2,L3
L1,H3,L1,L2,L3
L1,M1,L1,L3,L2
L2,H3,L1,L2,L3
L3,L1,M1,L3,L3
L3,L3,M1,M1,L2
L1,L1,L2,L2,L3
L3,L2,H1,M1,L1
L1,L2,M1,L2,L3
M1,M1,M1,M1,BN
L2,L3,H1,L1,H3
L2,L3,L3,L1,L2
L3,H1,L1,H2,L1
L2,L1,L2,L2,L1
L3,L2,L1,M1,H2
L2,M1,L3,M1,H1
H2,L2,L3,H1,L1
H3,L3,H2,L3,M1
L2,L2,L2,L1,L3
L3,H3,L3,L3,M1
L3,H1,M1,L2,L2
H2,L2,L1,H2,M1
L2,M1,L3,M1,L3
H3,L3,L1,H2,L3
L3,L3,L1,H3,M1
H2,L3,L2,L3,L3
L2,L2,L3,H1,M1
L2,H3,M1,M1,L1
L3,M1,L2,M1,M1
L1,L2,L3,L2,L2
H3,L2,L3,L3,L3
M1,L1,L3,L1,L2
L1,L2,L1,M1,L3
L1,M1,H3,L1,L1
H1,L1,H1,L3,M1
M1,L1,L1,M1,H2
L2,L1,L3,L3,L3
L1,L1,H3,H3,L2
L2,L2,H3,M1,L2
H1,L2,H3,M1,H2
H1,L1,H3,L3,L3
L2,H3,L3,H2,L3
L3,L3,H1,H3,L3
L2,M1,L2,L3,M1
H3,M1,L3,M1,L3
H3,L3,L2,L1,M1
L2,L2,L3,L3,L3
H2,L1,L2,M1,L2
L2,L2,H3,M1,L3
L2,BN,L2,L3,L3
L1,H3,BN,L1,H2
L2,H3,H1,L2,H3
L3,L1,L2,L3,L3
L2,L3,M1,L2,H1
M1,M1,L2,M1,L3
L3,L3,H3,M1,H1
L3,M1,L2,H3,L1
L1,L1,H1,L1,L3
L1,L3,L3,L2,L2
L2,L3,L1,H1,L3
L2,L3,H3,L1,M1
L2,L3,M1,L3,L2
L3,L1,M1,L3,L2
L3,L3,H1,L2,L2
L2,L1,H3,L3,L3
L3,L3,H3,L3,M1
L3,M1,L3,L2,L1
H2,L2,L2,L2,L2
L1,H2,L2,L2,L2
L3,L3,H1,L3,M1
L3,L2,M1,L3,L2
H2,L3,L2,L2,L1
L3,L2,L2,H3,BN
L3,L1,L3,M1,M1
L3,L2,L1,L1,M1
L2,M1,L1,M1,L3
L3,L3,M1,L2,L1
L1,M1,M1,H3,L2
H2,M1,H3,L3,H2
L3,L3,H3,L2,L2
H2,H1,L1,L2,L2
L1,L2,L3,L3,L3
L1,L2,L1,L2,M1
L2,H3,M1,H2,L3
L2,L2,L3,H2,H1
L1,L2,H1,H2,L1
H2,L3,L1,L3,L2
L3,L1,L1,H3,L3
L2,H2,L3,L3,L1
L1,L3,L1,L2,L1
L1,L1,L2,L1,M1
L2,L3,L2,L1,L2
L3,L2,L2,L3,L2
L2,H3,L2,L2,L3
L2,L1,L2,L3,L3
L2,H3,L2,M1,L3
L2,M1,L2,L2,M1
M1,M1,L3,L1,L3
L1,L3,L2,L3,L3
L2,M1,L2,M1,L1
M1,L3,L3,L3,BN
L1,L2,L3,L3,L1
M1,L2,L2,L2,H2
L1,H3,L3,L3,L2
L2,L1,BN,H3,L2
M1,H3,L3,L3,M1
L3,L1,L3,L3,L2
L1,L3,L2,M1,H3
BN,L2,L2,L1,L3
L1,L3,L3,M1,L3
L3,L2,L1,L3,L3
GL,L1,L2,L3,H3
L3,L1,L3,M1,L1
L3,L2,H2,M1,BN
L2,L1,H3,M1,M1
H3,L2,L2,L2,L3
L3,L1,L3,L1,L1
L1,L2,L1,H3,L3
L2,L3,M1,L3,BN
H3,M1,L3,L1,L3
L1,H2,L3,L1,H1
L2,H3,H2,M1,M1
H3,L3,L1,L3,L1
L3,H1,L3,H2,L2
H3,L1,L1,H3,H2
H3,H1,H3,L1,H2
L3,M1,M1,L3,L2
L1,L3,GL,L2,H2
BN,H2,L2,L2,L3
L1,H3,L1,H2,L1
L3,L1,L2,L3,L3
L1,H3,H3,L2,H2
L3,L2,L3,L3,L3
L1,H2,L3,H3,L2
L2,H1,M1,H2,L3
L1,L3,L1,L2,L3
L3,L2,L2,L2,L1
M1,H2,L3,BN,H3
M1,L2,H2,M1,L2
L1,H2,L1,M1,H1
L1,L1,L1,M1,L3
L1,L2,H2,M1,H3
L1,L3,L2,L2,L1
L1,L3,H2,H3,L2
M1,M1,L3,H3,L3
L2,H3,H3,H2,L2
L2,L1,L2,H2,L1
L3,L3,L3,M1,L2
H3,M1,L3,BN,H2
L1,L3,L2,L3,L1
L1,L1,L1,L3,L3
BN,H3,M1,L1,H1
M1,L3,M1,L2,H1
L2,H3,M1,L2,M1
L2,L2,L3,L2,M1
L1,L2,L2,L1,L1
M1,L1,BN,L3,L3
L2,L3,L1,H2,H2
L3,M1,L1,L2,L3
L3,H2,L3,L3,M1
L3,L1,L3,H2,M1
H3,L3,L3,M1,L3
L1,L1,L3,M1,M1
L3,M1,L1,L3,L3
BN,L1,L3,M1,H2
L2,M1,L2,L3,L3
L1,L3,H1,M1,BN
L2,L3,L2,L2,L1
L3,H3,L3,L1,L1
L3,BN,BN,L1,L2
L2,L2,L3,L3,L2
L3,H3,L2,L3,L3
L2,M1,L2,L3,H3
L2,L2,L1,H1,M1
L3,M1,M1,L1,L2
L3,M1,L2,L2,L2
L3,H2,L3,H3,M1
L1,L2,M1,H3,M1
L1,L1,L1,L3,M1
L3,L1,H2,BN,L2
M1,L2,L3,L1,L2
L2,L3,H2,H1,H2
M1,M1,L2,L1,H2
H3,L3,L2,L3,L2
M1,L1,L2,H1,L1
L2,H2,L3,L3,L3
BN,L2,L3,L3,H3
H2,L2,H3,L1,L1
L1,L2,L2,L3,H1
L2,M1,L3,H2,L3
M1,L3,BN,L2,M1
H2,M1,L2,L1,M1
H2,L1,H2,M1,GL
L1,L1,L3,L2,H2
L1,M1,H2,L3,L2
H3,L3,L2,L2,L1
L2,L2,H3,M1,L1
M1,L2,L3,L2,L2
H3,H3,L1,L1,L2
H2,L2,L3,H3,L3
H3,L1,L1,L2,L3
H3,L2,H3,L1,L1
L2,L3,L2,H3,L1
L2,L2,L2,H2,BN
L3,L2,L3,L1,L2
L3,L2,L2,L3,M1
H2,M1,L2,L2,L1
H3,H3,L3,L3,L2
L1,H2,H1,H3,L1
BN,L3,L2,L1,L1
H3,L3,L3,L1,L1
L3,H1,L3,L1,L3
L3,H2,L2,L2,H3
L3,BN,H3,L3,H2
L3,L2,L2,H2,H2
L3,L2,H1,L3,M1
L2,L1,M1,L3,H1
L3,L2,L2,L3,L2
L3,M1,H3,H1,H1
L2,L3,L2,L1,H3
BN,L2,L3,H2,L2
L3,L3,H1,L1,H3
L2,L3,L1,L3,L2
L3,L2,M1,L1,L1
L2,L3,H3,L2,L2
L3,L2,L1,L3,L1
L3,H3,L3,H3,L1
H3,L3,L1,L1,L2
H3,M1,L3,M1,L2
L1,L1,L3,H3,L3
BN,L2,L1,M1,H2
L2,L3,L1,H3,L3
L3,L2,L2,L1,L1
H3,H3,L1,H2,L1
L3,L1,L3,L3,H3
M1,L1,L3,L2,L3
L3,L2,H3,L2,L3
L3,L2,L1,L1,L2
L2,L2,M1,L1,L1
H3,M1,H3,L1,L3
L2,M1,H2,H2,L1
H3,L3,L1,H3,L2
L2,M1,L2,L1,L3
H3,L3,L1,L2,L3
H3,L3,L3,H3,L3
L3,M1,L2,M1,M1
L1,H3,H2,M1,L1
L2,L1,L3,L2,L3
L1,L3,L3,L1,L3
L1,L1,L3,H3,L1
L2,L1,L3,L3,H3
H2,L1,L2,L2,L3
M1,L3,M1,L2,L2
L1,L1,L1,L1,H2
H1,L1,L1,L2,M1
L2,L3,L2,L3,M1
L3,L2,H1,L2,L2
L1,L2,L3,L2,L3
L2,L3,L2,H2,L3
L3,L3,L1,L2,L2
L1,L2,M1,BN,H2
BN,L2,L1,L3,L3
L1,L3,M1,L3,L1
L3,L1,BN,M1,L3
L2,L3,L2,L1,L2
L3,L1,L2,L1,L2
L1,L1,L1,L3,L3
L3,L1,H2,L3,L1
L3,L2,H3,L3,L3
L2,L1,M1,L3,L1
L3,L2,L2,L2,L1
H3,L1,L1,L3,M1
L2,L1,L1,M1,L1
L3,L1,L2,L3,L1
L3,L1,L2,H3,L2
L3,L1,H2,L3,H3
L1,M1,L1,H3,H3
L2,L2,M1,L3,L3
L3,L2,H2,H1,L2
L2,L2,L2,L1,BN
L1,M1,BN,L2,L2
L1,L3,L3,L3,L1
L2,H3,L3,L1,L1
H3,L3,L2,H3,L2
L1,L3,L2,H2,M1
M1,L1,L3,L1,M1
M1,L2,L1,M1,L1
L3,M1,L1,M1,L3
M1,H3,M1,L1,L1
L3,L3,L2,L2,M1
L3,L3,L3,L1,L1
L1,L3,L3,M1,M1
L2,H2,L3,H3,BN
L3,L3,L3,L1,L3
L3,L3,L2,H2,H3
M1,L3,M1,H2,H3
L1,L3,L1,L1,L1
H2,H2,H3,L3,M1
L3,L1,L2,L3,L1
M1,L3,L2,L3,H3
L2,H2,L3,H2,L1
L2,BN,H1,H1,M1
L3,L2,L2,L3,L2
L1,H1,M1,H2,L3
H3,L2,L1,H1,H2
L3,L1,M1,L2,BN
L1,L3,L2,L2,L1
M1,BN,M1,L2,L3
L3,L1,L2,H2,L3
L3,M1,L2,L1,L3
L1,L3,L2,L3,H2
H2,L3,H2,L1,L1
L3,L3,L3,L3,L1
L2,H3,L2,L2,H1
H3,L1,M1,BN,M1
L2,L2,L3,L3,L2
M1,L3,L3,L2,BN
H3,L3,L1,H2,H1
H2,M1,L1,L3,M1
L2,L1,L3,L1,L3
L3,L2,M1,L1,H3
H2,L3,BN,L2,L2
L3,L3,L1,M1,H3
L2,L3,L2,L1,L1
H3,BN,L3,L2,L2
H2,L2,M1,L3,L1
H3,L1,M1,L1,L1
L1,L3,L2,L1,L2
M1,M1,L1,L3,L3
L1,H3,L2,L1,M1
L3,L3,L3,H2,M1
L3,L3,L1,L3,L2
L3,L1,H3,L3,L2
H3,L3,M1,L2,L1
L1,L3,L3,H3,L2
L3,L1,L1,L2,L2
L3,M1,L1,L2,M1
L1,H3,L2,H3,H3
L1,L2,L1,H3,L1
L3,L3,L1,M1,M1
M1,L2,L1,L2,M1
L3,L2,M1,L1,M1
L3,L1,M1,L3,L3
L1,H2,L1,H2,L2
H2,H2,L1,L2,H3
L1,L2,M1,H3,M1
H3,L3,L1,M1,GL
L2,H3,L1,L3,M1
H3,L1,H1,H2,L3
H3,L3,L2,L3,BN
L3,L1,M1,L2,L2
L2,L3,L1,L2,L3
L1,L2,L3,BN,L2
H1,L1,L2,L3,L2
H1,H2,L1,L2,H2
L1,M1,L1,L3,L3
M1,M1,L2,M1,L2
BN,L2,H2,L1,M1
L1,H2,L3,L1,L1
H2,BN,L3,L3,L1
H3,L1,L1,M1,L2
H2,L2,L1,L2,L3
BN,L2,L1,L1,L2
M1,L1,L1,L3,L3
H1,L1,M1,L2,H3
L1,L1,L3,L3,L3
L2,H3,H3,L1,L2
H3,H3,M1,L1,L1
L1,H1,L2,L2,H3
H3,L2,L2,H1,GL
L2,L3,H2,L1,L3
L3,L1,H3,H3,L3
L1,L2,L3,M1,L2
L1,H1,H2,L3,L3
L1,H2,L1,L1,L1
L3,H3,M1,M1,L2
L2,M1,BN,H3,M1
L2,L2,L2,L2,H2
BN,L2,L1,L3,L1
L1,L1,L2,H2,L1
L2,L1,L2,L2,L1
L2,M1,L3,L2,L1
L1,L3,M1,L3,BN
H2,L3,L1,L1,L3
L1,M1,H1,L2,M1
M1,L2,L1,L2,L1
L1,L2,L1,L3,L1
L3,M1,H3,L2,L2
M1,L3,H3,L3,L2
L2,L3,L2,H3,H1
L1,L2,GL,M1,M1
H1,L3,L3,M1,M1
L1,BN,L3,L3,L3
M1,L3,L2,L3,L2
L2,L2,L3,L2,L3
H3,L3,L3,L2,L2
L3,L3,L1,L1,L3
L3,H3,M1,L1,L3
L2,H1,L1,L3,L1
BN,L1,L1,H3,L3
L3,H1,L3,H2,L3
L1,L2,L2,L3,L3
L2,M1,H3,L3,L1
H2,L3,M1,L3,H3
L1,L2,L3,L2,H3
L2,H3,M1,M1,L3
L1,M1,L2,L1,M1
L1,H1,L2,L1,L2
L3,L1,M1,L3,H1
L3,H2,M1,L3,L2
L3,L2,H3,BN,L1
H2,L3,L1,L1,BN
H3,L2,L1,L1,L3
BN,L2,M1,L1,M1
L1,L1,L3,L2,L3
L2,L2,L2,L2,L3
L3,H3,L3,M1,H3
L3,L2,L1,L2,H3
L2,L1,L3,M1,L3
L2,M1,L2,H1,L1
H2,L1,L1,L3,L1
L1,L3,L3,M1,H3
H1,L1,L2,L1,BN
M1,L1,H3,H3,L2
H3,L2,L2,L3,L1
L3,L2,L2,H2,H3
H3,L3,M1,H2,L2
H1,L3,L3,L2,H2
L1,M1,L3,L3,H2
H3,L2,L2,L1,L2
L3,L3,L3,L1,M1
L3,L1,L2,L1,L1
L3,L3,L2,BN,L2
L3,L3,L3,H3,L3
L2,L3,H1,L1,L3
L1,M1,H3,L1,L1
H2,H2,H2,L1,L2
L3,L3,L2,L2,L1
M1,H1,H2,L1,L3
L3,L1,L2,L3,L3
L2,L2,L2,M1,L3
H3,L1,L1,L1,L3
L3,H2,L2,H1,L1
L3,L1,L2,L2,M1
L2,L2,L3,L2,L1
H3,H3,H3,L2,L1
L3,H2,L3,L1,L2
L2,L2,L1,H3,L3
H3,M1,GL,L2,BN
M1,L1,L3,L1,L3
BN,L2,L1,L2,L1
L3,L3,H3,M1,L2
L2,L1,L1,M1,L3
H2,L1,L2,M1,H3
L3,L3,L2,L2,L1
H3,L1,M1,L2,L2
L1,M1,L3,L3,L2
M1,L1,H2,H1,L2
L1,L3,L3,H2,L3
L1,L1,H3,M1,L2
L2,L3,L2,M1,L1
L3,L3,M1,L2,L1
L2,H2,H3,L3,L1
L3,L2,BN,BN,H3
L3,H1,L3,L2,L2
L2,L2,L3,L3,L3
L2,L3,L2,L1,L2
L3,L1,H1,L3,M1
M1,H3,M1,L1,H3
L2,L3,H3,M1,L1
L3,H2,L1,L1,L3
L3,L2,H1,BN,L1
L2,L3,L3,L2,L1
L3,M1,H3,L3,BN
L3,H2,L2,H1,L2
L2,M1,L3,L3,L2
L2,M1,L1,M1,L1
L3,M1,L3,L1,L2
H1,M1,L3,L3,L1
L2,L3,L3,L2,L2
H3,L1,L2,L3,M1
L3,L2,M1,L2,L2
BN,L3,L1,L2,H3
L2,L1,L1,L1,H3
H3,L2,H3,L1,L2
L2,H1,L3,L3,L3
L2,L2,L3,L2,L2
L3,H3,BN,L2,L1
L3,L1,L3,M1,L3
L3,L3,L1,L3,M1
L1,L1,H1,H2,L1
H3,L1,L1,L2,L1
H2,H2,L2,L1,L1
L1,L2,H2,L3,L2
H3,L2,L3,L3,L2
L2,M1,H3,L1,L1
L1,H1,BN,H3,M1
H1,M1,H2,L2,H3
L2,BN,L2,M1,L2
L1,H3,L1,BN,H1
L1,L3,L3,H2,L1
L2,L2,L1,L1,L3
L2,H2,L3,L3,L2
L3,L1,H2,L2,L3
M1,L2,L2,L3,H3
L3,L2,L3,L2,L1
L1,H3,M1,L2,H3
BN,L1,L1,H2,L3
L2,L3,L2,H2,L2
L2,L2,L3,M1,L3
L3,H1,H1,L2,L1
L3,L3,BN,L2,H3
M1,M1,L1,H2,L3
M1,L3,L1,H1,H3
H3,H3,L2,M1,M1
L3,H1,L3,L1,L1
L2,L1,L3,L2,L2
M1,L3,L2,L2,H3
L2,L2,L1,L2,H3
L1,L3,H3,L3,L2
L2,L3,L3,H1,L3
L3,L3,L1,L2,L2
L3,M1,L1,L3,L3
L3,M1,L1,H1,M1
H1,L2,L2,L2,H2
H2,L3,M1,L3,L1
M1,L2,M1,L2,L1
H2,M1,H3,L2,L3
L2,L1,L2,H3,L3
L3,L3,L3,H3,L2
H2,L3,L2,L1,H3
L1,L1,L3,L2,L3
L3,L3,M1,H3,L2
L1,H3,L1,L1,L2
M1,L2,L3,L2,L2
L1,L1,L3,L2,L1
H2,H3,L3,L1,L1
L1,L2,L2,L3,L1
L1,L2,L1,L1,L3
H3,L1,M1,H3,BN
M1,M1,H1,L3,L1
L1,M1,L3,H3,L3
M1,BN,M1,L3,L1
BN,L2,H3,L3,L3
M1,H2,L2,H2,M1
M1,M1,L1,L3,H3
M1,H3,L3,M1,L1
M1,M1,L3,H2,L2
L1,M1,L3,L3,L2
L1,L3,H3,L1,M1
H3,L3,L3,H3,L2
H2,L2,L3,L3,L3
L1,L1,L1,L3,H3
L3,L1,H3,H3,L3
L2,L3,H1,L1,L1
L1,L1,L1,L3,L3
H2,M1,H3,L2,L2
L2,L3,L1,L2,L1
L2,H3,M1,L2,L2
L2,L2,L1,L2,M1
H1,M1,L1,L1,H3
H3,L2,L2,L3,M1
M1,L3,L3,L2,BN
BN,H2,H1,L2,L3
L2,H3,L3,L2,L1
M1,L2,L3,L3,H2
L3,H2,L1,L2,H1
H2,L2,M1,M1,L2
M1,L3,L1,L1,L1
L2,L2,M1,L2,L3
L1,L3,L2,L3,M1
L1,H3,L2,H3,L1
L3,L3,L3,M1,L3
L2,L3,L2,L1,L3
M1,L2,L1,L1,L3
H3,L2,H3,L1,H2
L1,L2,H2,M1,L3
L1,L2,L1,L3,L1
H3,H3,M1,L2,L3
L1,H1,L2,L3,L2
L2,L1,L2,L2,L1
L3,L3,L3,L1,L2
L3,L1,H3,L2,L3
L3,M1,H3,L3,L1
H1,M1,L3,L1,L1
M1,H2,H1,L3,L3
L1,H3,L3,L2,L3
BN,M1,H3,L3,H2
L2,L3,L3,L3,H2
L3,H1,L3,L2,H2
L1,L2,L1,L2,L2
L3,L3,L3,M1,L2
L1,L2,M1,L2,H2
L1,L1,L3,M1,L1
L2,M1,L2,L1,L2
M1,L2,L1,L1,L2
L2,L1,L2,L2,L3
L1,L1,L2,L3,L3
L3,L2,BN,L3,M1
M1,L2,L3,L3,L1
H1,L1,L2,M1,M1
H3,L3,L2,L3,L2
H3,L1,L2,L3,L3
L1,L3,L2,L1,L1
L3,L1,L2,L1,L2
H1,BN,L1,H1,L3
L2,L2,L1,M1,H3
H3,L3,L1,L3,L2
L1,H2,L2,H3,L1
H2,L3,L1,H3,L3
H1,L3,L3,L1,L1
H2,L2,L3,H1,H2
H2,H1,L1,H3,L1
L3,L3,H3,L2,H3
L2,L3,L3,M1,L2
L1,L2,H3,L2,L3
L3,L3,L3,H2,L2
L2,H2,L3,H3,M1
L2,H3,L1,L3,M1
L2,H2,H2,L3,L1
L3,L2,M1,M1,L2
L1,L2,BN,L2,H3
L1,L1,L2,L1,H2
L3,L2,L2,L2,M1
L1,L2,L2,BN,L1
L3,L1,L2,L1,L3
L2,L2,L3,L1,L2
L1,L3,L1,L1,H2
L3,M1,L3,H2,H3
L3,L3,M1,L2,L2
L1,L1,L1,H1,H2
L2,L3,L2,H2,M1
L3,L1,L2,L3,L1
L1,L1,H2,H1,L2
L3,L2,L1,L1,L3
H3,H2,L1,M1,M1
L3,L1,BN,L2,H3
H1,H1,L3,BN,L1
M1,BN,L3,H3,M1
L3,H1,L2,L3,H2
L2,H1,L2,GL,L2
L3,L1,L1,L3,M1
BN,M1,L3,L2,L2
L1,H3,L3,L3,H2
M1,L3,L3,L1,M1
M1,H3,L3,L2,L2
L3,L3,H3,L2,H2
L2,L3,L1,L2,H3
L1,L1,L3,L3,H2
L1,L3,L1,L2,L3
L3,H3,L2,L3,H3
L2,L3,H2,H3,L3
L2,L2,L3,L2,L1
L3,L3,H2,L2,L3
L2,M1,L1,L2,H3
L1,M1,L3,L1,M1
L3,H3,L2,L3,L2
L3,L3,L1,H3,L2
L1,L3,L3,L2,L2
L1,L1,H2,H3,H3
H1,L2,L2,H2,L2
L3,L3,H2,H2,H1
L2,L2,L3,L3,M1
M1,M1,L2,L2,L3
H3,L2,H2,H2,L3
H1,L1,M1,L1,L2
L2,H1,M1,L2,L1
L1,M1,L3,L2,L3
L3,L3,L3,L1,H3
L1,L1,L1,L1,M1
L3,L1,L2,L1,L2
L2,L2,L2,H3,L1
L1,L3,L3,L1,L1
L2,H2,H1,M1,H1
L1,M1,L3,L1,L2
L1,M1,H2,L1,L2
L3,L3,L1,L1,BN
H2,H2,H3,H2,H3
M1,L2,L3,H2,L2
M1,H3,H1,L2,M1
L3,L3,H1,L1,L3
L2,L2,L1,L1,M1
L1,H2,M1,M1,M1
L2,L3,H3,L3,M1
L3,L2,L3,L3,H2
L3,L3,M1,H1,H3
L2,H2,L2,L2,L2
L1,M1,L1,M1,M1
M1,M1,H2,L3,M1
M1,M1,L3,L2,L1
M1,H2,L1,M1,L1
L3,H1,H3,L3,L1
L2,L1,L2,L2,L3
H3,L1,L2,L2,M1
L1,L3,H3,L2,H3
M1,L1,L3,BN,L2
L2,L2,L3,M1,L3
L3,L2,L2,H1,H3
L1,L1,L3,L3,BN
L3,L3,L1,L3,L3
L1,L3,M1,M1,L2
L2,L3,H1,L3,L2
L3,M1,BN,L1,L2
L2,M1,L3,L1,L3
H2,L2,L3,L2,L3
L3,H3,L3,L3,H2
L2,L3,L2,L3,L3
H2,M1,H3,H2,BN
L3,H3,L2,L1,L3
H2,L2,L2,L2,M1
M1,L3,L2,L2,H1
L2,L2,L1,L3,L3
M1,H3,L1,H2,L3
M1,L3,L1,L2,L3
L2,H2,L1,H2,H3
H2,L1,M1,L2,H3
L3,L2,H3,M1,H2
M1,L3,L2,L1,L2
L1,L2,L2,H3,L1
L3,L1,L1,L2,H3
L2,L1,L3,L3,L3
L2,L2,L2,L3,L3
L1,H3,L2,H1,L1
H2,H1,L2,BN,L2
H3,L3,H2,L1,H3
L3,M1,L3,L1,L3
L1,M1,L2,H2,L3
L2,L2,M1,L1,L3
L1,H3,M1,L3,L2
BN,H2,L3,L3,L1
L1,L2,L1,M1,L3
L3,L1,M1,L3,H1
M1,H3,L2,M1,M1
L3,H3,M1,L3,L2
L1,L1,M1,M1,L1
L2,H1,L3,H1,L2
L1,L2,L1,L2,M1
L3,L1,M1,L1,H3
H1,L1,H3,M1,L3
L3,L3,H3,H3,H3
M1,H2,L1,L1,BN
L3,L2,L3,H3,L1
M1,BN,L3,L1,L1
H1,L1,L3,L1,H3
L2,H1,L3,L1,H3
BN,L2,L3,L2,H2
L1,M1,L3,GL,L3
M1,L1,L1,L1,H1
L3,H3,H3,H3,L2
L3,H2,L2,L1,L3
L3,L3,M1,L3,L3
L1,M1,L2,L3,M1
M1,H2,H3,L3,L3
H3,L3,L3,H2,M1
L1,L2,L1,L1,H3
L2,L1,L3,H3,L3
L2,L3,L3,L3,L1
L3,L2,H1,M1,H2
L2,L1,L3,L3,L1
L1,L2,M1,L2,L3
L2,L2,L1,L2,L2
L3,L1,L3,M1,L2
M1,M1,L3,L2,H1
L1,L1,L1,H2,H1
L3,H3,L3,L2,H1
L1,M1,H1,L2,L3
M1,H2,L1,BN,M1
L3,L3,L3,H3,L1
L2,L3,L3,L1,L2
M1,L3,H1,L2,L3
L3,L2,L3,L2,L1
L2,L3,L2,L1,L2
L1,L2,L1,H2,H3
L2,L2,L1,M1,L3
L1,L3,H2,L3,H3
L1,L3,L3,M1,L3
L1,L2,L3,L3,H3
L3,L1,L1,L2,L2
M1,L3,L3,H2,L2
L1,L3,L1,BN,L1
H3,L3,L3,L2,L2
L3,M1,M1,L1,L3
L2,L1,L3,L3,M1
L3,M1,L3,H3,H2
H2,H2,L3,H3,L2
L1,L2,H2,L2,M1
M1,L3,L1,L2,L1
L1,L1,L2,L2,H3
L1,H2,M1,L2,L3
H3,L2,L2,L2,L3
L3,L2,L2,M1,L1
H2,L1,L3,H2,L3
L2,H2,L3,L3,M1
H2,L1,L3,H2,BN
L3,L2,L3,L1,L3
L1,L3,L1,L3,L3
H3,L2,L3,L1,L3
L3,H2,L2,L3,L1
L2,L2,H3,H3,L1
M1,H1,L2,M1,H2
L3,L2,M1,M1,H2
H2,L3,L2,L2,L3
L1,L3,L2,L1,L3
L2,L2,L2,L2,M1
H3,L3,L3,L1,L1
M1,M1,L3,M1,L1
L1,L3,L1,BN,L3
L2,L2,L1,L2,L3
L3,L3,H3,H2,L2
L3,H3,L1,H1,H3
L2,M1,L1,L1,L2
H2,L1,H2,L2,L1
L2,L3,M1,L2,M1
M1,M1,L1,L2,BN
L2,L1,M1,M1,M1
L2,L1,L2,L1,H2
L3,L2,L3,L3,H3
L1,L2,L3,H1,L3
L3,L2,H1,L2,M1
L2,H1,L1,L1,L1
M1,L3,H2,L2,L1
H3,L1,L2,L3,L2
L2,H1,L1,BN,L3
L3,M1,L3,L3,L3
L1,L2,L3,H3,L1
L3,H3,L1,M1,H3
L2,L1,L3,L2,L1
L1,M1,L2,L2,L3
M1,L3,L2,M1,L2
L3,L1,L1,L1,L3
L3,M1,H2,L3,H3
H3,L2,L3,L3,H2
L2,L2,M1,H2,M1
M1,H3,BN,L3,L1
L2,L1,H3,L3,L2
L2,H3,L1,L3,L2
BN,L1,L3,H3,L2
M1,L2,M1,M1,BN
L1,L2,H2,L1,H2
L2,L1,L3,H2,L1
H3,L3,M1,L3,H3
H3,L1,L2,H1,L3
L2,L2,L3,L3,H2
L1,M1,L3,H3,L2
L2,BN,L3,H3,L1
H2,H2,L1,L3,L3
H1,L1,L2,L1,M1
L1,M1,L1,L3,M1
H1,H2,L1,L1,L2
L2,L3,L3,H2,H2
L3,L3,H3,L1,L2
L3,L1,M1,L2,L2
L2,H3,M1,H1,L2
L3,BN,L3,M1,H2
M1,H3,L2,L1,M1
L1,L3,L1,L1,H3
L2,L2,L3,L2,M1
L1,L3,L3,H2,L3
L1,M1,H1,H3,L2
M1,H1,H2,H2,H3
L3,L3,H3,L3,M1
M1,H2,L1,L2,L3
H2,L2,L3,M1,L3
H1,M1,H3,L2,H3
L2,L2,H3,L1,M1
L3,L3,L1,L1,L3
L1,L1,L1,L3,L1
L2,M1,M1,L2,L3
L3,M1,L2,H1,L1
L3,L3,H1,L2,L1
L2,L3,L3,H2,L2
M1,H1,L1,L3,H1
L1,L2,H3,L3,H2
L1,M1,L3,L1,L3
L1,H2,H1,L2,L2
L3,H3,H1,L3,L2
L2,L2,L1,L1,H2
L1,H3,L3,H3,L3
L3,L2,H3,H1,H2
H3,H3,H1,L2,L3
L3,L2,M1,H2,L1
H2,H2,H2,M1,L1
L2,H3,L1,L1,L1
L3,L3,L3,M1,L2
L3,L2,BN,L1,L2
L3,M1,M1,L1,L1
H3,H3,L3,L2,M1
M1,L1,M1,L2,H3
M1,L2,L2,H3,H3
L3,L1,L3,L1,M1
L1,L1,M1,L1,L2
L3,H1,L1,M1,BN
L2,L1,H2,L3,L1
H3,L1,M1,M1,M1
L2,H3,L3,L3,L1
L1,L3,L3,L3,H1
L2,L3,M1,L3,L3
L3,L2,H3,L2,L2
H3,H1,L2,L1,L3
L2,L2,L1,L3,L1
M1,L1,L3,H2,L1
L3,L2,L3,L1,BN
M1,BN,M1,L2,L3
L3,L1,M1,M1,M1
L1,L3,L2,H1,L3
L3,L2,L1,H1,L3
L3,L1,L3,L2,L2
L1,M1,M1,L3,H2
L2,L1,L1,L3,L3
L2,L2,H2,L3,L2
H3,H1,L1,L2,L1
L3,M1,BN,L1,L3
L2,L2,L2,H2,L3
L1,L1,M1,M1,L3
L2,L3,L1,L3,H2
L3,L2,L2,L3,L3
L2,H3,L1,L2,L3
L3,L1,L3,L1,BN
L3,H1,BN,M1,L3
L3,L3,L1,L3,L2
L1,L2,H2,L3,L3
L3,L1,L3,H2,L3
L2,BN,H1,L3,M1
H3,L2,L1,H1,H2
H2,L2,H2,L3,H2
L3,L3,L3,BN,L1
L3,L1,BN,L1,M1
L1,L2,L1,L3,L3
L3,L3,H1,L2,L3
H1,L3,L2,L3,L2
M1,L1,L3,L2,M1
L2,H1,L2,L2,L2
BN,L3,H3,H3,L2
L1,L2,L1,M1,L2
L1,L2,M1,L2,L2
L1,L2,H1,L2,L2
L2,M1,L3,L3,L1
L3,L2,L2,L3,L3
M1,M1,H3,L1,L1
L3,L1,L3,L1,L3
L2,H2,H2,L3,L1
L1,H3,L2,L2,L1
L2,L2,L1,M1,L1
BN,H2,H2,L1,L1
H2,L1,L3,L3,L2
L1,H3,M1,H2,BN
L1,L1,L3,L3,L2
L2,H1,L3,H3,L3
L2,H3,L2,L2,H1
L1,L1,L2,L1,L1
L2,L2,M1,L2,M1
H3,L2,M1,L3,M1
H1,H1,L2,M1,L1
L1,L1,M1,L2,L2
L3,L3,M1,L1,L3
H1,M1,L1,L2,L3
L3,H2,L1,L3,L1
H1,L3,L2,L3,L3
M1,L2,L1,L2,H1
BN,L2,M1,L2,L1
L3,L2,L3,L3,L3
L3,GL,L3,M1,H3
L2,L1,H1,H2,L3
L3,L3,L2,L2,L3
L3,L2,L2,L3,M1
L2,L1,L1,H3,BN
L2,L2,L2,L1,H2
L2,H3,L3,L2,L2
L2,M1,L3,L2,H3
M1,L1,L2,L1,L3
L1,M1,L3,L1,H2
L3,L2,L2,H3,M1
H1,L1,H3,M1,L2
L1,H1,H3,L1,L3
BN,BN,L3,H2,L3
L1,L3,L3,H3,L3
H3,M1,BN,L1,M1
L2,L1,L1,L1,L2
L1,H2,L2,L2,H2
L2,L2,L3,L2,H3
L2,H1,H2,L3,L2
L3,M1,M1,L1,L3
H2,L2,M1,L2,L3
H3,H3,L2,H1,L1
L2,L2,M1,H3,L1
L3,L2,M1,M1,M1
L2,L1,L3,L1,L1
L2,L3,L3,L1,L1
L3,L3,L1,M1,H2
L1,L3,L3,L2,L2
BN,L2,L3,L3,L3
L2,H3,H1,L2,H2
L2,L3,L3,M1,L2
L2,L3,H1,L2,L1
L3,L3,L1,L2,L1
L3,H3,L2,L3,L2
L3,H3,L2,M1,L2
L3,H3,L2,L1,H3
L3,L2,H1,L3,L3
H2,M1,L3,L3,L2
BN,L1,L3,L1,H3
M1,L3,H3,L2,L1
M1,L2,L2,H2,H2
L1,L2,H3,H1,M1
L2,L2,L3,BN,L1
M1,L3,L3,L2,H2
M1,M1,L2,L2,L2
L1,L2,L2,H2,M1
L1,H3,L3,L2,M1
M1,L2,L3,M1,BN
M1,L1,BN,L2,L1
L1,M1,L1,L3,H1
L3,H3,L3,L2,L1
M1,L3,M1,L1,L3
L3,M1,H2,L3,L3
BN,L2,M1,M1,H2
L3,L3,L3,GL,L2
L1,L2,L2,L3,M1
L1,BN,L3,L3,L2
L3,L1,L1,L1,M1
H2,L3,L2,L3,L1
L2,L3,L3,L3,L3
H2,L3,L3,L2,L3
L2,L1,L2,L1,H2
H2,L1,H2,M1,L1
M1,L1,L3,L1,M1
L2,L3,L1,M1,L3
L1,H3,L3,M1,H2
L2,L3,L3,L1,L3
M1,H1,L2,L1,L1
L3,L3,L1,L1,L2
L3,L3,L3,L3,L1
M1,M1,L3,M1,L3
BN,L1,L1,L3,L3
H2,L1,H3,M1,BN
M1,L3,L2,L3,L3
H3,L2,L2,L2,L2
L2,L3,H1,M1,L3
L2,L3,H3,L3,L2
H2,L2,L3,L3,L2
M1,M1,L2,L1,L1
M1,M1,L1,M1,L3
L1,L3,L1,H3,L3
L3,L2,M1,H3,H1
M1,L3,L1,L1,L1
L2,M1,M1,M1,L1
H3,L1,H1,M1,M1
L3,M1,L3,L1,L2
L3,H1,L3,H2,L1
H1,L3,L2,L3,L3
M1,L3,H3,L3,L2
L2,L1,L1,L3,L2
L2,M1,L3,L3,L2
H1,H2,L3,L3,H2
L3,L1,L2,L1,L2
L1,L3,L3,L1,H1
H1,H1,L1,M1,L2
L1,L3,L3,L1,L1
L3,L1,L3,L1,L3
L1,M1,H2,L1,L2
L2,H3,L3,H3,L2
L3,M1,L3,H2,L3
L2,L1,L1,L2,H1
L1,H3,L1,M1,BN
L3,L1,H2,L3,M1
L2,BN,L2,L3,L1
L3,H1,H2,L3,H3
L3,L3,H3,M1,L3
L2,M1,L2,L3,L3
L3,H2,L2,L2,L3
L3,L2,H3,BN,L1
L1,L3,L1,M1,L2
L1,L1,H2,L2,L2
H3,L1,M1,L2,H3
M1,H1,H1,L1,L3
H2,L1,L3,L3,M1
L2,L3,H2,L3,L2
M1,L3,L1,L1,L2
L3,L2,L2,L2,L3
L2,L1,L1,L2,L1
L2,L3,L2,L1,L2
L3,L1,M1,H3,M1
BN,L1,L2,L1,L2
L1,H2,L1,L1,L1
L2,L2,L2,L3,M1
L3,L3,L1,L3,L1
H3,L3,L2,H3,L2
L1,M1,L1,L1,L2
L1,L1,H1,L2,H2
L3,L2,L2,L3,L2
H1,H1,L2,L1,H3
H2,L3,H3,L3,L2
L3,L2,L1,H2,M1
L2,H3,L3,L1,H2
H1,GL,H2,L3,L3
H3,L2,L1,L1,H2
L1,H3,L1,L3,L2
M1,L3,L2,L2,L3
L2,L2,L2,H3,M1
L1,H2,L2,H3,L1
L3,L3,L3,L3,H3
L2,L2,L2,H3,M1
M1,L3,L2,L2,L3
M1,L2,H3,L1,L1
L3,H2,L2,L1,L2
L1,L1,L2,L3,BN
L3,H2,H2,L3,L3
L1,L2,L2,L1,M1
GL,L2,BN,H2,H3
L3,L1,H2,L1,H2
L2,L2,M1,L1,M1
M1,L3,L3,L1,L1
L1,M1,H1,L1,L1
H1,L2,L2,L2,L3
L2,H3,L2,L1,L3
L2,M1,L1,H2,L3
L2,L1,L3,L3,L3
L1,M1,L1,L3,L1
L3,L2,L3,L3,L2
H3,L2,L2,M1,L2
M1,L3,L3,M1,L2
H2,M1,L2,L3,H3
BN,L2,L3,L3,H1
L1,H2,L1,L3,L1
L1,L3,L3,L2,L3
H2,L2,M1,L3,L2
L2,BN,L2,H1,L3
L3,H2,L2,L3,L3
BN,L3,H2,H1,H2
L1,L2,L3,M1,L1
M1,L3,M1,M1,M1
L1,L2,L1,L1,L1
L3,L2,L3,L2,L1
L2,L1,L3,M1,BN
L2,L3,H3,L2,L2
L1,L3,L3,L3,L3
H3,L2,L3,L3,L3
L3,L2,L3,L3,H3
L3,L1,M1,L1,H2
H3,L2,L1,L1,L3
L1,L1,L1,L3,H2
H3,H3,L1,L1,L3
M1,L3,L3,L3,L3
L1,L2,L1,L1,L1
L3,L2,H3,L3,H2
H1,L2,H3,H2,L3
L2,L3,H1,L3,L3
L3,H2,L1,H3,L1
L3,L2,L3,L1,H3
L1,M1,L1,L1,L3
H3,L3,L3,M1,L2
M1,L3,H3,L1,L2
L2,L1,L3,L1,L2
L3,H2,L1,L3,L3
M1,BN,BN,L1,L2
L3,L2,L3,L2,L2
L3,H1,H3,L3,H3
L1,L3,L3,L3,M1
L1,H3,M1,L3,L3
L3,L2,M1,M1,H1
L2,L2,M1,L1,M1
M1,L3,L3,L1,L3
L1,H3,H2,L3,H3
L3,L2,L3,L3,L3
L2,L2,H3,L1,L2
L1,L2,H3,M1,L3
L1,L2,L1,H3,BN
BN,L2,L1,L2,L2
L2,L3,M1,L2,L2
L3,L1,H2,L3,L2
H2,H3,H1,L1,L2
L3,L3,L3,L2,L1
L3,L3,L2,L2,L3
L1,L2,H2,L3,M1
L1,H3,L3,L3,L2
L1,L1,L1,L2,L3
L3,L3,L2,L2,M1
M1,L3,L1,L3,L2
M1,M1,L1,L1,H2
L3,L3,L3,L1,H3
L3,L2,L3,L2,L3
H3,L2,L1,H3,L2
L3,L2,L2,L1,L3
L3,H1,H3,L2,L3
GL,L3,H2,L1,L3
L3,L3,H3,L1,H3
L3,L2,L2,L3,L3
L2,L3,L3,M1,L3
L1,L3,L2,H3,L1
L3,L2,M1,H2,H3
L3,L3,L2,H2,L3
L3,L2,M1,H1,L2
H2,L2,L2,L3,L2
L2,L2,L1,H3,BN
L2,M1,L3,M1,L3
L1,L2,L2,L3,L1
L1,L2,L1,H3,L3
L2,M1,L3,M1,L2
BN,H2,L2,H2,H1
L1,L1,L2,L3,L1
L1,M1,L2,L3,L2
M1,L1,H2,L2,L1
L1,M1,L2,BN,L1
L3,L1,L1,M1,L1
L3,BN,L1,H3,M1
L1,L3,L3,M1,L3
L2,L1,L3,L3,L1
M1,L3,L3,L1,H2
M1,L2,L3,L2,M1
M1,L2,H2,H3,GL
L2,L1,H3,L2,M1
L1,H3,L1,L2,H2
M1,L2,L3,L2,L2
M1,L3,L2,L1,L1
L1,L2,L1,L2,L3
H3,H1,L1,M1,L2
L2,H2,L1,L2,H3
L3,M1,M1,H3,L1
L2,L2,L3,L3,L2
L2,L2,L3,L1,M1
L3,L1,H1,L1,L3
L1,L1,H1,L1,M1
H3,L1,L1,BN,L1
H3,L1,M1,L1,L3
H1,L1,L1,M1,L2
L1,L1,L2,L3,H3
H1,L3,L3,L2,H3
L1,L3,L3,L3,M1
L1,M1,L1,L3,M1
L3,L3,L1,L2,L3
H3,L1,H3,M1,H1
L3,L2,BN,L2,BN
L3,H1,M1,H3,L2
L2,L1,M1,L3,L2
M1,H2,L3,L1,L1
H1,H1,L1,L2,H1
L3,L3,L3,L2,H1
BN,H3,L2,M1,H2
L3,M1,H1,L3,L2
L2,H3,M1,L3,L3
L2,H3,L2,L3,H3
H3,H2,L3,H3,L3
L2,L3,H2,H2,L3
L3,H1,M1,L3,L3
M1,H3,L2,L3,L3
L1,H3,M1,L3,L1
L3,L2,L3,L3,H2
L2,L3,L3,H3,L1
L1,L1,M1,M1,L2
L1,L1,M1,L3,L3
H1,L3,L1,L1,L2
M1,L2,L3,L2,L3
L2,L1,L1,L1,L3
L1,L2,L3,L1,M1
M1,L2,L1,H2,L1
L2,L1,L1,BN,H1
M1,L3,L1,L2,L3
L2,L2,H3,L1,L3
M1,L3,L2,L2,L3
H2,L2,H2,L3,L1
L3,L1,H3,L2,L2
L2,L3,L2,GL,L2
L1,L3,L2,L3,L3
L2,H1,L3,L1,H3
H3,L1,L1,L1,L1
L3,L1,L2,BN,L3
L3,L3,H3,M1,H1
L3,H3,M1,L1,L2
L1,L2,L1,H3,M1
L1,L2,L2,L3,L3
M1,L3,L2,H1,L1
L1,H2,L2,H2,L3
L2,M1,L2,L3,L3
L1,L2,M1,L2,BN
M1,M1,L1,M1,L1
L3,L3,BN,L2,L3
L3,L2,L2,H3,L2
M1,L1,L1,L3,L3
L2,M1,L1,L2,L3
L2,M1,M1,L3,L1
M1,H2,L1,L3,L2
L2,L2,L2,L3,L1
H3,L2,L1,L2,L1
L2,L2,L3,L3,L2
L3,L3,L3,H1,L3
L2,L1,L1,L3,H2
H1,L1,H2,H3,M1
L3,L2,L3,H3,H3
L3,L1,L3,H1,H2
H3,L1,L3,H2,L3
H3,M1,L2,H3,H3
L3,L2,L2,L2,L3
H3,L2,L2,L1,H1
H1,M1,M1,L3,L2
H3,L3,L2,L3,L2
BN,H3,L3,L2,L2
L3,L3,H2,L1,M1
L3,H1,L2,L1,L2
H3,L2,L2,BN,M1
L1,L2,L3,M1,M1
L3,L1,L3,H1,L3
H1,L3,L2,M1,L2
L2,L3,L3,L3,H3
L2,H1,L1,L1,L3
L1,L1,L3,L2,L2
L3,L2,M1,H2,L1
L3,BN,L1,H1,L3
L2,L1,L2,L3,L3
L2,L3,L1,L1,L3
L1,L3,L3,L2,H3
L3,L2,L1,H3,L2
L2,L2,L3,L3,L2
H3,L1,L3,L1,H1
L1,L2,L1,H1,L3
L1,H2,L1,L2,L1
H1,H2,M1,BN,L3
L2,H2,L2,L1,L3
L2,L1,M1,L2,M1
L3,L1,H3,H3,L1
L3,L2,L3,L3,L1
M1,L2,M1,L3,L1
L3,L1,L2,M1,M1
L2,L2,L1,H3,L3
L2,L3,L3,L3,L3
L2,L3,L2,L3,L3
L1,L2,H3,L3,M1
L3,L2,L2,L1,L1
M1,L1,L3,L2,L2
H1,M1,H2,L1,L3
L2,L2,L1,L3,L2
L3,L2,H3,M1,L2
L1,L2,H1,M1,L3
H3,H2,M1,M1,H3
L2,L2,L1,L2,L2
L1,M1,L1,L3,L3
L3,L3,L2,L3,L3
H2,L2,H1,M1,L3
M1,L2,M1,L1,L1
L1,L2,L3,L3,L3
L2,L3,H3,L2,L1
H2,H2,L3,L3,H2
H3,L1,L1,L1,L3
L1,L2,BN,L2,BN
L3,L2,H1,L1,M1
L1,L1,L2,L1,L3
H1,H2,H1,L3,L3
L3,L1,M1,M1,H2
L2,L2,L1,H3,L1
L1,L3,L2,L2,M1
L2,L1,L3,BN,M1
L2,L2,L3,H3,L1
M1,L3,M1,L3,L2
L1,L3,L1,L3,L3
L3,H2,L2,M1,H2
M1,L3,BN,L2,H3
BN,M1,L3,L3,H3
L3,L1,H3,L3,L1
H3,H1,L1,L2,L2
L1,H3,L1,L2,L3
M1,L3,M1,M1,L3
L3,H2,M1,M1,L1
L3,L1,L1,M1,L2
L2,L2,L1,H2,L2
L3,L1,L1,M1,H2
L1,L3,H3,L3,M1
L3,L2,L3,H3,L2
H3,H2,L2,H2,M1
L3,L2,L2,L1,H1
L3,L3,L1,L2,L3
H3,L2,L2,L1,H3
H1,L3,M1,L1,L1
H2,L1,L3,L3,M1
L1,L3,H3,L3,H1
L1,H2,L2,L3,L3
H3,H3,H3,H1,L3
M1,L2,M1,BN,L1
M1,L3,M1,L3,L3
L3,M1,M1,L2,L3
L3,L1,L2,L3,H2
L1,H2,L1,L2,M1
BN,H3,M1,L1,L3
L2,L3,M1,H1,L3
H3,L1,L3,L1,L1
L1,L2,L3,L1,L1
L1,L2,H3,L1,M1
L2,M1,M1,L1,L3
H3,M1,L2,L3,M1
H3,L1,L2,L3,L1
M1,L1,H1,L3,L2
L2,L2,L2,L3,M1
L1,L3,L2,L2,L1
H2,L3,L2,L3,H1
L2,L3,H3,H3,L1
L1,L1,L1,L1,H3
M1,H3,L3,L3,H2
L1,L1,L1,L3,L3
L3,L2,L3,L1,H3
L2,L3,M1,L1,L2
H1,M1,M1,L1,M1
L3,L3,L3,L2,L2
L1,L3,L1,L1,H2
L3,L2,L3,L3,L1
M1,L3,L2,L2,L3
H3,L3,L2,L3,L3
H3,M1,L2,L2,L3
L1,L1,L2,H1,L2
L1,L1,L2,M1,H2
L3,L2,M1,H1,L2
L1,L1,L1,H3,H1
L3,H3,L1,L1,L2
L3,H3,L2,L1,L3
L2,L3,H3,L2,L3
L1,H3,H3,H1,L1
L1,H3,H1,L3,H2
H2,M1,L2,H3,M1
L3,L3,L3,L2,L3
L3,L3,L3,L1,L1
H1,L3,L1,M1,M1
L3,L1,L2,L1,L3
H3,L2,L3,L3,L2
L2,L1,H3,L2,L1
L3,L2,L3,L1,L1
H3,L2,L3,L3,L2
L1,M1,H2,L2,L3
M1,L1,H3,L1,L1
L3,L2,L1,L1,H1
L1,L3,BN,L2,L1
L2,L3,L2,L3,M1
L1,H3,L2,L3,L1
L1,H2,H1,L1,L2
L2,L1,L1,H2,L3
L3,L2,L1,L2,L2
H3,L1,L1,L2,L1
L3,H3,L1,L3,L1
M1,L1,L2,L2,BN
BN,L2,L1,H3,L1
L2,L2,L3,H3,L2
M1,M1,L3,L1,L1
L3,L3,L2,M1,L2
L3,M1,L2,L1,L2
M1,L2,L1,L1,L3
L2,H3,L3,L2,L1
L3,L1,L3,L1,H2
H1,M1,L3,H1,H1
L1,BN,L2,L3,L3
M1,H3,L3,L1,L1
L3,L2,L1,L2,L2
L1,L3,M1,L2,L3
L2,L2,L3,L3,L1
M1,L3,L3,L1,L2
M1,L2,L2,BN,M1
M1,L2,M1,L3,L1
M1,M1,L2,M1,H3
L1,M1,M1,M1,L2
L3,L2,L2,GL,M1
L3,L2,L3,L2,L3
L1,L2,L2,H3,L1
M1,L3,L3,L3,L2
L3,L1,M1,L3,L2
H2,H3,L1,L1,L3
L3,L1,M1,L3,L2
L3,L2,L1,M1,L3
L2,H1,L1,L2,L1
L3,L1,M1,L3,H1
L2,L3,M1,L1,L3
L3,L1,L1,H3,H1
BN,L2,L1,L2,L2
L1,L3,L1,L1,M1
L3,M1,L2,L1,L3
L1,L3,L2,L1,L1
L1,M1,L3,L1,H3
H2,L3,H2,L3,L2
M1,L3,L3,L1,L2
H2,M1,L2,L1,L1
M1,L1,L2,L3,L3
L1,H1,L3,H1,L3
BN,H2,L3,H3,L1
L3,M1,L1,L1,L1
L1,L3,L1,H1,H2
L2,L1,L2,L3,L2
L2,L2,L3,L3,M1
M1,L1,L3,H3,L3
L3,H1,L1,L1,L2
M1,L1,L3,BN,H3
L3,L2,L1,M1,L3
H2,L3,L1,L1,H3
L3,L2,H3,M1,L3
M1,L1,L1,L2,L3
L3,M1,H3,L2,L3
L2,L1,L3,H2,L1
L3,L1,BN,L3,L1
L3,L1,H3,L2,L1
H2,L1,H3,M1,L3
M1,L3,H3,L3,L2
M1,L2,L3,L2,L2
M1,L2,L3,L1,M1
L3,M1,L3,L2,L2
H1,H3,H2,L2,L3
M1,L2,H1,L1,L1
L3,L2,L1,M1,L1
BN,H3,L2,L3,L2
L1,L1,L2,L3,L3
L1,H1,L1,L3,L3
L2,L1,M1,L1,L1
L1,L1,L3,L2,L2
L2,L2,M1,L2,H2
BN,L3,H2,L3,M1
M1,L1,L2,M1,M1
L1,L2,L3,BN,L2
L3,M1,L2,H2,H2
L1,L1,L1,H1,L1
L2,H1,L3,L2,M1
L1,L2,L1,L2,L3
L1,L3,L3,H1,L1
H3,M1,M1,L3,L1
L1,L1,H3,M1,L2
H3,L1,BN,H3,L2
L1,L3,L1,L2,L1
L1,M1,L3,L1,L1
L1,H1,L2,H2,M1
M1,L2,L3,L3,L3
L3,L3,L3,L3,L2
L1,L1,M1,M1,L3
H2,L1,L2,M1,L3
L1,L3,M1,H1,H2
L3,L2,M1,L1,L1
L1,H3,L3,L3,L1
L1,H3,L2,L2,M1
L3,M1,L1,L3,M1
L1,L1,H1,L3,H3
L2,L3,L2,H2,L1
L2,L3,H1,L3,L1
H3,L1,L1,L2,L2
L1,H1,L1,M1,L3
L1,L1,L3,M1,L2
L2,L3,L3,M1,L2
L2,H3,H1,L1,L3
L1,L3,L1,L3,L1
H3,L2,L1,L3,L2
H3,L3,L2,L1,H3
L1,BN,H3,L1,H3
L3,H3,M1,H3,L2
L2,M1,L1,L2,L3
BN,L3,H1,L2,M1
L3,L1,H3,L1,L1
L1,L1,L1,L3,H3
L2,L2,H3,H3,H2
L3,H3,L1,L2,H1
L2,L2,L3,L2,L2
M1,L1,H2,H3,L2
L3,BN,L1,L3,L1
H1,L3,L1,L1,L2
L3,H3,L1,L2,L1
L1,L1,L3,L2,L1
H2,L3,L2,M1,L2
L3,BN,L2,L3,M1
H3,L2,L1,L3,M1
H1,L1,L1,H2,H2
L1,L1,H2,L2,H2
L3,L3,L2,L3,L3
H3,L1,L1,L2,L3
L1,L3,M1,L1,M1
H1,H3,H2,L3,M1
L3,L2,H2,L3,L3
M1,L3,L3,M1,L1
H3,L1,L3,L3,H3
M1,M1,L3,L2,L2
M1,M1,L3,L2,L2
L2,L3,L2,L2,L1
L3,L1,L1,L2,L3
L1,H2,L3,L2,L2
L1,L1,L3,L2,L2
L3,L3,L3,L1,L3
L2,L3,BN,L2,L2
L3,L3,L1,L3,L3
L1,L3,L3,H3,H2
L2,L2,H1,L1,L2
M1,L3,L3,H3,L2
M1,L1,L2,H3,L1
M1,L2,L2,L2,L1
H3,L3,L3,L2,M1
H2,L3,M1,L1,L2
L3,L2,L1,M1,M1
H2,L3,H2,H2,M1
L2,L2,L1,L1,L2
L1,H1,H3,H2,L2
GL,L1,L2,L2,L2
L2,M1,L3,L2,L3
H2,L3,L3,L2,M1
H1,L1,H3,H1,L3
L1,M1,L3,L3,L1
BN,M1,H2,L1,L3
H2,H3,L3,H3,L2
L1,M1,L3,L1,L2
L3,L2,L3,L3,L3
M1,L1,H1,L1,L2
L3,L3,L1,L1,L3
L2,H1,H3,H1,M1
L3,L3,L2,L1,M1
L2,H3,L2,L1,BN
M1,M1,L2,L2,L1
L2,H1,L1,L1,L3
M1,L1,L3,L1,L2
H1,L3,H2,L2,L3
H3,L3,BN,L1,L3
L1,L1,L2,L1,L3
L2,L1,H3,H2,H3
L2,H2,L1,L3,H1
L2,L3,H2,H3,L3
L1,L1,L2,M1,L3
H3,H1,L2,L2,L3
L2,L3,L3,L1,BN
L3,L1,M1,M1,M1
L3,L3,BN,L3,L1
L1,M1,L3,M1,L2
L2,L3,L2,H3,L3
M1,BN,GL,L3,L2
L2,L1,L3,H1,L3
L1,L3,L3,L2,H3
L3,H2,L2,H1,L1
H3,L2,L1,H3,H2
L2,L3,H3,L3,L2
L2,L2,M1,L3,L1
M1,L2,H2,L3,L2
L3,L2,L1,BN,L1
L2,L3,H3,L2,L1
BN,M1,L2,H2,L2
M1,L1,H3,L2,L3
L3,L3,L3,L3,M1
L3,H2,L1,H3,GL
L1,H3,L3,L3,L2
L3,L3,L3,L2,L1
L1,M1,L2,H3,L3
L3,H2,L1,L1,L2
L1,L3,BN,L2,L1
L1,H2,L2,L3,BN
L1,H1,L2,H1,M1
L2,L3,M1,L2,L2
L1,L3,M1,L3,L3
L3,L3,L1,H3,L2
H1,L3,L2,L2,H3
L3,L2,L1,L3,L3
L1,H1,L3,L3,L1
H3,H2,M1,H1,L1
H1,M1,L3,L1,M1
L1,L3,H3,L1,M1
L2,H3,L3,L2,L3
H3,L2,L1,L2,L3
H2,BN,L3,L3,L3
L2,L3,L2,L1,BN
L3,L2,H3,L3,L3
L1,L1,L1,L2,H3
L1,L1,H3,L2,L2
L3,BN,L3,L3,L3
H2,L3,L1,L2,L3
L3,H3,M1,L3,H3
L2,M1,L3,H2,L3
M1,L2,M1,M1,L3
L3,M1,L3,L3,H1
L3,L1,L3,L3,M1
L3,M1,L2,H3,L1
L3,L2,M1,L3,L1
L1,L2,L1,L2,L3
H3,L1,H3,L3,H1
L2,L1,H2,L1,L1
L3,L1,L3,L2,L2
L3,M1,L2,L3,L1
H1,L2,L1,L2,M1
L3,M1,L3,L1,L1
L1,L1,L3,M1,L3
H2,H3,H2,H3,L2
L3,L2,L2,L2,L2
L3,L1,L3,L2,L1
L1,L3,L2,H2,M1
L2,L3,L3,L3,M1
M1,L1,L1,L2,L2
L2,L2,L2,M1,H2
L3,L3,L2,H1,L3
L1,L2,H1,M1,L3
L2,L1,L2,L3,L2
M1,L1,L2,L1,L3
BN,L3,L1,L3,H2
H1,L3,M1,L1,M1
L1,L2,L3,H3,L1
L2,H3,H3,L1,H2
M1,L1,L1,H3,L1
L3,H3,L1,L1,L3
L1,H1,M1,L1,H2
L2,H3,L3,L2,L1
M1,L3,M1,L2,L3
L2,L2,L1,L1,L2
L1,L2,L3,L2,L3
L2,L2,L3,M1,H1
L3,M1,H3,L1,M1
H3,L1,H3,H3,H3
L3,H2,L2,L3,BN
L2,H1,M1,H3,L1
L2,L3,H2,L3,L2
L3,L3,L2,L2,H1
L1,L1,M1,H2,M1
H3,BN,L3,L2,L2
L1,M1,L3,L2,M1
L1,L3,L2,H3,L2
M1,M1,L3,M1,L3
L2,L2,L2,L1,L3
BN,L1,M1,L3,L2
L2,H3,L3,L3,L1
L3,L2,L3,L3,H2
L2,L2,L1,L1,L3
H2,L2,L2,L1,H3
M1,L3,L2,L2,BN
L2,L1,H1,L2,L3
L1,L2,L2,L2,L2
L2,L3,H3,M1,H2
L2,L3,L1,L2,L1
L2,L3,BN,L2,L1
L2,L2,L1,L1,L3
L3,L2,L2,M1,L3
H3,L1,H2,M1,M1
L1,L1,L2,L2,L3
BN,L3,H1,L2,L1
H1,L1,L2,H1,L3
L3,L3,H3,L2,M1
L1,M1,L2,L3,L1
H3,H3,H3,M1,L2
M1,BN,L3,L3,H3
L2,H2,M1,L3,L3
L3,L3,L1,L1,H2
GL,L2,L2,L3,H3
L1,H1,L2,M1,H2
M1,L3,L2,L1,M1
L2,H3,L2,M1,GL
H3,H2,L1,H1,L1
H1,L2,L3,L2,L3
BN,L3,M1,M1,H3
L2,H3,M1,L3,L1
L1,M1,L3,L1,L2
L3,L2,L2,H3,M1
L2,H1,L3,L3,M1
L2,L3,H1,L3,L1
L1,M1,GL,L1,L3
L1,L3,L1,L3,L2
H3,L1,M1,L3,L2
L3,L1,M1,L3,M1
M1,H1,L3,H3,M1
H1,L3,L3,L3,M1
BN,L1,M1,L3,L1
L2,L3,L1,L3,L2
H1,BN,L2,L2,L2
L1,L1,L2,L3,L1
M1,L3,L1,L3,L2
H2,L1,M1,L3,L3
L2,L3,L1,L2,H2
BN,L2,H3,L3,L2
L2,M1,BN,L1,H2
L1,L3,L1,L2,L3
H2,L3,H2,L2,L3
L2,L1,H3,L1,H3
L3,L3,L3,L1,L2
L3,M1,H3,L1,M1
H2,L1,L2,L3,M1
H2,L1,L1,H3,L1
L2,H1,H3,L3,L3
L2,L3,L1,L2,H3
L2,L2,L2,L1,H2
L2,L3,L1,L1,L1
GL,BN,H2,M1,H1
L1,H2,L1,L2,L3
H2,L3,L2,L3,BN
H1,L2,M1,L2,L2
L2,H3,L2,BN,H2
L1,H2,L1,L1,L2
L1,L3,L3,L2,M1
M1,M1,M1,L3,L3
M1,M1,L2,L2,L3
H2,L3,H3,L2,L3
L2,H2,L3,L2,L3
M1,M1,L3,L1,M1
L1,L2,L3,L1,L3
L3,L1,H3,L3,L3
L3,BN,L1,M1,L2
L3,L1,H1,L1,L1
L1,L1,H2,L1,L3
BN,M1,L3,L3,M1
L3,L1,M1,H3,H3
L2,L2,L1,L2,L2
L3,L3,H3,L1,H3
H3,L3,H2,H3,M1
L2,H1,L1,L2,L2
L3,L1,L1,L1,M1
H3,L3,H1,L1,L2
L2,M1,L3,H1,L2
H2,L1,H3,L3,L3
L1,M1,L3,H3,L3
L3,L2,L2,L3,L2
L3,L3,H2,L1,L1
L3,L2,M1,L1,H1
M1,L3,L3,L2,L3
H3,L2,L1,L1,M1
L2,L2,L3,L2,L2
BN,L1,H3,H1,L2
L3,H3,H3,L2,L3
M1,BN,L1,M1,L2
L3,L2,M1,M1,L2
L3,L1,L1,L2,L3
L2,L3,M1,L1,L1
L3,L2,L1,L1,H3
L2,L2,L2,L1,L3
L2,M1,H3,L1,L2
L3,M1,L3,L1,L1
L3,M1,M1,H3,L1
H1,M1,L3,L2,L3
L3,L3,M1,L3,L3
L2,L3,M1,M1,M1
L3,L3,L2,L2,L3
L2,L3,H3,H2,H3
M1,L2,H1,L2,L3
L1,L3,L3,L2,L1
L3,L1,L3,L3,L2
L3,L2,L3,M1,BN
L2,L1,H2,H3,L3
L3,L1,H3,L3,M1
L3,L1,L2,L2,L1
L2,L2,BN,L2,L2
L1,L2,H3,L2,L1
L2,L3,L2,L3,L2
L3,BN,H1,L1,H3
H1,L3,L1,L2,H3
H2,L3,L3,M1,L2
L3,L3,H3,L1,L3
L1,M1,H3,L3,L1
H3,M1,L2,L3,L2
H2,L1,L1,L1,H2
L2,BN,L2,L3,L2
L1,H1,L3,L3,H3
L3,H3,L1,L3,L2
M1,L3,H1,L2,L2
L3,M1,H1,L1,L1
L1,L3,M1,L3,L2
L2,L2,L1,L2,L2
L1,H2,GL,L2,L3
H2,L2,L2,H3,L3
L2,M1,H3,L3,L3
L3,BN,L3,L1,H2
M1,H2,L3,GL,H2
L2,M1,L3,L3,L2
L3,L3,L1,L2,L3
H3,L2,L3,L1,L3
L1,L3,L3,L1,L3
L1,L3,BN,M1,L2
L1,H2,L3,L1,L2
L1,L2,L2,L3,L3
H3,L2,L3,L3,L3
L3,L2,L2,M1,M1
M1,H3,H2,H3,L2
L1,L2,BN,L2,L2
L3,H2,H1,L2,H1
M1,M1,L3,L3,H3
H2,L1,L1,M1,BN
M1,BN,M1,L3,H1
L2,L1,L1,BN,L2
L2,H3,L2,L2,H2
H1,L2,L1,L2,M1
H1,L2,H2,L3,L1
H3,L3,L3,L3,H1
L1,H2,H3,M1,L1
L1,H3,L2,H1,L2
L1,M1,H1,BN,L3
L1,BN,H2,M1,L3
L1,L2,L2,L1,L2
H3,M1,L3,M1,L3
L1,L3,L3,L1,L3
L2,L3,L3,L3,L1
L3,L1,H3,L2,H3
L1,L2,L1,L1,L2
L2,M1,L3,L3,L1
L2,L2,M1,L1,L2
L2,M1,L1,L3,L3
L2,L1,L2,L3,L2
M1,BN,L3,L1,H1
L2,L3,L1,L3,L1
L1,L3,L3,H3,M1
L1,L3,L1,L2,BN
L2,L1,H1,L1,L2
BN,M1,L2,H3,L2
H3,M1,L3,L1,L1
L2,L2,M1,L1,L2
L1,M1,L1,L3,L1
L3,L2,L1,H2,H2
L3,L1,H3,L2,H2
H3,L2,L3,BN,L3
M1,H3,H2,L1,L3
L2,L2,H3,L3,L2
L2,H1,L2,L3,L2
H2,L2,BN,L3,L2
H2,L1,L3,H2,L1
L1,L1,L2,H3,L2
M1,M1,L3,H3,H1
H3,L1,L1,L1,L1
L3,H2,L3,L3,L2
L3,L2,L3,L1,L3
L3,L2,L1,L1,L3
L2,H3,L3,L2,H3
L2,L3,L3,L1,L3
L2,L3,L2,L2,M1
L1,L2,L2,H2,L2
H3,L2,L2,L2,L1
L2,H2,H3,L3,L3
L3,L3,L3,M1,L2
H1,L1,H3,L2,L3
H2,H1,L1,L2,L3
H3,H2,L2,L2,L2
L2,L2,L3,H3,H3
L3,L3,L2,L2,L1
M1,L2,L2,H3,H3
L1,L2,L2,L2,H3
L3,M1,H3,H3,H2
H3,H3,L2,M1,L3
L3,M1,L1,H1,H1
L3,H1,L3,L1,L3
L2,L2,L1,L1,L3
BN,L1,M1,L3,M1
L2,H3,L3,L3,L2
M1,H2,L1,H1,L1
L3,L1,L2,H2,BN
M1,M1,L3,BN,M1
L1,H2,L2,L1,L3
L2,L2,L2,L2,L3
L1,H3,L2,L3,M1
H1,L3,GL,L1,L2
L1,L2,L3,L3,L1
L3,L3,L2,H2,L3
L2,H1,L3,L1,BN
L1,L1,L2,M1,L3
M1,L1,H2,L2,L3
H3,L2,L1,L2,L3
L2,L1,L1,L2,M1
L3,L2,L3,L2,L2
L1,L1,M1,L2,M1
L2,L3,H2,L3,L2
H1,L1,L1,L3,L2
H2,L2,L2,M1,BN
L3,H2,H3,L2,L3
L2,L1,L1,L2,L2
BN,L2,M1,M1,L2
L2,L1,L2,L3,L3
M1,L3,L2,L2,L1
L2,L3,H2,L3,M1
L1,L1,H3,M1,L2
H1,BN,L1,H2,L2
M1,H2,H3,H3,H3
L2,L3,L3,M1,H3
L3,L2,M1,M1,L3
L3,H3,L3,BN,H3
L2,M1,H1,H1,L3
L2,L3,H2,L1,L1
L2,L2,L1,L3,L2
L2,L3,H3,L2,L2
M1,L2,L3,L2,L3
M1,L3,BN,H3,L2
H3,L2,H2,L3,L2
M1,BN,L3,L3,L1
H2,L2,L2,L1,H3
H1,L3,M1,L1,M1
L3,L3,M1,L3,H2
H2,H1,L2,M1,H3
BN,L3,H3,L3,L3
L1,M1,L1,L1,L2
L1,BN,L1,H3,BN
L3,M1,L1,L3,H3
L2,L1,L3,L3,L3
L2,L2,L3,L1,L1
M1,L1,L3,L1,M1
L1,L1,L3,L2,H2
L1,L1,M1,H3,BN
H3,M1,L1,L1,L3
H3,L3,H1,L1,H1
L3,L1,L1,M1,L1
L3,H3,L2,H3,L3
L3,H3,H2,L3,M1
L1,L3,M1,L3,L1
L2,L2,H2,L2,L3
L2,BN,L1,L3,H2
L3,L3,L3,H3,L1
L2,L1,H1,M1,L1
L3,H2,L2,L1,H1
L2,L1,L1,L3,H3
L2,L1,M1,L1,H3
L2,L2,L2,L1,L2
H3,BN,L3,L1,L2
L2,M1,L2,L3,M1
L3,H2,L2,L1,L3
L3,H3,L2,L1,L3
M1,H3,M1,L3,L2
L1,L2,L2,L2,L3
L3,L1,L2,M1,H3
M1,L1,L3,H2,H2
L2,L3,L1,L2,L2
H2,M1,L3,L1,M1
L2,L1,H3,L3,M1
H3,L3,L3,L1,H3
H1,L3,M1,L2,L1
L2,L3,L3,M1,L3
L3,L2,M1,L3,L3
L1,L3,L3,M1,L2
L3,L3,L3,M1,L3
H3,L1,L3,L2,L3
L1,L1,L3,L1,L2
L3,L3,L3,L3,L2
L1,L1,H2,L2,L1
BN,L2,L1,L2,H1
L3,H3,L2,L1,L2
L3,L1,L1,L1,L3
H2,L1,H3,GL,L3
M1,L2,M1,H2,L2
H2,H3,H2,L3,H3
L2,L2,M1,L1,H2
L3,M1,M1,L1,L3
BN,L1,H3,GL,L3
L1,L2,L2,L1,H3
L2,L1,L3,L3,L1
L1,L1,L3,L3,BN
L2,L2,M1,L1,M1
L3,L3,L2,L2,L1
L1,H3,L1,L2,L2
L1,H1,L2,M1,M1
L3,L3,L1,L2,H3
L3,L1,BN,L3,L3
L1,H2,L3,L1,L3
L3,L2,H1,L3,L1
L2,M1,L1,M1,M1
M1,L3,L1,H1,L3
L2,L2,L2,L1,L1
L2,M1,L1,L2,H3
L2,H3,H2,H1,L2
L1,L2,BN,L2,H1
M1,H3,L3,M1,L2
L3,L1,L1,L3,H1
M1,L2,M1,L3,L2
L1,L3,L1,L2,BN
L2,M1,M1,M1,L3
L1,L2,L2,L3,M1
H2,L2,L1,L2,M1
L2,L3,L2,L3,M1
L2,H3,L2,H2,H3
L2,L3,L3,L2,L3
L1,L3,BN,M1,L2
L1,H2,L3,L2,L1
L3,M1,L3,L3,L2
L2,L1,H2,M1,H1
L1,L1,L3,L3,H3
L3,H3,L3,L3,L1
L1,L1,L2,L1,L1
L1,M1,H2,L1,L2
L3,L1,M1,L1,L3
L3,L2,M1,H2,L2
BN,L2,L3,L2,M1
L1,L1,L1,L2,H2
L1,L1,L2,H2,L1
H3,L1,L3,L3,L3
L2,L3,H3,L1,H3
L2,L3,M1,L3,L2
L3,L2,L3,L3,H1
L2,L2,M1,L2,L2
L2,BN,L2,L3,L3
L2,L2,L1,L3,L1
L2,L3,M1,BN,M1
BN,L3,L2,H1,H2
M1,L2,M1,L3,L3
L1,M1,L3,L1,L2
M1,H1,L3,H3,M1
H1,L2,L2,L1,H1
L2,L2,L2,L2,BN
L3,L1,L2,H3,M1
H3,L3,L2,L3,M1
L3,L2,L1,L3,H1
M1,L3,L3,L2,M1
L1,L3,L3,M1,L2
L3,L1,M1,H2,L1
L2,H1,L2,H3,H3
L3,H3,L2,L2,L2
H1,M1,L3,L1,L1
L2,L3,L1,M1,L3
L2,L2,M1,L3,L2
H3,M1,L1,L3,L1
L3,M1,L1,L3,L2
L2,L1,L2,M1,L1
M1,H3,BN,M1,H3
L1,L1,H2,H1,L1
L1,M1,L1,L1,L2
M1,L2,H1,L1,M1
L3,L3,M1,L2,L1
L3,M1,L2,L1,L1
M1,L3,H1,L3,M1
L2,L2,L2,L3,L1
L2,BN,L3,L2,H3
L3,H3,L2,L3,L2
M1,L1,L1,L3,L3
L3,L1,L1,L1,L2
L3,L1,L3,H2,L3
H3,L3,L1,M1,M1
M1,H3,M1,M1,H2
L2,L2,M1,L3,M1
H3,L2,L3,L1,L2
L1,L2,H2,L2,H3
L1,M1,L1,L3,L3
BN,H2,L2,L3,M1
L3,M1,L3,H3,L1
H3,L2,L2,L3,M1
L2,BN,L3,L1,L2
L3,L3,L2,L3,L2
H1,L1,L1,M1,L3
L2,L3,L3,L2,L1
L1,L1,L2,H1,M1
H1,L2,L1,L1,M1
H3,L2,L1,L1,H2
H3,L2,L2,L3,GL
L2,L3,L3,L1,M1
M1,L3,L1,M1,L3
H2,H3,H3,M1,L3
L3,L3,H3,L2,L2
L2,H3,L1,L1,H3
L3,H2,L3,M1,L3
L3,H2,L2,H2,BN
L1,L1,L3,L1,L3
L2,H2,M1,M1,L2
L2,L2,H3,L1,L2
H1,H2,L1,L3,L2
H3,BN,H3,M1,L2
M1,L1,L2,L2,L3
L3,L3,L1,L2,L3
BN,L3,L2,L1,M1
H1,L3,L3,L2,L3
L2,L1,M1,L1,L1
H3,H3,L2,BN,L2
M1,L1,L1,H3,L1
L3,L2,L1,L3,H1
L1,L3,L1,L2,H3
L1,L2,L2,L3,L1
H2,H2,L3,L1,L3
L1,L3,L3,L1,L1
L3,M1,H1,L1,L1
L2,L3,BN,L1,H3
L2,L1,L1,M1,L2
L2,M1,L3,L2,L2
L1,L2,L2,L2,L3
L3,M1,L1,L1,H2
H3,H2,H3,L1,L3
L1,M1,H2,L1,M1
M1,L2,M1,M1,L2
L3,H1,M1,L3,L3
L1,L3,L1,L1,H1
L1,L2,M1,L2,L2
H3,L1,L3,H3,H1
BN,L1,L2,H2,L2
H3,H2,M1,M1,L3
L2,L1,H3,L2,H1
L3,H1,L2,M1,L2
L1,L2,L3,M1,L1
L3,L3,L1,M1,L3
H3,L1,L2,M1,M1
BN,L2,L2,L2,L2
L2,L3,L1,M1,L2
L2,L1,L2,M1,H2
L3,M1,L2,L3,L1
L2,L2,L2,H2,M1
L3,L2,M1,L1,H2
L1,H2,L2,M1,H1
L3,L1,L2,H3,L1
L3,L1,L1,M1,L3
L2,L1,H1,H3,M1
L2,L1,L3,L1,L2
L3,H2,L1,L2,L2
H2,L2,H2,M1,L3
L3,L1,H3,L3,H1
H3,M1,L2,L2,BN
L3,L1,BN,L3,L2
M1,H1,L1,L1,H1
M1,L1,L1,L3,L3
L1,L2,L3,H2,L2
L3,L2,M1,H1,L1
H3,L3,L2,H3,L1
L1,L2,L3,L2,L3
M1,L1,L3,L3,L3
L3,H1,L3,L1,L1
L3,L1,L2,L1,L3
L2,L3,M1,BN,M1
L1,H2,BN,L1,H3
H2,M1,H3,L3,H1
L2,L2,H2,H2,H1
L1,L3,L3,H2,L2
L3,L2,H2,M1,L1
L1,H1,M1,L3,L1
L2,L2,L2,H3,L2
L1,H3,H2,H2,L1
M1,L1,L1,L2,L1
L3,L1,M1,H3,M1
L3,L2,H2,M1,M1
H2,L3,L2,L2,M1
L3,M1,H3,L2,L3
L3,M1,L1,L1,M1
L1,L1,L3,L1,M1
L3,L2,H1,L3,L1
L3,L3,L3,H3,M1
L2,L2,L2,L2,M1
L3,L2,L3,L2,H3
L1,L2,BN,L1,H3
L3,L3,L1,L1,L3
BN,H3,H2,L1,M1
L2,H2,L3,L3,L3
L2,L1,L2,L2,H3
M1,L3,L3,L2,H2
L1,L3,L3,L1,L1
L1,L2,BN,H3,L3
M1,L3,M1,L3,H2
L2,L1,L1,L2,L1
L3,L3,L2,M1,H3
L1,H1,L3,L1,H3
L2,H2,L3,L1,L1
L1,L1,H3,H3,L2
L3,BN,L1,L3,L2
M1,L3,L2,L1,H3
L3,L3,L1,H3,M1
M1,L3,L2,L1,H2
L1,L2,L2,H1,L2
L1,L3,L3,L1,L3
L3,L1,H1,L3,L2
L1,GL,L1,L2,M1
L3,L3,H1,L3,L1
M1,L3,L2,L2,L2
L3,L1,L2,H3,L2
L3,L2,L3,L2,L2
H1,M1,M1,H1,H3
H2,L2,L1,L3,H2
L1,H3,L3,L3,L1
BN,L2,L2,L1,H3
L2,L3,L1,L2,L1
L2,L2,L2,L1,L1
H3,L3,L1,L3,M1
M1,L2,BN,L2,L2
L3,L1,L1,L3,L1
L1,L2,L3,H1,L3
L3,L3,M1,L3,L3
L1,H3,L2,L2,L2
M1,L3,L1,L3,L1
L3,H1,L1,L3,L1
H3,H2,L1,H3,L1
H3,L2,H2,L2,L2
L2,L3,H3,L2,L3
M1,L1,L2,H1,L3
L3,M1,L1,L3,L2
L3,L2,L1,L2,H3
L2,L1,L3,L1,M1
L3,L2,L3,L3,L3
L1,M1,L1,M1,L3
H3,L3,L3,H1,M1
M1,H2,L1,H1,L3
L2,BN,L1,H2,L1
L2,H3,L2,L3,L1
L1,L1,H1,L3,H2
L1,L1,M1,L2,L1
L3,H2,H3,L1,H3
H2,L2,H1,L1,L1
H3,M1,L3,L3,L1
L2,M1,H1,L2,L3
L2,M1,L3,L2,L3
L2,L1,H2,L2,L1
L2,L2,H3,H2,M1
L3,M1,L1,H2,H2
M1,L2,L3,L2,BN
L1,M1,H2,L2,L2
L3,L3,L2,L1,L3
L1,L2,L1,H3,L1
L3,L2,L3,L2,L1
L2,H2,L1,L3,BN
L2,M1,M1,M1,L3
L3,L1,L3,L3,M1
L2,L2,L2,L3,L3
M1,L1,L1,H3,L1
H1,M1,L2,H2,L2
H2,L1,L3,L1,L3
L1,M1,M1,L3,H2
L3,L2,L3,L1,M1
M1,L2,L1,L2,H3
H3,L1,L1,H1,H1
H2,H1,H3,L3,L2
M1,L1,L3,M1,L2
L1,M1,L3,L3,H3
L2,H1,L2,M1,H1
M1,L1,L3,L1,L2
L1,L2,L3,H2,L3
L1,L1,L1,L2,L2
L2,L2,L2,L3,L1
L2,L3,L3,M1,L1
L3,L2,L3,L3,M1
L2,H2,L1,H2,L3
L1,L1,L1,L3,L3
H3,H1,L3,L2,L1
M1,L1,L3,L3,L1
L3,L3,H2,L3,M1
L1,L3,H3,M1,L3
L1,M1,H3,H3,H3
L2,L1,L2,M1,H3
L3,H2,L3,H3,L3
L1,M1,H2,L2,H3
L2,L2,L3,L2,L2
L1,L2,M1,L3,H3
H2,L3,L2,H3,M1
H3,M1,L1,M1,H2
H2,H2,L2,M1,H3
H3,L3,L1,M1,M1
L1,L2,L3,M1,L2
L1,L2,L3,L1,H3
L2,L3,L2,L2,L3
M1,L2,L1,H2,M1
L2,L3,L2,L2,M1
L3,M1,L2,L1,L3
L1,L1,L2,M1,H2
M1,L3,M1,L3,L2
L1,L2,L3,M1,M1
L3,L2,L3,H1,H1
L2,L3,BN,L1,L1
L3,L3,L1,L2,L3
H1,L2,L2,L3,L3
M1,L1,L1,L3,L3
M1,L3,L3,L3,H1
M1,L1,M1,L1,L3
M1,H2,H3,M1,L3
L2,L3,M1,L2,L1
L1,H1,H3,L2,L3
L1,L2,L1,BN,L3
H3,L1,M1,H2,BN
L1,H3,M1,L2,M1
L1,L2,L1,L3,L1
L3,L2,L3,M1,M1
M1,M1,L2,L2,L2
H3,M1,H3,L2,M1
L3,L2,M1,L3,L3
M1,M1,L3,L1,H1
GL,L2,L3,H3,H3
L3,H2,L1,M1,L2
L1,BN,L2,L1,L1
L3,L1,H3,H2,L3
M1,M1,H2,L3,L2
H1,H2,M1,L1,L3
L3,L2,L3,L2,H1
L1,H2,L3,L1,L2
L1,L3,H2,L1,L1
L2,M1,H3,L2,L2
L2,L3,M1,L1,L2
L1,H3,L3,L1,BN
H2,BN,L3,H3,L3
L3,L3,L2,L1,L2
L3,L2,H2,L2,M1
L1,L2,L1,M1,L1
L2,L1,L2,M1,L1
H2,L1,L2,L3,L2
L2,L2,H3,M1,L1
L2,M1,H1,L1,L1
L2,L1,H3,M1,M1
M1,L2,L1,L2,L2
L2,L3,H1,L2,L1
L3,L3,L2,M1,L2
M1,L1,L3,L3,M1
L2,H1,H1,L3,L1
M1,L1,BN,L2,L2
M1,L3,L2,L1,L1
L2,L3,L2,L2,BN
L2,H3,GL,L3,M1
H3,L3,L2,L2,L3
L3,H1,H3,L3,H3
L1,L1,H3,L1,L2
L1,L3,L3,BN,L1
L1,L1,L2,H3,L2
L3,L3,L1,M1,L3
L2,M1,H3,H2,L1
L3,L1,L1,H2,L3
L2,L3,L3,H1,L1
L2,L2,L2,L1,L2
L2,L1,L1,L3,L1
L2,M1,H2,L1,L1
L2,L1,H2,L3,L1
M1,H3,L2,M1,L3
L1,H2,M1,M1,L1
L1,L2,L1,L2,L1
H2,L2,L3,L2,M1
H3,L1,M1,L2,L3
L3,L1,M1,M1,L3
L2,H2,L3,H1,L3
H2,L1,L3,L3,L3
L3,L1,L2,L3,H3
L2,L3,M1,L2,H3
L2,H3,H3,L3,L2
H3,H2,L2,L3,L1
H3,L1,L2,L3,L2
L2,H3,L3,L2,L1
BN,M1,M1,L2,L3
M1,H2,L2,H2,H1
L3,L3,L1,L3,L2
M1,H3,L3,H3,L3
L3,H3,M1,H2,L3
L2,L3,L1,M1,M1
L3,L2,L2,H2,L1
M1,L1,M1,M1,L3
H2,L3,L3,L3,H2
L3,L3,M1,M1,L3
L1,L1,L1,L1,H3
L1,H3,L1,M1,L2
L2,L1,L1,L2,L3
M1,M1,M1,L2,L2
L3,L3,L1,H2,L2
L1,H2,H2,L1,M1
L3,H3,M1,H1,L3
L3,L3,L1,L1,L2
L1,L3,BN,L3,L3
L1,GL,M1,L2,L3
L3,L1,L3,M1,H2
H3,L2,L3,L3,H2
GL,L2,L2,L2,L3
M1,L2,L3,L2,H3
L3,L3,M1,H2,L3
M1,L2,L3,H3,H2
L3,L3,L2,L2,L3
H3,L3,L2,L2,H2
L2,L3,L2,L1,L2
BN,H2,BN,L3,L3
L3,L1,L3,H2,M1
L1,M1,L1,BN,H2
H2,L1,L1,L1,H3
H1,H1,H3,L1,L1
H3,L3,L1,L1,L1
L3,L3,L1,L1,L3
BN,L2,L2,L1,L1
L3,L2,L1,L2,L2
L2,L3,L2,L1,H3
L1,L3,L1,L3,H2
L1,M1,M1,L2,H2
L1,L1,M1,L3,L2
L3,M1,H3,L2,M1
L2,L1,L2,M1,H2
L3,M1,H2,L2,L1
L1,M1,M1,L1,L2
L1,L3,H3,H3,H1
H2,H2,M1,H2,M1
L1,L1,L3,L2,M1
L3,H1,H1,H1,BN
M1,L3,L1,L2,L2
L2,L2,L3,L1,L1
L2,L2,H3,L3,L3
H2,H1,L1,H3,L2
H1,H1,L3,L2,L1
L1,L3,M1,L3,L1
M1,L3,L1,L2,L2
L2,L2,L3,L2,L3
L3,L3,L1,H3,L1
H1,L3,L2,BN,L3
L2,H3,L3,L1,L3
L3,L2,M1,H2,L2
L3,L2,L3,M1,H1
L1,L1,L2,L3,L3
M1,L2,L3,H3,H3
L2,L1,L3,L3,L1
L3,L3,L2,M1,L1
BN,L3,L1,H3,L1
H2,L1,M1,L2,H1
M1,H1,M1,L2,H1
H3,M1,L3,L1,M1
L3,H3,L1,H2,H3
H1,L3,H3,L2,L3
L1,H2,L3,L1,L1
L3,L3,H2,H2,L2
L3,L1,L2,H1,L1
L3,M1,L2,M1,H1
L1,H2,L3,L2,H2
L2,H3,H1,L2,L1
H3,H2,H2,L3,BN
L1,L1,L2,L1,L3
L1,H3,L2,L3,H3
BN,H3,H3,L3,M1
L2,L2,M1,L1,L1
L2,L1,L3,L2,L1
L2,L2,M1,M1,L3
H2,L2,L2,H3,L3
L2,L2,L1,H3,L1
H2,L3,L1,H3,L1
L2,L1,L1,H1,H2
L2,L2,M1,H1,L3
L3,L2,H3,L3,H1
L2,L1,L1,L2,M1
L1,M1,L1,M1,H3
L1,L2,L1,L2,M1
H1,L3,M1,H2,L3
BN,H2,L3,L3,M1
L3,H2,L1,L3,L3
M1,L1,L2,L3,L1
M1,L3,L2,L3,L2
L1,L3,M1,L1,H2
L1,H2,L3,L2,L1
M1,L2,L2,L2,L3
L3,L2,L2,L2,L3
L3,L2,BN,L2,L2
M1,L2,L2,L1,L2
M1,L1,H2,L3,L2
H2,L2,L2,L1,L2
L3,L2,L2,L3,L3
H3,L3,L3,H3,H1
L1,L1,L1,L1,L3
H3,L3,H3,H3,M1
L1,H3,L3,L1,L1
L2,M1,L3,M1,BN
BN,H2,L1,L1,L1
L1,L3,L2,L3,L1
M1,BN,L2,L1,L3
L2,L2,L1,H2,H3
L3,L1,L2,L2,M1
H3,H1,M1,L1,L3
L3,L3,M1,L2,L3
M1,L3,L1,L2,L3
H1,M1,BN,L1,L3
L3,M1,L3,H1,L2
L1,L3,L3,L2,H1
H1,L2,L1,L3,H1
H1,L2,L2,H3,L2
H2,L1,H2,L3,H3
L3,BN,H3,H1,L3
L2,GL,L2,M1,L1
M1,L1,L2,H3,L2
L1,H3,L1,L2,L1
L2,L2,L3,H2,GL
L2,M1,L1,L2,M1
L3,H3,L1,L3,H2
M1,L3,H3,L3,L1
M1,L3,L2,L2,H3
H2,L3,L1,BN,H3
L2,H1,L2,H3,L1
H3,H2,L3,L1,L1
L3,L2,L1,L1,L1
L2,L3,L3,L3,L1
L3,L3,L3,L3,M1
L2,M1,L3,M1,M1
M1,L3,H2,M1,L3
L2,L3,H3,L2,H2
L2,H2,H2,L2,L1
L2,L1,L2,L2,H3
H1,BN,M1,H2,M1
M1,L3,M1,L2,M1
L3,L1,L3,L3,H2
L2,L3,L3,L3,L1
H3,H3,H1,L3,L3
H3,M1,H2,H3,L2
L2,L2,L1,L2,L3
L2,L3,H2,H3,L2
L1,L3,L3,L2,L2
L3,H2,L1,L2,L1
M1,L2,L2,L3,L3
L2,L3,M1,L3,L3
BN,M1,L2,L2,L2
L1,L3,L1,L3,L2
L1,L2,H3,L3,L3
M1,M1,H1,L3,L3
L2,L1,L1,L2,L3
L2,L1,L2,L2,H3
L1,L2,L2,L2,L1
L3,BN,L3,L2,L3
L1,L2,L1,L2,L3
L3,L3,L1,L3,L2
L2,H3,L2,L2,L2
L1,L2,L2,L3,L1
L1,L2,L2,H1,BN
M1,M1,L2,H2,L3
L1,M1,L2,L3,L3
M1,L1,L1,L1,L3
H1,L2,L1,L2,L1
L1,H1,L3,L2,L1
L2,H3,L1,L3,L2
L3,M1,L2,L2,H3
L2,L2,L1,M1,H3
L1,M1,L1,H3,L3
L1,BN,BN,L2,L2
L1,L2,L3,H1,L1
H1,H3,H3,H3,L1
L3,M1,H1,L1,L3
L2,L1,L2,M1,M1
L3,L3,L1,L3,L1
L1,L2,L2,L2,L2
H2,L3,L3,L2,BN
L2,L2,H1,L2,M1
L1,M1,L1,L1,L1
L2,H3,M1,L3,L3
M1,M1,L2,L1,L1
BN,L1,H2,L2,L1
H2,L3,H3,H2,M1
L1,H3,L2,L2,L2
L3,H1,L2,H2,M1
L3,M1,L2,L1,M1
L3,M1,L3,L2,L1
M1,H2,L3,L3,H3
H3,L3,L3,L1,L2
L1,L3,L1,H2,L3
BN,L1,H2,L2,M1
L1,L2,L1,L1,H1
L2,H1,BN,L1,L2
L1,M1,L3,L1,H2
H3,H2,L1,H1,L3
H3,M1,L3,L3,H1
L3,L1,M1,L2,L1
L2,L1,H3,H3,L3
L1,L3,H2,L3,L2
L3,L1,L2,H3,M1
L3,L3,L1,L2,H3
L2,L2,L3,L1,H2
H2,L3,H1,H1,L3
M1,L3,H1,L2,H2
L3,M1,L3,L2,L3
L2,L2,H3,H1,H2
L1,L3,H2,BN,L3
L2,L2,L3,L1,L1
L2,L2,L1,H3,L3
L2,H1,L2,L3,M1
L1,M1,M1,L3,L3
M1,L1,L3,L3,H3
L3,L2,L3,L2,M1
L1,L1,L1,L2,L1
L1,L2,L1,L2,L3
H3,L3,L1,H3,L3
M1,L3,L1,L1,L3
L1,BN,H3,L2,BN
L1,L1,L3,H1,L2
H2,L2,L3,L3,L2
L1,L2,M1,M1,M1
H3,M1,L1,L2,M1
L3,L3,L2,L1,H1
L3,H3,M1,L3,H2
H1,L2,M1,L1,M1
M1,L3,M1,H3,BN
L1,L1,M1,H2,L3
L3,H2,L1,M1,L1
L2,L1,L2,H3,L1
L1,L3,H2,L3,L1
L1,L3,L1,L1,L1
L3,L3,L3,M1,H2
M1,L1,H2,M1,H3
L1,H2,L2,L3,H2
L3,L3,L3,L2,L2
L1,L3,L2,L1,L2
H2,L2,L2,M1,L3
L2,L3,H2,L2,L2
L3,L1,H3,L2,L3
L1,H2,L2,H1,L1
M1,L1,H3,BN,L2
L1,H2,L2,M1,L2
L2,M1,L2,H1,L2
L2,M1,M1,L2,L3
H3,L1,L3,L3,L3
BN,L1,H3,L3,L1
M1,M1,L1,H1,L2
M1,H2,H2,M1,L1
L2,L3,H3,H3,M1
L3,M1,L3,H3,L2
L2,H2,L2,L3,M1
L1,H1,H2,H2,L3
L2,L1,L3,L2,L2
H3,L2,L1,M1,L3
L3,L3,L2,L2,L2
L2,L1,L1,L2,L1
L3,L3,H3,L2,L1
L3,L1,H3,L3,M1
L1,L2,H2,H3,M1
L1,L2,H3,L3,M1
L3,M1,L3,L2,M1
L3,H2,L3,L2,L3
M1,H2,L1,L2,L1
L2,H3,L1,L2,L1
BN,L3,H3,L2,H2
L3,H1,L2,L2,L3
H1,M1,L2,H3,L3
H2,L3,L2,BN,L3
L3,H1,H2,L2,M1
L1,L1,BN,M1,L2
L1,L2,L3,L2,L2
L3,L3,L2,M1,L3
H1,L1,L2,M1,L2
H3,L2,M1,L3,L3
M1,L3,L3,L1,L2
L3,M1,L2,L1,L1
H2,M1,L3,L1,H1
L2,L1,L2,L3,L1
M1,L2,L2,L1,L1
H2,L2,L2,BN,L2
L1,M1,L3,H2,H3
L1,L3,M1,L2,L3
H2,L1,M1,M1,L1
L2,H2,M1,L1,L3
L2,M1,H1,L2,L3
H2,L3,M1,L3,H2
L2,H2,L2,H2,L2
L3,L2,L3,H2,L1
L2,L1,H2,L2,M1
L3,M1,L3,H3,L2
L3,L3,L3,L3,L1
M1,L2,M1,L1,H3
H3,L3,L2,L3,H3
M1,L3,L2,L2,L1
M1,L2,L2,L2,L1
M1,L3,L2,H3,L1
H3,L1,L2,L2,L2
H3,M1,H1,L1,L2
L3,L1,L2,H3,L1
L2,L3,H3,L3,L1
L3,L1,L1,L3,L3
L3,L2,L2,H3,L1
H2,L3,L1,L3,H2
L1,L1,L3,H2,L1
L3,L3,L2,L2,H2
L3,L2,L3,L2,L2
L2,H2,L2,H3,L2
L3,L3,L3,H3,L2
L2,M1,L2,L1,L3
BN,H1,M1,L3,M1
L3,L3,L2,H3,L2
M1,M1,L3,L3,M1
L2,L2,L1,M1,L2
L1,L3,H3,M1,M1
L3,M1,L3,L3,L1
M1,H3,H3,L3,L2
L1,L1,M1,L1,L1
H3,M1,L3,L1,L2
L1,L2,H2,H3,M1
L1,M1,L1,L2,L1
M1,L1,H3,H3,L3
L1,M1,L2,L2,L1
L3,L2,H3,L1,H2
L2,L3,L1,BN,L1
M1,H3,GL,M1,L2
L1,H3,L3,L1,L2
H1,L3,H1,L3,L3
M1,L2,L2,L1,L2
L2,L2,L2,L3,L1
H1,L1,L3,L2,L1
L2,BN,L3,L1,H3
H3,M1,L3,H2,L1
H2,H2,L1,M1,L3
L2,L2,L2,L1,L3
L1,H2,L3,H3,H2
L2,H3,L2,L3,L2
L1,H3,BN,L3,M1
L1,L2,L2,H3,H1
L3,BN,L2,L2,L1
H3,L2,L2,H2,H1
H2,L1,L3,L3,L2
L1,L3,L3,L2,H3
L3,H2,M1,L3,L1
H2,L3,M1,L2,L2
L2,H3,H3,L1,L2
H3,L3,H2,L1,L3
L2,BN,L2,L1,L1
L2,L2,L3,H2,L3
L2,L1,L3,L2,H3
L1,M1,L1,H2,H2
L3,M1,H1,M1,H2
H1,M1,M1,M1,L1
L2,L2,L3,L2,L2
L2,M1,L2,L2,L1
L2,L2,M1,L1,H3
L1,H2,L3,L3,L3
L2,L2,H2,H3,H3
L3,L2,L2,L2,L2
L1,L1,L2,L3,L2
L3,L2,L2,H2,L1
L2,L1,L3,L2,M1
L2,L3,L2,L3,L2
L3,L2,H1,L1,M1
L1,L3,L1,H1,L1
H3,H2,L2,L2,BN
L1,L2,L3,L3,L2
BN,L1,H2,H2,H3
L1,L1,M1,L3,L3
L3,L3,M1,H2,H1
L2,L1,L1,BN,M1
H1,H3,L1,L3,L2
L2,L2,M1,L2,L1
L3,L2,L1,L3,M1
L2,L2,L2,M1,L2
H1,H2,L1,L2,BN
L1,L1,M1,L1,L2
L2,L2,L3,L2,L3
L3,L3,M1,L1,L2
L2,H3,L1,H1,H3
H1,L3,L1,L2,H3
M1,L3,H3,L3,L2
L1,L3,L2,L2,M1
L2,L1,L3,L2,L3
L3,L1,L3,L1,H1
H2,L3,L1,L2,L3
H1,L2,M1,H1,L2
L3,L3,M1,L2,L1
L1,H2,L2,L3,H2
M1,L2,L2,L3,L3
L2,L2,H1,L3,H2
L3,L1,L1,M1,L2
L3,BN,L3,L2,L2
H1,L3,L1,L3,L1
L2,M1,L1,L2,L2
M1,L3,L3,L2,L3
L1,L1,L3,L2,L3
M1,L3,BN,L2,L3
L2,H3,L3,L2,L2
H3,L1,L3,M1,H2
L1,L2,L1,L3,L3
L2,H3,L1,L2,M1
L3,L2,L1,L3,L2
H3,L2,H2,L3,H1
M1,L2,H3,L3,H3
M1,L3,M1,H3,H3
L1,L1,H3,H2,L2
L2,L2,L3,H3,L2
L2,H3,L1,H2,H3
L3,L3,L1,H1,L2
L2,L2,H2,L3,H1
L3,L3,L3,H3,M1
L2,H3,L2,L3,L1
M1,L3,L3,M1,L1
L2,L1,L3,H2,H1
M1,L2,L1,H2,L3
L2,L2,H3,L3,L2
L1,L2,L1,L1,L2
L2,L1,H2,L3,L1
L3,L2,M1,GL,L2
M1,H3,L2,L2,L1
H3,L1,L2,H1,H1
H3,L3,L3,L1,L3
L3,L3,L3,L2,L2
M1,L3,GL,L3,L2
L1,GL,H1,L3,H2
L3,L1,L3,L3,H2
L2,L2,L3,L3,H1
H3,L1,H3,L2,L2
H3,H3,L3,L2,H2
M1,L2,L1,M1,L1
L2,H2,L1,L1,L1
L2,L1,M1,L2,BN
L1,H2,M1,H3,M1
M1,L1,H1,H2,M1
L1,L2,L3,H3,H1
L3,H3,M1,L2,L2
L1,H2,L3,H2,H3
H2,L3,L3,M1,L2
H2,L3,M1,L3,M1
H3,L1,L2,L2,L3
BN,L2,L3,H1,L3
L3,L2,L2,M1,L1
L2,L3,L3,L3,L2
L2,L3,L1,H3,L3
H1,L1,M1,L3,L2
M1,L2,H1,L2,L1
H2,M1,M1,M1,M1
L1,L3,H2,M1,L2
L3,L3,H3,L2,L3
H1,L1,L3,H3,L2
M1,L1,M1,L1,L3
L1,H2,L2,L3,L1
L3,L2,L2,BN,L2
L3,M1,H2,M1,L1
L2,L2,L2,M1,M1
L1,H2,M1,M1,L2
H3,H2,L3,L1,L3
M1,L3,L1,H2,L3
L3,L3,L3,L3,L1
L2,L2,L3,L2,M1
L1,L3,H2,L3,L2
H2,L1,L3,M1,L2
L3,H3,L3,H2,L2
H3,L3,L1,L3,M1
H2,L2,L1,L2,L2
L3,M1,H1,L2,L1
M1,L2,M1,L2,L3
L1,L3,L1,M1,M1
L2,L3,M1,H1,M1
M1,L3,M1,L2,L3
H2,L2,H2,L1,L3
L3,L2,M1,BN,L3
L1,M1,L2,L2,M1
L2,L3,L2,H3,M1
L3,L2,L3,H3,L3
L2,L2,L2,L3,H3
M1,L2,L3,L1,L1
L2,L3,H2,M1,L2
L1,L1,BN,L2,M1
M1,L1,L3,L2,M1
M1,L2,L1,L1,L3
L2,L1,M1,L1,L2
M1,L2,L3,L3,L2
L2,H1,L1,H3,L2
L2,L1,L2,H3,L1
H2,L3,H2,L3,L1
L2,M1,L3,M1,H1
L2,L2,M1,L3,L3
L1,H3,BN,L3,L2
L3,H3,L1,M1,L1
L2,L3,M1,L2,L2
H2,L3,L2,L2,M1
L2,L3,H3,M1,H2
L2,L1,H3,H3,L2
L1,L2,L3,L2,L2
H1,H3,H3,H1,L2
L1,L1,H1,L2,L3
L1,M1,L3,H3,H2
L1,L1,L1,L3,L2
L2,L2,L1,H1,GL
L2,L1,L2,L2,L3
L2,H3,L1,L3,L3
L3,L2,M1,H2,L3
L2,H1,L3,L3,H3
L2,L1,L2,L1,H1
M1,L3,M1,L2,L2
L1,L1,L1,L3,H2
L2,L1,L3,L1,L1
L2,L1,H2,L3,L3
L1,M1,L3,L3,L1
L1,L3,L3,L3,L2
H3,H3,L3,L2,L3
L3,L1,L3,L1,L1
L3,H2,L2,L2,L2
H3,H1,M1,H2,H2
H3,L1,L2,H2,L1
L3,M1,L1,H2,L1
H2,H3,L3,L3,L2
L2,L3,L1,L3,H3
M1,L1,L1,L3,L3
H3,H2,BN,L1,M1
M1,H3,H3,BN,L3
L3,H3,M1,L3,L2
L2,L2,L3,L1,L2
L1,L2,L2,L3,L3
L3,H2,GL,L2,H2
L2,L1,L2,L3,L2
M1,L1,L3,H2,H3
M1,L2,M1,M1,M1
L2,L3,L3,L2,L3
L3,L3,L3,L1,L1
H2,L2,M1,L1,M1
L3,H3,M1,H1,H2
L2,L3,H3,L3,L3
L2,M1,L1,L2,H1
L3,L3,L2,L3,H3
L3,L3,H2,M1,L3
L2,L1,H1,M1,L2
H3,L3,L2,L3,L2
L3,L1,L1,L3,L3
L3,L1,L1,L3,L1
L1,M1,L2,L3,L1
L3,H1,L2,M1,H3
L3,L3,L3,H2,L3
L2,L3,L1,M1,M1
M1,L3,L1,L1,L1
L1,H2,L3,L1,L2
L1,M1,L1,H2,L1
H3,M1,L2,L2,L3
L1,L3,L3,L3,L3
L3,M1,M1,L2,L2
L1,L1,M1,L2,M1
L1,L1,L3,M1,L2
L1,L2,L1,L3,L3
H3,L3,L3,L3,BN
L2,H3,L2,M1,L3
L2,L3,H3,L2,L2
M1,L3,L1,L1,M1
L1,L3,M1,L3,L1
L3,L3,L1,L3,M1
L1,L1,M1,L2,H2
H1,L1,L2,M1,L1
L1,L2,L3,L2,L2
L1,L2,L2,H1,H2
M1,L2,M1,H1,L3
L2,L3,L2,H2,L2
L3,L2,L3,L2,H3
M1,L3,BN,L3,H2
L1,L3,L3,L3,L2
L3,L2,L3,L1,L2
L3,L3,L2,L2,H3
L3,M1,H1,L2,H2
L1,M1,L3,H1,M1
H3,L1,H3,H2,L2
L3,L3,H2,H1,L3
L2,L3,H2,M1,L2
L2,L3,L2,M1,L2
H1,H2,L3,H3,L2
H3,L1,M1,L1,L3
L3,L3,H2,H3,M1
H3,L2,L2,L3,M1
H3,M1,L2,L2,H1
M1,M1,L3,L2,H3
L2,L3,L1,M1,L3
H3,H2,L2,M1,L3
L1,M1,L2,H3,L3
L2,L3,L1,L2,L3
L2,L1,H3,L1,M1
H1,L3,H3,H2,L2
BN,M1,L2,L3,L2
M1,BN,L2,L2,L3
L2,H3,L3,L2,M1
L1,L2,H3,L1,L3
L1,L2,H1,L3,L3
L1,L1,L2,L2,L1
M1,L3,L3,L2,L2
M1,L2,L2,L2,L3
L1,L2,L3,L1,L1
H2,L3,H1,L2,L3
L2,H3,H1,L2,L1
L3,M1,L2,L2,L2
M1,L2,L3,L3,L3
L3,L1,L2,L1,H2
L2,L1,L3,L2,L1
L1,L2,H1,L2,L3
H2,L2,L3,M1,L2
L2,L2,L1,BN,L3
L2,M1,L3,L2,M1
L1,H3,L1,L3,L2
L2,L2,H3,H3,L1
L2,M1,L3,L3,L2
H1,L1,H1,L2,L3
L2,H2,L3,H3,H2
M1,H3,M1,L3,H1
L3,BN,H3,H2,M1
L1,L1,L2,L3,L1
L3,L1,H1,L3,M1
M1,L3,L1,L2,M1
L2,L1,H2,M1,L2
L1,H3,L1,GL,M1
BN,L1,L2,L2,L3
L3,L2,L1,L2,L1
L3,L1,H3,L2,L1
H1,H2,L2,H3,L1
L2,L2,L2,L1,L2
L3,L1,L2,L3,L2
BN,L2,L2,L2,L1
M1,L1,L2,L3,H3
L3,L1,L2,L1,H3
L1,H3,L2,M1,M1
L3,L2,L2,L1,L3
L3,H1,M1,L3,L1
H3,L3,L2,H2,L2
L2,M1,H2,L2,L3
L2,M1,H3,H2,H3
L2,H1,L3,L2,L3
L1,M1,H2,L3,L2
H3,H3,L3,L3,L2
L1,L2,L2,BN,L3
L2,L2,H1,L3,H2
H1,L2,M1,L2,L2
L1,L3,L2,H2,BN
L3,H3,L2,L3,L2
L2,H3,M1,H3,L3
L2,H1,L3,L3,H2
L1,L1,L2,L2,L1
L2,L3,H2,L3,L3
L1,L1,L2,M1,L2
H3,L1,M1,L3,H1
L3,L2,L1,M1,L1
M1,H2,M1,H2,L1
H2,L3,L3,M1,H3
L1,L1,L2,M1,H3
L2,H2,M1,L1,BN
L1,M1,L2,L3,L1
L3,H3,L2,L1,L3
L2,L1,L3,H1,H3
L3,L3,L1,L3,H2
M1,BN,L1,L3,L3
L2,H1,M1,L2,L2
L2,L3,L1,L1,L1
L1,L3,H2,H2,H2
L1,L3,L1,L3,L2
L3,L1,H2,L3,L3
L3,L1,M1,L2,M1
H1,L1,M1,L2,M1
L1,L1,L3,H3,L2
H2,M1,M1,L1,L3
L2,L2,L2,M1,H3
H3,L3,L3,L3,L3
L1,L1,L3,L3,H3
L3,L2,L2,L3,H3
L3,M1,L2,H1,L1
L3,L1,L3,BN,L3
L2,L1,L3,M1,H1
L3,M1,L2,L2,L1
L3,H3,L1,L1,L2
L2,M1,L1,L3,M1
L3,L3,M1,BN,L1
L2,L3,L1,L3,L1
L2,L3,L2,L2,L2
L1,L3,L2,H3,L1
M1,M1,L2,L3,L1
BN,M1,L2,H3,H2
L1,L3,L1,H1,L2
L2,L3,L1,L3,L1
L2,M1,L1,M1,L3
L2,L1,M1,L2,L2
H2,L1,H1,M1,L3
H2,L3,L2,L2,L2
L2,H2,L3,M1,L2
L3,H3,L1,M1,L2
L3,L3,L1,L2,L1
L3,L3,L1,L3,M1
M1,H2,L2,L3,M1
H3,L1,L2,L1,L3
L1,H3,H3,L3,H1
L1,M1,L1,L2,L3
L2,L1,L3,L2,L2
L2,L3,L2,M1,H3
L3,M1,H2,L1,H3
H3,L2,L1,M1,L2
H3,L3,L3,L2,L3
H2,L2,L3,L1,BN
L3,H2,H3,L1,L3
L1,L1,L3,H1,L2
L1,L2,L1,H2,L3
L2,L2,L3,L1,L2
L3,M1,L3,M1,L2
H1,H2,M1,H1,L2
L2,L2,H2,L2,L2
L3,L2,L3,L3,H2
GL,L3,H3,L1,L1
L3,L3,L1,L3,L3
L3,L3,L3,L1,BN
L3,L3,H1,H1,L2
L2,H2,L2,L3,M1
L1,L2,L2,L2,L3
M1,L3,L3,L1,H1
M1,L3,L3,H3,L1
H2,L1,H3,H2,L3
L3,L1,L3,L3,M1
L2,L3,M1,BN,L1
L1,L3,L1,L2,L3
BN,H3,L1,L2,M1
L2,L1,M1,L1,H3
H3,L2,H2,L2,L1
L2,H1,L1,L1,H2
L1,L3,M1,L3,L1
M1,BN,L1,H3,H2
L1,H3,L2,L2,M1
M1,L3,L2,L3,L1
H3,L2,M1,H3,L1
L3,L1,H3,L2,M1
L3,M1,L2,L3,H3
L3,BN,H3,M1,L3
L1,L2,BN,L3,L3
L2,L2,L1,L2,L1
H1,H1,H2,L1,H3
L3,L2,L3,H1,L1
L3,H1,L3,L3,H3
L1,L3,H1,H3,L3
L3,H2,L3,L2,BN
L3,L2,L2,H3,M1
L2,L3,H3,H2,M1
L3,L2,H1,M1,M1
H1,L1,L3,L2,L2
L2,L3,L2,L2,M1
H2,L2,L3,L2,L2
H3,H3,L3,L3,L2
L1,L3,H2,L3,BN
L3,L3,L3,L3,L2
L1,L3,H1,L3,L2
M1,L1,L2,M1,L3
L1,L2,L2,H3,L3
L3,L2,L2,L3,L3
L2,L1,L3,L3,L1
M1,H3,H1,H2,L3
L3,H1,L2,L1,L1
H1,L2,L2,L2,L1
L1,L1,M1,L3,L1
L2,L1,L3,L2,H3
L1,L1,L2,H3,H1
L2,L2,H3,L2,L1
L3,L3,L2,H3,H3
L1,L3,M1,L1,H3
L2,L3,L3,M1,L2
H2,M1,H2,L1,H2
L3,H1,L1,L3,M1
L1,H1,L1,L2,M1
L2,L1,M1,M1,L1
L2,L2,M1,L3,L2
L1,L3,M1,L3,L1
L3,H2,H2,H3,L3
BN,L3,L1,M1,H2
L3,M1,L1,H3,L1
H3,L3,L2,L2,BN
L3,M1,H2,L2,H3
L2,L1,L3,L3,M1
M1,L2,L3,L3,L3
L3,L2,L3,H3,L2
M1,L1,M1,H3,M1
L1,L1,L2,H2,H2
L1,L3,H2,L3,L1
L3,L2,L3,L2,H1
L1,L3,L3,L1,H3
M1,H3,L3,L2,L3
L2,L3,L3,L2,L2
L1,M1,L2,H1,L3
L2,M1,L2,BN,L3
H2,M1,L3,H1,L1
H3,L2,L1,M1,L3
L3,BN,L2,L3,L1
H1,L3,M1,M1,L3
H3,L3,L2,L3,L3
L1,H3,L3,L3,M1
L1,L2,L2,L2,L2
H3,L2,L3,L1,L3
L2,L1,L3,L3,L1
L3,L2,M1,M1,L3
L1,L1,L3,L1,L2
H3,L2,L2,L3,L1
M1,M1,L1,L2,H2
M1,L1,L2,H2,L2
L1,M1,GL,L3,L3
L2,H2,L2,L2,H1
L2,L2,L2,L3,L2
L1,H3,L1,L3,L1
L3,BN,L1,L2,L1
BN,L3,L2,H3,L2
L1,L3,M1,L1,L1
L1,L2,L3,L1,L3
H3,L2,L3,L1,L3
L1,M1,L3,H1,L2
L1,L2,L1,L3,L3
L2,L3,L1,L1,L2
L3,L2,L1,L3,L1
L1,L3,H3,L1,H1
H2,H3,L1,H3,L2
M1,L3,L3,H3,H2
L1,H3,H3,L1,L3
L2,L2,M1,L1,L3
L1,H3,L1,L1,L1
L1,L1,L2,H2,L1
H3,L3,L2,M1,L3
L3,L1,L1,BN,L1
L1,H1,L2,L3,L2
H3,L1,L3,L3,L1
L3,L1,L2,H3,M1
L2,M1,BN,M1,L1
M1,L3,L3,L1,L1
L3,L1,L2,L1,L3
L3,L2,L2,L2,M1
L2,L3,L3,H1,L2
L2,H3,L2,L2,L3
L2,M1,L2,L1,L1
H2,L2,M1,L3,M1
L3,L2,L2,L2,L3
M1,L2,L3,L3,L1
H3,H1,L2,M1,L1
L2,M1,L1,L3,L2
L2,L3,L3,L2,L3
L2,L1,L2,L1,L1
L1,L1,L1,L3,L3
H2,L2,H3,L1,L3
L3,L3,H2,L1,L1
H2,L1,L3,L3,L2
L2,M1,L2,L3,L3
L1,L2,M1,H1,H2
H2,M1,H3,M1,L3
L2,L2,L3,L3,L1
L3,L3,L3,H1,L2
H1,L3,L1,H3,L2
L3,L1,M1,BN,M1
M1,M1,H1,L2,L3
H2,L1,H3,L2,L3
BN,H3,L2,L1,M1
L3,L3,L3,L2,H3
M1,L2,L2,L1,L1
L1,M1,L1,L2,L1
L3,H2,L2,L2,H1
L1,L1,L1,L3,H1
L2,L1,H2,L2,L1
H3,L1,L1,L2,L2
L2,L3,L2,L1,L3
L3,M1,L3,H3,L1
H2,M1,M1,BN,L1
M1,H2,L3,L2,L2
L2,L2,L3,H1,L3
L2,H2,L2,L1,L3
L3,L3,L3,L1,L1
L2,L2,M1,L1,H1
L2,L3,L3,M1,L2
L3,L1,L2,L3,L2
L1,L2,L2,M1,L2
L1,L2,L3,L3,H2
L1,H2,L2,L2,L2
L1,H1,H3,L1,H1
M1,L3,L3,M1,L2
BN,H2,BN,L2,L1
L3,L2,L1,M1,M1
H2,L3,L2,L1,L1
H3,L2,H2,GL,L3
L3,L1,L1,L2,L3
L2,L1,BN,H3,L1
L2,M1,H3,L3,M1
L1,L3,H2,L3,BN
L1,H2,L2,L1,L3
L1,H2,M1,L3,H3
L2,L1,H3,L3,M1
M1,L2,L1,L1,H1
H2,L3,BN,L2,L3
H3,L1,L3,H3,L1
L2,L1,H3,H3,H3
L2,L2,L1,H3,L2
L3,H3,H2,H3,L1
L1,L3,L1,L1,M1
H3,L1,L3,M1,L3
H1,L2,L1,H2,L1
L2,L2,L3,L3,H3
L2,L1,BN,M1,L2
L2,L2,L1,H2,L1
L1,L3,H3,L1,L3
L3,L1,L3,H2,M1
H3,M1,M1,L2,L3
L1,L3,H3,H2,H2
BN,H1,L1,L2,L2
L3,L3,L3,M1,L2
L1,L3,L1,L2,L2
L3,H3,L1,L3,M1
L2,GL,L1,L2,L2
H3,L1,H1,L1,L3
H2,L2,L3,H3,L1
H3,L3,L1,H2,L3
L2,L2,M1,L2,M1
L1,M1,L2,L3,L3
L1,H3,L2,M1,L2
H2,L3,L2,L2,M1
H1,L1,H3,M1,L2
L1,M1,BN,H3,H3
BN,L3,L2,L1,L1
L1,H3,H1,L2,BN
L2,H1,L1,L2,L3
H1,L3,L1,H3,M1
H2,L1,L3,L2,L1
L1,M1,M1,L3,H1
L1,H2,L2,H2,L1
L2,H1,L3,L3,L2
L3,L2,L2,L1,H2
L2,L2,H1,L2,L1
M1,L2,L1,GL,L2
L2,H1,L3,M1,L2
L2,M1,H3,L1,L3
H3,L3,L1,L1,L1
H2,L2,H3,L1,L3
L1,H3,M1,M1,M1
L1,L3,H3,L3,L3
L1,H1,H3,L2,H3
H3,L3,L1,L1,L3
L2,L1,L1,H3,L3
L3,L2,L3,L2,M1
L2,M1,L2,L3,L2
L2,H2,L2,L2,L2
L3,L1,L1,H2,L2
M1,L3,L3,BN,L1
L3,H3,L1,H2,L3
L1,L1,H3,H2,L3
L3,L2,BN,H2,L3
L3,L3,L3,H1,L1
L3,L3,H3,L2,H3
L1,L3,L3,L2,H2
L2,L1,L1,L1,L3
L2,L2,L2,L3,L2
L1,L1,L3,L1,H3
L3,GL,L1,H3,L1
L1,L1,H1,L3,L2
L3,L3,M1,M1,M1
L3,L2,H3,M1,L1
L1,L2,L3,L3,L1
L1,H1,L1,H2,L2
L3,L3,L1,L1,L1
L3,M1,M1,M1,L2
L3,L1,L2,H2,H3
H1,L1,L2,L1,H1
L2,L2,H3,L2,L2
L3,M1,H1,L2,L1
L2,L3,L3,H1,L2
L2,L2,M1,L2,H2
L3,L3,L1,H3,L3
M1,L1,L3,L2,L2
M1,L2,L3,H3,L1
L3,L1,L2,L3,L3
L2,BN,L3,L1,L3
L1,L3,H3,L3,L1
L2,L1,L3,H2,M1
L2,H3,L3,L2,L2
H1,H3,L3,BN,BN
L3,M1,L2,M1,M1
L2,L2,L3,M1,M1
H2,M1,M1,H1,L3
L2,L3,H3,L2,H3
L3,L2,L1,L2,H2
L3,L3,L2,L2,L2
L3,L3,L1,L2,L3
L3,M1,L2,L1,M1
L2,H3,H3,L3,L3
H2,L2,M1,L2,H2
L1,L1,L2,L1,L2
L2,M1,M1,H3,L1
M1,BN,L3,M1,H1
L1,M1,H2,L2,L3
H1,L2,L2,L2,L1
H2,L3,M1,H1,M1
L2,L3,BN,L2,L2
L1,L1,L1,L3,L3
H3,M1,L3,L3,H2
L1,M1,M1,M1,L2
L1,L2,L2,H2,L3
L3,H3,M1,H2,L3
L3,L2,L1,L3,L3
L3,H1,M1,M1,L3
L2,L3,H1,L1,L3
M1,L3,L2,M1,L3
H3,L1,L3,M1,L2
L1,L3,L2,M1,L2
L2,L1,L1,H1,H2
L3,L2,L2,L3,L3
L3,L1,L3,L3,L1
H3,L3,L1,H2,L2
L2,M1,L3,L2,L3
M1,M1,L1,L2,L3
L2,L3,L1,L1,L1
L1,M1,L3,L2,M1
L3,L2,M1,L3,L3
L1,H3,BN,L2,H1
L3,H3,L2,L2,M1
H2,H3,L3,L1,L1
L2,M1,L2,L3,L3
L1,L3,L3,L1,M1
L3,H3,H3,L1,GL
M1,M1,L3,L2,H2
M1,L3,L2,H2,L3
H1,L3,L2,L1,L2
L2,L1,H3,L1,L2
M1,L2,M1,L1,L1
L1,L1,L3,L3,L2
M1,L2,H2,L3,L3
L3,L3,H3,L3,M1
L3,L1,L3,M1,H2
L2,L1,L1,L1,H3
L2,L3,H2,H3,H3
L3,L1,L1,L1,L1
L3,L3,L3,H2,L3
M1,L1,L1,L1,L3
M1,M1,L1,L3,H2
L2,L1,L2,L2,L2
L3,H2,L2,M1,H2
L2,L2,L1,M1,L2
L2,M1,L2,L3,L2
H2,H2,L2,H3,L1
H1,L2,L2,L1,H3
H2,L3,L1,L1,L2
L2,H2,H2,L3,L1
L2,L1,H1,L2,L3
L3,L3,L3,H2,L3
H3,M1,L1,L3,L3
L1,M1,L3,BN,L3
L1,L3,M1,H3,L2
L3,L3,L2,L2,L2
L3,M1,L2,L1,L1
M1,L2,L2,H3,H1
L1,L1,L3,L1,L1
H2,L1,L1,BN,L3
L3,L3,L2,L2,M1
L3,L3,L2,L3,M1
L1,H3,M1,L1,L3
L2,L3,L2,L3,L1
L2,M1,L1,H3,M1
L3,L1,H3,H2,L3
H3,H3,L1,L1,L2
L1,M1,L1,L2,L2
L3,H3,L2,H3,L2
H3,L1,L2,L2,L1
L1,L2,L3,L3,L2
H1,L1,L1,H1,L3
L1,L3,L2,L1,L1
H3,L3,L1,H3,L2
L1,L3,M1,L3,L1
L1,L3,L3,GL,L2
L3,M1,L3,H2,L1
L2,L2,L1,L3,BN
L3,L1,L1,L2,L3
L1,L1,L2,M1,L3
L2,H3,L2,L3,L3
L1,M1,L1,L1,H1
L2,M1,L3,L3,L1
H3,L3,H2,L3,M1
L1,L3,H1,L1,M1
H2,L1,L2,M1,L1
L3,L2,L2,L1,L3
H1,L1,H2,L2,L3
M1,L3,M1,L2,L3
L2,M1,H2,L1,L2
L3,L1,L1,L3,L3
L2,H2,L1,L1,L1
L3,L3,L1,L3,L2
L3,M1,M1,H3,L1
BN,L3,L1,H3,L1
L3,L2,M1,L3,L2
L2,M1,M1,L3,L3
H3,L1,L3,M1,L2
L2,L3,L2,L2,M1
H3,L2,L1,L3,M1
H3,L3,L1,L2,L3
L2,L1,L2,L2,L2
L2,L3,L1,M1,L1
L1,L1,L3,L3,H2
H1,L1,H3,BN,L2
L2,M1,L2,L1,L2
L3,M1,L1,L3,M1
L1,L3,M1,L3,H3
L2,M1,L1,L1,L2
L2,L1,H1,H3,L3
L3,L2,M1,M1,M1
H3,L1,L2,M1,L3
M1,L1,L1,L3,H3
L3,L1,H3,M1,M1
L1,L1,M1,L1,L3
H3,M1,L3,L2,H3
H2,L2,L1,L1,L3
M1,H1,L2,M1,L2
M1,L3,H3,L3,L3
L1,L3,L2,L2,L2
L1,L2,L1,L3,L1
L3,L1,L3,L2,L1
L2,L3,L3,L3,L3
L3,L3,M1,M1,L1
L3,L2,L2,L1,M1
L1,M1,L1,L2,L2
L2,H3,L2,L1,L3
L2,L1,L3,BN,M1
H2,L2,H3,H3,M1
L2,H3,L3,H1,M1
L2,L1,M1,H3,M1
L2,M1,BN,M1,M1
L3,L2,M1,L2,L2
L2,L1,M1,L1,M1
M1,L1,L2,L1,M1
L3,H2,H2,H1,M1
L2,H1,M1,L1,M1
M1,L2,M1,L3,M1
L3,H3,L1,L2,H1
M1,L2,L3,L2,L2
L3,H1,M1,BN,H3
L1,L2,H2,L2,M1
H1,L2,H2,L2,L1
L1,H3,L2,L1,L2
L1,L3,L2,L3,L3
L1,H3,L1,BN,L3
L3,H3,L1,L1,L2
L2,L3,L1,H3,L1
L1,BN,L2,L1,H2
H2,L2,L2,M1,H2
L1,L2,H2,M1,L2
H1,L3,L2,H1,L3
M1,L1,M1,L3,L1
M1,M1,L2,L2,L3
L2,L1,H3,L2,L1
L1,L1,BN,H3,L2
L3,L1,L3,H2,L1
L1,L2,L3,H3,M1
L3,L3,L1,L3,BN
L3,L3,M1,L2,L3
L1,L2,M1,L1,L1
H2,H3,M1,L3,L1
H1,L3,L3,L3,L2
L2,M1,L2,L2,H1
L3,L1,H1,L1,L2
L2,L3,H3,L1,M1
L2,M1,L2,L3,L1
L1,H1,H1,L1,L1
H3,M1,L3,M1,L1
H1,L3,L1,L2,H2
L1,L3,L1,L3,H3
H3,L3,L3,L3,L3
L2,L3,H3,L1,L3
L2,L1,L2,L2,L3
M1,L2,L3,L1,L1
M1,L3,M1,L1,BN
L1,L3,L2,L1,M1
H3,H3,M1,L2,M1
M1,H1,L1,H1,L2
H2,L1,H3,L3,L2
H2,L2,M1,L3,L2
M1,H3,L2,L2,L3
H3,BN,M1,L3,H3
L2,L2,L1,L2,L2
L1,L3,L2,H2,L3
L3,L3,L3,L3,L2
L3,L2,M1,M1,L1
M1,L1,M1,L2,L2
L2,M1,H2,L2,M1
L1,L1,L3,L1,L2
L2,M1,L2,M1,BN
L1,H2,L3,L2,H3
M1,L1,H1,L3,L3
L3,L2,M1,L3,L2
L3,L1,L1,L1,L2
M1,L3,L1,L3,L3
BN,L3,L1,L1,H1
L1,L3,L2,L2,L1
L1,M1,BN,H1,H2
L3,L2,L3,H1,L1
M1,M1,H1,L3,L2
L2,BN,L1,M1,L3
L1,L2,L2,L1,L3
L1,L2,H1,BN,L2
L3,H1,M1,L3,M1
L2,L3,M1,L1,M1
L1,L3,L3,L3,L2
L1,L3,L3,H3,L2
H1,L3,H3,M1,L1
H2,L3,L3,L3,H3
M1,L1,L3,L1,L3
L1,L1,L1,H2,L2
L3,L1,L3,L3,M1
L3,L3,L2,L3,L1
L3,L1,H1,M1,L3
H3,L3,L3,L1,H2
L3,L3,L1,H2,M1
L2,L2,M1,L2,L1
L2,L3,L2,L3,H3
H3,H3,L1,L1,H1
L1,L1,L1,M1,L2
L1,L2,L2,L1,L3
L2,L3,H1,L2,L1
L2,M1,L1,BN,L1
L2,L1,H3,L3,L2
L1,L2,L3,L3,BN
L2,L2,M1,M1,L2
L3,L2,L3,M1,L2
L1,L3,L2,L2,L2
L3,M1,L1,M1,L1
H2,L3,L2,L1,H3
L1,M1,L3,L2,M1
L1,M1,L3,L1,L2
M1,H3,L2,L3,L1
L3,L2,L1,L1,M1
L2,L3,L2,L3,L1
L3,L1,L3,L2,L2
L3,L3,L3,L2,GL
L1,M1,L2,L1,L1
H2,L3,L3,H3,L1
L1,H1,M1,L1,H3
H1,L2,L3,L1,L3
M1,H3,L1,L2,L1
L1,L3,L2,M1,H3
L3,L2,L3,BN,BN
H1,L3,H2,L3,L1
L1,L3,L3,L3,H2
L2,H3,L1,L1,L3
BN,L3,L2,L2,L3
L2,L3,H3,H3,L1
H3,L2,L2,H3,L2
L1,L3,L3,BN,L1
L3,H3,L2,L2,L1
L3,M1,H2,H2,L3
L3,H3,L3,H3,H3
L1,L3,L2,L1,L2
L3,L1,H2,L1,L2
L1,L2,L1,L3,L1
M1,L1,H3,M1,H2
M1,L3,L1,H2,L1
M1,M1,M1,M1,L3
L3,L3,H2,M1,H3
L2,H3,L1,M1,H2
L1,L2,M1,M1,L1
L1,H2,L2,L2,H1
L2,L2,L3,L2,L1
L2,L3,M1,L1,L1
L3,H1,L2,L2,L1
L3,L3,H3,L3,L3
H3,M1,L3,L2,M1
H2,H1,L1,L3,L3
L3,L1,L3,L3,L2
L1,L1,H2,L3,L1
L3,L2,L2,L2,L2
L3,L3,L2,L3,BN
L3,L1,M1,L1,H1
H1,H3,L1,M1,L3
L3,M1,L1,L2,L3
H3,H1,M1,M1,L2
L2,M1,L3,H3,L2
L3,L2,L3,L1,L1
L2,H2,H2,L1,L2
L2,H2,L1,M1,M1
L2,M1,L3,M1,L3
L1,L3,L1,H2,L2
L2,H3,L3,M1,L2
H3,L1,M1,L3,M1
L3,L2,M1,L1,L3
L2,L3,L3,L2,L3
L2,H2,L3,L1,L2
L3,M1,L2,M1,L2
M1,L3,L2,H1,L2
L2,L1,M1,L1,L3
L3,L3,L3,M1,L1
L1,H3,L2,L1,L1
L2,L1,L1,L2,L3
L2,L1,L3,M1,H3
L1,L3,L3,L3,L3
L2,H3,L3,H2,L1
L2,L3,H1,L2,L1
L3,BN,L2,M1,L3
L3,L1,L2,M1,L2
L2,L2,L1,H2,M1
M1,H2,L1,L3,M1
L3,H1,L1,L1,L1
L1,L1,L2,H3,L2
L2,L2,H3,H2,M1
L2,L2,L3,L3,L2
L3,L1,L2,L2,H2
L1,L2,L1,L1,H3
L1,L1,H3,L1,M1
L3,L3,L1,H1,L1
L3,H2,L1,L3,L1
L2,H1,L2,H2,L1
M1,L3,M1,L3,H2
BN,L2,L1,L2,L2
L3,L2,L1,L3,L2
L1,M1,L2,L1,L3
L2,L1,M1,L1,H2
L3,M1,L3,L1,H3
L1,L1,H2,L1,L3
L1,H2,L2,H3,H2
L1,L2,L1,L2,L1
L2,H3,M1,H3,M1
L3,L1,L2,M1,L3
L3,L2,L2,BN,L2
L3,M1,L3,L1,L1
H1,M1,L1,H3,L2
BN,H3,M1,L2,L2
L1,L2,H3,L1,L3
L2,H3,L2,M1,L2
L1,L1,H3,L2,M1
L1,L3,L1,H3,L3
L3,L1,L1,L3,L3
L1,H1,L3,M1,L1
L1,BN,H2,L2,L3
L3,L3,L2,L1,M1
L3,L1,H3,L3,L2
L3,L3,L3,L3,H2
M1,L1,L2,L3,H3
L1,M1,H3,L3,M1
GL,L3,H3,L1,M1
L2,L3,H3,L1,L2
H3,L1,L2,H1,L1
H3,H3,L2,L2,M1
L3,L1,L1,H2,L2
BN,H3,L1,L1,BN
L1,L1,BN,L3,H3
L3,BN,L3,H3,L2
H2,L1,L3,L1,L2
H3,L3,L1,H3,M1
L2,L1,L3,M1,M1
L3,L2,L3,L3,H3
M1,L3,L2,L1,H1
H2,L3,H3,L2,L1
H2,L3,H2,L3,L3
L2,H3,L3,M1,H1
M1,BN,L3,L3,H2
L3,L3,H3,L2,H1
H2,M1,L3,L2,L2
H3,L2,H2,L2,L3
BN,H3,L3,M1,L2
H3,H3,H1,H2,L3
M1,L3,L3,M1,L3
L1,L3,L2,L1,L1
L1,M1,H3,L1,M1
L2,L1,L1,L1,L1
L2,M1,L3,H1,L3
L3,L1,H3,H1,L3
L1,L2,L1,L1,H1
M1,L2,L2,L3,L3
L3,H2,H3,M1,L2
L2,L3,M1,L3,L3
L3,L1,H2,H3,L2
L1,L1,L2,L3,H2
L2,BN,L2,L2,L3
L3,L1,L3,L2,L1
L3,H3,L1,L2,L3
L3,L2,L1,H2,H3
L1,M1,L3,L3,H3
L3,L3,L3,H2,L3
L1,L2,L1,L1,H1
L3,L1,L3,L3,H2
L3,L1,L3,L3,M1
L1,H3,L2,L3,L2
L1,L3,H1,L3,L1
H1,H1,H1,H3,L2
L3,L2,H1,L1,H1
L1,L2,L3,H2,H2
L1,L2,L2,M1,L2
H3,M1,L3,L3,H2
L3,L3,M1,M1,L2
M1,H3,L2,L1,L1
H1,H1,L3,L2,L1
H2,L2,M1,L1,H2
L1,M1,M1,L3,L2
H3,L3,L1,H1,L3
H2,M1,L3,L2,H3
L1,L3,L3,L3,L3
L3,H3,L1,L3,L2
M1,BN,H1,L1,L3
M1,M1,L3,BN,H2
L2,L1,L3,L2,L1
L2,L3,L2,L3,L2
L3,L2,L3,M1,L2
L3,H2,L1,L3,L3
L3,M1,L3,GL,L2
L2,L3,L3,L1,H3
L3,L3,L2,L2,H3
L1,M1,L3,H2,L3
M1,H3,BN,M1,L2
L3,H3,L3,L3,L2
L1,L3,L1,L2,L3
H3,L2,L2,L2,M1
L3,L2,L1,L3,M1
L1,L2,L2,M1,L2
L3,L3,H2,M1,H3
L1,L3,H1,L1,M1
L1,L2,M1,BN,L3
L2,L2,L1,L2,L2
L3,M1,L2,L3,M1
L2,H2,L2,L2,H3
L2,L3,M1,M1,L3
M1,H2,L3,L2,L2
L2,H3,L1,BN,L3
L2,L2,L3,M1,L3
L2,L2,M1,L3,L3
L3,M1,L3,H2,H3
L3,L1,L3,H3,H2
L2,L1,L3,M1,L2
H3,L1,M1,BN,L2
M1,H2,M1,L2,L1
BN,H3,L2,L1,L3
L2,M1,L2,L3,L1
L3,L3,L1,L2,L2
H2,L2,L2,L2,H3
M1,M1,M1,L1,L2
L1,L1,L3,H3,L2
L3,L2,L1,M1,L3
M1,H3,L2,H3,L2
L2,M1,H1,L3,L1
M1,L3,L1,L2,L1
L3,L3,L2,L3,L1
L2,L2,H2,L1,M1
L2,L3,L2,L2,L2
L2,H3,L2,L3,L3
H1,H3,L1,L1,H2
H3,L1,L2,L2,H3
L2,L2,M1,L3,M1
L1,L2,M1,L3,M1
L1,M1,L3,L2,L3
M1,L1,H1,L3,M1
H1,M1,L2,H2,H2
L3,L3,L2,M1,L3
M1,L3,BN,H1,L2
L2,H3,H3,M1,L2
L2,L1,L2,L3,L3
L1,M1,L2,H3,L2
L1,L2,L1,M1,L1
BN,H2,H2,L1,L2
M1,H3,L2,L3,L2
M1,H2,BN,M1,M1
L3,L1,L2,M1,L2
L2,M1,L2,M1,H1
H3,L1,L3,L3,H3
H3,L3,L1,L1,H1
BN,H3,L1,L1,L1
L1,M1,H1,L3,L2
H3,L1,L1,H2,L3
H2,L3,H1,L3,L3
H3,L1,L1,M1,H1
M1,L1,H2,H2,L2
L2,L1,H3,L2,L3
H2,H3,L3,H3,L1
H3,L2,L1,M1,L1
M1,L2,H1,M1,H2
L2,M1,L1,L1,L3
M1,H2,M1,L1,L1
L2,M1,L1,L2,H2
L3,BN,L3,L3,L2
H3,L3,L3,L3,L3
L2,L3,M1,L2,M1
L3,M1,M1,H3,L1
L2,M1,H2,L2,L3
L1,L2,L3,H2,M1
L1,L1,L3,L1,M1
H2,M1,H1,L1,H2
H3,L1,L3,H3,L2
L2,M1,L2,M1,L2
H3,M1,L1,L2,L3
L3,L2,L2,L3,L3
H2,L3,H2,L2,L2
M1,BN,M1,L3,L2
H2,H1,L2,L2,M1
M1,L1,H3,L2,L2
L3,L2,L1,M1,M1
L2,M1,H2,L3,L1
L1,L2,L2,M1,L3
L3,L3,L2,L1,L2
H2,L2,L1,L1,L1
L3,L2,L1,L2,M1
L3,BN,L1,H2,L1
L2,M1,H1,L3,H2
H2,L2,H1,L3,L2
L2,M1,L2,L1,L3
L2,L1,L2,L3,L3
H3,M1,L3,L2,L1
L1,H3,BN,L2,H2
H3,L1,L3,M1,M1
L1,L2,L2,L3,H3
L1,L3,M1,L2,L2
L1,M1,L2,L3,H3
H2,L3,L1,L2,L3
L3,L1,L3,H3,L3
H2,L1,L2,M1,M1
BN,BN,L1,L3,M1
L1,L2,L2,L1,H2
L2,H3,M1,M1,L3
L1,L3,L3,L1,L3
L1,L1,L2,L3,L3
BN,L2,L3,M1,M1
L2,L3,BN,BN,L1
L2,H3,L3,L2,L2
M1,H3,M1,H3,L1
L2,L3,H3,H3,L2
H3,L3,L2,L3,L3
L3,L1,L1,H2,L1
M1,L2,L3,L3,L2
M1,H3,L2,L3,M1
H3,L3,L2,L1,H3
H2,L1,L1,L1,L2
H3,L3,H1,L1,L2
M1,L2,L3,L3,L3
L1,H2,L1,H3,L2
L2,BN,L3,L1,L2
L3,L2,L1,L2,H3
L2,L3,L3,L3,L2
L3,L1,H1,L3,H3
L1,L1,M1,L2,L1
L2,L2,L2,L2,L3
L1,L2,L3,L2,L3
H2,H1,L3,L3,L3
L1,L2,L1,BN,L2
L2,L1,M1,L1,L2
L1,L1,M1,L2,L3
L3,L3,M1,M1,L1
M1,L1,L3,L2,H2
L1,L2,L2,L3,H2
L2,L1,L3,L2,L2
L2,L1,L1,L1,M1
L3,BN,L3,L3,L1
M1,L3,H2,L2,L1
L1,M1,H2,BN,H3
L2,L3,L1,L3,L3
L3,H3,L1,L3,L3
M1,M1,L2,L1,H2
L3,L3,L2,L2,L1
L1,L3,L3,L1,L2
M1,M1,H1,L3,H3
M1,L1,H3,M1,L2
H1,L2,H3,L2,L3
L3,L3,L3,L1,L1
L2,L1,L3,L3,BN
H3,L3,L3,L2,H1
L2,L1,L2,L3,L3
L1,L3,L2,H1,L2
L3,L1,H3,L3,L1
L1,M1,H3,L1,H1
L1,L3,M1,L2,L1
L3,L3,H3,L2,H3
L1,L3,L3,H2,H2
L1,L2,L2,M1,L3
L1,L2,L1,L1,L1
L3,L3,L3,L1,L2
H3,L1,L3,L1,L2
H2,L2,M1,L3,H3
L3,L2,L3,L1,L2
H1,H2,L2,L3,L3
L2,L1,L3,M1,L2
L1,L1,H3,L1,L2
BN,M1,L3,M1,L3
L2,M1,L3,H2,L1
L1,L2,L1,L3,L3
L2,H3,L2,L3,M1
L2,M1,M1,L3,L2
L1,H3,L3,M1,L3
L3,L2,M1,L3,L3
H2,L1,L3,M1,L3
M1,H1,L1,L3,L2
L2,M1,L3,BN,L3
L3,L3,L2,M1,H2
L1,H3,L1,L3,H3
H3,H3,L1,M1,L3
H3,L3,L1,L2,M1
H2,L3,L3,H1,H3
L2,L2,H1,L1,L3
L2,L1,M1,M1,L1
L1,BN,L3,L1,H3
L3,L2,L3,L3,L2
H3,M1,L2,L2,M1
M1,L2,L3,H3,L3
L2,L3,L3,H2,M1
L1,L3,L2,L1,L2
L1,H3,L2,L2,L1
L2,L2,L2,L2,L1
M1,L3,L2,L3,BN
L3,L3,L3,L3,M1
H2,L3,L2,L3,L3
L1,L2,L2,L2,L3
L2,L3,L1,L2,H3
M1,L2,M1,L3,M1
H1,L2,L3,L1,M1
M1,H2,M1,M1,L1
H3,L3,H2,L2,M1
L3,L2,L1,M1,BN
M1,H3,L1,L2,H3
L3,M1,M1,L2,H3
H2,M1,L2,L3,H1
M1,H2,H3,H2,L2
L3,L3,L2,L2,L3
L3,H3,H1,L2,M1
L2,L3,L1,L1,L3
H1,L2,M1,L3,L3
H3,L1,L3,L1,L3
L2,L2,L2,L1,L3
L1,L3,L3,L2,L1
H1,L2,H3,H1,L3
M1,L3,M1,BN,BN
H1,L3,H2,L3,M1
L2,L3,L3,L1,H3
L2,L3,L3,H2,L2
H3,L3,L2,H2,L3
M1,L1,L3,L3,L2
L3,L1,H1,L3,H2
L3,M1,L2,L1,H2
L1,L1,L2,M1,L3
M1,L3,L3,L2,M1
L3,H3,L3,M1,H3
H2,L1,H3,L1,L3
L2,L3,M1,H3,L1
H3,L2,H3,M1,H2
L1,L3,H3,L3,L3
H1,H2,L3,L2,L3
L2,L2,L2,L3,L3
L3,L3,M1,L1,L2
L2,L1,L3,L2,L3
L3,H3,L1,L2,M1
L3,L1,L1,L3,L2
L2,L1,L2,H1,L2
L3,L2,L1,H2,H3
L3,L2,L1,L3,M1
L1,H3,M1,H3,L2
L3,L3,L3,L3,L2
L3,L2,L1,L1,L3
H3,M1,L3,H2,L3
L2,L3,H3,L1,L3
L2,L3,H2,L2,H2
L2,M1,L3,M1,L3
L1,L3,L3,M1,L1
L3,L1,L2,L1,L2
L3,L2,L3,L2,BN
L3,L2,H3,L1,L3
L1,L2,L1,L2,L2
L3,M1,L3,L3,L3
L2,L2,L2,BN,L3
L3,L2,M1,L3,L3
L2,M1,L3,H1,L1
L3,L2,L1,H3,L3
L1,H3,L2,L2,M1
L2,M1,M1,H2,H3
L3,L2,M1,L3,H3
L1,L1,M1,L3,M1
L3,L1,L3,M1,L1
L2,L1,L1,L3,L1
L1,L3,L3,L3,H2
H2,BN,H3,L1,H1
L2,H3,H2,L3,L2
M1,L3,L2,H3,L2
L2,L3,H2,H3,M1
L2,H3,L3,L1,M1
L3,H2,L2,H3,L3
L1,L3,L3,L1,L2
H3,H1,L1,H2,L2
H2,L3,H3,L3,L1
H1,L1,H3,L2,M1
L1,L3,L3,L2,H3
L1,L1,L2,L1,L1
L1,L3,H3,L3,L3
L1,L3,L3,L2,L1
BN,L3,H3,L3,H3
L2,L3,L1,M1,L2
H2,L2,L2,M1,L1
H3,L2,H3,L1,L2
L2,L3,H1,H3,M1
L1,L3,L1,M1,H3
H2,H3,H3,L1,L2
BN,L2,L2,L3,L3
M1,H3,L3,H3,H3
L1,L2,L2,L2,L1
L2,H1,L3,M1,L1
L3,H1,L2,L3,L3
H3,H2,H3,H3,L3
L2,L2,L2,L3,H1
L1,L1,H2,L2,BN
L2,L1,BN,L2,L3
L1,L3,L1,H3,H2
L2,H1,L1,GL,L2
L1,L2,L1,L3,H2
M1,L3,L3,L1,L3
L1,L3,M1,L3,H3
L3,L3,H3,L2,L2
L3,L1,M1,L3,L2
L2,H3,L2,L3,L3
H3,L2,L2,L2,L1
L2,L3,L3,L1,L2
L1,M1,L2,H2,H3
H3,L2,H1,H3,L1
L2,L2,M1,H2,L3
H3,L1,H3,L1,M1
H3,L1,H1,L1,L1
L2,L1,M1,L3,L2
L2,L2,H2,L1,M1
L1,BN,L3,L1,L2
L3,H3,H3,L3,L1
L3,L1,H3,L1,L2
L1,L1,M1,L3,L1
L3,L2,L2,L2,H2
L2,L1,H2,L1,L3
H2,H3,H3,L1,L3
L1,L2,L3,L1,L1
L1,L3,H3,L1,H3
L3,L1,L2,L2,H2
L2,L1,L2,L3,H1
L1,L2,L3,H3,L2
L2,L2,M1,L3,H3
L2,L1,M1,L2,L1
L2,L3,L3,L3,L1
H2,L3,L1,L2,L2
L2,L3,H3,L1,L2
H3,L1,L3,L2,L2
L2,M1,L2,L1,L2
M1,L3,L2,L2,L3
M1,L2,L2,L3,H1
M1,L3,L2,L3,BN
BN,L3,L2,L2,H3
M1,L1,M1,H1,L2
M1,H1,M1,L3,H1
H1,L2,L3,M1,L3
L2,L3,H2,L2,L3
L2,L2,H1,BN,L3
L1,L2,L2,L1,L2
L1,BN,M1,L1,L2
BN,L3,L2,L3,M1
L1,L2,H2,H2,M1
L2,L2,L3,M1,L2
L2,L1,L2,L1,L2
L1,L2,L1,M1,M1
H2,L2,L2,L2,L3
H1,M1,L2,L2,L3
H2,L3,L2,H1,L2
L3,M1,H3,L3,H3
H3,H3,L1,H3,M1
L3,L2,H2,H3,L3
L1,L1,L1,BN,H2
L1,L1,L3,L2,L3
M1,H1,M1,H3,L3
H3,BN,L3,L2,L2
L1,M1,L3,L3,L2
L3,L3,H2,L1,L3
L1,L2,L1,L3,L2
H3,L2,L3,L3,L3
L2,L1,M1,L2,M1
L3,L2,H2,L3,M1
H2,L2,L2,L2,L3
L2,L2,L2,M1,L1
L3,L3,L3,L1,L3
L3,L2,L2,BN,L2
M1,H2,L3,L2,L3
L3,M1,L2,H1,L3
L3,L2,L3,L1,L3
H1,L3,L2,L2,L3
H2,L1,L1,L3,L3
L1,L2,L2,L2,L1
L2,L2,L3,BN,L1
L1,L3,M1,L1,L2
L1,L3,L3,L2,L1
H2,H3,L2,M1,L3
L1,L1,L2,L1,L3
L1,L3,L2,L1,L2
L3,M1,L2,L3,L2
M1,L2,L1,M1,L2
L1,L3,L3,H3,L3
L1,BN,L3,L3,L2
L3,H3,H3,H3,L1
L2,L1,L1,L2,H1
H3,L3,M1,L1,M1
L3,H3,L3,H2,L2
L2,H1,H3,L3,L3
L3,L2,H2,L1,L3
M1,M1,L2,M1,H3
L2,BN,H3,L3,L3
M1,L1,M1,H3,H3
L1,H3,M1,BN,L1
H2,L3,L2,M1,L1
L3,L1,L3,L1,L1
L3,H1,L1,L1,H2
L3,L2,L2,L1,L2
H2,H3,L2,M1,L3
H3,L3,L3,H1,H2
M1,L1,L3,L1,H3
H3,L3,L2,L2,L2
L1,L3,H3,M1,L1
M1,L3,H1,L2,H3
L3,L1,L3,L3,L2
L2,L3,L2,L2,L3
L3,H1,H1,L1,L2
L1,L2,L1,L2,L3
L3,L1,L1,H2,L3
L1,M1,L3,L1,L1
L2,L1,L1,M1,L1
L2,L2,L3,L1,L3
L2,L2,BN,L1,H3
L3,L3,H2,L3,L3
L2,L1,L1,L1,L3
H3,L3,H1,L3,L1
H2,L1,L1,L2,M1
H3,L3,L1,M1,L1
L2,H3,H2,L3,H3
M1,L3,L3,L2,L2
L2,L3,L2,M1,L1
L2,H2,H1,L3,L2
L1,L3,L2,H3,L3
L2,L3,L1,L3,L1
L3,M1,L1,L1,L2
L2,H2,H2,L2,L3
L2,L3,L1,M1,L3
H1,L3,L1,L3,L1
M1,L2,M1,H2,M1
L3,H2,L1,L1,L1
M1,L2,M1,L2,L3
L1,L3,L2,H2,L3
M1,L3,L1,L1,BN
L1,H3,L1,M1,L1
L3,H3,L1,M1,L1
L2,L2,H2,L1,H2
M1,L2,L1,L3,L2
L3,L2,M1,L3,M1
H3,L2,L3,H1,L2
H3,L3,H1,L2,L2
L3,M1,L1,L1,L3
L3,L3,L1,L1,M1
L3,L3,L2,M1,M1
BN,L1,H1,L2,M1
H3,L3,L3,L3,L1
L3,L1,H1,M1,H1
M1,L2,L1,L2,L3
L3,L2,H2,L3,L2
L3,M1,L3,L3,H2
L3,H3,L2,M1,L2
L2,L1,L2,L1,L1
L2,L1,L2,H2,H3
L2,L1,L3,L3,H3
L1,L3,M1,L3,H2
L3,L3,H3,L3,L2
L1,H2,L1,L2,L1
L2,H3,M1,L3,H2
L1,M1,M1,L1,L3
L2,H1,L3,L3,L1
L3,H3,L2,H1,M1
BN,L1,H3,H3,H1
L2,H3,L3,L3,L1
L1,L2,L3,L1,M1
L1,L1,L3,L3,L1
L3,L2,M1,L2,M1
M1,L2,L3,L1,H3
L2,M1,L2,L2,L1
L2,L2,L3,L2,L1
H2,L1,L3,L2,L1
L1,L1,L1,L3,H3
H2,H3,H1,L2,L2
L3,M1,L2,L3,L3
L1,L1,H3,L1,L2
L1,H2,M1,L2,L1
M1,M1,M1,L2,L3
L2,L3,H1,M1,H3
L2,M1,L3,L3,L3
L3,L2,H2,H2,L1
M1,H2,H3,M1,M1
L1,L2,L1,H2,L3
H3,M1,L2,L1,M1
L3,M1,L2,L3,L3
L1,L2,L2,L3,L3
L3,H2,M1,M1,L1
L3,M1,H3,H3,L3
H3,L1,L1,M1,L1
H3,L3,H3,M1,L3
L3,L2,L1,L2,L2
L3,L3,L1,L2,H3
L3,H2,L2,L2,L2
H1,H3,H1,L2,L3
L3,L2,H3,L3,M1
H3,L2,L2,L1,L1
L2,M1,BN,M1,H3
L3,H1,L3,L1,L2
L2,H2,L3,L3,L2
L1,L2,L2,L3,L2
L3,L2,M1,L1,L2
L2,L3,H1,L2,GL
H3,L2,L3,M1,BN
L2,L3,M1,L3,L2
M1,H3,L1,M1,H1
L3,L1,H3,M1,M1
H3,L1,M1,M1,L3
H3,H3,L3,M1,L3
M1,L2,L2,H2,H2
M1,L3,H3,H1,H2
L3,L2,H3,H3,L2
L3,L2,L1,L3,L3
L2,L2,L2,GL,L2
M1,H2,L1,L1,L2
L2,M1,L2,L1,L2
L3,L2,M1,L1,L1
L3,L3,L2,H2,L2
L2,M1,M1,L1,M1
M1,L2,L3,H1,H1
BN,L3,L2,L2,M1
L2,L3,L2,L2,L3
L2,L3,L1,L2,L2
H3,L2,L3,L3,L2
L2,H3,M1,L3,M1
H3,L1,H3,L3,L3
L3,L1,L1,L3,L2
L2,L1,H1,L2,L2
M1,H1,L2,L3,L2
L2,L2,L3,M1,L3
H1,L1,H3,H1,L3
L2,L3,L2,L3,L2
L3,M1,M1,H2,M1
H3,L2,BN,L2,L2
L3,H3,H2,L2,L2
L3,L3,L2,L1,M1
L2,L3,H3,L3,L1
L1,L2,L1,L3,L3
L3,L3,M1,L3,H2
L3,M1,M1,L1,H3
L1,L3,M1,H3,BN
M1,L3,H2,L2,L3
L1,L3,L3,M1,L1
L2,H1,H3,L2,H1
L2,L2,L3,L1,M1
L1,L3,L1,L3,L3
L1,H1,L1,M1,H2
BN,L2,H2,L2,L3
H1,H3,L2,L1,L1
H3,L3,L3,L1,L1
L1,M1,L3,H1,L1
M1,L3,L2,L3,L1
H3,H3,M1,L2,L2
L1,L1,L3,L3,L2
L2,H3,L1,L3,BN
L2,L2,L3,BN,L3
L3,L1,L3,L1,L3
L3,L3,L2,H1,L3
H3,H3,L2,L3,L3
BN,L3,L2,H1,L2
L1,L2,L2,L3,BN
L3,H3,H2,L2,H3
L2,L1,L3,M1,L1
L3,L3,H3,L2,H1
L1,L2,M1,L2,L1
L3,L3,H3,L2,L3
L1,L2,H1,L1,L2
H2,M1,L1,H1,L2
L2,L1,H2,L2,L1
L2,H2,M1,L1,L3
L3,L3,L2,L3,L2
H2,H3,L3,L2,L1
M1,L2,L1,M1,L2
M1,H2,L2,L1,L3
L2,L2,L2,L1,L1
M1,H1,L1,L1,L1
L2,H3,L3,L3,H1
M1,L1,GL,L2,L3
M1,L1,L1,L1,L3
M1,L1,H3,L3,L2
H1,L3,H2,L1,M1
H1,L3,L3,L2,H2
L1,M1,L3,H3,H2
L1,H2,L2,L2,L1
L3,L3,L2,L2,L2
L2,L1,L3,L2,M1
L1,L1,L3,L2,L3
H3,L1,L3,L2,L1
L2,M1,H3,H2,L3
L1,L1,H3,L3,L3
L2,M1,M1,L1,L3
L2,H3,M1,L1,L3
H3,L1,L1,L1,M1
L3,L2,H3,L3,L2
L1,L1,L2,L3,L2
L1,L3,L1,M1,H3
L3,L1,L1,H1,L2
H2,H3,M1,L3,L2
H2,L1,L3,L3,L3
L2,L3,L2,L1,L3
L2,L3,L3,L2,H2
L1,BN,L1,L1,L1
L1,H1,L1,BN,L2
L2,H2,H2,L3,L3
L2,L3,L2,L2,L1
BN,H3,L3,L2,L2
L2,L2,L2,L3,L3
L2,BN,H3,L3,L2
L2,L1,L3,M1,M1
L2,L1,L3,H3,H2
M1,L1,H3,L1,L3
L3,L2,L1,H2,L1
H3,M1,L3,L2,L1
L3,L3,M1,L1,M1
L3,H3,M1,L3,L2
H2,H3,H3,L3,L2
L1,H3,H2,L3,L3
M1,L3,L3,L3,L3
H3,M1,L3,L3,L1
H1,BN,M1,L3,L2
L2,M1,L2,M1,H2
L2,L1,L3,L3,L3
L3,GL,L3,H2,M1
L2,M1,H2,BN,L1
L1,H3,L2,L1,H3
L1,L3,H2,L1,L2
L2,L2,H3,L3,L1
H3,H3,L3,L2,M1
L2,L3,L3,M1,H3
L3,L3,L2,L1,L1
L2,H3,M1,H3,M1
L3,L3,L1,L1,H3
L3,L3,L2,L2,L3
L3,L3,L3,L2,L2
L1,M1,L1,L3,L3
L3,H1,L1,M1,L2
L1,L1,H3,L1,L3
H3,L3,L3,L1,L1
L3,L1,L2,H2,L3
BN,L3,H3,H3,L1
L2,L2,L2,L1,H2
L2,BN,L3,L3,L2
L3,H3,L1,L1,L3
M1,M1,L2,H2,M1
L2,L1,L3,L1,L1
M1,L2,H2,L2,L2
L2,L3,M1,H3,M1
L3,L2,H1,L1,L1
L2,H2,H2,L3,L1
M1,L2,L1,L1,L2
L3,H2,L1,L1,H2
GL,H2,L3,L1,H3
M1,L3,M1,L1,L3
L3,L1,L1,L1,L2
L3,H2,H1,L2,L1
H3,M1,M1,H3,L2
L2,L1,L3,M1,H1
L1,L3,H2,L2,L3
L2,H2,L2,M1,L2
L2,L3,L2,L3,H3
L2,H3,H1,L3,H3
L3,L1,L2,L2,H1
L1,L2,L1,M1,M1
H3,M1,L3,L2,L1
L1,L3,H1,L3,H2
L2,M1,L3,L2,L1
L2,M1,L1,L3,H1
L3,L3,M1,M1,L3
L3,H3,L3,L1,L2
L1,L3,M1,L2,M1
L2,L3,M1,L1,L2
M1,L2,H3,H1,L2
L2,L1,L2,L3,L3
L3,H3,L3,H2,L3
M1,H1,L1,H1,L3
L3,M1,L1,M1,H2
M1,H3,L2,H2,L1
H1,M1,L3,L1,L3
L2,L2,L3,L3,L1
L3,L1,L2,L3,H3
L2,M1,L2,L1,L3
H1,L2,M1,L3,L1
L3,L2,L2,H1,H3
H3,L3,L1,L2,BN
L2,L2,L2,L1,M1
H2,M1,H1,L1,M1
L3,L3,L3,L3,M1
BN,H2,L3,L3,L1
L3,L2,L3,L3,L2
L3,L2,L2,L2,L1
L1,M1,M1,L2,L1
M1,L3,L2,L1,L2
L2,L3,H1,L2,L3
L1,L2,L2,L2,M1
L2,L1,H3,L1,M1
L1,L3,L2,L3,L3
L2,L3,H3,L1,L2
H3,L1,BN,L3,L1
L1,L1,L1,L2,L3
L2,H2,L1,L2,H1
M1,H3,L3,L1,H2
L2,H2,L2,H1,L3
L1,L3,H2,L2,M1
L3,H3,L1,L1,L2
L1,L2,L1,L2,L1
L3,L1,L1,L3,L3
L1,L3,L2,H3,L1
L3,H2,L2,H3,L3
L3,L2,H1,H2,L2
H3,M1,L3,L3,L1
BN,H3,L2,L1,L1
L3,H2,H1,L1,L2
L3,L3,L1,L3,L2
M1,L1,H3,L1,L1
L2,H3,L1,H1,M1
L1,M1,M1,BN,L2
L3,L3,L2,L2,L1
H2,L2,L1,H2,L2
L3,L3,H3,H3,L1
L3,L3,H2,L3,L3
L3,L3,L1,H1,M1
L2,H2,M1,L2,M1
L3,L2,L1,L2,H2
L3,L2,L1,M1,L3
L1,L2,L3,H2,L2
H3,L3,L1,L1,L1
H3,L1,H1,M1,L3
L1,H2,H1,M1,L3
L3,L3,H3,L3,L2
M1,L3,L2,L2,L3
L2,L2,M1,L3,L1
H2,L1,L3,L1,M1
L1,L2,M1,M1,L1
L3,L2,L3,L3,L1
L3,M1,L1,L2,L2
H3,L1,H2,L3,H1
L1,L3,L3,M1,L1
L1,H3,L2,L2,L3
L3,H3,L3,M1,M1
L1,L1,L2,L3,L2
H1,H1,L3,H2,L1
H3,L2,L3,L2,H3
L3,L2,M1,H3,L3
BN,L2,M1,M1,L2
L2,L2,L1,L3,L1
L3,L2,L1,H3,L3
M1,H3,H1,H3,L1
L2,M1,L1,H1,L2
L2,M1,H1,L2,L1
L3,BN,H3,L1,L3
L3,L3,L3,L2,H2
L2,H3,L1,L3,L1
H1,L3,L2,L3,L3
L3,L2,M1,L2,H3
L2,M1,L1,L3,H1
M1,H3,L1,L1,L3
L3,L1,L2,H2,L1
L3,M1,M1,L2,L3
L2,L3,L1,L3,L3
H3,L3,L2,H2,M1
M1,L2,H2,H2,L2
L1,M1,L3,H2,L2
L2,L2,L3,L1,L3
L3,L3,M1,L1,L3
L3,L1,L3,H2,M1
L2,L3,M1,H3,H3
L3,L2,L3,L3,L2
L2,L1,L3,H2,H3
H3,M1,H2,L1,L2
L1,L3,L3,L3,M1
M1,L1,H2,L3,L1
L3,H3,L1,BN,L3
L3,L1,L2,L1,L2
BN,L2,H3,M1,L2
L1,L2,L3,L3,M1
L2,L2,M1,H2,M1
H1,M1,L1,H3,L1
L3,L1,L2,L2,L3
L1,L1,L2,H3,H2
L2,L1,L2,M1,M1
H1,H3,L2,H1,L2
L1,M1,M1,L2,BN
H3,L2,H3,L1,H3
L2,H3,L2,H2,H2
L2,L1,M1,L3,L2
L2,L1,L2,L1,M1
L1,L2,BN,M1,L1
L3,L3,L1,L2,L1
L1,L1,L1,L2,L1
L3,M1,L3,L1,L2
L1,L1,L2,L1,L3
L3,H2,L1,L1,L1
L1,L3,L2,H1,H1
L1,H1,L2,L3,L2
L1,M1,L2,L1,L3
L1,L2,BN,L3,L1
L3,H1,L2,L1,L3
L3,M1,L2,L3,L3
H3,M1,L3,L2,H3
L2,H3,M1,L1,L3
M1,L1,L1,L3,L1
L1,H2,H2,L1,L3
L2,L1,H3,L3,L2
L3,L1,L2,L3,BN
H3,M1,L2,L2,L3
L1,L3,H1,L1,L3
M1,BN,H2,M1,L1
L2,H2,L3,L2,L2
L3,L2,L2,H3,H2
L1,M1,L3,L1,H1
L1,M1,H3,M1,L3
M1,L1,L3,M1,L1
L3,M1,L1,L1,L1
M1,L3,L3,L3,H3
L2,L1,L2,M1,L1
L3,L3,H3,L2,L3
M1,M1,M1,L1,L3
L3,L1,L1,M1,L1
L3,L1,M1,L3,M1
L1,L3,H1,L1,L1
L1,L1,L2,L2,L1
H1,H3,L3,L2,M1
L3,H3,L3,L2,L2
H1,L2,L3,H3,L2
H2,L3,L1,L1,L3
M1,L2,M1,L3,L2
M1,L2,L3,H3,H3
L2,H3,L1,L3,H3
L1,L3,M1,H2,M1
L1,L3,L1,L2,M1
BN,L1,M1,L3,L2
M1,M1,H3,H2,L2
L3,L1,M1,L3,M1
L3,L2,H3,H3,H2
L2,M1,L2,L2,M1
L2,L3,H2,L3,L3
H2,L3,L1,H2,H2
M1,L2,L1,L2,M1
L3,L3,H3,L3,L3
L2,L2,L1,L1,L2
H1,L2,L3,L2,L3
L2,L3,H2,L3,L2
H3,H3,L1,L2,L3
H2,L1,M1,L2,H3
L1,L1,L1,L3,L3
L3,H3,H3,L1,L2
L2,L3,L3,L1,M1
L2,L2,L1,L3,H2
H1,L2,L1,L1,M1
L2,H3,L1,L1,L3
L1,L1,L2,M1,L1
L3,H3,L1,M1,L1
L3,L2,L2,L1,L3
L2,L1,L3,H2,L2
H3,H1,L2,L2,M1
L3,L2,L3,L2,H1
M1,M1,L3,L2,L3
H3,H3,L1,L2,L2
L3,H2,L3,L3,L3
L1,L2,L3,L1,L2
M1,L3,L3,H2,L2
H2,M1,L3,L3,L2
L2,L2,L3,L1,H3
L1,L3,L2,L3,L3
M1,BN,L3,L1,L2
L3,L2,L3,L1,H2
L1,M1,L1,L3,L2
L3,L2,M1,M1,H2
L3,L1,L3,L3,L2
L3,L1,L1,L3,L3
H3,L3,L2,L3,H3
L1,H2,L1,H2,L1
L3,L1,L1,L1,L3
M1,H3,L3,L2,H1
L3,M1,L2,L1,L3
H3,H3,L1,L2,H1
L3,H2,L3,M1,M1
H2,L2,L1,L3,H3
L2,L3,L1,M1,L3
L1,L1,H2,M1,L3
L1,L1,L1,H3,BN
L1,L2,L1,L1,L3
L3,L3,M1,L3,L3
L2,L1,L3,L3,H3
L3,L1,M1,L2,H3
L2,H3,L2,L1,L3
H2,L2,L1,L2,L2
H1,L2,L3,L1,M1
L2,L2,L2,H2,M1
L1,H2,L3,M1,L3
L3,H3,L2,L1,L3
L3,L3,L3,M1,L2
L3,H2,L2,L2,H2
L3,H2,H2,L2,L2
L2,L2,L2,M1,L1
L1,L3,L3,L3,H3
L1,H2,L2,H1,L2
M1,L2,L3,M1,L2
L1,M1,L3,BN,L2
L3,L3,L2,M1,L2
H3,L3,H3,H3,H3
L1,L3,M1,L2,H3
L3,H3,H2,L2,L2
L1,M1,L2,H1,H2
M1,L1,L1,H2,H3
H3,M1,M1,L2,M1
L2,L3,L2,L2,H3
L3,L1,H3,L1,L2
BN,H1,L3,L3,L2
L2,M1,L3,H2,L2
L3,L3,L2,L1,H1
L2,L3,L3,H3,H1
L3,L3,H2,L2,L1
L3,L3,L2,M1,L3
L2,M1,L3,L3,L1
L3,M1,BN,H1,L3
H3,M1,H3,L2,L1
L3,H1,L2,L2,H3
L3,M1,L3,L2,L3
L2,L3,L2,L2,L3
M1,M1,L3,L1,L1
L3,H3,L3,L1,H3
L1,L2,L2,H2,H2
L1,L1,L1,L2,L1
H3,L1,L1,L2,L2
L3,L2,H3,BN,L1
L2,L2,L2,L1,H3
L3,L3,M1,L2,L3
L1,L3,L2,L3,L2
L2,L2,L2,M1,L2
M1,L1,L3,L3,M1
L3,L2,L3,L2,H3
L1,L3,L2,L3,M1
M1,L3,L1,L1,L2
M1,L2,L2,L2,BN
H1,L3,L1,L2,L2
H2,H3,L2,L1,L2
L3,H1,H1,L2,L3
M1,H3,L2,H3,L3
M1,M1,L3,H3,L3
L2,L1,H2,H2,L3
M1,L3,H3,M1,L1
M1,L3,L1,L2,L1
BN,L1,M1,L1,L1
L1,L1,L3,L3,L3
H3,L1,M1,L1,L2
L3,L3,L3,H3,L2
M1,L3,M1,L2,L2
L1,L2,L1,H2,H1
M1,M1,H1,M1,L2
L2,H3,L2,H1,L3
L2,L2,H2,H3,L3
H1,L1,L2,L2,H3
L2,L3,H2,L2,L1
L1,L3,L3,L1,L3
L3,L3,H2,L1,L1
L3,L2,H2,L3,L3
L1,L3,M1,L3,L2
M1,M1,L2,L3,L2
H3,L3,M1,M1,H3
L2,L2,L3,H3,L1
L3,L1,L2,L3,M1
H2,H3,L1,L2,L2
H3,BN,L3,L3,H3
BN,L1,H3,L1,M1
L2,H2,H1,L3,L1
L3,L2,H1,H3,H3
M1,M1,BN,L3,L1
L2,M1,L3,L3,L2
L2,H3,L3,M1,L2
L2,L2,L1,L3,L2
L2,L1,L3,L1,H2
M1,L3,M1,L1,H2
M1,H3,L3,L2,L3
L3,L3,M1,H3,L1
L3,BN,L3,L3,M1
L1,L3,L2,BN,L2
BN,L3,M1,L3,L3
H1,L2,L1,L2,BN
L3,L2,M1,L1,L2
H3,M1,L3,H3,L3
L1,L2,L3,L2,H1
L1,L3,L2,L3,H3
H3,H3,L1,H2,L1
L2,L3,L3,H3,M1
H1,L3,L2,L3,L1
L1,L2,M1,L1,L2
H2,M1,L3,M1,H2
H2,L3,L1,H3,L1
L2,H3,M1,L1,H3
M1,L1,L3,L1,L3
H1,L3,M1,L1,L2
H2,L3,L1,L3,L3
M1,L3,H2,L3,M1
H1,L3,BN,M1,L3
L3,M1,L3,L1,L1
M1,L3,H2,L1,M1
H1,L2,M1,H2,L1
H2,L2,H3,L2,M1
L3,M1,M1,L2,GL
H3,L3,H1,L2,L3
L3,L2,H3,L3,H3
L3,L2,L3,L1,L2
L1,L3,BN,L3,L2
L2,L1,L2,H3,M1
L2,L1,M1,L1,L1
H2,H1,L3,H3,L3
L1,H1,L1,L1,L2
L3,H2,L2,L3,L2
L3,L2,L1,L3,L3
L2,L2,H3,L1,L2
L3,H2,H2,M1,L1
L2,M1,L1,L3,L1
L1,L1,M1,L2,H2
L3,L2,L1,M1,L2
L2,L2,L3,H2,H3
H2,L1,L1,L1,H2
L2,L3,M1,L1,H2
M1,L1,L2,L1,H3
L3,L3,L1,L3,L1
H3,H3,L3,L2,L2
L2,L1,L2,L2,L1
L3,L1,L1,H2,L3
L1,H1,M1,H2,L1
L3,L3,L3,L2,L2
L2,L3,H2,H2,L2
H3,L3,L2,L2,L1
L3,L3,L3,L3,L2
H1,L3,L3,L3,L1
H2,L1,L3,L3,BN
L3,H2,H3,L1,H3
L2,L2,L3,L3,L3
L2,L3,L2,L2,L1
H3,H3,L2,L3,GL
M1,L3,L1,H3,M1
L3,L2,L1,BN,L2
L1,L1,M1,L2,L3
L2,H1,L2,H2,L1
L3,L2,H2,H3,H3
L2,L1,L1,L1,L2
H2,L2,H2,L2,L1
L1,H3,L1,L3,L3
H1,H3,L2,L1,M1
L3,L1,L3,M1,L2
L1,L3,L3,BN,L1
L2,L3,M1,L2,M1
L2,L2,L1,L2,L3
L2,L1,L3,L3,L3
L2,H1,L3,L3,M1
H2,L3,L2,L3,GL
M1,L2,M1,H3,L3
L1,L2,L3,H3,H2
L1,L1,H3,H2,L3
L3,M1,L1,L1,M1
L2,M1,M1,BN,L2
L2,L3,H1,L2,H2
L2,H2,L2,L3,L1
M1,M1,L3,L3,L3
L1,L2,M1,M1,L3
L2,L1,M1,L2,L3
L2,L3,L3,L3,L3
L1,L3,M1,L2,M1
L3,L1,L1,BN,M1
L3,M1,L2,L1,L3
M1,M1,L3,M1,L3
L3,L2,M1,L2,H3
L2,M1,L3,L1,H2
L3,L3,L1,L3,H2
L1,L2,L2,H1,L3
L1,L3,L3,L2,L2
H1,L1,M1,L2,L2
L1,L1,L2,L2,L3
L3,L3,M1,L1,L1
H1,L2,L1,L3,H2
L3,L1,L3,L1,L1
H2,L2,L3,L3,L2
L3,L1,BN,L2,L3
L3,L1,L3,L2,H2
L3,L3,L1,L2,M1
BN,L3,H3,L3,H3
L1,L2,L2,L1,L3
M1,L2,L3,H1,BN
H2,L3,L1,L3,L2
L1,M1,M1,GL,L1
L2,L3,M1,L3,H1
H3,L1,H3,M1,L1
L3,H2,L3,L2,L3
L2,M1,H1,H3,L2
L1,L2,H2,L1,L1
L3,L1,H3,L3,M1
L3,L2,M1,L3,L2
L3,L1,H1,L3,L1
L3,M1,L1,L2,L2
L2,H3,L1,L1,H1
L3,M1,L3,L2,L2
L3,H1,L2,BN,M1
L3,H3,M1,M1,L1
L1,L2,BN,L2,L3
L1,L3,L3,H2,L1
M1,L1,L3,H2,L1
L2,L2,L2,L1,L2
H3,L2,L3,H3,L3
L3,M1,L2,L3,M1
L2,L2,H1,L2,H3
H3,M1,L2,M1,H1
L3,L2,L1,L3,L3
L3,L1,L3,L1,L1
L1,L1,L3,L3,L3
L3,L1,L3,H1,L3
L2,M1,L2,L2,L2
M1,L2,H2,L3,H3
H2,BN,L1,L1,L3
L1,H2,L1,L3,H1
L3,H3,L1,L2,H2
M1,M1,H3,L2,L3
L3,L1,L3,L3,L3
H2,H3,L3,L1,L2
L1,L1,L1,L2,L2
M1,L3,M1,M1,L1
L1,L3,L2,L3,L3
L2,L3,L2,L1,L1
M1,L2,L2,L3,L1
L2,L3,M1,M1,L1
H2,M1,L3,L1,L1
L3,M1,H1,M1,L1
H3,L1,L2,L2,L1
L3,H1,L2,M1,BN
M1,L3,L3,L3,L3
L3,L2,L3,L3,L2
M1,H1,L2,L2,L2
L2,M1,L2,L2,H2
L1,BN,H3,L1,L3
L2,L1,L2,L2,L3
H2,L1,L2,H3,L3
M1,M1,L2,M1,M1
L2,L3,L1,L3,L2
L3,L3,L3,M1,L3
L3,L3,L1,L2,L2
H3,H2,H1,L3,H3
L2,L3,L3,L3,M1
L1,L2,L1,H3,L3
L3,L2,L3,L2,H3
L3,L1,L3,M1,H3
L2,L1,L2,L3,H2
L1,H2,L3,L2,M1
L3,M1,H2,L1,L1
L3,M1,L1,L3,L2
L2,H3,L2,M1,L3
L1,L2,H2,L3,L2
L1,L2,L1,H2,H1
L2,L2,H3,L3,L2
L3,L1,L1,M1,H3
H2,BN,H2,L3,L1
L3,L3,BN,L2,L3
M1,L3,L2,L2,L1
L3,H3,L1,M1,L3
H3,L2,L1,L1,L3
M1,L3,L1,L3,H2
L2,L2,L2,H2,M1
L3,L2,M1,L2,L1
L1,L3,H2,L2,H2
L1,H2,L3,L2,L3
L2,L3,L3,L3,L3
M1,L3,H3,H1,L3
L3,H3,H3,L3,L1
M1,L1,L2,L2,M1
L3,L3,L1,L2,L1
L3,L3,L3,L1,L1
H3,H3,BN,M1,L2
M1,H2,H2,H3,L1
L2,M1,L3,L3,L3
H3,L3,H3,L2,L1
L2,L3,L2,L3,M1
BN,L3,H3,L1,L2
L2,L3,L1,L1,L3
L1,L2,L2,H1,L3
L3,H3,L2,L3,M1
M1,H2,L2,L3,L2
L3,L1,L2,H3,L3
L2,L2,L2,L2,M1
M1,L1,L2,L2,L1
M1,L1,H2,L1,M1
M1,M1,L3,L3,L3
L2,L2,M1,L3,L1
L3,L3,H1,L1,L3
H2,L1,H1,L1,L2
L1,L3,L2,L1,L3
L3,M1,L2,L1,L3
M1,L2,L1,L3,L1
M1,L1,H3,L2,L1
L2,L2,L2,L3,M1
L3,M1,L2,L3,L1
L1,H2,M1,L2,L3
L1,H3,L1,L3,H2
H2,L1,L3,L2,L1
L2,L3,H2,L1,L1
H3,L1,H2,M1,H2
H3,L3,M1,H3,H2
L3,L1,L1,L3,M1
L2,GL,L2,M1,L2
H3,H3,M1,H1,L2
L3,L1,L3,H2,H3
H3,L3,L3,L3,L1
L1,L3,H3,H3,L2
M1,L1,L1,H2,H3
L1,M1,L2,L2,H2
H3,L1,M1,H3,L3
L3,M1,L3,L1,L1
L1,L1,L3,L2,L2
L1,L3,L1,L2,H3
L1,H2,L2,L1,H3
L3,BN,L3,L3,H2
L1,L3,H1,L3,H2
H2,H3,L3,L3,L1
L3,L1,L1,L3,L2
L2,M1,L3,H1,L2
L3,L1,L1,M1,L2
L1,H2,M1,M1,M1
M1,L3,L3,L1,L2
L1,L1,H3,L2,BN
M1,BN,L1,L2,L2
L1,L1,L1,M1,L3
L3,L1,L3,H1,L3
L3,L3,L2,H3,L1
H3,L1,M1,M1,H1
L3,L2,L3,H1,M1
L2,L1,L1,L2,L2
L2,L1,M1,H2,L2
M1,L1,M1,M1,M1
L1,H1,L2,L3,H3
L1,L2,L2,L3,L3
H2,L2,L2,L3,L2
L3,BN,M1,L2,H3
L1,H1,L3,M1,L3
L3,L3,L2,L2,L2
L1,H3,L3,L2,H1
L3,L1,L2,H3,H1
L1,L1,L3,H3,L1
L3,L3,L3,L1,H3
H3,L3,L2,L3,L1
L2,L1,M1,L3,L3
L1,L1,M1,H2,L2
L1,H3,L2,L2,L1
L3,M1,H2,H3,M1
H1,L1,H1,BN,M1
L3,L2,L1,L1,L3
L1,L2,L3,H2,M1
L3,M1,L2,L2,M1
L2,H1,L2,M1,M1
L3,L2,L1,L2,L1
L2,H1,L3,H3,M1
L3,L1,M1,H2,L3
L3,L3,M1,L2,L3
L3,L3,L1,L3,L1
L3,BN,L2,L1,H2
L1,L2,H3,H2,L1
BN,M1,H2,L2,L3
L2,L2,H1,L2,M1
L3,L3,H3,L2,H2
L3,L2,L1,L3,L3
H3,M1,H2,H1,L3
L3,BN,L2,M1,L1
L1,L2,M1,H1,L3
L3,L2,L2,M1,L1
L2,L3,L1,H1,L3
L3,L2,M1,L2,L3
L1,L3,BN,L1,L2
H2,L2,L2,L2,L3
M1,H2,L3,H1,H2
L3,L2,L3,H3,L1
H3,L1,M1,L3,L3
L2,M1,L3,L1,L2
H1,L1,M1,BN,M1
H2,M1,M1,L2,L2
L2,L2,L2,H3,L3
L1,L1,H2,L2,H2
L2,H2,L1,L1,L2
L1,H2,L2,H2,L2
L2,L3,H2,L2,L3
L2,M1,L3,L3,L3
M1,H2,M1,H1,H1
H2,L3,L1,L2,H1
L3,H2,H2,M1,L3
M1,L2,L3,L1,L2
L1,L1,L2,L2,L2
L1,L1,H1,L2,L3
L3,L1,L2,L1,H3
L1,L1,L1,L3,H2
L2,M1,L2,L1,L2
M1,L2,H2,L3,L1
L2,L3,H2,L3,L3
L3,L3,H3,BN,L2
L2,L2,L3,M1,L1
H2,L3,H2,L1,L1
H2,L1,L3,M1,M1
L2,L1,L3,L1,L1
L3,L3,L1,L3,H3
L1,L1,L1,L1,L3
L2,L2,L2,BN,L2
L2,L1,H3,L2,L1
L1,L2,L3,L1,L3
L3,M1,L1,L2,L3
L1,L1,L2,H3,H2
L2,M1,M1,H2,L3
L3,BN,L3,L3,H3
L1,L3,H3,L2,L1
H3,L2,L1,M1,L3
L2,M1,L3,L3,M1
L3,M1,L2,H1,L3
H2,L3,L3,L1,L2
L1,L1,L3,L1,L2
L1,L1,H3,BN,L1
M1,H3,BN,L1,L3
L2,H3,H3,H3,L1
L2,L3,L2,L3,L1
L2,H3,L3,L2,H3
L2,M1,L2,M1,L3
L3,L3,L1,L1,M1
L2,L3,H2,L3,BN
H3,BN,L3,L3,L2
L3,L1,L1,M1,H1
L2,M1,L1,M1,L1
L3,H3,H3,L3,L1
L3,L3,L3,M1,L3
L1,H3,H1,H3,L2
H1,L3,L2,H1,L1
L1,L3,L3,L2,H2
L1,L2,L3,L2,L2
L1,M1,M1,L3,M1
L1,L3,H1,L1,H3
L1,H2,H3,L2,L3
M1,H2,L1,H3,L2
L2,H3,H3,L1,H1
L1,L3,M1,L2,L2
L3,L3,H1,H2,L3
L3,M1,L2,BN,L1
L1,H2,L1,L3,L1
L2,L3,L3,L1,H3
L3,H2,L3,L3,L2
L1,L3,L2,M1,M1
L1,L1,H3,L3,M1
L1,H1,H3,L3,L3
L2,L3,L3,L2,H1
L3,L3,L3,L3,L3
L3,L2,M1,L3,L2
L2,L3,H3,L3,M1
L2,L3,H1,L2,L2
L3,L2,H3,L1,L2
H2,H1,L1,L1,M1
L3,L3,L3,L3,L2
L1,L1,L2,L2,H3
L3,L2,L2,L3,M1
BN,H3,L3,L3,L3
H2,L2,GL,L1,L2
H2,L3,H3,H3,L3
L2,L2,H2,L1,L1
L2,L2,H2,L2,L2
L1,H3,L1,H2,L3
H2,L1,L3,M1,L3
L2,L3,L1,L1,L3
L2,H3,L2,L1,L1
H2,L2,L2,L3,L3
L1,L3,M1,L1,M1
H3,L2,L3,L3,L1
H2,L3,H2,L2,L3
L2,L1,M1,L1,L2
L1,M1,L3,L1,L1
H2,L1,L3,L2,L3
L2,L3,H2,H3,H1
L1,L2,H2,L3,L2
H1,L3,L1,L2,L1
H2,L3,L2,M1,L1
H1,L1,H1,H3,L3
M1,H1,H3,L1,L3
L1,M1,L1,L3,H3
L2,L3,L1,L3,M1
L2,L3,L3,L1,H3
L2,H3,L1,M1,L2
L3,L3,L2,M1,L3
L1,L3,H3,L2,L3
M1,L3,L3,L3,L1
L1,L3,M1,H1,L2
H2,H3,L2,M1,BN
L3,L1,L2,L3,M1
H3,H3,M1,L2,H3
L3,L1,L2,L3,L3
M1,L2,H3,L3,L1
L3,M1,L1,L1,M1
L3,L2,L2,H1,H2
L3,M1,H1,H3,L3
M1,L1,L3,L3,M1
L3,L3,L2,L2,L1
BN,L2,L2,H1,L3
L1,L1,L2,L1,L2
L2,L1,L1,M1,L3
L3,L2,L1,H2,L3
L2,L1,L3,L1,M1
M1,H3,H1,GL,H3
L3,L2,M1,L2,H1
L3,L1,H3,H2,L2
L2,H3,L1,L3,L3
L1,H2,L1,L2,H2
L3,L2,L3,L2,L2
M1,H3,L2,L2,H1
L2,L3,H3,H3,L3
L2,M1,L1,L1,L1
H1,L2,L1,L3,L1
BN,H2,L3,L3,L2
L3,L1,L2,L3,L3
H2,L2,H1,L1,L3
L3,L2,L3,M1,L1
L2,H3,M1,L2,L2
M1,L2,M1,H1,L2
L2,L3,L2,H3,H3
L3,H3,H2,H2,L1
L3,L3,L3,L3,L1
L2,L2,H2,L3,L1
L2,H2,H3,L3,L3
L1,L3,L2,L3,L1
L1,H3,L3,L2,L3
H3,H3,H1,L1,H3
L3,L1,H1,L2,L1
L1,M1,L2,L3,L3
H3,L2,L3,M1,L3
L2,M1,M1,L3,L1
L3,L2,L1,H3,L1
L1,H3,L2,H2,H3
L1,L3,L3,L3,M1
L3,L1,L2,L3,L2
L1,H3,H2,H3,L2
H2,M1,L2,L1,L3
L1,H3,L3,L1,L1
H1,L2,L3,L2,L1
L1,L3,L2,L3,L2
L3,M1,L2,H2,L3
L3,L1,L3,M1,L3
M1,L3,L1,H2,L3
M1,L2,L3,L2,L2
GL,L2,H2,L1,BN
L1,M1,L3,H2,M1
L2,L3,L2,L1,L2
L3,L1,L3,BN,M1
L3,L1,L1,L1,L2
L1,L2,L1,M1,L2
H3,H3,L2,H3,L2
L2,M1,L1,M1,L2
H1,L3,BN,L2,L2
M1,H1,M1,L3,L2
L2,M1,L1,L1,L2
L3,L3,L1,H3,L2
L2,L3,L2,M1,M1
L3,L2,L3,L2,M1
L3,L3,BN,L1,L3
L3,L3,H3,L2,L3
H2,M1,L2,L2,L3
L3,L1,H2,L1,L1
BN,H2,L2,H3,L3
L3,M1,M1,BN,L1
L2,M1,M1,H2,L1
L3,L1,H3,H3,L3
H1,L1,L3,L1,L2
L2,M1,H2,L1,H3
L2,H1,H3,L3,L2
L3,L1,L1,L2,L1
H1,M1,L1,L3,M1
H2,H3,L1,H2,M1
L3,L1,L3,L2,L3
L3,H3,L1,H1,L2
H2,L1,L2,L2,M1
H1,L2,L3,L2,L2
L1,L2,L1,L3,H2
BN,L1,H2,L2,L3
M1,M1,L3,H2,L2
L3,L3,M1,L1,L1
M1,L1,M1,L1,H3
L1,L1,L3,L1,L2
H3,L3,L2,H3,L1
L3,L1,L3,L1,L1
L1,H3,L1,L2,H3
L3,L3,L2,L1,L1
L3,L3,M1,H1,L3
M1,L2,M1,L2,L2
L3,H3,L1,M1,L1
BN,M1,L2,M1,H3
H3,L2,L2,L2,L3
L3,L1,L3,H2,L2
L3,L2,L3,H3,H2
M1,L1,H3,L2,L1
M1,L1,H2,L1,M1
L2,L1,M1,L2,H1
L2,H2,L1,L1,L1
L3,L1,L3,H3,L1
M1,M1,BN,L1,L1
L1,H3,L3,M1,L2
M1,H3,L3,L3,L1
H3,L1,H3,M1,L2
H2,H1,L3,L1,L2
H3,L1,L3,L3,L1
L3,L3,L1,L2,GL
L2,L1,L1,H2,M1
H1,L2,L1,L1,H2
L2,L3,L1,M1,H2
L1,L3,L1,L2,L2
L2,L2,L1,L2,BN
L2,H3,L1,L3,L2
L3,H1,L1,H3,L2
L1,H1,L3,L1,L3
L1,M1,L2,M1,L3
H1,L1,L1,L2,H3
H2,L1,H3,L2,M1
H1,H3,H1,L2,L1
H3,L1,H3,L2,L1
L1,L3,L3,L1,L2
L1,H1,H1,L1,L2
L1,H3,L3,L3,L3
L1,H1,L2,BN,L2
L1,L1,H1,H2,L2
L3,H1,H1,L2,L3
L3,H2,L1,L3,L2
L2,H3,L3,H2,H1
H1,H1,M1,L1,L2
L2,H2,L2,L3,L2
L2,H2,L3,L3,H3
L1,L2,L3,L2,H1
H3,H1,L1,H3,L3
L2,L1,L1,M1,L2
L2,H2,H1,L2,L1
L3,L1,H1,H3,M1
L2,M1,L1,M1,H1
H1,H3,M1,L2,L2
L1,L1,L1,BN,L2
H2,H2,L3,M1,L3
L3,L3,L3,L2,L2
L3,L1,H3,M1,L1
L3,BN,L1,L3,L1
L3,L3,M1,M1,L3
H3,H3,L2,L1,L2
L3,L3,L1,L1,L1
L1,L2,L3,H2,L3
H1,L3,L3,M1,L3
L3,L3,L2,L1,L1
L3,L3,L2,L3,L1
L2,L3,L3,L1,H3
L3,M1,H2,H3,M1
L1,L3,L1,M1,L2
M1,L1,H2,L3,L2
L3,L2,H1,L3,L3
L1,M1,L3,L3,L1
M1,L3,L3,H3,L1
H2,L2,L3,M1,H2
L2,M1,M1,M1,L1
L1,L1,L1,M1,H2
L1,L3,L2,L1,L3
L2,L3,M1,H2,H2
H1,H3,H2,L3,M1
L2,L1,M1,L1,M1
L3,L1,L2,L1,H3
L1,M1,L2,L3,L1
L3,L2,L3,L1,L2
H3,L1,H3,L3,L3
L1,M1,L1,L2,L1
L1,L2,L1,L1,L1
L1,L2,H2,L1,L3
L2,L1,M1,L2,L2
L3,L3,H2,L2,L3
M1,L3,H3,L3,L2
M1,L2,L3,L1,L3
L1,L1,L2,L2,L3
L3,L3,L2,L1,L2
L2,L1,L3,L3,L1
L2,L1,L1,M1,L2
H3,M1,L3,L1,L1
L2,L3,L3,L3,H3
L2,L2,L3,L2,M1
L2,M1,L3,L3,L1
L2,H3,L2,H2,L3
H3,L2,L2,L3,L1
L3,H1,L3,L2,L3
M1,L3,L1,L1,H3
H2,L1,L1,L2,L1
L1,L3,L2,L1,H3
L3,L1,M1,L1,L3
M1,L3,M1,H3,BN
H2,L2,L3,L3,H2
M1,M1,L3,L3,H2
L1,L3,L3,L1,H2
L1,H2,L3,L2,H3
L1,M1,GL,L1,L1
L2,L3,L3,M1,L1
H2,L1,L1,H1,L1
L1,H1,L3,M1,L3
L3,L1,H2,L1,M1
L2,M1,L1,L2,L3
L1,M1,L1,L1,L2
L3,H2,L2,M1,M1
H3,L1,L2,L1,L3
L2,L1,L3,M1,L1
M1,H2,M1,H2,L2
H3,M1,M1,L1,L2
M1,L1,L3,L1,L2
L2,L3,H3,L2,L3
H2,L2,L2,L3,L2
L3,L1,L3,H3,L3
L2,L3,M1,L2,H3
L2,L2,L3,L1,L3
L2,L1,L3,L3,M1
L3,L1,L3,L3,L3
L2,H1,L1,L2,L2
M1,L1,H3,L3,L2
L1,L3,L1,L1,BN
BN,L2,L3,H3,L3
L3,L3,L3,H2,L2
M1,L1,L2,L2,L2
L1,L1,L2,L3,L3
H1,L1,L1,L3,L2
M1,M1,L2,L2,L2
L1,H2,L1,L3,L2
L3,H1,L3,L2,L1
L1,L1,L2,L1,L3
L2,L3,L3,L1,L2
L1,L2,L1,H2,M1
M1,L2,L1,M1,M1
L1,L2,L3,L1,M1
L2,H3,M1,L2,L1
H2,M1,M1,L1,L3
H3,H2,L1,L3,L1
M1,M1,BN,L2,L1
L1,L3,L2,L3,L1
L2,L3,L2,H1,L1
H2,L2,M1,H1,M1
M1,L3,L2,L1,L3
L2,M1,L3,L3,GL
L3,H3,H3,L3,L1
L1,L2,L3,H2,L1
H2,L3,H1,L3,L3
L2,L3,L3,L3,M1
L1,L1,BN,BN,L1
L3,L1,L1,M1,L3
BN,H1,M1,H3,L2
H3,L2,L2,L1,L3
L3,L1,M1,L1,L3
H1,L3,H1,L1,M1
L2,BN,L3,L3,L2
L2,H2,L1,L3,L1
L1,L3,H3,L1,L2
L1,H3,H2,L3,L2
M1,M1,L2,H2,L1
BN,L3,L3,H2,L1
H1,L1,L3,L3,L1
M1,L1,L3,L1,L2
L1,H3,L3,L1,H2
L2,M1,M1,L1,L1
L3,L3,H3,H2,L1
L1,L1,L3,L1,H1
M1,L2,L3,L1,L3
L3,H3,L1,L2,L3
L3,L3,H2,H1,BN
L2,L3,L3,L1,L2
L3,L1,L3,M1,L2
L2,M1,L1,H3,L2
L3,L3,L2,BN,L3
L2,L3,L3,L1,L2
L1,L2,BN,L1,L2
L2,H3,L1,L3,H2
H3,L3,M1,L3,L1
L1,L2,M1,L2,L3
L2,L1,L2,L2,L3
L3,L2,H1,L3,L3
L3,L3,L2,H3,M1
BN,M1,L3,L3,BN
L2,L2,L1,L1,L3
L3,L3,L1,L1,L3
L1,L3,L2,L2,H3
H2,L2,L2,L3,L2
BN,L2,H3,H2,L3
L1,L1,L3,M1,L3
H3,L1,L1,L2,L1
M1,L3,L2,H1,H3
L1,L1,M1,L1,L3
L1,L1,M1,BN,L2
L1,L2,L2,L3,L3
L3,L1,L3,M1,L2
L1,L3,L3,H3,L1
L1,L2,L2,L3,L3
L3,M1,L3,L3,L2
L1,H3,H1,L3,H2
L2,L1,L3,L2,L3
L2,L2,L1,L1,H2
L3,L2,M1,M1,M1
L2,L2,M1,L3,L2
M1,M1,H2,L2,L1
L3,L1,M1,M1,L3
L2,H3,L2,L1,H2
L1,H1,M1,M1,L1
H3,H2,L3,L2,H1
L1,L1,L1,L2,L1
L2,H2,L3,H3,H3
M1,L2,M1,L3,L2
L3,L2,L1,H2,L2
L2,H1,L2,H3,L1
L2,L3,BN,L1,L2
L1,M1,L2,L3,L1
L1,M1,H3,L2,L2
L1,L1,L2,L3,M1
L1,L1,M1,H2,L1
H3,L1,L2,M1,L1
L1,L1,L1,L3,L1
L2,L3,L3,H1,L1
M1,L3,L3,M1,L1
L1,L1,H1,L2,L1
H2,H2,L3,L1,L3
L3,H3,L1,L1,L3
L3,L2,L1,L3,L3
L2,BN,M1,M1,L1
L3,L1,L1,L1,L1
M1,L2,L2,L2,L2
H3,H2,L3,L1,L2
L1,L2,L1,M1,M1
H2,M1,L3,L2,L3
L1,L3,L2,H2,H1
M1,L1,L2,M1,L3
M1,H1,M1,L3,M1
L1,L2,H1,L2,L1
L1,L1,L1,L3,L1
L2,L3,H2,L2,L3
L1,M1,L1,BN,L2
H3,L3,L3,L3,M1
H1,L1,H2,H2,L3
L3,BN,L2,L3,M1
L2,L3,L1,M1,L3
M1,L1,H1,L2,L1
L1,H2,L3,M1,L3
H2,H3,H3,L1,L3
H3,M1,M1,L2,H3
H3,L1,L3,L3,L3
L2,L2,M1,L1,BN
M1,M1,L3,H1,L3
L3,L3,L2,H3,L2
L1,H2,L2,L1,L2
L2,L1,M1,L2,H2
M1,L3,L3,L3,L3
L2,L3,H1,L2,L3
L2,H1,L2,L3,L2
H2,H2,L1,L3,L3
H2,L3,L3,H1,L2
L1,H3,L3,L3,L1
H2,L2,L2,M1,L3
L2,L3,L2,L1,M1
L2,L3,L3,H3,L1
H2,L1,L1,L1,L3
L2,M1,L2,L1,H3
L2,L2,L2,L1,L2
L2,L3,L1,L3,H2
L2,H1,L1,H3,L2
L3,L3,L2,L1,H3
L1,L3,H1,M1,M1
L2,H1,L2,L3,L2
H3,H3,L3,L2,L1
L2,L3,L3,H2,H3
L1,L3,L2,L3,L2
L3,L3,L1,L3,L1
H3,L2,L2,M1,L3
H1,L3,L1,L2,L1
M1,L2,M1,L1,H3
L3,L3,H2,L2,H1
L1,L2,L2,L2,L3
L1,H1,L2,L2,L1
L1,L2,L3,M1,L3
M1,L3,L2,L3,L1
M1,L2,H2,M1,L3
L1,L1,M1,L1,L3
L3,L2,L1,L3,H1
L3,L2,H1,H1,M1
H1,H3,L3,L1,M1
L3,M1,M1,L3,H3
L1,L1,L1,H2,L1
L1,L2,M1,L3,L3
L2,L2,L3,M1,M1
M1,L3,L3,L2,L1
H1,L1,L1,H2,L2
L3,M1,L2,L3,L3
H1,L2,L2,L2,H2
H2,L3,H2,L2,L2
L3,BN,H3,L1,L3
L3,L1,L2,L2,L3
L2,L3,L2,L3,L2
L3,L3,H1,L2,L1
H1,L3,L3,L1,M1
BN,L1,BN,M1,L1
H2,L1,L3,L1,L3
L1,M1,L2,H3,L3
H3,L3,L2,L1,L1
L2,BN,L2,L3,L3
H3,M1,L1,L2,L1
L2,L2,L3,L2,H2
L1,L2,L2,L1,L3
L3,L1,H1,L2,L2
H2,H1,L3,L3,H2
M1,L1,M1,L3,H1
H1,L2,L2,L1,M1
L2,L1,M1,H3,L3
L1,L3,M1,L3,L2
L1,H2,L2,L3,L1
L3,L2,L2,BN,M1
L1,L2,L2,L2,H3
L2,M1,L3,L2,M1
M1,L3,L2,M1,L3
L2,BN,L1,L1,L2
H2,M1,M1,L2,L3
H3,L2,L2,M1,M1
L3,L1,L1,L1,L3
BN,L3,L2,H3,L2
L2,L3,H3,L1,H3
H3,L2,M1,L1,H3
L2,L1,BN,H3,L3
L1,L3,M1,M1,L2
L3,L1,L3,M1,GL
L2,L1,L3,L1,L3
H3,L3,L2,L2,BN
M1,M1,L3,L2,M1
L3,L2,H2,L3,L2
L1,L3,L1,L3,L3
L3,M1,L2,L2,L3
H3,M1,H2,H2,L3
H3,L3,L2,L1,M1
L2,H1,H2,H1,H3
M1,M1,M1,H3,L2
L2,H3,L1,M1,L2
L1,H2,L2,H1,L3
L2,H2,L3,L3,L2
L3,L2,H2,L1,H3
L2,L1,L3,H3,L1
L3,L2,L2,H3,H2
L1,H2,H2,M1,M1
M1,L3,L3,BN,L1
H3,L2,L2,L1,L3
L3,L2,M1,L3,L1
BN,L2,M1,H1,M1
L2,H3,M1,H3,L1
L1,H2,L3,L2,L2
L2,L2,L1,H2,L2
L1,L2,L3,L1,M1
H3,L3,L3,L3,M1
L2,H2,M1,L3,L1
H2,L1,M1,H2,L1
L2,M1,M1,BN,L2
L3,L2,H2,L3,L1
L1,L2,L3,L3,L3
H2,L2,L1,M1,M1
L1,H2,H2,L2,L3
H2,M1,M1,H2,L3
L1,H3,H3,L3,L3
L3,L1,H3,M1,L2
L1,L2,M1,L2,H3
M1,L1,M1,L1,L3
L2,L3,H1,L2,M1
L2,L3,L1,L1,L3
L3,L1,L3,H3,M1
H1,H2,L3,L3,L2
L2,M1,L2,L2,L1
M1,H3,L1,L3,L3
M1,L3,L2,M1,H2
L1,L1,H2,L3,H1
H3,M1,L1,L3,L2
M1,L1,L1,H3,M1
M1,L1,L3,L3,L1
H3,L2,H1,L3,M1
L3,H2,M1,L3,M1
M1,H3,L2,M1,L2
L3,L2,L1,M1,BN
L1,L3,M1,L2,L2
H1,L2,L3,L3,L3
L1,H3,L3,M1,L1
L1,L2,L3,L2,L3
L1,H1,L3,L1,H3
H1,M1,H3,L3,L2
L2,L1,M1,L1,L1
L2,M1,L2,L3,L1
L3,H2,L1,H3,L3
H2,M1,L2,L3,H3
M1,L1,L3,L1,L3
L3,M1,H2,H2,M1
L3,L3,BN,L1,H3
L1,L1,L2,L3,L1
L2,L1,L3,L2,H1
L3,H3,L2,H1,L3
L3,L3,M1,H2,L2
BN,L3,L1,L1,L1
L1,L2,L2,M1,L3
L2,L1,L3,L2,M1
L3,M1,L2,L1,L2
L1,L1,L3,L1,L2
H3,L3,L1,L3,L1
H3,L2,L1,M1,L2
L3,L2,M1,L1,M1
H1,L2,H2,L3,L1
H3,M1,BN,H2,L1
L2,L2,H3,L3,L3
L2,L3,L1,M1,H2
L1,L3,L2,L2,BN
L1,H3,L2,L3,L1
L3,H1,L1,L3,H3
L3,M1,H2,L2,L2
M1,L2,L2,H2,H3
L3,L2,L2,L1,L2
L1,L1,H1,M1,L3
L3,H3,L2,M1,L1
M1,L2,H3,L2,L2
H3,H1,H3,L1,L2
H2,L3,L2,L1,L3
L1,L1,L1,L3,L2
L3,L1,L3,L3,M1
L3,L3,M1,L3,L1
L3,L1,H3,L1,L3
L2,M1,L3,H2,H1
L2,M1,L3,L3,L2
L3,L3,L2,L2,L3
L2,H1,L2,L2,L2
L1,L1,L1,L3,L3
L1,L1,L3,H3,L1
L3,L1,L2,L2,L3
H3,L1,H3,L1,H3
L1,L3,L1,L2,L3
H3,L2,L3,H1,L1
L2,L3,L3,L3,L1
M1,M1,L3,L2,H3
L2,H3,L3,L3,H2
L2,H1,H3,L1,H2
L2,H3,L2,L1,M1
L2,L1,L3,L1,L2
L1,H2,M1,H3,L3
L2,M1,M1,H2,L2
H1,L3,BN,L1,L3
L1,L3,L2,H2,H2
L3,L2,L2,L3,L1
L3,H3,L3,L2,L3
L3,L3,M1,L3,H3
H2,M1,L3,L2,L3
L3,L1,L1,M1,M1
L3,H3,L2,L3,H2
H2,M1,L2,L2,L1
L1,L1,L2,L1,H2
M1,L2,M1,L3,L2
L3,M1,L1,L3,L1
L2,L1,L3,H2,M1
M1,L3,L2,H3,L1
L3,L1,L2,H1,M1
M1,M1,L1,L2,H2
L1,L3,L1,L1,L1
H1,H1,H3,L3,M1
H3,L1,L3,L3,L2
H2,L1,L2,M1,H1
M1,L1,L1,M1,L1
L1,BN,L3,L1,M1
L2,L1,H1,L2,H2
L2,L1,L3,L1,L2
M1,L1,L2,M1,L1
L3,L2,H2,L2,L3
L1,L3,H2,L3,H1
L1,H1,L3,L1,M1
L3,L3,L2,M1,L2
L2,L1,L1,L3,M1
L3,H3,L1,L3,L3
H2,M1,L3,L2,L2
L2,M1,L2,H1,L1
H1,L1,L3,L1,H3
L3,L1,L1,L1,L3
BN,L3,L3,H1,L2
L1,L1,L3,L3,M1
L3,L3,L2,L1,L2
L2,L2,L3,L2,L3
L1,L2,L3,H1,L1
L3,L1,L3,L1,L1
L1,L3,L1,L1,L3
L3,L3,L1,GL,M1
L1,H3,H3,L2,L1
H3,L1,L1,L2,L1
M1,L3,M1,L3,M1
H3,L2,L1,L1,L3
L1,L1,L1,L2,M1
L3,L2,M1,L3,L1
L1,M1,L3,M1,L1
BN,M1,L3,L2,L3
H3,L1,M1,L1,L1
L3,L2,GL,H1,L3
L2,L2,L1,L3,H3
L2,L1,L3,H3,L2
M1,L3,L2,L1,L3
L2,M1,L3,L3,L1
M1,M1,H3,L3,M1
L1,L3,L1,L1,L3
L2,L2,L1,L3,L2
M1,L3,L3,M1,L2
L3,BN,L3,L3,H1
H3,H3,H3,L3,L1
L2,L3,L1,L3,H2
L3,H2,M1,M1,H3
L2,M1,L1,H2,L3
H3,L2,L3,L2,H1
L3,L1,L1,H2,L2
L1,L3,L3,L3,H1
H2,M1,M1,L3,BN
M1,L1,M1,L3,L3
L1,H3,L3,L3,H1
L3,L3,L2,M1,L3
L1,L2,L2,H3,L1
H3,M1,L2,L1,L2
M1,L2,L2,BN,M1
L2,L2,L3,L1,L3
L3,L2,H3,M1,L2
L2,L2,L1,L3,L1
L3,L3,M1,L1,L2
M1,H3,L1,H3,L1
L3,L2,M1,L2,L1
L2,H1,M1,L2,L3
L3,H3,L2,L2,L3
H1,L3,L3,L2,H2
H2,L2,L3,L1,L3
L3,L1,L3,L2,L2
L3,L2,L3,M1,L3
H1,M1,L2,L3,BN
L2,H2,L1,L1,L1
L1,L3,L3,L1,L1
H3,M1,L2,L2,H2
M1,H1,L1,BN,L2
L1,H3,H1,L1,H2
L3,L1,H2,L2,L3
H3,H3,M1,H3,BN
H3,L2,L2,H2,L2
M1,L2,H2,L3,L3
L1,L3,L3,GL,L1
L3,BN,H3,L1,L3
L3,L2,L1,L1,M1
L3,L2,L3,L1,H2
L2,L1,L3,L2,M1
L2,L2,L1,L2,H2
L1,L2,L1,L3,M1
L3,L2,H2,H2,M1
L2,L1,L2,L3,H2
M1,L1,L1,H2,L3
L1,H2,L2,L2,L3
GL,H3,M1,L3,H2
L1,M1,L1,L1,L3
H2,H2,L3,H3,L2
L1,H3,M1,L2,L1
H3,L3,H2,L2,L2
L1,L1,L2,L2,L2
H2,L3,L3,L3,L2
L3,L1,L3,L3,L3
L3,L3,H2,H3,M1
L1,L3,BN,L2,L3
L1,H2,L3,H2,L2
L2,BN,L3,H3,H3
L2,H3,L3,L2,L1
L3,L1,M1,L1,L1
L3,L3,L3,L2,L1
L3,L2,H3,L1,L2
L1,L3,H3,L1,M1
L2,L2,L2,L1,L2
L3,M1,H3,H1,L3
M1,L3,L1,H1,H3
L2,L3,L3,L3,L3
L2,H3,L3,L2,L3
L1,L1,L3,L1,M1
L2,M1,L1,H1,L1
L2,L3,L1,L2,M1
L2,L1,L2,H3,H3
H1,L2,L1,M1,L3
H3,H2,H2,L2,L2
L3,M1,M1,L1,L1
L2,L1,M1,L1,H2
L3,L3,L2,L1,M1
M1,L2,L2,H3,L2
L1,L1,L3,H3,L3
L1,H3,BN,H2,L1
L2,L2,L2,L1,L3
L2,M1,L2,M1,L1
L3,L2,L1,L3,H1
L3,H2,M1,L1,L1
H1,M1,L3,L2,L3
L3,M1,L3,H2,M1
H1,L3,H2,M1,L3
H3,L2,L2,L2,M1
L3,L3,L1,H3,L3
L3,L3,L2,M1,L1
L2,L2,H2,L2,L2
H1,L2,L1,L3,L3
L3,M1,L3,L3,L1
H1,L3,L1,L2,L1
L2,H3,H2,L2,L3
L3,H3,L3,L2,L3
L1,L2,L3,L3,H2
L3,L3,L2,L3,L2
L1,L2,L2,H1,M1
L2,L3,L3,L2,L1
M1,H1,L2,L3,M1
H1,M1,L1,L3,L2
L1,M1,H2,L2,L2
L3,L3,L1,H3,L3
L2,L2,L2,L1,L3
L3,H1,L1,L1,H1
L3,L2,L2,L1,L3
L1,L2,H3,L1,L2
L1,L1,H1,L3,L3
L2,BN,L2,L1,M1
L2,H3,L3,L2,M1
H3,L2,L2,L3,L3
L1,M1,H3,M1,L2
H2,M1,L3,L3,L1
L2,L1,M1,L3,L3
L3,L2,M1,L3,L3
L2,L2,L3,M1,L1
M1,L1,H2,L3,L1
L2,L3,L1,L3,L3
L2,L3,L2,L1,H3
H3,L3,H3,M1,L2
L3,H3,L1,L1,L3
L3,L3,L3,L2,M1
H2,L3,L1,H1,H2
H3,L1,L2,L3,L3
L1,L3,H3,H3,L1
L1,L2,L2,L1,BN
M1,H2,H3,L3,L2
L2,L2,H2,L2,H3
H3,L1,L3,L1,L2
M1,BN,L3,L3,L1
H3,L2,M1,L1,L1
L3,H2,L2,L3,H2
M1,L3,M1,M1,L1
L3,H3,H3,L3,L1
L2,L1,H3,L1,L3
L2,L2,L3,H2,M1
H2,L2,L2,L3,L2
L3,L2,L1,L3,M1
L2,H2,L3,L1,BN
L2,L2,M1,H1,L3
H1,L3,L1,L3,L1
L2,L1,H2,L1,L3
H2,L2,L3,H3,M1
L3,M1,L3,L3,L2
L2,L2,L1,L3,L1
L2,L3,M1,L3,H1
M1,L3,BN,BN,L3
M1,L2,L3,M1,L1
H3,L3,L2,L1,L3
L1,L2,L2,L2,L2
H2,M1,L2,L1,H3
L2,L3,L3,L1,L1
L1,L1,L3,L1,L1
H2,L2,H3,H2,H3
BN,M1,L3,H2,L2
H2,L1,H3,M1,L3
L1,L2,L1,L2,L1
L3,L1,L3,L3,L2
H3,H3,L1,L3,L3
L1,L3,H2,L3,L1
M1,H1,H2,L3,H1
L3,L1,L3,L1,M1
L3,L1,L2,H3,L2
M1,L2,H1,L1,L3
H2,L1,H3,L1,L3
H2,L3,L3,L1,L2
L2,L3,H3,M1,L3
H3,L1,L1,L2,L2
L2,L2,L1,M1,M1
L3,L1,BN,L2,H2
L3,H2,L3,L2,L3
L3,H1,L2,L2,L2
L1,L2,L3,M1,L1
L1,L1,L2,L2,L2
H2,L1,H2,L3,L2
H3,L2,L1,H2,L3
L3,L1,BN,L2,H3
M1,L3,M1,L3,L2
L3,H3,L2,L2,L3
M1,L2,L3,H1,L2
H3,L2,L1,H1,L3
L1,L3,L1,L1,L2
L2,H2,L3,L2,H3
H3,L3,L3,L1,M1
L1,L3,M1,L2,L2
L1,H3,H1,L2,L1
L3,L1,L3,L3,H2
H3,L3,M1,L2,M1
M1,H1,L2,L1,M1
L3,L1,L3,L1,L2
L1,L3,L1,L1,L2
L1,L2,L3,L3,L1
L3,L1,L3,H2,L3
M1,L2,L2,L3,H3
M1,L3,L2,L3,L2
L1,L2,L1,H2,L3
L3,H3,BN,L2,H2
L3,L1,L3,L1,L3
L1,L3,L3,L2,L3
L2,L1,L3,L3,L2
L3,H3,H1,L1,H2
BN,H3,L2,BN,L1
H2,L3,H1,L1,L1
L3,L1,L3,L3,H2
L2,M1,L1,L1,H3
L2,L1,L1,L3,L3
L2,M1,L1,L1,L1
H3,L2,M1,L3,L3
L2,L1,H1,L3,L1
L2,L2,H3,L2,L3
L2,BN,H3,L3,H1
H3,H3,L2,L3,H3
BN,M1,L2,BN,L2
GL,L2,L2,H2,L1
L3,H1,L3,L3,M1
L2,L1,L2,L2,L2
L2,L2,H3,L1,H3
L3,L1,L3,L3,L3
L3,L1,L2,M1,L2
L3,L3,H1,H1,L2
M1,H3,H3,L2,M1
H2,M1,M1,L2,L1
L1,L1,L2,H3,L2
H1,L1,H2,H3,H2
M1,H1,L1,L2,L2
L1,L1,H1,M1,L3
L3,BN,L2,L2,H2
L2,H3,L3,M1,L1
L1,L3,L1,L2,L3
L3,L3,L3,L1,L2
L3,H3,L1,L3,L1
M1,M1,M1,L3,L2
L2,H3,H3,L1,L2
M1,L3,H2,M1,L3
H2,L1,M1,L3,M1
L3,L3,L2,L2,L1
L2,L3,M1,H2,L1
L1,H3,L3,L3,BN
L2,L2,M1,L1,L2
L2,L3,L1,L1,L3
L2,L2,L1,L2,L3
M1,M1,L3,L2,L1
L2,L2,H2,L2,L3
H3,L2,L3,L1,L3
M1,L2,H2,H2,M1
L2,L1,L3,L1,L1
L1,M1,L2,M1,L2
L3,L2,H1,H3,H2
L1,L2,L1,L2,L3
L1,L2,L2,L3,H1
L1,L1,L1,L3,H1
L1,M1,L1,L2,L1
M1,L3,M1,H3,L3
L3,L2,L3,H3,L3
L3,L3,H2,L2,L1
H2,L1,L3,L1,M1
M1,L3,L1,L2,L1
L1,L2,L1,H3,M1
BN,L3,L1,M1,M1
H3,M1,H3,L1,L3
H1,H1,L1,L1,BN
H2,H2,L2,H1,H1
H1,M1,L3,L3,L3
H3,L1,H3,L2,L2
L2,L3,L2,H2,M1
H1,L2,L2,H2,L2
L1,M1,M1,H3,L3
L2,L3,L3,M1,H2
L1,L1,M1,L1,L3
H2,M1,H2,L2,H3
H3,M1,L1,L1,H3
L3,BN,L3,L3,M1
L3,L1,L2,L2,M1
H3,L3,L1,L2,L1
L3,L2,BN,H3,L2
M1,L2,L2,L2,L2
H3,L3,M1,L2,L1
H1,L1,H3,BN,H3
H2,L1,L1,L1,L3
L3,L1,L2,L3,H3
L3,L3,BN,M1,H2
L1,L3,L2,H2,L3
L1,H3,L2,L1,L3
BN,M1,L3,H3,L1
L2,H1,L2,L2,H3
L3,L3,L1,BN,H1
H3,L1,H2,H2,L3
M1,L2,M1,L3,H1
BN,M1,H1,L3,L1
L1,L2,L2,L1,H1
H3,L1,M1,L2,M1
L2,H1,H1,L2,L2
H1,L2,H3,M1,H2
L1,H3,L1,L1,L3
L2,L2,L3,L3,H2
H3,L2,L1,L2,L3
L1,H1,L2,L3,L1
BN,L2,M1,H3,L1
L3,L3,L3,M1,M1
L3,L3,M1,L3,H3
L3,L1,L2,L1,L3
L1,H3,L3,H3,L2
M1,H1,L2,L3,L3
L1,L3,L3,H3,L3
L3,H3,H1,L3,L2
H3,L3,M1,L2,H2
L3,M1,BN,L1,L1
M1,L1,L3,H3,M1
L1,L3,L3,H2,M1
L3,H3,L3,L3,M1
L2,L1,L3,L2,L3
L2,L2,L1,L3,H3
L3,L3,L3,L3,L1
M1,H3,H1,L1,L1
L2,L3,L2,BN,L2
L3,L3,H3,L2,L1
H3,L2,M1,L1,H1
L2,L3,GL,L1,L3
H2,M1,L3,H2,M1
L2,M1,L1,M1,L1
BN,L1,L2,L1,H3
L3,L3,L2,H3,H1
H2,L3,L1,L3,L2
L2,L3,H1,L3,L2
L3,L2,L3,L1,M1
L1,L1,H3,H1,M1
M1,L3,L3,H3,L1
H3,L1,H2,L3,M1
L2,L1,L2,L2,L3
L3,H3,L2,H3,L2
H1,L2,L1,L3,L3
L2,L2,L3,L1,L3
L2,H3,H2,L2,M1
L3,L1,L2,L2,L3
L2,L2,L1,L1,L2
L2,L1,L3,L3,L2
L3,M1,L2,M1,L3
BN,L3,BN,L2,L3
L2,L3,M1,L1,L1
M1,L3,L1,H3,M1
L1,H2,L3,L2,L2
L1,L1,L1,L2,M1
L1,L3,L3,L3,L3
L3,H1,L2,L1,L3
L2,L2,M1,M1,L1
L3,L1,L1,M1,L3
L1,L1,L3,L2,H2
L3,H2,L2,L2,H3
L1,L1,H3,L3,L1
L2,L2,L1,L3,L1
L2,L3,H3,L2,M1
L1,L2,H3,L3,H2
L2,L1,L1,L2,L3
H3,L2,L2,L2,L3
L2,L1,H1,L2,L1
L1,L1,H2,L2,M1
L3,L3,M1,BN,H3
M1,BN,H3,L3,H3
L3,H3,L2,L2,L2
L3,L2,L2,L2,L2
M1,L1,L3,L2,L2
L1,L1,L3,L2,L1
H1,L2,L1,L2,L3
L1,H3,H3,L2,L2
L2,H2,L2,M1,L2
L3,L1,H1,L1,L3
M1,H2,L3,L1,H3
L2,H1,H2,L2,L3
L2,H3,L1,L2,L2
L3,H2,L3,L1,L3
L1,L3,L3,L3,L1
L3,H3,L3,H2,H1
M1,L3,L3,L2,L1
L1,H3,BN,L3,L3
BN,L2,L3,L2,L2
L3,H3,L1,L2,L1
H3,L3,L2,H3,L3
L1,L2,L3,L2,L3
M1,L3,L1,M1,H2
M1,L3,M1,H2,L2
L1,L1,L1,L1,L3
L1,BN,L3,L3,L3
L1,L2,L1,L2,L1
L3,L1,L2,L2,L3
L2,L2,L3,H3,L2
L3,L3,L2,H3,M1
L3,H2,L2,L1,L1
M1,H3,M1,L1,L3
L1,H2,H2,L3,L3
H2,L2,L3,H1,L1
L3,H2,M1,M1,M1
L1,M1,L3,L3,BN
L1,L2,M1,M1,L3
L2,L1,L2,M1,L3
L3,H3,L3,L3,H1
L3,H1,M1,L1,H2
H3,L3,L1,H1,H3
H2,H2,L3,L3,L2
M1,L1,L2,L3,H1
L2,H3,L1,M1,L2
L3,L2,L2,L1,L3
L2,H2,M1,L3,BN
L2,L1,L3,M1,L1
BN,L3,L3,L3,L2
L3,L3,M1,L3,L2
L2,L2,L1,H1,L1
L3,L2,L2,L1,L1
H3,L3,H3,H3,L2
L3,L1,L2,H2,H3
L2,L2,L2,L3,BN
H2,L3,L1,L3,L3
L2,L3,L1,L1,L2
L3,L3,H3,L3,L2
L2,L2,L2,L2,L3
L3,L3,M1,H2,H3
L1,M1,H2,L3,L2
L2,H1,L1,L2,L2
L1,L2,H3,L3,L2
L2,L3,M1,L3,L1
H2,L3,L3,L2,L1
M1,M1,L2,L1,M1
L1,H1,L2,L1,L1
H3,L1,H3,L1,L2
L2,L2,L2,M1,L2
H3,L1,L3,M1,L2
L1,H1,L3,H3,L2
M1,L3,L3,L3,H3
L2,M1,M1,L3,L2
L1,L2,L2,L3,L2
H3,M1,L2,L1,L2
M1,L1,M1,L3,L1
L3,M1,L2,L1,BN
H3,L3,L1,L1,L2
M1,H2,L2,BN,L2
L3,H2,BN,L2,L3
L3,L1,L3,H3,L1
L2,M1,H3,L1,L3
L3,L1,L3,L2,L2
BN,L2,L2,L3,L3
L3,H1,L3,L2,L2
M1,H2,L3,M1,L1
L3,L2,L1,L3,M1
M1,L1,L2,BN,L1
L3,L2,L1,L1,L3
L1,L2,L1,L2,H3
H2,L1,L1,M1,M1
L1,L2,H1,L1,L1
L2,L2,L2,L1,L1
L1,H3,H1,L3,M1
L1,L3,L3,H3,M1
L3,H3,L2,L2,M1
L2,L2,L1,L3,L2
L2,L2,L1,H2,L3
M1,H2,L3,L3,L1
L1,L3,L3,L1,L2
L3,H3,L2,H3,L2
L2,H3,L1,BN,L2
BN,L2,L2,L3,L2
L1,H3,L3,L1,L2
L1,L3,L3,L3,L3
H3,L3,L3,M1,L2
L2,M1,L3,H3,H2
L2,L1,L3,L1,L2
M1,L3,L3,L2,L3
L1,L3,L2,L3,L2
L1,L1,L2,H2,L3
M1,L3,L3,M1,L3
L2,L2,H3,L1,H2
M1,L3,L2,L3,L2
M1,L3,L1,L3,H3
L1,H2,L1,L1,H3
L3,H3,H2,L3,L2
L3,L3,L1,L1,L3
L2,L3,L3,L1,H3
L2,L1,L1,L2,M1
L3,L3,L3,BN,H3
H3,L3,M1,L2,L1
L1,H2,H1,L1,H2
L1,BN,L3,L1,L2
L1,L3,H2,L1,L1
L2,H2,L3,L3,L2
L2,H3,L2,L2,L1
M1,L3,M1,L1,L3
H2,L2,L1,L2,L2
H3,L3,L3,L2,L3
L2,L3,H3,M1,L3
L1,M1,M1,L3,L2
M1,H3,H1,BN,L1
L1,L3,L1,L1,M1
H3,H3,M1,H1,L1
H3,L1,L2,L1,L3
L1,H2,H3,H2,H3
L3,H2,L2,H2,L3
L1,L2,H2,L2,H2
H2,L1,M1,L3,L1
L3,L3,BN,M1,L2
M1,L2,L3,BN,L1
L3,L3,L3,M1,H1
L2,M1,L1,M1,L3
M1,H2,L2,L3,L3
L2,L1,H3,L2,L2
L2,L1,H3,H3,L2
L3,L3,H2,L1,H3
L3,BN,L3,H3,H3
H3,M1,H1,L1,L1
L2,L2,L2,L2,L1
H2,L2,H3,BN,L2
L3,L1,H3,H2,L3
L3,L1,L3,H2,L2
L2,L1,L1,L3,L1
L3,L1,L3,L1,H3
L2,H3,H3,L2,L2
H3,L3,H2,H3,H3
M1,L3,L2,L2,L1
L3,L1,L3,L3,H1
H1,L1,L2,L2,L2
L1,L2,M1,L3,H3
L1,H3,L3,L1,L3
L3,L3,L3,H3,H1
L2,L1,L3,L3,L1
L2,L3,M1,M1,M1
H3,L2,H1,M1,H2
H2,L1,L2,H2,L1
M1,L1,H2,L1,L3
L1,L2,L1,BN,H2
BN,L1,L3,H3,M1
L2,BN,L2,L2,L2
L3,L3,L1,L3,L2
H2,L2,L3,L1,L3
M1,L1,H1,M1,L1
L3,L1,H3,M1,L3
L3,L2,H2,L3,H3
L3,L1,L1,H3,M1
L2,M1,M1,L2,L1
L1,H1,L1,M1,L3
L2,L3,H2,L1,L3
H3,GL,H3,H3,L1
L3,L3,L1,M1,L3
L1,L3,L2,L3,L2
L2,H3,L2,L3,H3
L3,L2,L3,L2,M1
L1,L3,L1,M1,L1
L2,H2,L2,L3,L3
L1,L2,L2,L3,M1
L3,L3,L3,H3,L3
L2,L2,M1,L3,L2
H2,H1,M1,M1,L2
M1,L1,L3,H3,L2
L1,M1,L3,L2,L2
L1,L2,L2,L3,M1
L2,L1,L3,BN,L1
H3,BN,L2,H2,L2
H3,L1,L2,L2,L2
L2,L2,H2,L1,L1
L1,M1,H1,L3,L1
L2,L2,L2,M1,H1
M1,M1,L1,L2,L3
L2,L2,L3,L1,L2
H3,L1,M1,L2,H3
L3,L2,L1,L3,L3
L3,L2,H3,L1,H3
L2,M1,L2,L2,L1
H3,L1,L2,H2,L2
BN,L1,H3,L2,L3
M1,L1,L1,L1,L3
L2,H3,L2,BN,L1
L3,L2,L3,L3,L3
H2,M1,H1,L2,L3
M1,H3,L3,L1,L3
L1,L1,L1,H1,L2
L2,L3,H3,L1,H1
L1,H3,L2,M1,L2
L3,M1,H2,L3,L3
L1,BN,BN,L1,H3
L3,L1,L1,L2,M1
L3,L3,L2,L2,L1
L3,H3,H3,H2,L3
M1,L1,L2,H2,L1
L2,M1,L2,L3,L3
L2,H2,L3,H3,L3
H2,H3,L1,L2,L2
L3,L1,L1,M1,L1
H3,L1,H3,L3,L3
L3,L3,L3,L3,L1
L2,L3,H1,L1,L3
L1,BN,L3,L1,L2
L3,H3,L1,L2,M1
H1,H2,L3,L1,H2
L2,L2,L1,BN,L1
L2,L2,L2,H2,L1
L2,L2,L2,L2,L2
L1,L1,L2,L2,L2
L1,H3,H2,L2,H1
L3,L1,L3,L3,L1
L2,L3,L3,BN,L3
L1,BN,L1,L3,L1
M1,H2,H1,L3,L3
L2,L3,L3,L2,L3
L1,L2,L3,L3,L2
L3,L1,L3,L2,H3
L2,M1,L2,H3,GL
H3,L2,L3,L3,H2
L3,L2,L1,H2,BN
L3,L3,H2,H3,H3
L1,L2,L1,L1,L3
M1,M1,BN,L1,H2
L3,L3,L2,H3,L1
L2,L3,L1,L3,H3
L3,L2,L3,M1,L3
M1,L2,L3,M1,L2
L2,L2,M1,L2,M1
L1,H2,L3,L3,L3
H2,L1,L2,L2,L2
M1,L3,L3,L3,L2
L2,L3,L1,M1,L1
L1,L2,L1,M1,L2
H1,H2,L2,L3,L3
L2,L2,L2,L1,L1
H1,H3,L3,L3,H3
L2,L2,H3,L2,L1
L2,L3,L1,L3,L1
H1,L2,L2,M1,L3
L1,H1,L2,L2,M1
L1,H2,M1,BN,L1
H3,M1,L3,L3,L2
L3,L1,L1,L3,L3
L3,L1,H3,L2,L1
L2,L3,L3,L3,H3
L1,L1,L2,L3,L3
H2,L2,L2,L3,L3
M1,L2,L3,L3,L3
L2,H2,L2,L1,H3
M1,BN,L2,L1,M1
H1,L2,L3,L1,L1
L2,M1,H2,L2,M1
L2,L3,L2,L3,L2
L1,L3,L1,L2,L1
H3,M1,L1,H2,L3
L2,L1,M1,L3,L2
L2,L2,L1,L3,L2
L3,L3,H2,L1,L3
H3,H3,H3,L2,L3
H3,L1,M1,L1,L3
L1,L2,L2,L2,M1
L2,H1,L3,H2,L1
H3,L2,H3,H3,L2
L3,L2,L1,L1,M1
L2,BN,L3,BN,L3
L2,L3,L1,L1,L1
H2,L1,L2,L2,L3
M1,L1,L2,L2,L3
L3,L2,L2,M1,H3
L1,L1,L3,L2,L2
L2,L2,H2,L2,L1
H3,M1,L3,L3,L1
L1,H3,H3,H2,L3
L3,L3,L2,L3,H2
L3,L1,L2,H2,L3
M1,H3,BN,L2,H3
M1,L3,H2,L1,L2
M1,L2,H3,H3,H1
L1,L2,M1,H3,M1
L3,L1,L2,L1,L2
L1,L2,H3,L2,H3
L2,L1,L1,L2,L3
BN,L3,L1,L3,L2
M1,BN,M1,L3,M1
L1,L3,L3,L3,L1
L2,L1,L1,L2,BN
M1,H3,L2,H2,L3
L3,L3,L3,H2,L1
BN,H1,H1,H3,L3
L2,L1,L3,L3,H1
L2,L1,L3,L2,L1
H2,L2,L1,L3,L1
H3,L1,L2,H1,L1
BN,L3,H1,BN,L2
H2,H3,L2,M1,L1
L3,M1,L2,L1,L3
L3,L3,L2,L3,L2
L2,L1,L3,L2,H3
L1,M1,L2,H2,H1
H3,L1,BN,L3,L1
M1,L2,L3,L3,L2
H3,H3,M1,L3,L2
M1,L3,L3,L2,M1
L2,L1,L3,L1,L2
L2,H3,H3,H1,H3
M1,H3,L2,H3,L1
L3,H1,H2,L3,L3
L2,L3,L1,L1,L1
M1,M1,H3,L2,M1
L1,L1,H1,L3,L2
L2,M1,L2,L1,L2
L3,L3,L2,L2,H1
L2,H2,L3,L2,H1
L2,L1,BN,H2,L1
L3,L3,H1,BN,M1
H3,BN,H3,L2,H2
L2,H1,L3,L1,H1
H1,H3,H3,L2,M1
L2,L2,L3,L3,L3
L1,L1,L3,L2,M1
H3,M1,L1,H3,L1
L2,L1,H2,L1,L1
H1,BN,M1,H1,L2
M1,H2,L2,M1,L1
H1,H3,H2,L3,H2
BN,H1,L2,H2,L2
L2,L2,H2,L2,H3
L2,L1,L1,M1,L3
M1,L2,L1,BN,L3
L1,L3,L2,L1,L3
L2,L1,L2,L2,L1
L3,L3,L2,L1,L1
L3,L1,L2,L1,L1
H1,H2,L1,L1,L1
L3,M1,L2,L2,M1
L3,M1,M1,L2,L1
L2,L1,L2,L3,H3
L2,L2,L3,H1,L2
L3,M1,H3,L1,M1
H2,L3,L3,L3,L2
L3,L2,L3,H2,BN
H3,L3,L1,L2,M1
L3,L3,L3,L1,H1
L3,L3,L3,L3,L3
L3,L1,L1,L1,L2
M1,L3,L2,H3,L2
L3,M1,L2,L1,L2
L1,L3,H3,L3,L2
L3,L1,BN,L3,M1
H2,M1,L2,H1,H3
M1,H1,L1,L3,H2
L2,H3,L3,L3,M1
H3,M1,L1,L1,L3
L1,M1,L3,H2,L3
L2,M1,H3,L3,H2
L1,H1,BN,L3,L2
L1,H2,M1,L2,M1
H2,L1,L2,L2,L1
L1,M1,H2,H2,L3
M1,L3,M1,L2,L3
L2,L3,L3,L3,L2
L3,M1,H2,H2,BN
L3,L2,M1,L1,L3
L1,H1,M1,L1,H2
M1,L3,BN,L2,H3
L3,L3,L2,L2,M1
L1,L2,M1,L1,L3
L1,L2,L2,H3,L2
L3,L1,L3,M1,L1
GL,M1,L3,M1,H1
L2,M1,L2,M1,L2
L1,H2,L2,L2,H1
L3,L1,L2,L2,L1
L3,H1,L3,L3,M1
L2,L2,H1,L2,L2
L2,L3,M1,L1,L2
L3,BN,H1,L1,H3
L2,L1,L1,H3,L1
M1,H3,H3,L3,L2
L2,H1,BN,L3,L3
L2,L1,L2,H2,L1
L1,L2,L2,L3,L1
M1,L2,L3,L3,L1
H3,L2,L3,L1,BN
L1,L2,L2,H3,M1
L1,L1,M1,L2,L3
L2,M1,L3,L1,L3
M1,L2,L3,M1,M1
H1,L1,L3,L3,H2
L2,L3,L3,L1,L2
L3,L1,L3,M1,L3
L2,H3,L1,H3,M1
L3,L2,L1,L2,L2
L3,L3,L2,L2,L2
L1,L2,M1,H3,H2
L2,L2,H3,L1,H2
L3,L1,L3,L2,L2
M1,L3,M1,H2,M1
L3,H2,M1,L3,L1
L2,L2,L1,L2,L3
L1,L1,H3,M1,L2
L3,L2,M1,L3,L1
H2,L1,H3,L1,L1
L3,L2,L2,M1,L1
L2,H1,L2,H2,L1
L3,L2,L1,L2,M1
L3,L3,L3,M1,M1
L1,L3,L3,H3,L2
L2,L3,L2,M1,L3
L2,L1,M1,L2,L3
H3,L3,L1,L3,L3
H3,L2,L1,L2,H3
M1,L2,L3,L3,L3
L2,L1,L1,L1,L3
L1,L1,H3,L3,L2
M1,M1,H1,H3,L1
H1,L2,L3,M1,L3
M1,L2,L2,H3,L2
M1,L2,L1,L3,L2
L2,L2,BN,H3,L1
H2,H1,M1,L3,L3
H3,L3,H3,H3,H1
L2,L1,L2,H2,L1
H3,L3,L2,L2,H2
H3,L1,L1,L1,M1
L3,L1,M1,M1,L1
GL,L2,L1,H3,H2
H2,L1,L3,L2,H1
L1,M1,L3,H3,L2
M1,H2,M1,L1,L1
L3,L2,L1,M1,M1
L1,L2,M1,L3,M1
M1,L2,L2,H3,L3
BN,L2,L3,H2,L3
L2,L3,L1,BN,L3
L3,L3,L3,L3,H2
L2,L1,L1,L1,M1
L3,M1,M1,M1,L3
H2,L2,L3,H3,BN
M1,L2,L2,L3,L3
L2,L3,L3,L3,H1
L3,L3,M1,L2,L1
L1,L2,L1,H3,H3
L2,L2,M1,L2,L3
M1,L2,H3,L2,L2
BN,H3,L3,L2,L2
L2,L2,L1,H1,L2
M1,L3,H1,L1,L3
L2,H3,M1,L3,H3
L3,L1,L2,H2,BN
L2,M1,L1,L1,H1
L3,L2,M1,L2,L2
L1,L2,L3,BN,L3
L2,L1,L3,L3,L1
H2,L2,L1,L3,L3
M1,H2,L2,L1,L3
H3,H2,BN,L2,L1
L1,L1,L2,H1,L1
L3,L1,M1,M1,L2
M1,L2,H3,H2,L2
H1,H2,L3,M1,L2
L2,M1,L3,L2,L3
L2,H2,L2,BN,L2
M1,H1,H2,L3,BN
L2,L3,L3,H1,L2
BN,L3,L1,H3,L2
L3,L1,L1,L2,L3
H2,M1,H1,L2,L1
H3,L1,L1,H2,L3
M1,L2,L2,L2,L2
L2,L1,M1,L1,L2
L2,L3,L1,M1,L3
H3,M1,L2,H3,L1
H2,L2,H2,L1,L1
H3,L2,BN,M1,L3
L1,H2,L3,L2,M1
M1,L1,L2,M1,L2
L2,L1,L2,L1,M1
L2,L3,L3,L3,H2
H2,L2,L2,L3,M1
H1,L3,L2,L2,L2
L3,L3,M1,L2,L1
L1,L2,M1,L3,L2
L2,L3,L3,L2,M1
H2,M1,L2,L3,L1
L2,M1,H3,L2,H3
L3,M1,L3,L2,L3
L2,H2,H2,H2,L3
L3,L3,L1,M1,L2
H2,L1,L3,L2,L1
L2,L2,L2,M1,M1
H2,L2,L2,L3,L2
M1,BN,L2,H3,BN
L2,H2,L3,L3,M1
H3,L2,L3,L2,M1
H3,L2,L3,H2,L1
M1,L3,H2,L2,M1
L3,L3,L1,L2,H3
M1,L3,H3,H2,L1
L3,L1,H2,L1,L1
H2,L3,L1,BN,L3
L2,L3,L2,L2,L2
M1,H1,L1,H2,BN
L2,M1,L1,L1,L1
L1,L2,L1,L3,L1
L3,L2,L2,L1,L1
H2,L1,L1,L3,L3
L2,L3,L1,L2,M1
L2,L3,L2,L2,L2
L1,L1,L3,M1,L3
L1,M1,L3,H2,H3
L1,L3,L2,L1,M1
L1,L3,H2,H1,H3
M1,L1,H1,L1,L3
L2,L1,M1,H2,L3
L3,L2,M1,L3,L3
L1,H1,L1,L3,L1
L2,L3,L1,H2,M1
M1,L1,L3,M1,H3
L3,L3,L2,L2,L1
L3,L2,L1,H2,H3
L2,L1,H1,L1,M1
L1,H3,L2,L2,L3
L1,L3,L3,M1,L3
L1,L1,L1,H1,L3
L1,M1,L1,L2,L3
M1,L3,L2,H3,L3
L3,H1,H3,L3,L1
L3,L2,L1,L3,L1
L3,L3,L1,L3,L1
L3,BN,L2,L2,L3
L2,H2,L3,L2,L3
L3,L2,L1,H3,L1
L2,L1,L3,L2,L3
H3,L1,L3,H3,L2
L1,M1,L3,M1,L3
L3,M1,H3,L2,H1
H2,H1,L3,L1,L3
L3,H3,L3,L3,M1
L2,M1,L2,L1,L2
L2,L2,L2,BN,L2
L1,L1,M1,L2,L2
L3,L3,L3,L2,M1
L1,BN,L3,L2,L1
H2,M1,BN,L3,H2
M1,M1,L2,L3,L1
L1,L3,L1,M1,M1
H3,L3,L1,L1,L3
L2,L1,L3,H1,H1
L3,BN,L3,L3,M1
L3,L2,L1,M1,L3
M1,L3,L2,H2,L1
L3,H1,L3,L3,GL
L3,L2,L2,M1,L1
L2,H1,L3,H3,L3
L3,L3,L3,L2,H1
L1,H1,L1,L2,H3
L3,L1,M1,L3,H2
H2,L3,M1,H3,L3
L3,L1,L3,L2,L1
L2,H2,H1,L1,L1
L1,L3,L1,L1,L2
H1,BN,L2,H3,L3
L3,L1,L1,H1,L3
L3,L1,L1,L3,L2
L1,L3,M1,H3,L1
L2,L3,M1,L1,L2
L3,L2,H3,L1,L3
L3,H2,L3,L1,L2
L1,M1,H3,L2,L2
H2,L2,H3,L2,L3
L1,M1,H3,L3,H2
L1,L3,L2,L2,H3
H1,H3,L2,L2,L1
L1,L1,L1,H3,L3
L2,L2,H2,L2,H3
L1,H3,L2,L1,L1
L3,L2,M1,L1,L3
H2,L1,M1,L1,M1
H3,H1,L3,L2,M1
L1,M1,M1,L3,L1
L1,H3,L2,L2,L1
L1,L1,H2,M1,BN
L2,L2,BN,L1,H2
L2,L2,M1,L2,H2
L2,L3,M1,L3,L1
L2,H1,M1,M1,L3
L1,L3,L3,M1,L3
H1,H1,L2,L2,L1
L3,M1,L2,L2,L2
H2,M1,L3,L2,L3
H2,L2,H3,L3,L2
L2,L2,L1,L1,L3
L2,L1,BN,L3,L1
L3,L2,H3,L3,H2
H2,BN,L3,L3,L3
L3,L2,L3,L1,H3
M1,L1,H3,L3,BN
L1,H1,L3,L3,L3
L2,L3,L2,H1,L3
H3,L2,M1,L1,L1
M1,L3,L2,H3,L2
M1,L3,M1,L1,L3
L2,H1,L2,L3,L1
BN,L2,M1,H2,M1
L2,L1,L3,L1,M1
H2,H1,H3,L1,L3
H3,BN,L1,H2,L2
L3,M1,L1,M1,L3
L2,L3,L1,L3,L2
H3,L2,L2,L1,M1
BN,L2,L2,L1,L2
L1,L3,L3,L3,L2
H3,L2,L3,BN,L1
L2,L2,L2,H3,L2
L1,H2,L2,L1,L1
L1,L2,L3,H2,L3
H3,H1,M1,L1,L3
L2,L3,L1,H1,BN
L1,L2,H3,L2,H3
L1,H3,L1,L3,L2
L3,L3,L1,L1,L3
L3,M1,L3,L3,L1
L1,L2,L2,L3,H3
L1,L3,L1,L1,L1
L3,L2,M1,L1,L3
L3,H3,M1,L1,L1
L3,L2,BN,L3,M1
L3,H2,M1,L2,M1
L3,M1,L3,L3,L1
L1,L3,L2,L3,L1
H2,L2,L1,L2,L2
L3,L2,L1,L2,H3
L1,L1,L3,L1,H1
M1,L2,GL,M1,L3
L2,L3,BN,H3,L3
L2,M1,H2,L1,L2
H2,L3,L3,L1,H2
L3,L1,L3,BN,L1
L1,L3,L3,L3,H3
L3,L3,L3,L2,M1
L2,H2,L3,L2,L2
L3,L1,M1,L3,L1
H3,M1,L2,L1,L1
BN,L3,M1,L2,M1
L1,H2,L1,L3,H2
L2,L1,L2,L3,H3
L2,H3,L2,L3,L1
L2,M1,L2,L3,L2
L2,L1,L2,L3,H3
H3,L2,M1,L3,H2
L2,L2,H3,M1,L3
L2,L2,L3,L3,M1
L2,BN,L2,H3,L3
L2,M1,H2,L2,L2
M1,L2,L3,L1,M1
L1,M1,L3,L1,H2
L3,L1,M1,L2,L3
L1,M1,L3,L3,H3
M1,L1,H3,H2,H3
L2,H1,H3,H3,L3
L3,M1,L3,L2,L1
L3,L1,L1,L1,L1
L2,H2,L3,M1,H2
M1,L3,L2,M1,L3
L2,M1,L3,L2,M1
M1,L3,M1,L2,M1
L3,L3,L3,H2,L1
L2,L3,H1,L3,H2
M1,L3,L3,L2,L2
L1,L2,L1,L2,L3
L2,L3,L2,H3,L2
L3,L3,L3,L3,L1
H2,H1,L2,L1,L3
L3,L3,GL,L1,L2
H1,L2,L1,L2,L3
M1,L3,M1,L3,L1
BN,M1,L2,H2,L3
M1,L2,L2,H3,M1
L3,M1,L2,L1,L2
L3,L3,BN,L2,M1
L2,M1,L2,L3,H3
L1,L2,L3,L3,M1
L2,L1,H3,BN,L2
L2,H3,L2,L2,L1
L3,L1,M1,L2,H2
L3,H3,L1,M1,H3
L2,L3,L3,L1,BN
H3,L1,L1,H2,H3
L3,L1,L3,H1,L3
L3,L2,L3,L1,L2
L1,H3,L1,L3,L3
H3,L3,H3,H1,M1
L2,L1,L3,L3,L2
M1,L3,M1,L2,L1
L1,BN,L3,M1,M1
L1,L3,H1,L2,L3
L3,L2,L1,L3,H1
L2,L3,H3,L2,H3
L3,L2,L2,L2,L3
M1,L3,L3,L1,L2
L1,L3,L3,L2,L1
L3,L2,L1,L2,H2
L1,M1,L1,L2,M1
H1,L1,BN,L2,L1
M1,L1,H3,L1,L1
L2,L2,L1,H3,L1
L1,L2,L1,L3,M1
L2,H1,H2,M1,L3
L1,L3,M1,L3,H1
M1,L2,L3,L2,L2
L1,L1,L2,L2,L3
L1,L1,L3,M1,H2
L2,L3,L1,L3,L3
H1,H2,L1,L2,L3
L3,L3,L1,L3,L2
M1,M1,L2,L3,H2
H2,H2,L1,L2,H3
L3,M1,BN,H2,H1
L3,L2,L1,L1,H1
L3,H3,M1,H3,L3
L1,H2,L2,L3,H3
H2,H3,H1,H3,L3
H3,L1,L2,L2,M1
L3,L1,L3,L2,L2
L1,M1,H3,L3,BN
L2,L2,L3,M1,L3
L3,H1,L2,L1,L2
L2,L3,H3,L1,L3
L1,L3,L3,L3,L1
L3,L3,L2,L3,L1
L1,L2,M1,L3,L3
L2,L3,L2,L1,BN
L3,L1,L2,H2,L2
BN,L1,L3,L3,L1
H3,L3,M1,L1,M1
L2,M1,M1,L3,L1
L1,L2,L1,L1,L1
H3,L2,L1,L3,L2
L3,L2,L3,H1,L2
M1,H2,L3,L3,H3
L3,L1,M1,L3,L3
L2,M1,H2,L3,L2
L3,L2,L3,L2,H3
L1,L3,L2,L2,BN
L2,M1,L3,L3,L2
L2,H2,L3,L1,L2
L3,H3,L3,M1,L2
H2,H1,M1,L2,L3
L3,L1,H3,L2,H3
H1,M1,L1,M1,L3
L3,L2,L3,L2,L1
L1,L3,L1,L1,L1
H2,M1,L3,H3,L1
L2,L2,H1,L1,M1
L2,L1,L1,L3,H2
L1,L2,L1,L3,H1
L3,L3,L1,L2,L1
H3,L1,H3,L3,L3
L1,L3,L3,H1,H3
L3,L2,BN,L3,M1
L1,L1,L3,H1,L1
L3,L2,H1,H3,L1
L1,L3,M1,L1,L2
H3,GL,H2,H3,L3
H3,BN,L1,H1,H3
H3,M1,H1,L3,L2
H1,L1,H1,L2,M1
L3,L1,H3,L2,L2
L1,L2,L3,L1,H2
L3,L1,L1,L2,L3
L1,L3,L1,BN,H3
M1,L3,L3,GL,L3
L1,H2,L1,H2,H3
L1,H2,L3,L1,H1
H2,H1,L1,L3,H2
M1,L2,L3,L1,L1
L2,L1,L1,L2,L3
H3,H3,L2,L3,L2
L3,L1,H3,L1,M1
H3,H3,H3,L3,M1
M1,M1,L3,M1,L2
M1,H2,L3,L2,M1
H1,M1,L3,H1,L2
L2,L2,M1,H2,L2
H1,L3,L2,L2,L3
L2,H2,L2,L1,M1
L1,L3,M1,L1,M1
M1,L1,L3,H1,L1
L1,L2,BN,L2,L1
H1,L3,L3,H2,L2
L2,L2,L2,L3,L2
L1,H2,L3,H2,H2
L2,H1,L2,L2,L2
M1,L1,M1,H3,BN
L3,H3,M1,L2,L2
L3,L2,M1,BN,L1
H3,M1,L1,M1,H3
L2,L3,L2,L3,H1
L1,L1,L3,L1,L3
L3,L2,BN,M1,L1
L2,L2,M1,H1,H3
H2,L3,L3,L2,L2
H3,L1,L2,L1,L3
H3,L2,H1,L1,L1
L2,L2,H2,L2,L1
L2,L3,M1,H3,H1
H3,L3,L1,M1,L3
L1,L1,L2,M1,L1
L3,L2,L1,L1,L1
H2,L1,L2,H3,M1
L3,L1,L1,M1,L2
M1,H1,L1,L2,L1
L2,L2,L1,L3,L3
L1,L3,L2,L2,H3
H3,L3,M1,L3,L2
L1,H3,M1,L1,L3
L2,M1,L1,H3,M1
L1,L3,L3,L2,L3
L2,L3,H1,H2,L3
L2,L1,L3,H1,L1
H1,L1,L2,L3,L3
M1,L2,L1,L3,L3
L2,L3,L2,BN,L1
L3,M1,L2,L2,L2
L1,BN,M1,L3,M1
H1,L3,L1,H2,L3
L1,M1,L1,L1,L3
L3,L3,L3,M1,M1
L2,L2,H3,L1,L2
M1,L1,H2,H3,L3
L1,L2,L1,BN,L1
L1,L1,H1,H2,L1
H1,H2,L3,L2,L3
L3,BN,M1,L3,H3
L3,M1,L1,L3,L2
L1,H1,L2,L2,L2
M1,M1,BN,L1,L2
L1,L3,H3,L2,H1
H1,L2,L2,L1,L1
L3,H3,H3,L1,L3
L1,H3,L3,L1,L1
BN,M1,L1,H2,H3
L2,L3,H1,M1,L1
L2,L3,H1,H3,L3
L1,L2,L1,H2,L2
L1,L1,L1,H2,L3
L3,L1,L2,L1,M1
L2,L3,L3,M1,L2
L1,L1,L1,L2,L3
L3,M1,H2,L3,L1
L1,L1,M1,BN,L2
M1,L3,L2,L1,L3
L1,H2,L3,L2,L1
H1,L3,L3,L1,L3
L3,L2,L2,M1,L2
M1,H3,L1,L1,H2
H2,L2,M1,L3,L1
L2,M1,H2,L1,L3
L3,L3,L2,L1,L1
L2,M1,L2,H2,L2
L3,L2,L1,H2,L3
H3,L3,M1,L1,L1
L1,L1,L1,H1,L2
M1,M1,L3,L1,H3
L3,L3,L2,L3,M1
L2,H3,L3,H2,M1
H1,L3,H2,M1,L1
M1,H1,L3,L2,L2
L3,H2,L3,L2,L3
L2,M1,M1,L2,M1
L2,L1,L2,M1,M1
L2,L1,L3,L2,L1
L1,L3,H3,L1,L3
L3,L2,M1,H1,L1
L3,L3,M1,L1,H3
L1,L3,L2,L2,L3
L2,L2,M1,L2,L3
L3,H2,H2,BN,L3
L1,L2,L2,M1,H1
L3,H1,L3,H2,M1
L2,H3,L2,L1,H2
L3,L1,L2,H3,L1
L2,L1,L1,H3,H3
L2,L2,M1,L1,L2
H3,L1,L1,BN,L1
M1,L2,L2,L3,L2
L2,L3,L1,L1,L2
H2,H2,M1,L2,L3
L1,L1,L2,L1,L3
BN,L3,L3,L1,L1
L3,L1,L1,L2,L2
L2,L3,L3,L3,L2
L1,L3,H3,L1,BN
L1,L1,L3,L1,H1
L2,BN,L1,L1,H2
L3,L2,L3,L3,H3
L3,M1,H3,L2,L3
H3,H1,L2,L3,L3
L2,L2,L1,L3,BN
L3,H2,L3,H1,L3
L2,L3,L3,L3,H3
M1,L1,L1,L3,H3
L1,M1,M1,L1,H2
L2,M1,L1,L3,BN
H1,L2,L3,L2,H1
H2,BN,H1,L1,H3
L3,M1,H3,L3,L1
L1,L3,L1,BN,L1
L1,H2,L3,L3,L3
L2,L2,L3,L1,L1
L2,L1,L3,H3,M1
H1,L1,L3,H3,L2
L1,L2,H1,H2,L1
H1,M1,H2,L3,L3
L1,L1,L1,L3,L2
L3,L2,L2,L2,L3
L2,L2,L3,L2,L3
M1,M1,L3,H3,L3
L3,H3,L3,M1,L3
L1,L2,L2,L3,L2
H3,L1,H1,L1,L2
L1,L3,L1,L3,H2
L3,L2,H1,BN,L2
H2,BN,L2,H3,BN
L3,L2,L3,L1,M1
H3,L3,H1,L1,L3
M1,L1,L2,H2,L2
L2,L2,L1,L3,H3
L3,M1,L2,L2,L1
L2,L2,L1,M1,L2
L2,L3,L2,M1,L1
L3,L1,H2,L1,L3
L1,L3,L3,L2,H2
L3,L2,L2,M1,M1
H3,H1,L2,L1,H2
M1,H2,L3,L1,L3
L1,H3,L1,L2,L2
L2,H3,H3,H3,L3
L1,BN,H1,L2,H2
L2,L2,L1,L3,M1
L1,L3,L3,L1,H3
L3,L3,M1,L2,H3
H2,L3,L2,L3,L3
L1,L1,L2,H3,L3
H3,H3,L3,L1,L3
L2,L1,L2,L2,L3
H1,L2,L2,L3,L2
L3,H2,L3,L1,BN
L3,H3,L3,H2,H3
L1,M1,L3,L3,L2
L2,L2,L3,L3,M1
L2,L2,H1,L2,L1
L3,H2,M1,L3,L2
L3,BN,L2,L2,L1
M1,H1,H2,BN,L3
M1,L1,L3,L2,H2
H3,L1,L1,L3,H3
L2,H2,L1,H2,L2
L1,L3,L1,L1,L3
H3,L1,H3,L1,L3
L2,L1,L1,L1,L2
M1,L3,L3,L2,L3
H1,L1,L2,L2,L3
H2,L3,H2,H1,L2
M1,H3,L3,L3,H3
L2,L3,L3,L3,M1
L2,L2,L1,L1,L2
L3,L3,M1,L1,L3
L2,L3,BN,L3,L3
L2,M1,L3,H1,H3
L2,L3,H1,L3,M1
M1,H3,L1,H2,L3
L1,L3,L3,L1,L1
L3,L3,BN,L3,L1
L2,L3,L2,M1,L1
L2,H2,L1,L1,L2
H1,M1,L1,L3,L3
L2,H1,L3,L1,L3
L3,L2,H3,H3,L3
H3,L3,L2,L3,L3
L3,L1,L1,L1,L1
H2,H3,L2,L3,L2
M1,L1,L3,M1,H2
L1,L1,M1,L2,L3
L1,L1,L1,L3,H3
L3,L2,L2,L2,H1
L3,L1,L3,L3,L2
H2,L3,L3,L2,L2
L3,L1,L1,L3,L3
L3,L2,M1,L2,L3
H1,L3,L3,L3,H1
L2,L3,L2,M1,L1
L3,H2,M1,L2,H3
H2,L3,L2,L1,L2
L2,L1,L1,L2,L3
L2,L1,BN,H1,M1
L2,L3,M1,M1,H3
L1,L2,L2,L2,L2
L2,L3,H3,H3,H1
L3,H1,H3,L1,L2
L3,L2,L1,L2,L2
L2,L1,L1,M1,L2
L3,L1,L2,L3,L3
L3,L3,H3,L1,L3
H3,H3,L3,H3,L2
L3,M1,H3,L1,L2
L3,L1,L2,H2,L3
H2,L2,H1,H2,H2
L3,L2,L2,L2,L1
L2,L3,L3,L3,M1
L2,L3,L1,H3,L1
M1,L3,L1,M1,M1
L1,H3,L1,L3,H3
L2,M1,M1,L3,L3
L2,L3,L3,M1,L1
BN,L1,L1,L2,M1
L2,L2,H2,L3,M1
L2,L2,L3,L1,L3
L1,L1,L1,L2,H3
H2,H3,L1,L2,L1
L1,M1,H3,L2,L2
L3,L3,M1,L1,L3
M1,L3,L1,L3,H3
H1,L2,L3,L2,L2
H3,L3,L1,L3,L1
L3,L1,L1,H2,L3
L2,L2,L3,L1,L3
M1,L3,M1,L1,L1
L3,H1,L1,L3,L2
H2,H2,L1,BN,L1
M1,M1,L2,L1,L3
H3,L3,H2,L2,L3
L1,L2,L2,L1,M1
L2,H2,L2,M1,H2
L1,M1,M1,L3,L1
H2,L3,H3,H3,L2
L1,M1,L3,M1,L3
M1,H2,H3,H3,L3
L1,H3,L3,M1,L3
L1,L2,L2,L1,L3
L2,L3,L3,L3,L1
H3,L2,L1,L1,L2
L2,H3,H1,L3,L2
L1,M1,L3,M1,H1
H2,H2,BN,L3,L1
L3,L1,M1,L3,L3
L3,L2,L1,L1,M1
L1,L2,H1,H2,L3
H3,L3,H3,L2,L2
L3,L3,L1,M1,L1
L3,M1,L2,L2,H2
H3,L2,BN,M1,L2
M1,L1,L3,L3,L2
H2,L1,L2,L3,L2
L1,M1,L1,L1,M1
H3,M1,L3,M1,L3
H3,L1,M1,L3,L1
L1,L2,L3,M1,L3
H3,L2,H2,H3,L3
L3,H2,L1,L2,M1
L2,L3,L2,L3,M1
L3,L1,M1,L1,L1
L3,L2,L3,L1,M1
H1,L1,L3,L1,L3
L1,L1,L1,L1,L1
L2,L2,L1,L1,L2
H2,L1,H1,L3,L2
L3,L2,L2,H2,L1
M1,BN,H3,H3,BN
H2,L1,M1,L1,H3
L2,L2,H1,L2,L3
H2,H2,L2,L1,L1
L3,H1,L3,L2,L2
L2,L3,H3,L2,H1
M1,M1,L1,M1,L1
H3,H1,L1,L3,L2
M1,L3,L1,L3,BN
L1,L2,L3,L1,L1
H2,H3,H3,H3,L2
H1,L2,BN,H3,M1
L1,H2,L2,H1,L1
L2,L2,L3,L1,M1
L2,M1,M1,L2,L1
H3,H3,L3,L1,L3
L3,L3,H1,L1,L3
L1,L3,L1,L2,H1
M1,BN,L1,L3,M1
L3,L3,L3,L2,L1
L2,M1,L2,L2,L2
L1,L1,L3,H3,L1
M1,L3,H2,L3,L3
L3,L2,L3,L1,L3
L1,L2,L3,L1,M1
L1,L1,H1,L1,L2
L2,L3,H3,L3,M1
L3,L1,H2,M1,L1
H3,H3,L3,L3,L1
L2,L1,L3,L3,M1
L2,L3,L1,L3,L2
L3,M1,L3,L2,L3
L3,M1,L3,H2,L1
L2,L2,L2,L1,M1
H3,L2,L3,M1,L2
L2,L2,H1,L2,L2
L1,L3,H2,L3,L3
H3,BN,H1,L2,L3
H2,L1,M1,M1,L2
L3,L1,H3,L1,M1
L2,H3,L2,L3,L1
L3,H2,M1,L1,L2
L3,L2,L2,L1,M1
L3,M1,L1,L3,M1
L1,L3,L3,L3,L2
H2,H3,L3,L3,L3
L2,L3,L2,L1,L1
L1,H2,M1,BN,L1
H3,L2,L1,L3,L2
L2,L3,L2,L1,L1
L3,L3,H1,L1,GL
L2,BN,L2,H2,BN
L1,L2,L2,H3,H2
L3,L3,L3,BN,L3
M1,L3,H2,M1,H3
L2,L2,L1,L1,L2
M1,L1,L3,L3,L2
L2,L2,L1,L2,L1
L2,L1,L1,L2,L1
H3,L2,L1,H3,L3
M1,M1,L2,L1,L2
L1,L3,L3,L3,M1
L3,L3,L3,H2,L2
L2,L3,L2,L3,H2
L1,L2,L2,H3,M1
H2,H3,H3,L3,L3
L2,L1,L3,H1,L3
L3,L1,L3,H2,L2
L3,L2,M1,L1,L2
L1,L3,L3,L3,L1
L1,L2,H1,L3,H2
H2,H1,H2,L1,H2
L3,L1,M1,L2,L2
L1,L2,L3,BN,L2
L2,L2,L2,H3,L3
L2,L1,M1,M1,H3
L2,M1,L3,L2,L2
L3,L3,L3,H2,L3
M1,M1,M1,L2,L2
L2,L2,L1,M1,L3
L2,L1,H2,L2,L3
M1,H2,L2,L2,L2
H1,H2,H2,L2,M1
L3,L3,L2,L2,H2
L3,L2,L2,L2,L1
H1,L2,H3,L3,L2
L2,L2,L2,H2,H3
L3,L1,L3,L1,L2
L3,H2,L2,L2,M1
L2,L3,L1,L3,GL
M1,H3,L1,L3,M1
L1,L2,L1,L1,L1
L2,H1,L3,H1,L2
L1,H2,H3,M1,M1
L3,L1,L1,L2,L3
L3,H2,L2,H2,L1
L3,L3,L2,L2,H3
H3,H2,L2,L2,M1
L3,L3,L2,L1,H3
L2,M1,L1,L3,L2
L2,M1,L3,H3,L1
L2,M1,BN,L1,H3
L2,H1,H3,M1,L3
L1,M1,L3,H3,L1
L2,L3,M1,L2,L3
L1,H3,L1,L3,L2
H2,M1,L1,L1,L3
L2,H3,L2,L2,M1
L3,L3,L1,L3,M1
L1,L2,H2,M1,H3
L3,L2,L1,L2,L2
L1,L3,L2,L2,L1
H2,H3,L1,L3,H2
BN,L2,L2,L2,L3
L3,M1,L2,M1,H3
M1,H3,H3,L2,L2
L3,L1,L3,L3,BN
M1,L2,H3,L2,L2
H3,L1,L3,L1,L1
L3,L2,L2,L3,L3
H3,L1,M1,L1,H2
L2,L3,L2,L3,L1
L1,L1,L2,L3,L2
L3,L2,L1,L2,H3
L2,L1,L3,L1,L3
L1,L2,M1,H2,L3
L2,H2,H3,M1,L1
L2,L3,M1,L2,H3
L2,L2,L1,L1,L1
L3,L3,L3,L3,L2
H3,L1,GL,L1,L2
M1,L2,L1,M1,H2
L2,L1,L2,L2,BN
L3,M1,L2,H2,L3
L1,M1,H2,L1,L1
L3,L1,L3,H2,M1
L1,M1,L2,L1,M1
L2,M1,H1,L3,L3
L2,L2,L3,L3,L1
L2,L1,L3,L1,L1
M1,L3,L2,L3,L3
H3,L1,L2,L1,L3
H3,L2,L1,M1,M1
L2,M1,L2,M1,L2
L3,L2,BN,L2,L1
H3,H2,L3,L1,M1
L3,L1,L1,L3,M1
L3,L1,L3,L3,H3
L2,L3,H3,M1,L1
L3,L2,M1,L2,H1
H3,L1,L1,H3,M1
L1,L2,L2,M1,L2
L2,L3,L3,L1,M1
H1,H3,L3,L2,BN
H3,H1,H2,L2,L1
M1,L3,L3,L2,L1
L2,H3,L1,L1,M1
L2,M1,L2,H3,L1
H2,L3,M1,L3,L1
L3,M1,H2,L3,M1
H3,L3,L2,M1,L1
L1,H2,L2,L1,L2
L1,L3,H2,L2,L2
M1,L1,M1,L2,L1
L3,L2,L3,L2,L3
L3,L3,M1,L3,L3
M1,M1,L2,M1,L1
L2,H3,L2,M1,L2
L3,H3,M1,L3,H2
L3,L2,L1,H3,M1
L2,H2,L3,L3,M1
M1,L2,L2,M1,M1
L1,L2,L2,BN,L1
BN,L1,L2,L1,H3
L2,L3,L3,L3,L3
L1,L1,L3,L1,L1
L3,L3,H2,L1,L1
H2,H2,M1,L3,L2
L2,L3,L2,L3,L1
H3,L3,L3,L3,H2
M1,L2,M1,M1,M1
L1,H1,M1,M1,L3
L3,H2,L3,L1,L1
L1,L2,L2,L3,H2
L3,L3,L3,M1,M1
L3,L2,L2,L2,L2
L1,L3,L1,L3,H2
L2,L3,M1,H2,M1
H2,L3,L2,L1,H1
L3,L3,L1,L3,L1
H3,L3,L2,H1,L3
L1,M1,H2,H3,L3
L2,H3,L3,H2,M1
L1,L2,L1,L2,L2
L2,L3,L1,H3,L2
M1,M1,L1,L2,L2
L3,L2,M1,L1,L2
M1,L3,L2,H3,BN
L3,L2,L2,L1,L1
L2,L3,H1,L3,L3
L2,H3,GL,H2,H3
L1,H3,L2,L3,L1
H2,L3,H3,L3,L1
L2,H3,L1,H2,L3
L2,L2,L2,M1,M1
M1,L1,L2,L3,L3
L1,L1,L3,L2,L3
L2,L2,L2,L1,L1
H3,L1,L3,L2,L2
L2,M1,L1,L2,L3
H1,L2,L3,L1,L3
L3,L2,L1,GL,L1
H1,H1,H3,L1,L3
L3,H3,BN,L3,H3
L3,L2,M1,L3,H3
BN,M1,L1,L3,H1
H2,L1,M1,L1,M1
L3,L3,L2,BN,L3
L1,L2,L3,H2,L3
M1,H3,H1,M1,L2
L3,L2,M1,L2,M1
L1,L2,L1,H3,L1
L1,L3,H3,M1,L3
L1,H3,L1,L1,L1
M1,L1,L3,L1,L2
BN,L3,H3,L2,H2
L1,M1,L1,L1,L2
L3,H3,L2,L1,L1
H1,L3,L2,L1,M1
L1,L3,L1,L2,L1
L3,L1,L3,L2,M1
H3,L2,H1,M1,L1
BN,H2,H3,L1,L2
L1,L2,M1,L3,L1
L1,M1,H3,L1,M1
L1,L1,L3,L2,L2
L1,L1,H3,L1,L1
L3,L3,L3,L1,L1
L1,L3,M1,H2,L2
H3,L3,L1,M1,L1
H1,L2,M1,L1,L3
H3,L3,L1,L1,L2
L1,H2,L1,L1,L3
H3,L1,L2,H3,L2
L2,L1,L2,L3,L2
L3,H3,L2,L2,L3
L3,L2,L2,M1,H1
L3,L2,L1,L2,L3
L3,L1,H3,L1,H3
L1,L1,BN,M1,L1
L2,L3,L3,L2,L2
L3,L2,L3,H3,L1
L2,M1,L2,L1,L1
L2,L1,L2,H2,H1
L1,L2,L1,M1,L2
L3,H2,M1,H2,L2
H1,M1,L1,M1,L2
L3,L1,H2,L2,L1
H3,L3,M1,L2,L3
L3,L3,L3,L3,L1
H2,L2,L1,L1,L1
L1,L3,L1,BN,L2
H2,H3,L1,H3,L3
H2,L3,L3,L2,L1
L3,L2,L1,H1,M1
L1,L3,L2,L1,H3
L3,L1,H3,M1,L2
L3,L3,L2,L2,L1
M1,L1,M1,H3,H2
L3,L1,H3,L1,L3
BN,L3,L2,L2,H3
H1,H2,M1,H3,L1
L2,M1,H3,H3,L3
L2,H1,L3,M1,L2
H1,L2,L3,L3,H3
L3,L1,L3,L3,L1
L1,M1,M1,L3,H2
L2,H3,L2,L2,L3
L3,H1,L3,L3,L2
L3,L2,L2,L3,L2
L2,L2,M1,L3,L2
H2,H3,L3,L1,L3
H3,L3,L2,L1,L3
H3,H3,L1,M1,H2
H2,L1,L3,L2,L1
L2,M1,L2,L2,M1
L3,L3,L3,L3,L3
M1,L2,L3,L1,M1
H3,M1,L2,L3,L3
H2,L3,H3,L3,M1
L3,L3,H2,M1,M1
M1,H3,L3,L1,M1
L3,L2,H3,L3,H2
H2,L3,H2,L1,L2
L2,M1,L1,H3,L1
M1,L1,L3,H3,H1
L2,H3,L1,H3,L1
L2,L1,L3,L3,L1
L1,L1,H3,L2,M1
L3,L1,L2,H2,H3
L1,H3,M1,L1,M1
M1,H3,L1,BN,L1
M1,L2,L2,L2,L2
L1,L2,H3,L1,BN
L2,L1,L2,L3,L1
L2,L2,L3,L2,H3
H2,H3,M1,L1,L2
L2,L1,L3,L1,L1
L1,M1,H2,M1,L3
H2,H3,M1,H3,M1
L3,L1,L2,L2,L1
L3,H2,L3,H3,L1
L3,L3,L2,L1,L3
L2,H2,L3,L3,M1
L3,L1,L2,H2,M1
L3,L2,L3,L1,L3
L1,L3,L1,L3,L1
L1,L1,H2,L2,L2
L2,M1,M1,M1,H3
H1,L3,M1,L2,H3
L2,H3,BN,H2,M1
M1,L3,L1,L1,L2
H3,L2,L2,L3,L2
L1,L2,L1,L2,H3
L3,L3,L3,L2,L3
L1,L3,L1,L3,L1
H1,L3,H1,L1,L3
L2,L3,L2,M1,L1
M1,L2,L1,L1,M1
H1,L2,H3,L3,L2
H1,L3,M1,H2,L3
L3,L1,L3,H3,H2
L2,M1,H3,M1,H1
L2,L3,L2,L3,L2
M1,L3,L2,M1,H1
H3,M1,L3,L2,L2
L1,L2,L3,L3,BN
L3,L3,L2,L2,M1
L3,H1,L1,M1,L1
H1,L3,L1,L3,M1
H3,M1,L1,L3,L2
L3,M1,L1,L2,L2
L1,L1,M1,L1,H3
L1,M1,M1,M1,L3
M1,L2,L3,L3,L3
L3,L2,L2,H1,L1
M1,M1,L3,M1,H1
L2,M1,BN,L1,M1
L1,H2,L3,M1,H1
H2,L1,L1,H2,L1
L1,L3,L3,L2,L3
L3,L3,H2,L3,L2
L1,M1,L2,L2,L2
L3,L1,L3,H1,L2
L2,L3,M1,H3,M1
L3,M1,L2,L3,L3
H2,L1,L1,H3,L3
L2,H3,L3,L3,L3
L2,L1,H1,M1,L2
H3,L1,L3,L2,H2
H3,BN,L3,M1,L3
M1,M1,M1,L2,H2
L1,L3,L3,H1,L1
L3,L1,H2,L3,L1
L1,M1,L3,L2,L2
L2,M1,L2,L2,L1
L3,M1,L3,L2,H2
H2,L3,L1,L3,L2
H1,L2,M1,L3,H2
L1,L1,L2,L3,L3
L2,H2,H3,L1,L3
H2,L1,M1,L3,L3
L3,H2,BN,H1,H1
H3,M1,M1,H3,L2
BN,L3,L2,L2,L3
M1,L1,L1,L3,H3
L2,M1,H3,BN,H1
L2,H3,L3,H2,L2
L3,L2,L3,M1,L2
H3,L1,H1,L2,M1
L2,H2,L1,L1,L1
L3,L2,L1,L1,L1
L3,M1,L2,L3,L3
L2,L3,M1,L2,L1
L3,H3,L1,L3,L3
L3,L1,L3,H3,L3
M1,L3,H2,M1,L3
H2,M1,L1,M1,L3
L2,H1,L3,L1,L1
L1,GL,L2,H2,L1
L2,L3,M1,L1,M1
L1,L2,L2,L2,L2
L3,L2,M1,L3,L2
L3,L3,L3,M1,L3
BN,H3,L1,L3,H3
L3,H2,M1,L3,H1
M1,M1,L2,H3,L1
L1,L2,M1,L1,H1
L2,L1,L1,L2,H2
L1,L3,L1,L1,L3
L2,L3,L1,H3,H3
L3,L1,L3,L1,L1
L2,H3,L2,L3,L3
L3,H2,L2,L3,L2
L3,L3,L2,L3,M1
L2,L3,L3,L2,M1
L1,H3,H1,L2,BN
L3,L1,M1,BN,H3
L3,L3,L3,H3,L3
L2,L3,H2,L2,L3
L3,M1,H3,M1,L2
L3,L2,L3,L2,M1
M1,M1,L1,H2,L3
L2,L3,L3,M1,L2
L3,L2,L3,H3,L3
L2,H2,M1,H3,L1
L2,L1,H2,L1,L2
L3,M1,BN,L3,BN
L3,L2,M1,BN,L1
L2,M1,L1,L1,H3
H2,L2,L2,L2,L1
H3,L3,M1,L3,H3
L3,M1,M1,L3,L1
H2,H3,L1,H1,BN
L1,M1,M1,L1,L3
H3,M1,L1,H3,L2
L2,L3,BN,H2,L2
M1,M1,M1,M1,L2
H1,H3,L1,L3,L2
L3,L3,L1,L2,L2
H2,L1,L3,L1,H1
L3,L3,L2,L2,L3
H1,L3,L2,L3,L1
L2,L1,M1,L1,L2
L1,H3,L1,L2,L3
L3,M1,L1,L3,L2
L2,M1,L1,M1,L2
L3,L1,H1,L3,L3
M1,M1,L1,L3,L3
L1,H2,M1,L3,L3
L3,L2,L2,BN,M1
M1,L1,L1,L2,L1
M1,M1,L3,L1,L2
L2,L2,L3,L1,L2
H2,L2,L2,H3,H2
L3,L2,L3,L2,L1
H3,L2,L1,L3,L2
L2,L1,M1,L2,L1
L1,L3,H2,L1,M1
L3,L3,BN,M1,L3
L2,L1,L3,H2,L1
H3,L2,L2,L1,H1
L1,L2,L2,L2,M1
L1,L1,L3,H3,L2
L2,M1,L2,L1,H3
L2,L2,H3,L3,L1
L3,L2,L3,H2,L3
L2,L2,L2,L1,L1
H2,L3,L2,L3,L2
H2,L2,L1,H2,M1
L2,L3,L3,L2,M1
L1,L1,H3,L3,H2
L3,M1,M1,BN,L1
L1,L3,L1,L3,H3
L3,L1,L3,L3,L1
M1,M1,H1,L2,L2
L3,L1,L3,L2,M1
H1,L3,H2,H2,H3
H3,L3,L3,H1,L1
L3,L1,L3,L2,M1
L2,L2,L3,M1,L3
BN,H2,L3,L2,L3
L3,H3,L1,L1,M1
L1,L1,L2,H1,L2
L3,L3,L1,M1,M1
M1,M1,L1,L3,L3
L1,H2,H3,H2,L2
L3,L1,L1,BN,L2
H3,L1,M1,L2,BN
M1,L1,L2,L1,M1
L1,M1,L2,L1,H2
M1,L1,M1,M1,L3
L2,L2,H3,L3,L3
L1,L2,H1,L1,H3
L3,L2,H3,L1,L3
L2,L2,L3,H3,L3
L1,H3,L2,L1,H2
M1,L3,BN,L2,L2
L2,L2,L3,L1,L1
L3,L2,H3,L1,L2
M1,L3,L1,L1,H3
L2,L3,L1,M1,H3
H1,L3,M1,L2,L3
L1,L3,H3,L3,L2
L1,L3,M1,L2,L1
L3,L3,L1,L3,L2
L3,L2,L3,M1,L2
L1,L2,M1,M1,L1
M1,L1,M1,L3,H3
H1,L1,L3,L2,L1
L3,L3,L3,L1,L2
L3,L2,L1,L3,L3
L1,H2,H1,L2,L1
L3,L3,L3,L3,L1
L2,L2,L2,L2,L3
M1,M1,L3,L2,L3
M1,L3,H1,L3,L3
M1,H1,H2,L2,L1
BN,L1,M1,H3,M1
L2,BN,M1,L3,H3
L2,L3,L2,L1,M1
L2,L3,M1,L1,L3
L3,L2,L3,L2,L3
L3,L3,H3,M1,H3
L1,M1,L3,L1,H1
L3,H2,L2,H2,M1
L3,L2,L3,L3,L3
L2,L2,L2,L2,L3
L1,L3,H2,L3,M1
L2,L1,H2,H1,M1
H2,L1,M1,M1,L1
L2,L2,H2,L3,L3
L2,L1,M1,L2,H3
M1,H1,H3,H3,L3
M1,M1,M1,L2,BN
L3,L1,L2,L3,H2
H1,L1,M1,M1,L3
L2,L2,BN,L3,L3
L3,L1,H2,H2,H3
H3,L3,L1,H2,H1
H1,L3,H2,L2,L3
H3,L2,H3,M1,L2
L1,L3,L2,M1,H2
L2,H2,L2,M1,M1
L2,L3,L1,H1,L3
M1,H3,H3,L3,H1
L1,L1,L3,L1,L2
L2,L2,L1,H3,M1
M1,L1,M1,L3,L1
L3,M1,L3,H2,L1
H2,L1,GL,H3,H1
L1,L3,H1,H3,H3
L3,H1,BN,L2,H3
L2,H2,H2,L3,L2
L2,L2,M1,L2,L3
L3,L1,L1,L1,L1
H3,H1,L1,L1,L3
M1,L2,H3,L3,L3
M1,L3,L3,H1,L1
L2,BN,L1,L1,L1
L2,L2,L3,H3,L1
L1,L1,H3,M1,H3
M1,H2,L3,L2,L3
M1,L2,M1,L3,M1
L3,L2,L3,L2,L2
L2,H3,M1,L2,L3
L3,L3,L3,BN,H3
L3,L2,L1,L1,L3
L2,H3,H1,L1,L1
L3,L3,L1,H2,L3
L3,L1,M1,L1,L1
L3,L2,H3,L2,H3
L1,L3,L3,L1,L1
L3,L3,L2,L3,L2
L3,L3,L3,L2,L2
H3,M1,L1,L3,L3
H2,L1,H3,M1,L2
L3,L1,L2,L2,BN
L2,H3,L3,H2,M1
H3,H2,L3,L3,H3
L2,L3,BN,L2,H2
L3,L3,L1,L2,L1
L3,L3,M1,L3,L2
M1,H2,L1,L2,L3
L2,H3,L2,H3,L1
L3,L1,L1,M1,GL
M1,H3,L3,L2,L1
H3,L2,H3,L3,L2
L3,H3,L1,M1,L2
L3,L1,L1,L1,L1
H1,L1,BN,H1,M1
L1,H1,L2,L1,L2
L1,M1,L2,L1,H3
L2,L1,L2,H3,L2
M1,L3,L1,M1,L2
L2,M1,L2,L1,BN
L2,M1,L2,L3,L2
M1,M1,H3,L1,L1
M1,H2,H3,L1,M1
L1,M1,M1,H1,L2
L1,L3,H2,L3,L2
H3,L2,L1,L3,L2
BN,L1,L3,M1,L1
L2,M1,L2,L3,L3
M1,L3,M1,M1,M1
H2,L1,L3,L3,M1
M1,M1,L2,H3,L2
L2,L3,H3,L3,L2
BN,L3,L3,L1,L1
M1,L2,BN,M1,M1
H1,L3,L1,L1,L1
H3,L1,L2,H3,L3
L2,H3,H1,L2,L1
H3,L2,H3,L2,L1
H2,L3,L3,L2,M1
L3,H3,L1,L3,H3
L3,L3,H2,L3,H3
L3,L3,H1,L3,L1
L3,L3,H3,H1,H2
H3,L3,L2,L1,L1
L2,BN,L3,H3,M1
L3,H3,L2,H3,L2
H1,L3,H2,L2,L2
L3,L1,L1,H3,H3
H3,H2,M1,L3,L1
H3,L3,L3,M1,L3
L3,H1,L1,L1,L2
H1,L1,BN,L3,L3
L2,L3,L1,L3,L3
L1,L3,H1,L1,L1
L2,H1,L2,L1,L3
L3,L3,L3,L1,L2
M1,L1,M1,L1,L1
L1,M1,L2,L1,M1
L1,H2,L1,M1,L1
L3,M1,L2,M1,L2
L2,L1,M1,L2,L1
L2,L1,M1,L3,L2
L2,L3,H3,L3,L3
L3,L2,L2,M1,L3
L3,L1,H2,L1,GL
L2,L2,L3,L2,H2
L3,L3,L2,M1,L3
L3,M1,L3,L1,M1
L2,H3,L1,L3,L2
L1,M1,M1,L2,L2
L3,BN,M1,H2,M1
BN,L2,L1,L2,L3
H3,L1,L1,M1,H2
H2,H1,L1,H1,L1
L3,H1,H2,M1,L1
L3,L2,H2,M1,L3
L2,L2,L3,L1,L3
L1,L1,L2,M1,L1
M1,L2,L1,L3,L1
L2,M1,L2,BN,L1
L1,L1,H3,L3,H3
L2,H3,L2,H2,H1
L3,L2,L2,L2,L3
M1,L1,L1,H2,L1
M1,L2,L1,L3,L3
L1,L2,L1,L1,H2
L2,L2,L2,L2,L3
L1,H1,H2,L2,L1
L2,H2,L3,L1,L1
H2,L3,L1,L2,L1
L3,L3,H3,H2,L3
L3,L3,L2,H2,H3
H3,L2,M1,H2,L2
L1,H1,L1,M1,L1
M1,L3,L2,M1,L1
L1,M1,H1,L3,L2
L2,L2,H1,L1,L3
L3,L2,L3,H3,L1
L1,H1,L3,L1,L2
L1,H3,L3,H3,L3
H3,L3,H3,M1,L3
L3,H1,L3,L2,BN
M1,H3,L2,L1,L2
H3,H3,L3,L3,L1
M1,L2,M1,L2,L1
L1,L1,L3,M1,L1
L1,L3,L1,L1,L3
L1,H2,H2,M1,L1
L1,BN,BN,L2,L3
L2,M1,L2,L2,L2
L3,H2,L1,L3,L1
L3,L3,L1,L3,L3
H3,M1,L1,H1,L1
L3,L2,H2,H3,H3
L2,L1,BN,M1,L1
L2,H3,M1,L3,H2
H3,M1,M1,M1,L3
L2,L2,L2,L1,L2
L2,L3,L2,L2,H1
L2,M1,L3,L3,H3
L2,M1,H3,L3,H1
H2,L2,L2,L2,L3
L2,M1,L2,L2,H1
L2,H1,L1,L1,L2
H2,M1,L1,L1,H2
L3,M1,H3,L1,L1
L3,L3,M1,L3,L2
L3,H2,H3,L3,L1
L2,L2,L1,L3,L2
L2,L1,L2,L1,L1
L1,H3,L3,L2,L2
L2,L3,BN,L3,L2
L1,M1,L2,M1,L1
M1,L1,L3,M1,L2
H3,M1,L2,H2,L2
H3,H3,L2,L3,L3
L2,H2,L2,L3,L1
L2,L1,L2,L2,H2
H3,L1,H2,L3,L2
L1,L2,L2,M1,L3
L1,L3,L1,L3,L1
L3,L1,L3,L2,L3
L2,L1,M1,H3,L2
L3,L1,L3,H3,L2
L3,L2,H3,L3,L2
L1,L3,L2,BN,L2
L1,H3,L1,L1,M1
L1,L3,M1,L2,M1
H2,H1,L1,L2,L3
M1,L3,H3,L2,H2
L1,L3,L2,L1,M1
L3,L3,L3,M1,BN
L1,M1,L3,L3,L3
L3,L3,L1,H3,H2
L3,M1,H3,L1,H1
L3,L3,L1,L3,L3
L3,L1,M1,L3,L1
M1,H2,M1,L3,L2
L3,L1,M1,H2,L1
L3,L1,L2,L2,L1
H3,L1,L3,L2,L2
L1,L1,L3,L3,L3
H3,BN,L3,L3,H1
M1,H2,L3,H1,L1
L1,L3,L3,M1,L2
H1,H3,L1,M1,L2
H2,L3,L1,L3,L2
L1,L2,L3,L3,L1
L3,H2,L2,L1,L2
H2,M1,L1,L3,L2
L1,M1,L3,L2,L2
L2,L3,L2,BN,M1
L1,M1,H2,H2,L2
H3,L3,BN,L1,L2
L1,L3,L1,L1,L2
H3,H2,L1,L2,H2
L3,H3,L3,M1,M1
H3,L3,M1,M1,L1
H3,H2,L3,M1,H3
H2,L3,L1,L1,L3
L3,L3,L1,L3,L3
M1,H3,M1,L2,L1
L3,L2,L3,H2,L2
L3,H3,L1,L2,H1
M1,H3,L3,H3,H1
H3,M1,L3,L1,L2
L2,M1,L2,H2,L2
H3,M1,L1,L3,L2
L3,H2,L2,L1,L2
L1,H2,L1,M1,L2
L1,L2,L1,H3,L3
L3,H1,H2,L1,H3
L3,L1,L2,L3,L3
H3,L2,L1,L3,L3
L1,L3,H2,L3,L1
L1,L2,L3,L2,L2
L3,L1,H3,L3,L3
L1,L2,L1,L2,L3
BN,L3,L2,H3,H2
L2,L3,M1,L2,H3
H3,L3,L1,H3,H3
L1,H2,H3,M1,H2
L2,L2,L2,BN,M1
GL,H1,M1,H2,L2
L1,L1,H3,L1,H3
L1,L3,L1,L1,L1
L1,L1,L1,H1,M1
L2,L2,L2,L1,L1
L2,H3,L3,L3,L2
H1,M1,M1,H3,L3
L1,L3,L1,L1,L2
BN,L3,BN,L3,M1
L1,H1,L1,L3,L3
L1,H1,L1,L1,L3
L1,H2,L2,H2,H3
L2,H3,L2,L2,M1
BN,M1,M1,L1,L2
L2,L1,M1,L3,GL
L2,L2,M1,L3,L1
L1,L1,L3,L3,M1
L3,L2,L2,H1,L3
H3,L3,H1,L2,H3
H3,L2,L2,L1,L2
H2,M1,L2,L3,L3
L3,L2,L2,L1,L3
L1,L1,L3,L1,M1
H2,L3,L3,M1,H3
L2,L1,L3,H3,L2
BN,M1,L3,L3,L2
M1,H2,L2,L1,L3
M1,M1,H2,L1,H3
L3,H2,L1,H2,M1
L2,L2,L3,H3,L3
L3,L3,M1,L2,L2
L2,L1,L2,L2,L3
H2,L3,H3,L2,H1
L1,M1,L3,L2,L2
H2,H2,L1,L2,H3
L3,L2,L2,L2,L1
L1,M1,L2,H3,L2
H2,L2,H1,L1,L1
L2,L3,L2,H2,L2
M1,L1,L3,L2,L2
L2,H2,L1,H2,H2
H2,L2,H2,H1,BN
L3,M1,L3,L1,L2
L1,H2,H2,L1,L2
L1,M1,L1,L2,M1
L2,L1,L1,M1,L2
H1,L1,L3,M1,M1
L2,L2,L1,L1,L1
L1,L3,L1,H3,L1
M1,L2,L3,L2,L2
M1,L3,L1,L3,L2
L3,L1,H1,L1,M1
H3,L3,L1,L2,L2
H3,H3,H3,L3,BN
L2,M1,L3,L3,L3
L3,L2,H3,L2,L2
H3,L3,L3,H3,L2
L2,L3,L1,L3,L3
L3,L3,L3,M1,L2
H3,L2,L3,L2,L2
M1,H3,L3,L1,M1
L1,L2,L3,L1,L1
L3,L2,L3,L1,L2
M1,L1,L3,L1,L2
M1,L2,M1,L3,H2
L3,L3,L2,L1,L3
L3,L1,L3,BN,L1
L3,H2,L1,H3,L2
H2,H3,L2,L3,L2
L1,L1,H3,H1,L1
L2,M1,L3,H3,L2
BN,L2,BN,L2,L3
L3,L3,L1,L2,L2
H3,L2,L3,L1,H3
L3,M1,L3,L3,L2
L2,M1,M1,L2,M1
L2,BN,H1,L2,H1
L2,L2,H2,L2,L1
H3,L3,L3,H1,M1
L1,L2,M1,L3,L3
L2,L1,L3,H2,L3
L1,L3,H1,L2,H1
H3,L2,L2,L3,L3
H3,L1,L2,M1,L3
M1,L1,L2,M1,L3
L2,L1,L1,L1,H3
L2,L2,M1,L2,L3
L1,BN,H2,L2,L1
L1,L2,H3,L2,L3
M1,L1,L2,L1,L2
L1,M1,M1,L2,H1
L2,H3,H2,L3,L3
H3,H2,L3,H3,M1
BN,BN,L3,L3,L3
L2,L2,M1,L2,L1
L3,L2,H2,M1,L1
M1,L2,H1,M1,H3
L3,L2,L2,L3,L1
L1,L2,BN,L2,L2
L2,L3,H3,L1,L2
M1,L1,M1,H3,L3
L1,L1,L3,L1,H1
M1,M1,M1,L3,L3
L1,L3,L2,BN,H3
L3,L3,L2,L3,L2
H3,H3,L3,H2,L2
L3,M1,L3,L1,L1
L1,L2,L3,L3,L1
L2,L2,L1,L1,L1
L3,L3,L3,H3,M1
L2,L2,L2,H3,L1
L1,L2,L3,L1,H1
L3,M1,L3,L2,L1
L1,L3,L1,L2,L3
L1,L3,L2,L3,L3
L3,L3,L1,H3,H3
L2,L1,L3,L2,L1
H1,L1,L1,L2,L3
L3,L1,L1,L2,L2
L2,L3,L2,M1,M1
L2,L2,M1,M1,M1
H1,L1,L2,L3,L1
L3,L1,L1,L1,L3
M1,L1,L2,L3,L1
L1,L2,M1,L3,L3
L2,M1,L3,L1,H3
L1,L3,BN,L1,L1
L2,L2,L2,H3,H3
L1,M1,L3,L1,H3
H2,H1,L2,H3,L2
L2,H2,L3,L2,H3
L2,L2,L3,L2,M1
H2,L1,L1,H1,L3
L1,H2,L1,H3,L3
L3,L1,M1,H3,GL
H1,L1,M1,L1,L3
H1,L2,L2,L3,M1
M1,L2,L3,BN,L2
M1,L2,H2,L3,L1
L3,H2,L3,L1,L3
M1,L2,L3,H3,M1
L2,L3,M1,L1,L1
H1,L3,L3,L2,L3
H3,L1,L2,M1,M1
M1,L3,H3,L1,L1
L2,M1,M1,L1,M1
BN,L3,H2,L3,L2
H2,L1,L2,L3,L1
H3,L2,L2,L3,H1
L1,L3,L2,L3,L1
M1,L2,L3,L1,L3
L2,L1,H1,M1,M1
L1,M1,M1,L3,L1
L1,L1,H2,L1,M1
L1,L1,L3,M1,M1
L2,M1,L3,H3,L2
L2,BN,L2,M1,L2
L1,M1,L2,L3,L1
H2,H2,L3,L2,L3
H3,L3,H3,L3,L2
L2,L3,H2,L3,L2
L1,L2,L1,L2,L3
L3,L3,H2,L2,L2
L1,L3,H3,L1,H1
L3,H3,L2,L3,H1
BN,H3,L1,H3,L2
L1,L3,L1,H2,L1
L2,L3,L3,L3,L1
L2,M1,L2,L2,L2
L2,L2,M1,L2,L1
H3,M1,L2,H3,L2
M1,H3,L2,L1,L1
L3,L2,BN,L2,L3
L2,L3,L3,L2,L3
L2,L3,L1,M1,L1
L2,H3,L3,L1,L2
GL,L3,L3,L3,M1
L3,H1,L2,L1,L3
L3,H3,L3,L1,L1
L2,L1,H3,L3,M1
L3,L1,L1,L2,L2
H3,L3,L2,H3,H3
L1,L1,L3,H3,L2
L3,L3,L2,L3,H2
L1,L1,M1,L1,M1
H3,H3,L3,L2,H2
L1,L2,L1,L3,M1
L2,H2,H2,BN,L3
H3,L1,H2,L3,L2
L2,H3,L1,L1,M1
L2,L3,L2,L1,L2
M1,H3,L2,H1,L3
L3,L2,L1,L1,L1
L3,L1,H3,L3,L3
L1,L1,L2,M1,L3
H3,L3,M1,L1,M1
L3,L3,L1,L3,M1
L1,L3,M1,H3,H3
H3,L3,L3,L3,L3
L2,L3,L3,L1,L3
L2,L3,L2,L1,L3
H2,H2,L3,L3,L1
M1,H3,L1,L3,M1
L3,L3,L3,L1,H1
H2,L2,L3,L1,L3
L3,L3,H3,L3,L3
H3,L3,L3,L2,H3
L1,M1,L2,H1,L2
L2,L1,BN,BN,L2
L1,H1,L2,M1,L1
L2,L2,H2,H2,H3
L2,L3,L3,L2,L1
M1,L2,L2,M1,L2
L1,M1,H2,L3,M1
H2,GL,L3,L3,L3
L2,L3,GL,L2,L2
M1,L3,H3,L3,L1
L2,H3,L1,L1,H1
L2,H2,L3,L3,H2
L3,H2,L1,L3,L3
L2,H2,L3,M1,H1
H2,L3,H3,L1,L3
L3,M1,H2,L3,L2
M1,M1,L3,L1,L3
L1,M1,H2,L3,L3
L3,H2,L3,L3,L2
L1,L1,L1,L2,L3
L1,L2,H1,L3,L3
L1,BN,L2,L2,L3
L1,H1,L3,L1,H3
L2,L3,L3,L3,L3
BN,L3,L1,L2,L2
L3,H3,L3,L3,H3
L3,L2,L2,L1,M1
L1,L2,H3,L1,L3
L1,L3,H1,H2,L3
H3,L2,L2,L3,L1
H3,L3,L2,L1,L1
L1,L1,L3,H1,L1
M1,H3,H2,H2,L1
H3,L1,L2,L1,L1
L1,M1,L2,L1,M1
L1,L2,H2,BN,L2
H3,L2,M1,L2,M1
L3,L3,L3,L3,L1
L3,M1,L1,H2,L2
M1,L1,M1,L2,L3
H3,H3,M1,L1,L3
M1,L1,L3,L2,L2
L1,L3,H1,L2,L3
L3,L1,L1,M1,L2
L1,L3,L1,M1,M1
L3,L2,L1,H3,L3
L1,L3,L3,L1,L2
L2,L3,L2,L3,H1
L3,L3,H1,L3,L2
L3,H3,L3,BN,L2
L3,L1,H1,L3,L2
L2,L2,L2,L1,L3
M1,L1,M1,L2,L2
H3,L1,L1,H3,L3
L3,L2,L3,M1,L3
L3,L2,M1,L1,L2
L1,L1,L2,H3,L2
H1,L2,L2,L3,H2
L3,L1,M1,L3,L2
L2,L1,L1,L3,L1
H3,L1,H2,L2,L2
L2,L3,L1,L3,BN
L1,L3,L1,M1,L3
L2,M1,L2,H3,L1
L2,L3,L3,L1,H2
M1,H2,H1,M1,L2
L1,H3,L3,L1,M1
M1,L3,H3,L3,L3
L3,L3,H3,H1,M1
H1,L1,H2,L3,H3
L3,L1,H3,L2,BN
L1,L1,H1,L1,L1
L3,L3,H1,L1,M1
H2,L2,L2,L1,L1
M1,M1,H3,L2,L1
M1,M1,H2,L2,L1
L1,L2,H3,L2,L3
M1,L1,L2,L1,M1
M1,BN,L2,L3,L1
L2,L2,L3,L2,L3
H3,H2,L2,L3,L1
L1,L2,L3,L2,H2
L1,M1,L1,L3,L1
L2,M1,L2,L1,L1
M1,L3,L1,L1,L2
H2,L1,M1,L2,L3
L2,H2,H2,H1,H3
L3,L2,H2,H1,L3
L3,L1,L3,L3,L2
L1,L2,H1,H2,L2
H2,L1,L2,H3,M1
L3,L2,L3,M1,BN
L2,L2,L2,L1,L2
L3,L2,L1,H1,L2
L3,L1,L1,L1,L3
L3,L3,BN,M1,L1
L2,L1,H1,L3,L3
H2,L3,H2,L2,L1
L2,L3,L2,L1,M1
L1,L2,H2,BN,L2
BN,L2,L1,M1,M1
H2,L1,L3,L3,L1
L3,H1,L3,L3,M1
M1,L1,H3,L3,H1
L1,L2,L1,L1,L3
L3,L1,L3,M1,L1
L1,L2,L2,L2,M1
L3,L1,L3,L2,L2
L2,L1,L2,M1,L2
L3,L2,L3,L3,M1
BN,H3,L1,H2,L1
L1,L3,L1,L1,H3
L3,BN,L2,L2,L2
H2,H1,L3,M1,L3
H1,M1,L1,H2,L3
M1,L2,L2,L1,L1
L1,H2,H1,L3,H2
H3,L3,L1,M1,L1
L1,L2,L2,L2,L1
M1,L3,H3,H3,L3
L2,L1,L3,L2,L3
H2,L2,H2,H3,H2
L3,L1,L1,H1,L3
L2,L2,L3,M1,L2
M1,L3,H3,M1,L3
L2,L1,L3,L1,BN
L1,L2,L1,H2,L2
L2,M1,L3,H3,L2
M1,L1,H1,H2,L2
L2,H2,L3,L3,L1
L3,M1,L1,L2,L1
L3,L3,L1,L1,M1
L3,L2,H3,H1,H3
L2,L2,L1,L3,L3
L2,L3,H2,M1,H1
L2,L3,L1,L3,H3
L1,L1,H2,M1,L2
M1,H3,L2,L1,L1
L1,H3,H3,M1,L2
L2,L1,L1,L2,M1
H2,L2,L1,M1,H1
L2,L1,L1,L2,M1
L3,L3,L1,H2,L3
L3,L2,L1,L1,L2
M1,L2,L1,L3,L3
L3,L3,L2,H2,L3
L1,M1,L2,M1,L2
L3,H3,L3,L2,L1
L1,BN,L2,H2,L1
L3,L2,H3,L1,L1
L1,L3,H2,M1,M1
L2,M1,M1,M1,L3
L2,L3,H1,L1,L3
L3,H3,H3,L3,L2
L2,L1,L3,L3,L2
M1,L3,L1,L1,BN
L2,H2,L2,L3,L2
L1,H2,L2,L2,L1
L1,L3,L2,L2,L3
L3,L1,L2,L2,L3
L2,L1,L3,L1,L3
M1,H2,H3,H3,L1
L2,L3,L2,H1,L1
L1,L2,M1,M1,H3
L2,L3,L2,L3,M1
L1,M1,L1,M1,H1
H2,L3,H3,H3,BN
L3,L2,L3,L3,L2
H2,L3,L3,L2,L3
L3,L3,H3,H1,L2
L3,L1,M1,L2,L1
L1,L3,L3,L1,L1
GL,L2,M1,L1,L3
L1,M1,L1,L2,H2
H2,L2,L1,L2,L3
L3,M1,L3,H3,L1
M1,H1,H3,L1,BN
L3,L2,L2,H3,L2
M1,L2,L2,M1,L2
M1,M1,L2,L2,H2
H3,H3,M1,L3,L3
L2,H2,L3,L3,L1
L3,M1,L1,H3,M1
M1,L2,M1,BN,L3
L2,L2,M1,L2,L2
M1,L2,H3,H1,M1
L2,H3,M1,L2,L3
L2,L2,L3,L2,L2
L1,L3,L2,L2,M1
M1,L1,BN,H2,BN
L3,L2,L3,L3,H3
L1,L2,L2,H1,L2
L2,L3,L2,L3,L3
L1,H1,L3,L3,H3
L1,H3,L2,L2,H2
L1,L2,M1,H1,L3
L1,L3,M1,L1,L2
L1,L1,M1,L1,L1
H3,L2,M1,L1,L2
L3,L2,H3,L1,L2
H3,L3,H2,L2,M1
L2,L2,L1,L3,M1
L3,L2,H2,L3,L2
L2,M1,M1,H3,H2
L2,L2,L3,L3,L3
L3,H2,L1,L1,L3
L2,L2,H1,L3,L3
L3,H3,M1,H3,M1
L1,L2,L1,BN,L3
L3,H3,L3,L3,H3
H3,L3,L3,L1,L1
H2,H1,L2,L3,H3
M1,L3,L1,L1,L2
L1,L3,H2,L2,L2
M1,H2,L1,M1,L1
L3,L2,L1,L1,L2
L3,M1,L1,L2,H3
L2,M1,L3,L2,L2
L1,H3,M1,L3,L3
L3,H1,L2,L1,L1
L2,M1,M1,L3,L1
M1,L2,H1,H3,M1
L2,M1,L2,L1,L3
H2,L1,L3,L2,H3
L1,M1,L2,M1,L2
L3,L1,L2,L3,H3
H3,L2,M1,L3,L2
L1,L3,L3,L2,L2
L3,L1,L1,H1,L1
L3,H2,L3,L3,L2
L1,L3,H3,L2,L3
L3,H2,L1,L3,H3
L2,H2,L1,L1,L1
L3,L3,BN,L3,L1
L3,M1,L3,L1,L3
L1,L3,H3,H2,L2
M1,L1,L2,M1,L3
L3,H2,L2,L1,L1
L3,L1,H3,L3,M1
H2,L1,L2,H1,H2
L2,M1,M1,L2,L1
L3,BN,L2,L3,L1
H2,L3,BN,L2,L1
H3,L1,M1,L1,H3
GL,L3,H1,L1,L2
H1,H3,L3,H2,M1
L2,L2,L2,H3,H1
L3,M1,L1,H2,L1
L2,L3,L2,L2,L2
L3,H1,L2,L3,L2
L2,L3,M1,BN,L1
L3,L3,L3,M1,L1
L2,H3,L1,H3,L1
M1,L1,H2,M1,L3
L1,H2,L1,H2,M1
M1,L2,L3,L2,L3
L1,L3,M1,L2,L2
M1,L1,H2,L3,L1
L3,L3,L2,L2,L3
L3,L2,H1,L3,L2
L2,L2,H2,H3,L2
L2,L3,H3,L2,L3
M1,M1,L1,M1,M1
L1,M1,M1,L1,L3
L2,L2,L1,L2,H2
L3,M1,L1,H1,L3
L3,H1,H2,L2,L1
BN,L1,L2,H1,L1
L3,L1,M1,L1,H3
L1,H1,L3,H1,H3
M1,L2,L2,L3,L3
L3,H2,L1,BN,H1
L2,L3,L2,H3,L2
L2,L3,L2,L3,H3
L2,M1,H3,L3,L2
L2,L3,L2,L3,L2
H1,H3,L2,L3,L3
L1,L1,L3,L2,H2
L1,L2,H3,L2,L2
L3,H3,M1,L2,L2
L1,L1,L3,L1,L3
L1,L3,L3,M1,L2
L3,L2,L2,L1,L3
L1,M1,L1,L1,L1
L1,M1,L3,L3,H3
L1,L1,L1,L3,L1
L3,M1,H2,M1,L3
L3,L3,L3,L1,L2
H3,M1,L2,H3,L1
H2,H3,M1,L1,L3
L2,L2,L2,M1,L1
H2,H3,M1,L3,H3
L1,L1,L1,L2,L2
H2,L3,L3,H3,L1
L3,L2,L3,L3,M1
L2,H2,L2,M1,L1
L2,L2,H3,L2,L2
L2,H2,L1,H2,L2
M1,L1,L3,L3,L3
L1,L3,L1,M1,M1
L2,L1,L3,L2,L3
L3,M1,L3,L2,L2
H3,L2,L2,M1,M1
L3,L3,M1,L3,L2
L1,L1,L3,H1,M1
L1,M1,L1,L3,L1
H1,L2,L1,L2,M1
L2,L3,H3,L3,L3
H3,L2,L1,L3,BN
H3,H2,H2,L3,M1
L2,L3,M1,L3,L1
L3,M1,L3,L3,L3
M1,BN,M1,L3,L3
L2,M1,M1,L1,L1
L1,L1,M1,L3,M1
L2,L3,L1,M1,L3
L1,L1,L3,BN,L2
L1,H2,M1,L2,L1
L2,L1,H1,H2,M1
L1,L1,H2,H2,H1
L1,L2,L1,L1,L2
L1,M1,BN,L3,L1
H3,L1,H3,L3,L1
L3,L1,L2,L1,L3
H3,L3,H1,L3,H1
L1,L1,L3,L2,L1
M1,L1,M1,H3,L1
H2,L3,M1,H3,L3
L3,M1,L2,L3,L2
H3,L2,M1,L3,L3
H3,H1,L1,L3,L1
M1,L1,M1,H1,H2
L1,L2,M1,L2,L2
L2,L3,M1,GL,H1
M1,L2,H2,L3,H2
L1,L2,L1,L1,L2
L1,H1,H2,L3,L2
L2,H1,M1,L3,L3
M1,L3,M1,L1,M1
H3,M1,L2,H3,L2
H3,M1,M1,H1,L3
L3,L3,L2,GL,L1
L2,M1,H2,H3,L2
L2,BN,L2,H1,L3
L1,M1,H3,H1,BN
H1,L3,L1,L1,L2
L2,L1,L3,L3,L2
L3,H2,L2,H3,L3
H3,BN,M1,H3,L1
L1,H2,H1,BN,H2
M1,L2,L3,L1,L2
L3,L2,L2,M1,L3
L3,L2,L3,L3,L3
H3,H1,L3,H3,L2
H2,H3,H3,L3,L1
L2,M1,L2,H1,M1
L2,L1,L2,L1,L1
L2,L1,L3,L3,L3
M1,L3,L3,L3,BN
L2,L3,L2,L2,L3
H3,L3,L2,L3,L3
L1,L1,L1,L2,L3
L3,L3,L1,H2,L1
L1,L2,L2,L2,H3
L3,L1,H2,L3,L2
H2,L3,L1,L2,L1
L1,H2,L2,H3,L3
L1,L1,H3,L1,H2
L3,L3,L1,M1,H3
L3,L2,L3,M1,L3
L2,L2,L1,H2,H2
L3,L3,M1,M1,L2
L2,L2,H3,L3,M1
L1,H1,H3,L1,L3
L3,L3,H1,H3,L2
L1,H2,L1,L1,M1
L3,M1,L3,L2,H2
L3,H2,L2,L2,L2
H3,L1,H1,L1,L3
H1,H1,M1,L3,L3
L2,L2,L2,M1,L1
L1,L2,L3,L2,L2
L1,L1,L3,L1,BN
L3,H3,L1,L3,L2
L3,M1,H3,H1,L1
L1,H2,L2,L1,H2
L2,L2,L2,L2,M1
L3,H2,H1,L3,M1
M1,L2,L1,H3,H3
L2,M1,L1,L1,L1
L1,L1,M1,L3,M1
L2,H2,L3,H3,L2
H1,L3,L1,L1,H2
L2,L3,M1,M1,L2
H3,L2,L3,L1,L2
L1,L2,L2,L2,L3
L1,H2,H2,L3,BN
H3,L3,L1,L2,L3
L3,L2,H3,L3,L3
L3,GL,L1,L2,L3
M1,L3,L2,L1,M1
L3,L3,L3,H3,L2
L1,L3,L2,H2,L2
L2,L1,L3,M1,H3
L3,H2,L3,M1,L1
L1,L3,L1,L3,L2
L2,L2,L1,BN,L2
L3,L1,L2,H2,L3
L3,L2,L1,L1,L3
L2,H3,H2,L1,H3
L2,H2,L3,H3,L1
H2,L3,L2,M1,H3
L1,L2,BN,L2,L1
GL,L2,L2,H3,L2
L2,L3,M1,L3,L2
L3,M1,L3,L2,L3
L2,L2,L3,L3,L3
L1,L1,L1,H1,L3
L2,L1,L1,H3,L1
L1,M1,L2,BN,L3
L2,L2,M1,L1,M1
L3,H2,L1,L2,M1
L1,L2,L1,H3,L3
L3,M1,M1,L3,L2
H2,H2,M1,L1,L3
L3,H1,L3,H1,L2
L2,L3,L1,M1,L1
L1,M1,L1,L3,L3
L1,H1,L1,L1,L3
M1,H1,M1,BN,L2
L3,H2,H2,L1,L2
L3,L1,H3,L3,L1
M1,M1,L3,L2,L2
L3,L1,L3,H1,M1
M1,H3,L2,M1,L2
L2,M1,L1,L3,L2
L3,BN,L2,L3,L3
H2,H3,H3,L1,L1
M1,L3,L3,L2,L2
L2,H2,L1,BN,L1
L2,L3,L3,L3,L3
L1,M1,L2,L3,L3
H1,L2,L2,L2,L3
L2,L1,L3,H1,L1
L1,L2,M1,L3,H3
H3,H2,L2,L2,L1
L1,L2,L3,L1,L3
H1,L3,L1,L2,L1
M1,L3,BN,H3,H2
M1,L2,H1,H2,L1
L3,L1,L2,H1,L2
L3,L3,L1,L1,L2
M1,L1,H3,L3,H3
L3,L3,L3,L1,L3
L2,L3,L2,H3,L1
L2,H1,L3,L3,L3
L2,L2,L2,H3,L3
L2,L1,L1,L3,H2
L2,H2,L1,L3,M1
M1,L1,L2,H3,L3
M1,H3,L1,BN,M1
H2,L3,L3,L2,L3
L3,L1,H3,L1,H3
H1,M1,L2,L3,L1
L3,L2,L3,L2,L3
L3,L1,L2,L2,L3
H3,L2,L2,L2,H3
L1,L1,BN,L1,L3
L2,L1,L1,H3,M1
L3,L3,M1,L2,H2
H2,H3,M1,L3,L2
L2,BN,L1,L3,M1
L2,L2,L1,M1,L3
L1,L1,L2,L3,M1
L3,L3,H1,M1,L1
L3,L3,M1,L1,L2
L2,L1,L3,L3,L3
M1,L3,L3,L1,L1
H3,L2,L1,H3,L1
M1,L1,L3,H3,H1
L1,H3,L3,H2,L1
H2,L2,H2,M1,M1
L2,L3,L1,L2,L2
L3,L1,L1,H2,H2
M1,L1,L1,L1,L1
L1,L3,L1,L3,L2
L2,L3,L3,L2,L1
L2,H3,L3,L3,L3
L1,H3,L3,L2,H2
L3,M1,M1,H2,L1
L2,L3,H3,L3,M1
H3,L3,GL,H3,M1
H3,L3,L2,L3,L3
L1,H3,L3,L2,L2
L2,L3,L1,L1,L2
M1,BN,L2,L1,L1
L3,M1,M1,M1,L2
L2,L3,H3,H2,L2
L3,L3,L3,L3,L2
L1,L3,L3,L2,H3
L1,L3,H1,L2,GL
L1,H2,L2,L3,L2
L3,L3,L3,L1,L1
M1,L3,L3,L1,H3
L1,L1,L1,GL,L1
L2,H2,M1,L1,M1
L3,L2,L1,H1,M1
H2,L1,L1,L3,L1
H3,L3,L1,L1,L1
H2,L1,L3,L1,H2
BN,L2,H3,M1,L2
L3,BN,L1,H2,L2
L1,H3,H1,L1,M1
L2,H3,L3,L1,M1
L3,L2,L2,H3,L2
M1,L2,H2,H3,L2
L3,M1,L1,L3,L1
H2,L2,L1,L1,L3
H3,L2,L3,L2,H3
L3,L1,H1,L2,L3
L2,M1,L1,L2,L1
BN,BN,M1,L1,L2
M1,L3,L2,M1,L3
L1,M1,L2,M1,L1
H2,M1,L1,H1,H2
M1,L3,L1,L2,M1
H1,L3,M1,M1,L1
L3,L3,L2,L2,L1
M1,H1,L1,L3,L2
L1,L2,L2,M1,L2
H3,L2,H3,L3,L2
L3,L2,L3,L2,L1
L3,L3,M1,L1,BN
L1,L3,M1,L3,L3
L2,L2,L3,M1,GL
BN,L1,L3,H1,L1
M1,L2,L3,M1,L2
L1,H1,L2,L3,L2
L1,L1,L2,L2,H2
L2,L1,L2,L1,L1
L2,H2,L1,M1,L1
M1,L2,H1,H3,H2
L1,L1,L1,L3,M1
L3,GL,L3,L1,H2
M1,L3,L1,L1,L1
L3,M1,L1,M1,L2
H3,H2,L1,L2,L3
L3,L2,L3,L2,H3
H2,H3,L1,L1,M1
H3,H1,H3,L3,L3
H3,L3,M1,L2,L3
L1,L2,L3,L1,H3
L2,L1,L2,L1,H3
L2,L2,L3,L1,H3
L1,L1,L3,L3,H2
L1,L3,L1,L3,L2
L3,L3,L3,L2,L2
L1,H1,H1,L1,L1
H3,L3,L3,H3,L1
H2,L2,H3,H2,H3
L1,M1,L3,L2,L3
M1,L2,H3,L1,M1
L2,M1,L1,L2,H2
H2,L2,L2,H1,L1
H1,L1,L2,L3,L3
L2,H3,L3,L2,M1
M1,L2,M1,H3,L2
L2,L1,L3,M1,H2
L3,L3,L3,H1,L1
L1,L2,L3,H3,L1
H1,L3,H3,L1,L2
M1,M1,H3,L3,H3
H3,L2,L1,H1,H2
L1,L1,L2,L3,L1
L3,L2,L1,L1,L2
M1,L2,M1,H3,L2
L3,L2,L2,L3,L1
GL,L1,M1,L2,L2
L3,L1,M1,L2,L2
L3,L2,L3,H1,L1
BN,M1,L2,M1,H2
L3,BN,H3,L2,L2
L1,L3,H2,L3,L3
L1,L1,L1,L2,L3
L1,H3,L1,L1,H2
H3,L2,M1,L3,M1
L1,L3,L1,H3,H2
L1,L1,L1,M1,H1
L1,M1,BN,L1,L1
H1,L2,L1,M1,H3
L3,L2,L3,M1,H3
L2,L3,H2,L2,M1
M1,L3,L1,L1,H2
L3,L1,L1,L3,L1
M1,H2,L2,L3,L1
L2,L1,L2,L1,L2
L2,H3,L3,L3,L2
L1,L3,H1,L3,H3
L1,L2,H1,L1,L2
L1,L2,L2,M1,L2
H1,L1,L2,L1,L3
GL,M1,L3,L2,H1
L2,L2,M1,L1,L3
L3,M1,M1,L2,L1
M1,L2,L2,L3,L2
H2,L3,L1,L1,L3
GL,L3,H3,L2,L2
L2,L2,L2,L2,L1
L3,L1,M1,H3,L2
L1,L3,L3,L3,H3
H3,L1,H3,L2,H3
L2,L2,L2,BN,L1
M1,L3,L3,L1,L1
H2,L1,L2,L2,M1
L1,L2,L1,L2,H1
L1,H3,M1,L3,L1
L3,L2,L2,L2,L2
H2,L1,H3,H2,H3
L1,L1,L1,L2,L3
L2,L3,L3,L2,L1
L2,H2,L1,L2,L3
L1,M1,L3,L1,GL
H2,L3,L2,L1,L3
L1,L2,L3,M1,H3
H2,L1,BN,L3,L3
L3,L2,L3,L2,L1
L3,L3,L1,H3,M1
L1,L3,L3,L1,H1
L3,L2,M1,L3,L1
L3,L1,L3,L1,L1
L3,L1,L3,L1,L2
L2,L2,H2,L1,H2
L2,L3,L2,L2,L1
L3,L2,H2,L1,L2
H2,H2,L2,L3,H3
L1,H3,L1,L1,H3
L1,L1,L2,L2,L1
L2,L2,L1,H3,L1
M1,L2,L2,L2,L1
M1,L1,L1,L1,L2
L2,L2,M1,L3,BN
M1,L1,L3,BN,L3
L1,L1,L1,L2,H3
M1,L1,H2,L2,H2
L3,L1,L2,L3,L1
L2,L1,L3,L2,L3
L1,L3,H2,L3,BN
L1,L3,L2,M1,L1
H1,H1,L3,L2,L3
L3,H3,L3,L2,L2
L2,L3,H3,L3,L2
L1,L1,L2,H2,L2
L3,L1,L3,H1,H3
M1,L1,H2,H3,L2
L2,L2,L2,H2,H3
L3,H2,L2,L3,L3
L1,L1,H1,H2,L3
H3,H3,L3,L2,L3
L1,L3,L2,H2,L3
H2,H2,L2,L2,L3
H3,L2,L2,L2,L3
L2,L2,L2,L3,L2
L3,L2,L1,H1,L2
M1,L2,BN,L1,L3
H3,BN,M1,L2,BN
H2,H2,M1,M1,H1
L2,L1,H2,H2,L1
BN,L3,L2,L2,L3
L3,L3,H2,L3,L2
L1,L2,L3,L2,M1
L3,L1,H2,H1,M1
L1,H1,L2,H3,L2
L2,L3,M1,L2,L2
BN,L3,L2,L3,L2
M1,L3,L3,H3,L2
L1,M1,L3,L2,L3
L1,H3,L3,L3,L3
L3,L2,L2,L2,M1
L1,L3,L2,L1,M1
L2,L1,H2,H1,H2
L2,L1,L2,L2,M1
H1,L3,L1,L2,H1
H3,M1,H2,GL,M1
L1,L3,L1,L3,L3
H3,L1,L2,L2,M1
L3,M1,L2,L1,L2
L3,L3,L3,L3,L1
L3,M1,L2,M1,L2
H2,L2,L1,L2,H1
L1,L3,L3,L2,GL
H3,M1,L3,L2,L3
H1,M1,H1,L2,L3
H3,L3,L1,L3,L2
L1,L1,L1,L2,L1
L2,H1,L2,L1,L1
L3,H2,L1,BN,M1
M1,BN,L3,L3,M1
L1,L3,H2,L1,H1
M1,M1,L3,L3,L2
L1,L1,L3,M1,H3
L1,L1,L1,L3,L3
L1,L2,L2,M1,L1
H3,L2,L3,M1,L1
L1,L1,H1,L1,M1
H1,L2,L2,L1,L2
L3,L1,L3,H3,L3
L2,H1,M1,L2,L3
L3,H1,M1,H3,L3
L3,L2,L3,L2,L3
L1,H2,L2,H3,L2
H2,L1,L3,M1,L1
L1,H3,H3,L2,L3
M1,L3,M1,M1,H3
L2,L2,L2,L1,L3
L3,L2,L3,H3,L2
H3,L1,L2,L2,L3
L3,L1,H2,M1,L2
L1,L1,L3,L2,L1
L2,M1,L2,L1,L2
L3,H2,L3,L3,H1
L2,L1,L3,M1,L1
H1,L1,L2,L3,M1
H2,H1,H3,BN,H3
H3,M1,H2,L3,L3
H3,L1,L3,L2,L3
L2,L3,H1,L3,M1
L2,L1,L3,L1,L1
L3,M1,L3,L2,L1
H2,L2,L3,H3,M1
L3,L3,L2,H3,L2
H1,L2,L3,L2,M1
H1,L3,H1,L3,L1
L2,L1,L1,L1,L3
L3,L3,BN,H3,L1
L3,H1,L2,L3,L3
L2,L1,L3,H3,L1
L3,L3,L3,L1,H1
M1,L3,L3,L2,M1
L1,L2,M1,L1,H1
H2,H3,L1,L2,L1
L1,L1,L1,BN,L2
L3,L2,L2,L3,M1
L2,M1,BN,M1,L3
L2,L2,L3,L3,L2
L3,L2,L1,L2,L1
M1,L1,L1,L3,L1
M1,L2,L3,L1,L2
H3,L2,H3,M1,H3
L2,L1,M1,H2,L3
L1,L3,H2,L2,L1
M1,L3,L1,L1,L3
L2,L2,H1,L3,L1
L3,L2,L3,L3,L3
M1,L2,L2,M1,H3
L2,L3,L2,M1,GL
L1,L1,L3,L2,L3
BN,M1,L3,M1,L2
L3,L1,L3,L2,H1
L3,BN,L3,L3,L2
H2,L1,L2,L3,L1
L1,L2,L2,L1,H1
M1,L3,L1,L1,M1
L3,L2,L1,L3,H1
L1,L2,L2,L3,L3
L1,L3,L2,L3,L1
H3,H2,L1,L3,L3
L3,L3,M1,M1,H2
L1,M1,L1,L3,H3
L3,L1,H3,L3,L3
L2,L3,L3,L2,L2
BN,M1,L1,H1,L3
L2,L1,H2,L2,M1
L1,H2,L3,BN,L3
L1,M1,L2,L2,L1
M1,L3,L2,L2,L2
L2,L2,M1,L2,L3
L3,L2,L2,L1,L1
L2,L3,L2,L3,L3
L1,H2,H1,H3,L3
L3,M1,L1,M1,M1
L2,L1,M1,L2,L2
L2,H2,M1,M1,H2
L3,L1,L1,H3,BN
L3,L2,L1,L3,L3
BN,L3,M1,H3,L2
L1,H1,L1,L1,L1
L3,L3,L3,L3,M1
L1,M1,L2,L3,L3
L3,L2,L2,L3,H2
H1,H1,L2,L2,L1
M1,L2,L2,H1,H1
L1,L2,L2,L2,L2
L1,L3,L3,L3,L2
L3,M1,L3,L3,L1
L2,L2,L2,L2,L3
L3,H3,L3,L3,L2
L1,M1,L2,L3,L2
H3,M1,L3,H1,L1
L1,L1,H3,L2,H3
L2,L2,L3,BN,H1
H1,M1,L3,H1,L3
L3,L3,L3,H2,L3
L3,L1,L3,L3,M1
L2,L1,H3,L2,L3
L1,L2,H1,L3,L1
L1,L3,M1,L1,L1
L2,L3,H3,L2,L2
H2,L3,L1,L3,H1
H2,L2,L1,L1,L1
L3,L2,M1,L3,L1
H3,L3,L2,L3,L1
H2,M1,L1,L1,L1
L1,L1,L1,L3,L1
M1,L1,L3,L1,L1
L3,H1,L1,L3,L3
H3,L3,L3,L1,H3
L1,L2,L2,L1,L2
L3,H3,L1,L3,L2
L1,H3,M1,L3,H3
L2,M1,L1,H1,M1
L2,M1,M1,H3,BN
M1,L2,L3,L3,L2
L2,L3,M1,L3,L1
L3,L3,L1,L3,L3
H2,L2,L2,L1,L3
L2,M1,H2,H3,M1
L1,L2,L1,H3,H2
L2,H3,L3,H3,L2
BN,L2,L1,H3,M1
L2,H2,H1,L2,BN
L3,H3,L2,H1,M1
L3,L1,L2,L2,L2
H3,L1,L1,L3,L2
L1,L1,M1,L1,L2
L3,M1,L3,H2,H3
L2,H3,L3,L1,L1
L1,L3,L3,L3,L3
L2,L2,L1,L1,L3
H3,L2,L2,L1,L2
H3,L3,M1,L3,L3
L3,M1,M1,H2,M1
M1,H2,L1,L1,M1
L2,L3,L2,L2,L1
H3,M1,L2,L3,H3
L1,H2,BN,L2,L1
M1,L3,H1,L2,H2
L1,L3,L1,L3,L1
L2,L2,L2,L3,L3
H3,L3,L2,L3,L1
L2,H1,H3,BN,H3
H3,L3,L1,L1,M1
L3,BN,H3,H3,H1
L3,L1,L3,L1,M1
L2,L3,L1,L3,H3
L1,L2,L1,H2,L3
L3,L2,L1,L3,L1
H3,L1,L3,L3,L1
M1,L3,M1,L2,L3
M1,M1,L2,L3,L3
L1,H3,L1,L1,L3
M1,L3,L2,H3,L1
L1,L3,L2,L3,H1
L2,L1,L2,H1,L1
H2,H3,H3,L3,L1
L1,M1,L3,L2,L1
L3,H1,L3,L2,M1
L2,L2,BN,L1,M1
M1,H3,L3,L3,L3
L3,L1,L2,H2,L3
H3,H3,H2,M1,L2
H1,H3,L3,H2,L2
M1,L1,L1,L1,L2
L1,H3,L2,L2,L2
L2,L3,H3,L3,L3
L3,L2,L1,H3,H2
L2,H3,L2,L1,H1
L2,M1,L2,L3,H1
L3,L1,L1,H2,H3
H3,L2,L2,L1,L1
L1,L1,L1,H3,L1
L3,L3,BN,L3,L2
L3,L3,H2,L2,L1
L3,M1,H1,L2,L3
L2,L2,L1,L3,L2
L3,H3,H3,L3,M1
L3,H1,M1,L1,L1
L2,L2,H1,H3,H2
H3,L3,H1,L1,L2
L1,H1,H1,H2,H3
L2,L1,L3,L1,L3
L2,H3,L1,M1,H1
L2,L1,L3,M1,L2
L2,GL,H1,M1,H3
L2,L2,L3,L3,H3
L2,L1,M1,H1,L2
L1,L2,M1,L3,L2
L2,L3,H2,L2,L2
L1,M1,L1,H3,H2
L2,L3,L1,H1,L3
L1,L2,M1,L1,L3
H1,L2,H3,L1,L3
L3,L1,L1,H3,H3
L1,H2,L2,M1,H2
H3,H2,L1,L2,L1
L2,H3,L1,L2,L3
L1,L2,L3,H3,M1
L3,L3,L3,L3,L2
M1,L3,L2,L3,L1
L1,M1,L1,L3,BN
L3,H2,M1,L1,L1
L2,L3,L3,L3,H2
L3,L2,L3,M1,H3
H3,L1,L1,L2,H2
L1,L1,L2,L2,L1
H3,L2,L1,H2,L3
L1,L2,H3,L2,L2
M1,L3,L3,L3,L3
H2,L1,L1,L1,L3
L1,L3,L1,L3,L3
L3,L3,L1,M1,M1
L2,M1,L3,H3,L1
L2,L2,L2,M1,L3
L3,L3,L2,L3,L2
L2,BN,L2,H2,L1
H2,H1,H3,L3,L2
L1,L1,L3,H3,H2
H2,L1,M1,H3,L1
L3,L1,L2,L2,L2
L2,H1,L1,H1,H3
H2,L3,L2,L1,L3
L3,H2,L1,L3,L3
M1,M1,L2,L3,L3
L1,L2,M1,M1,L1
L1,L3,L3,L2,L3
L3,L3,H1,L2,H3
L1,M1,L2,L2,L3
L1,L3,L2,L2,M1
L3,L1,L1,L3,L2
L2,L2,L2,L1,L3
L3,L3,H2,H3,H2
L2,L2,M1,L1,L2
L2,M1,L2,L1,M1
H3,L2,H3,L3,H2
L1,L3,BN,H2,L2
L1,L3,L1,M1,L2
H2,H3,L2,L2,L2
L3,L3,L1,L3,H1
L2,L2,L3,L3,L2
L3,L1,L3,L1,M1
L3,L2,L1,L3,L1
M1,H1,H2,L1,M1
L1,L2,BN,H3,L2
L2,L2,L2,L3,L3
L2,L1,L1,L1,L3
L2,L2,L1,H2,H1
H3,L3,H2,L1,L1
M1,L2,L1,L2,L3
H2,L1,M1,L1,L3
L3,L3,M1,L3,M1
H3,L3,L1,L3,BN
L1,L1,H3,H1,L2
L3,L1,L3,L3,L3
L3,L1,L1,L2,L1
BN,L1,H3,L3,L1
L1,L2,M1,L2,L1
L2,L1,L1,L3,L3
L2,H3,L2,L1,L1
L1,BN,L3,L1,M1
L1,L3,H1,L2,L1
H3,L2,L1,M1,L3
L1,L3,L3,L2,L3
L3,H3,H3,L3,H2
L3,M1,L1,L1,L3
L3,L2,L2,L1,L3
L2,L3,H1,L1,M1
L3,BN,L2,H1,L2
L1,L2,H2,M1,L1
L3,L3,L1,L2,L2
L3,L2,M1,M1,L2
L3,M1,M1,L2,L3
L3,L3,L2,L2,L3
L2,L2,L2,L1,L2
H2,L2,L2,M1,M1
L1,L3,M1,L3,L3
L1,L2,L1,M1,L2
BN,L3,H2,L3,L3
L3,L2,L3,L3,M1
L1,M1,L1,H3,H3
L3,L1,L1,L1,M1
L1,M1,H1,L1,L1
BN,H3,L2,L3,L3
L2,M1,H3,H1,L1
L2,L2,H1,L1,L2
M1,L2,L3,M1,L1
L2,L1,L2,H1,L2
L1,L2,L1,L2,M1
L2,L3,L2,L2,BN
L3,L3,M1,L2,L2
L2,L3,H2,L2,L3
L2,L2,L3,L3,L1
H1,H1,M1,H3,L1
H3,H2,L3,L1,H1
L3,L2,L1,L1,L1
L2,L3,L1,L2,L1
L3,L2,M1,H1,L3
L3,BN,L1,L3,L1
L3,L2,L1,M1,L2
L1,H2,L2,L2,L1
L3,L3,L3,M1,M1
L2,M1,L2,L1,L3
H2,L1,H1,L1,M1
H1,L2,M1,M1,L3
L3,M1,L1,L2,L1
L1,M1,L3,M1,H3
L1,L2,L2,M1,L2
L3,L2,H3,L3,L1
H3,M1,M1,L3,M1
BN,H1,H1,M1,L1
L3,L1,L1,L1,H3
M1,H2,L2,L1,H1
H3,L3,L3,L2,L2
L1,M1,H3,L1,H3
L3,L3,L2,L2,L2
L3,L2,H2,M1,H3
L1,M1,M1,L3,M1
M1,L3,L2,M1,L3
L1,H3,BN,L1,M1
H3,L3,L3,H2,H1
H3,L2,L3,L3,L3
L1,L2,L2,L2,L1
M1,L3,L2,L3,H1
L1,L3,L3,L1,H2
L1,L2,L3,H1,H2
L3,H3,L2,H3,H3
L2,L3,L1,L2,H2
L3,M1,L1,L3,L3
L1,L1,L3,L1,L3
L1,L1,L2,L1,L2
H1,L1,L2,L2,L3
L1,L1,M1,BN,L2
L2,M1,L2,L2,L2
L2,M1,L1,H2,L3
L1,M1,L2,L2,M1
M1,L1,L1,L3,L2
L1,L3,H2,L2,L3
L1,L1,H3,H1,L3
M1,L2,L3,L3,L3
H3,L3,L2,M1,L3
L2,L1,L3,L2,L3
L2,L2,L1,L1,H2
L1,M1,L3,M1,L2
L1,L1,L1,L3,H2
L1,H2,L3,H3,L3
H3,L2,L1,L1,M1
L3,L1,L1,L3,L2
L1,L1,M1,L2,H1
M1,L3,L3,L1,L3
L2,H1,M1,L2,L2
L2,L2,H3,M1,L3
L1,L2,M1,L3,L2
L2,L3,M1,L3,L2
H1,L3,L2,L2,L2
H2,L3,H1,L1,H3
H2,L2,M1,L2,L2
L3,L2,L3,H3,H3
L3,L1,L1,H3,L3
L2,L3,H3,L3,M1
L1,M1,L2,L1,L2
H3,L1,H3,L2,H3
H1,L3,M1,L3,L2
H1,L1,L1,L1,L2
M1,H1,L3,L3,L1
L2,M1,H2,L3,L3
L1,H3,L1,L2,L3
H3,L2,L2,L1,L3
L3,L3,GL,L3,L3
L3,H2,H3,L1,BN
L3,L3,L3,M1,L1
L1,H3,L2,M1,L2
BN,L3,L1,L3,L2
M1,L3,L1,BN,L3
M1,L3,L3,L1,L1
L3,M1,H2,L3,H2
M1,L3,L1,L3,M1
L2,H2,L1,L2,L2
L2,L1,H1,H3,L1
L3,H2,M1,H3,L3
L1,L3,BN,L2,L3
L2,L2,H3,H1,H3
L2,L2,L3,L1,L2
L2,H1,L3,L1,M1
L3,L3,M1,L3,H3
H2,H2,L1,L2,M1
M1,L1,L2,L3,L3
M1,L3,L2,L2,L1
L1,L1,L2,M1,L2
L3,M1,L2,M1,M1
L2,L2,H2,H2,L3
L3,M1,L2,L3,H1
L3,H1,BN,L1,H3
L2,H2,L3,M1,L3
M1,L1,L1,L3,L3
L2,L2,L3,L1,H1
M1,BN,L3,L3,BN
L3,L2,L1,L2,L2
H3,L2,L3,L2,L3
L3,H2,L2,H3,H3
L2,L3,L1,M1,H1
L1,L3,M1,H1,L2
L3,H2,L1,H3,M1
L1,L3,H2,M1,L1
M1,L1,L1,BN,L3
M1,M1,H3,L3,H1
L1,L2,H2,L3,H1
L3,H3,L3,L1,L2
L3,H1,L1,M1,L1
M1,L3,L2,L2,L3
L2,L1,L1,L2,L1
M1,L3,L2,L3,M1
L1,M1,L3,H2,M1
M1,L3,L2,L3,L3
H3,M1,L2,H1,M1
H3,H3,H2,H2,L3
L3,L1,H3,L1,L1
M1,L2,M1,L3,L3
L3,L2,L2,M1,L1
H3,L2,M1,L1,L2
L3,L2,L3,L3,L1
H2,L1,L3,L2,L3
L2,L2,L3,L2,L2
L2,L2,L1,M1,L2
L2,L2,H2,L2,L3
L3,H1,L3,L1,H1
M1,L3,L3,L1,L2
L2,M1,H1,L3,H3
L1,M1,L2,L2,L3
M1,L3,M1,BN,L1
L1,L2,M1,L2,L1
L2,L2,L3,L2,L2
L3,L3,L2,L1,L3
L3,M1,M1,L1,L2
M1,L3,L1,L1,L2
L3,M1,BN,L3,L1
H1,L3,L2,H2,BN
L3,L1,L1,L3,L2
M1,H2,L3,L1,L3
L2,L3,M1,L2,L2
L2,L2,L1,H1,L1
L2,L2,L3,L2,H1
L1,BN,L1,L1,H1
L1,L3,L3,L3,L1
H3,L2,L3,H2,H3
M1,M1,BN,H1,L3
L3,L2,H2,L3,L1
L2,L1,L1,L2,L1
M1,H2,L2,L1,L1
H3,L2,M1,L1,H1
L3,H3,L2,H1,L1
H3,L1,L3,H2,L2
L3,L2,H2,L1,L1
L2,L2,L1,H2,L1
H3,M1,L3,M1,H3
L2,H3,L3,H3,L3
L2,L3,L3,L3,L3
L1,H3,L2,L2,M1
M1,L2,L2,M1,H3
L3,L2,L3,L1,H3
H3,L1,L3,L1,L2
L2,H3,L3,L2,H2
L3,H3,M1,L2,L1
L1,L3,L1,L3,L3
H3,L1,L1,L3,H1
L2,L3,M1,M1,L2
H3,L2,L2,L1,L1
L3,L2,L3,M1,L3
H3,L2,L3,L1,L1
M1,L3,L3,L3,M1
L3,L1,L1,H2,M1
M1,L1,L2,L3,L3
M1,L3,L1,M1,H3
H1,L3,H2,L3,L3
H2,L2,L3,H3,H3
H1,L1,L2,H1,L1
M1,L3,L1,BN,H3
L3,M1,BN,L3,H3
H2,L2,M1,M1,H2
L2,M1,H3,H1,L1
L1,L1,L2,L3,L2
M1,L3,M1,L3,L3
L3,L3,H2,H3,L1
L2,M1,L3,H2,L2
H3,L2,L1,H3,L3
L1,L1,L3,H3,L3
L1,L3,BN,M1,L1
L1,M1,L2,L1,L1
L3,H3,L1,L2,L1
L3,L3,L2,H1,M1
L2,L2,L1,H2,L1
H2,L2,H3,L3,L3
H2,L2,H1,L1,L2
H2,H1,L3,BN,H2
L1,M1,M1,L1,H2
L1,L3,L2,L1,L1
L2,H1,L2,L3,H3
H1,L1,L2,M1,M1
L3,H3,L3,L2,L3
L2,L1,L2,M1,L3
H2,L1,L2,L3,H1
H1,L3,H3,L3,L2
L1,H3,L1,L1,L2
H2,L1,L3,H1,L1
L3,L1,H2,H3,L3
H2,L2,L1,H2,BN
L1,L3,L2,H3,L1
L1,M1,L1,L2,L3
L2,L2,H1,H3,H2
L2,M1,M1,L3,M1
H3,L2,M1,L1,L2
L3,L2,H3,H2,L2
L1,L3,L1,L1,L1
H2,L1,H3,L1,L2
L1,L3,H3,BN,L3
L2,L3,H3,L2,L3
L2,L1,L2,L3,M1
M1,L1,H3,H3,L3
L3,L1,L3,L3,H1
M1,L2,M1,L3,H3
BN,L1,L1,L3,L1
H2,L2,L3,L1,L1
M1,L1,L3,H2,L2
L2,L3,L3,L3,L1
L1,H3,H3,M1,M1
L1,L1,L3,L2,L2
L3,H2,L2,L3,L3
L2,L3,H2,L3,M1
L3,H2,L3,L1,L3
M1,L1,L3,L3,M1
L2,H3,L1,L3,L2
L2,L2,L3,H3,L3
L2,H1,L2,H3,L3
L1,H2,L3,M1,M1
L1,BN,L2,M1,L3
M1,L1,L2,H3,H3
L2,M1,M1,L2,H1
L2,H3,H1,H2,BN
L2,L3,L2,L2,H3
L2,L3,L2,L2,L2
L1,H3,L1,L2,L3
L2,L3,M1,H3,L2
L1,L1,L1,L2,H3
M1,L3,L3,H1,L1
L3,L3,L1,L3,H3
L2,M1,L3,M1,M1
L3,L2,L2,L3,L2
BN,L1,M1,M1,L3
M1,H3,L2,L1,L1
M1,L2,L2,L1,L1
L1,L3,L2,L1,L3
L2,M1,H2,L3,L3
H3,L1,L2,L3,L3
L1,L2,L2,M1,H3
L3,H3,L2,L2,L2
H3,L3,L1,H1,L1
L2,H1,L3,L3,L2
L1,L1,L3,H3,L3
L1,L2,H2,M1,L2
L2,BN,L3,L3,L2
L2,H1,M1,L1,L3
H3,L3,L1,L1,L1
L3,H1,BN,L3,L2
L2,H1,L1,H3,L2
L3,L3,L2,L3,L1
L1,H3,L3,L1,H2
L3,L2,L2,H3,M1
H1,H2,M1,L3,L1
L3,H1,H2,L3,L2
L3,BN,L2,H2,H3
L3,L2,L2,L3,L1
M1,L2,L2,H3,L3
H3,H2,L3,M1,L2
L3,L3,H1,L2,M1
L1,L2,L1,L3,L1
H2,L2,L3,L1,M1
L2,L1,L2,M1,M1
H3,H3,H2,L2,M1
L2,H3,L3,L3,GL
H1,L3,L2,L2,L1
BN,M1,L3,L3,L3
L3,H1,L1,L3,L2
L1,L1,L2,L1,L2
M1,L2,H3,L1,L2
M1,H3,L3,L3,H3
L1,L1,L3,H3,L2
L3,H1,M1,L3,L3
L3,L1,L1,L2,L3
L1,L2,L2,L3,H2
H2,L1,L2,BN,M1
L1,BN,M1,L3,GL
L3,H3,M1,L1,L1
M1,L2,L2,L3,H3
L3,H3,H1,L2,L1
L2,H2,L3,M1,M1
L2,M1,M1,L1,BN
L3,H3,L3,L2,M1
L2,L1,L3,L3,H1
L3,L1,L2,L2,L3
L3,L1,L2,L2,L1
L3,L3,L2,M1,M1
BN,L2,H2,L1,L3
L3,L2,H3,H3,L2
L1,L1,BN,L3,L2
M1,H1,M1,BN,L1
L1,L3,L1,L2,L3
L3,L3,L2,L3,L2
L2,L2,L3,L2,M1
H2,L1,L3,L1,H1
L3,H2,H3,L2,L1
L2,L3,L3,H3,L3
L2,M1,L1,L3,M1
H3,L3,L1,H3,L3
L1,H2,L3,L2,L2
M1,L2,H3,L1,H2
L1,H2,L1,H1,L1
L1,L2,L2,L2,M1
L1,L2,L1,H1,L3
M1,L2,L2,H3,L1
M1,L2,H3,L2,L3
L3,M1,L2,L1,BN
L3,L3,L1,L2,L2
H3,L2,L1,L1,H3
L2,L1,L3,L1,M1
L2,L3,H2,L3,L2
M1,L3,L2,L3,H2
L3,L2,L3,H3,L2
L2,L3,L1,L1,L3
L2,L2,M1,L3,M1
L2,H3,L1,L2,L1
M1,L3,L3,L2,L2
L1,M1,L2,L3,L2
L1,L1,L1,L2,L3
BN,L2,L3,L3,H2
L2,L2,H3,L3,L3
L2,L3,H2,H2,L2
L1,M1,H2,H3,L2
L3,L2,L3,L3,L1
L1,M1,L3,L3,L2
M1,L3,L3,L3,L1
H2,L2,BN,M1,H2
L1,L3,M1,H2,M1
H2,L1,L3,L3,H1
L3,L3,L2,M1,M1
L2,L1,L1,L1,L2
L2,L2,L3,L2,H2
L3,H3,H2,M1,M1
M1,L2,L1,L2,M1
L2,H2,M1,L1,L2
L3,L1,H3,L3,L1
L1,L3,L1,L1,L3
L3,L2,L1,L2,L1
L2,L2,L2,L1,L3
H1,L3,L3,L2,L1
L3,L1,L3,L3,L2
H3,H1,L2,L2,L2
L2,L2,M1,L3,L1
L1,H2,H1,H3,L2
L2,H3,L3,L1,L2
H2,M1,L1,L2,L3
H2,L1,L1,L2,H3
L3,M1,M1,M1,L1
L2,L2,M1,L3,L3
H2,L3,M1,L2,L2
L3,L1,L3,L2,L1
M1,L1,BN,H3,L3
L3,L1,L1,H3,L3
L1,L2,L2,M1,H1
L3,L2,M1,H2,L1
L1,L3,L1,L3,H3
M1,L2,L3,L1,L1
M1,L3,L3,L1,L2
L3,L1,L2,H2,L3
H3,L2,H2,L2,L3
L2,L3,BN,H2,M1
M1,L3,L2,L1,L2
L3,L2,L1,L3,L1
M1,L2,H1,M1,L3
L1,L1,L2,M1,L3
L3,H2,L1,H3,L1
H1,L3,L1,H3,M1
L1,L3,L3,H2,L3
L1,L3,L3,L3,L2
L1,L1,L1,H2,L2
L3,H2,L2,L3,H1
L2,H2,L1,L3,L3
L2,L1,L2,H2,L3
H3,L3,L3,L1,L1
H3,L1,L2,H1,L3
BN,H1,L3,GL,L2
M1,L1,L3,L2,L3
L1,L3,L3,L1,L1
H2,M1,L3,M1,L2
L1,L3,L2,L3,H3
L2,H2,L1,L3,L3
H3,L1,L1,M1,L3
H1,L2,L2,L1,L1
L3,L2,H3,M1,L3
L3,L3,M1,H3,L1
L3,M1,L3,L2,M1
L3,BN,M1,L1,L2
L1,M1,L3,L3,L2
M1,H3,L3,H2,L2
M1,L2,L1,L3,BN
L1,L2,L1,L2,M1
H3,L1,H3,M1,L1
L2,L1,H3,L3,L2
L3,L2,H2,M1,L1
L2,H3,H2,M1,M1
L2,L3,L2,L1,H3
BN,M1,H2,M1,L1
L3,H3,H2,L3,L3
M1,H1,L2,L1,M1
L3,H1,H1,L2,M1
L2,L2,L3,L3,L3
H1,M1,L1,M1,L2
M1,L2,L2,L3,H2
H3,M1,L2,L1,L3
L3,L1,H2,L1,M1
M1,L2,L1,L2,L3
L2,L1,L1,M1,L3
L1,L3,H1,L2,H1
GL,L1,L1,L1,H3
L3,L2,L3,L2,L2
M1,M1,L2,L3,L1
L2,L1,L2,M1,M1
L2,L2,H3,L2,L3
L1,M1,H2,L2,L2
L3,L2,H2,L2,L1
L1,L2,H2,L3,L3
L3,M1,L2,M1,L3
L1,L2,L3,M1,M1
M1,L2,M1,H1,L1
L3,M1,L3,M1,L1
L3,M1,L3,H3,M1
L2,M1,L2,M1,L2
M1,L3,M1,L3,M1
GL,L1,L1,M1,L2
M1,H3,L1,L2,M1
L3,L2,L1,L2,L3
L2,L2,L2,L3,M1
L1,L3,L1,L1,L3
L1,L2,L2,L1,L3
L1,L2,H3,L3,L1
L2,L1,L3,L3,L2
L2,H1,H3,L2,M1
BN,L2,H2,L2,L3
H3,L2,H2,L1,L1
L3,L3,L3,L2,L1
L2,L1,H3,M1,L1
M1,L2,M1,L2,BN
M1,L3,M1,L2,L3
L1,L2,L1,L3,L3
L2,M1,L3,H3,L1
L2,BN,L3,L3,L2
L1,M1,L1,L3,M1
H1,L2,L1,L2,L2
H2,L1,L2,H2,L2
L2,L3,H3,L1,H3
L1,L1,L2,M1,H3
L1,L2,BN,L3,L1
L2,L3,L3,L3,L1
L2,H3,L3,L2,H2
H3,L2,M1,H1,H3
L2,H3,L1,L1,L3
H3,H3,H1,M1,L2
L1,L1,L3,L1,L3
M1,L2,M1,L1,L1
H2,L3,L3,H3,L3
L3,L3,L3,L1,M1
L1,L3,L1,L1,L1
L1,H3,L2,L1,M1
M1,L2,BN,L3,L3
L3,L1,L3,H2,M1
L3,L3,L3,L2,H2
L2,L3,L1,L2,H2
H1,M1,L1,M1,L3
L3,L1,L3,H3,M1
H2,H3,L2,H3,L2
L2,L1,L2,H2,L3
M1,H2,L3,L2,L2
L3,H2,H1,H3,L2
L2,L3,M1,M1,H2
L1,L3,M1,M1,H2
L2,L1,L3,L2,L2
L3,L3,H3,L3,L2
L2,L3,L2,L2,L2
L3,H2,L3,H1,L2
L2,L3,M1,L3,L1
L1,H3,L3,L1,L3
L2,L1,L2,L1,H1
L2,L1,M1,L1,L3
L1,L3,L1,L2,H2
L2,H3,L3,L3,H2
L3,H1,H1,L2,M1
H2,L1,L3,M1,L1
H1,L2,L1,L2,L2
M1,H3,L3,L3,H1
M1,L2,BN,H3,L3
L1,L1,L2,L3,L1
H1,BN,M1,H3,L1
M1,L2,L2,L3,L2
H2,L2,M1,L2,L2
L3,L3,L3,H1,M1
L3,H1,L2,L2,L2
L3,M1,H2,L2,L2
L1,L1,L3,L2,L2
H2,H3,M1,L2,L2
L3,M1,L2,L2,L2
L3,L2,L1,L2,L2
L3,L1,L2,L3,H2
H2,L1,L3,L2,L1
L3,L2,M1,L3,L1
L1,L1,H3,L1,L3
L2,L2,L1,L1,M1
L2,H2,L2,L2,L2
M1,H1,L2,L2,L3
L1,L1,L3,L2,L1
M1,L3,L3,L3,M1
L3,L1,L2,L3,L3
L2,L3,L2,L2,L3
L3,M1,M1,L3,L1
L2,L2,L3,H3,L3
M1,L1,H3,L2,L3
L3,L2,L3,H1,L1
L1,L2,H3,L1,L1
M1,L2,L3,BN,L2
M1,L3,L2,L1,L2
L2,L3,L3,M1,L1
L2,L1,L3,L1,H3
H1,M1,M1,L2,L3
L2,L3,M1,L3,L3
M1,M1,L2,H2,M1
L1,L2,H2,L2,H1
H2,L1,L1,L3,L1
L2,H2,L1,L2,L2
H3,M1,H2,L2,L3
L3,L2,L3,H1,M1
L3,M1,L2,L3,L3
L3,L2,L1,L3,BN
L1,H3,H2,L3,L2
L2,H1,L2,L3,H3
L2,L3,L1,L2,L2
L3,M1,L3,L1,L3
L2,L3,L3,L1,L2
L2,H1,L2,L2,L2
L3,L3,L2,H3,M1
L2,L2,L3,L3,H1
M1,H1,L2,M1,L1
M1,H1,H1,BN,L2
L1,L3,L1,L2,L3
L3,L1,L1,M1,L3
L1,H3,L2,L3,L2
H2,L2,L3,H3,L3
L1,L2,L2,L3,L3
L2,L1,M1,L1,L2
L2,L1,H2,L3,L2
L1,L2,L3,L3,H2
H2,L3,M1,M1,L3
L3,L3,L3,L1,L3
M1,L2,H3,L3,L2
M1,H2,H3,L3,L1
L1,L3,L1,L3,L3
H3,L1,L1,L1,L2
L2,L3,L2,L1,L1
L2,H3,L3,L3,L3
M1,L1,L2,L3,H3
L2,M1,L1,L1,H3
L3,H1,L1,L1,L1
L2,H1,H2,M1,L2
L2,L2,H2,H2,L3
L1,L3,L1,GL,L2
L3,H2,H3,L3,L1
M1,L3,H1,L1,L1
M1,L3,H1,L3,L3
L3,L3,L2,L3,M1
M1,H2,L1,H3,H2
L1,L1,L1,H1,H2
M1,L2,L3,H2,L1
L1,L3,H1,L2,M1
L2,L1,L3,H2,H3
L2,L3,L3,BN,L3
L1,L1,L3,L2,M1
L2,H3,M1,L1,H1
L1,L3,L2,L3,H3
H3,L1,M1,M1,M1
L2,L1,L2,L3,L1
L3,L1,L3,H1,L2
H2,L2,L3,L2,M1
L1,L3,L3,L3,L2
L3,L2,M1,L3,L1
L3,L2,M1,L1,M1
L2,L3,L2,L3,H3
L3,L2,H3,L2,H2
L1,L1,L3,L1,L3
H2,H3,H2,H2,M1
M1,L3,L2,L1,L2
M1,M1,L3,L1,L1
M1,BN,L2,H2,M1
M1,L3,H2,L2,L3
M1,L2,L1,L3,L1
L2,L1,L3,L1,L2
L3,L3,L3,M1,H2
L1,L2,L3,L2,H3
L1,L2,M1,L2,M1
L3,BN,L1,H3,L3
L2,L1,L3,H1,L2
M1,H3,L3,L2,L3
L2,H2,L3,H3,H2
L1,L2,H1,M1,L2
H2,H3,L2,M1,H3
H3,M1,L3,L3,L1
L3,H2,L3,M1,BN
H1,L2,L1,L3,M1
L2,L1,L2,L2,L3
H3,H2,L1,L2,L2
H3,L1,L2,L3,M1
M1,H3,L2,H2,L1
M1,L3,M1,L3,L1
L2,M1,M1,L3,L1
L1,L3,L2,L3,H3
L2,L3,M1,M1,L3
L2,H2,L1,L1,L3
L1,L1,H3,H3,H3
L3,H3,L1,L1,L1
BN,L3,L2,H2,H2
L3,M1,L3,M1,M1
L3,L3,L1,L3,H3
L1,L1,L1,L1,L2
L1,L2,L1,L2,L2
L1,L2,L1,L3,H2
M1,L3,H1,L1,BN
L3,M1,L1,L1,L2
L3,H2,L3,H2,L2
L3,L2,L3,L2,L2
L2,L3,L1,L3,L1
L1,L3,L1,L1,L3
H3,L3,L2,L3,L2
L1,L3,M1,L1,H2
L2,M1,L3,L3,L3
L2,L3,L2,M1,M1
H2,H3,L3,H2,L3
L1,L3,L3,L1,L2
H2,L1,L3,H3,H2
L3,L2,L1,L2,L3
L3,L2,L1,H1,BN
L1,H3,L1,L3,L3
L3,L1,L2,L3,L1
L2,L3,L2,L2,H2
L3,M1,L2,L2,L2
M1,L1,L3,L1,L2
L3,L2,L2,L1,L1
H3,L2,L3,L3,L3
L2,H3,L1,L1,H2
L3,H1,L2,L1,L2
L3,L2,L2,L1,M1
H1,L2,L1,L3,L3
M1,L3,H2,BN,L2
L1,L3,L2,L3,L3
L3,L1,H3,H1,L3
L2,L3,L3,M1,M1
H2,L3,L1,L1,L1
L1,L2,BN,M1,BN
M1,L1,L2,H2,L2
L2,M1,H3,H2,L1
H1,L1,L1,BN,L3
L3,H3,L1,H3,H3
L2,L1,L3,M1,H3
L2,L3,H2,M1,BN
L2,GL,L3,L3,H1
L2,M1,L2,L2,L3
GL,L3,L3,L2,L2
H2,BN,L3,L2,L2
L1,L2,L1,L2,M1
L3,L2,L2,L2,M1
H3,L2,L3,L3,L2
M1,L3,L2,L3,L3
M1,M1,H1,L2,L1
L3,H2,L2,L2,H2
L2,M1,L2,L2,L3
H3,L2,L1,M1,L1
L2,L3,H3,L1,H3
L2,M1,BN,L3,L2
L3,L3,L2,L1,L2
L1,L2,L2,L1,L1
L1,L2,L2,L2,L1
L2,L3,H1,L2,L2
L3,L2,L1,L2,BN
L1,L1,L3,L1,H3
L1,L2,L3,L1,M1
L1,L1,M1,L2,L2
L1,H3,L2,BN,L2
L3,L3,L3,L1,M1
L1,M1,L1,L1,L2
H3,L3,H1,L3,L2
L3,H3,L1,M1,L1
L3,L2,L3,BN,L3
L1,L1,H3,M1,L1
L2,L3,L3,L2,L1
L3,L2,M1,L3,L3
L1,L3,M1,L1,L2
L1,L3,L1,L3,L1
L2,L1,H3,M1,H3
L1,L3,L1,H1,M1
L1,L2,M1,L2,L3
H3,M1,L2,H3,L3
L1,L3,L3,L3,M1
L1,M1,L2,L1,M1
H3,L2,H3,M1,L3
L1,L1,M1,H3,L3
L3,L2,H1,L2,L2
L2,L3,M1,L2,M1
L1,L3,L1,L1,H3
L3,H2,L2,L3,BN
L1,H1,L1,L2,L2
L1,M1,L2,M1,L3
L2,L3,H1,L1,L3
L3,L2,L1,L3,L2
H1,BN,L1,M1,H3
L3,L1,L3,H2,L1
L2,L3,L3,L1,L1
L1,L3,L1,L3,L2
BN,L1,BN,L3,L2
H2,H3,H3,L2,L3
L3,L2,L2,L3,L1
M1,L1,H1,L2,L3
L3,H2,L3,L1,L2
H3,L2,L3,L1,L3
H3,M1,L3,L3,M1
H3,L2,L2,L2,L2
H3,H3,M1,L1,L3
L3,L3,H2,L3,L2
L1,L3,L2,L2,M1
L2,L1,BN,H3,L1
L2,L3,H1,H3,H2
H3,L2,L2,L1,L2
H2,L2,L2,H3,L2
M1,L2,L3,H2,L2
H2,H1,L3,M1,M1
L3,H1,L1,L2,H1
H2,L2,H3,L3,L2
L3,L3,M1,L1,M1
L3,H3,M1,L2,H3
H2,L3,H1,H1,H2
L1,L3,M1,L1,L3
H2,L3,L3,L3,L3
M1,M1,L3,L2,L3
M1,L1,H1,L3,M1
M1,L3,L1,H2,L1
H3,M1,L1,M1,M1
L1,L1,L1,M1,L3
L2,L3,L1,L2,M1
M1,L1,L1,L1,H3
L1,L1,L1,H3,L1
H2,M1,H3,L2,L1
L1,L1,L2,L2,L2
L2,L2,L2,L3,L3
H2,L1,H1,BN,L3
L3,L1,H3,L3,L1
L3,L1,L3,L2,L2
L3,L3,L3,H3,BN
L3,L3,L3,L2,H3
L3,L1,L2,H3,L1
L2,H3,L3,L2,L2
L1,L1,L1,L3,L1
L2,L1,L3,L3,L3
L2,H2,L1,L1,L1
L3,L3,L2,L3,L3
H2,M1,H3,L3,L3
L1,L2,H1,L2,L2
L2,L3,L3,L2,L2
H1,L2,L3,M1,H2
L2,L1,L3,L3,L3
L2,L2,H2,L3,L2
L3,M1,L1,L1,L3
H1,M1,L1,H1,L2
M1,L3,L3,L1,L3
L3,M1,L1,L3,BN
L3,L2,L3,L1,L2
H3,L2,L2,L3,L1
L3,L1,H3,L3,L3
L1,L2,L1,L1,L1
L3,L2,H2,L1,BN
L2,L3,L2,L3,H2
H1,H3,L2,L3,L3
L3,H3,L3,L1,L3
L1,L3,L2,L3,L3
H2,L3,L2,L1,L3
H1,L1,L3,L2,L2
L1,L3,L3,H1,L3
L2,H2,H3,L1,L3
L1,H3,M1,L2,L3
L3,L2,L2,L3,L2
L1,L1,GL,L2,L2
L1,L2,M1,L1,L1
H3,L1,L2,L1,L3
H1,L1,GL,L2,L2
L3,H1,L1,L1,L1
L2,H3,L3,M1,L3
L3,L3,L1,L2,L2
L2,L1,L2,L3,M1
L1,M1,L2,L3,M1
M1,L3,M1,L3,L2
BN,H1,L1,M1,H1
H2,L1,M1,L1,H3
L2,L3,L1,L3,M1
L3,L3,L2,BN,M1
H1,H2,L3,L3,H3
M1,BN,L3,L2,M1
L3,H1,L2,H2,L1
L1,H1,H3,M1,M1
L1,H1,L2,L2,H2
L2,H2,L2,M1,L1
L2,L1,M1,L1,L1
L1,BN,M1,L1,L2
L1,L1,L1,BN,L3
M1,L3,H2,L3,L3
L2,L3,L2,M1,L3
L2,L2,H3,L1,H3
L1,L1,L3,L3,L1
L3,L3,L2,H2,L1
L2,L1,L2,L3,L2
L3,L3,M1,L3,M1
L3,L3,H3,M1,L2
H2,L2,H3,M1,H1
L3,L3,L1,M1,H2
L2,L1,H2,L3,H3
M1,L3,L3,M1,L3
H2,H3,L2,L3,L3
M1,L3,L3,L3,L1
L2,L2,L2,H3,L1
L3,L1,H2,L3,H2
H2,L2,L2,H3,H3
M1,L3,L1,H2,M1
L2,L3,M1,L1,L1
M1,H2,L2,L3,H2
L1,M1,H3,L1,L2
L2,H1,H1,M1,L3
M1,H3,L1,L1,L1
M1,L2,H2,BN,L3
L3,L2,L1,L3,M1
L2,L3,L1,L2,L1
L2,M1,L3,H1,L1
L1,L2,H2,L3,H2
BN,H2,M1,L2,L2
L2,L3,L1,H3,L3
M1,L2,L1,H3,M1
H2,L1,L2,M1,L3
L2,L1,L1,M1,L3
H2,L1,L1,H3,L2
L3,M1,H3,L2,H1
M1,L3,H1,L3,L1
H3,L3,L3,L2,M1
L2,H3,L1,L2,L2
L1,L1,L1,M1,H2
L1,L3,BN,BN,L1
L3,L1,L2,L3,L2
L2,L2,L1,H1,H3
L3,L1,L3,L3,L3
L1,L1,L3,L2,L2
L3,L3,L3,L2,L3
H3,L2,H2,L3,L3
H3,L3,L2,L2,L1
L3,L3,M1,L1,L1
M1,L1,L2,L3,M1
L1,M1,H3,L3,L2
L1,L1,L1,M1,L2
M1,L2,L1,L1,L2
L2,L3,H3,L3,L2
L3,L2,L1,L3,H3
L3,L3,M1,M1,M1
L2,L2,M1,L3,L2
H2,M1,L3,H3,L3
L1,M1,L3,M1,H3
L1,M1,L2,M1,L2
L3,L3,L2,L1,L3
M1,L2,L3,L3,L1
L3,L2,H3,L3,L1
H3,L2,L3,L1,H3
H1,L1,L1,L2,L1
L2,L2,L3,M1,L3
L3,L1,L2,L1,L3
H2,L1,L2,L2,M1
L2,H3,L1,M1,L2
L3,L3,L2,L1,M1
GL,L3,L1,H1,M1
L2,H2,L3,L2,H1
M1,H3,H2,L2,H3
H3,L2,L2,L1,L2
L3,L1,L1,H3,L2
H2,L2,L3,L3,L2
L2,L1,L1,L2,L3
L3,L1,H3,L3,L3
L2,L3,L3,L3,L3
BN,L3,L3,H2,L3
H2,L1,L2,L1,H1
L2,L3,L2,L3,H3
H3,L3,H1,L3,L3
M1,L3,L2,L2,L1
H1,L3,BN,L2,L1
L3,L2,L3,L1,H3
L1,L1,H3,BN,L2
M1,L1,L3,M1,L3
H3,L2,L3,L1,L2
BN,L2,L2,H3,L1
L3,M1,H3,L1,M1
L1,L1,L2,L1,L2
L1,H1,L3,L1,M1
M1,L2,L3,M1,L1
M1,L3,L2,M1,L2
L1,H1,L2,M1,L3
L1,L2,L1,L3,L2
L3,BN,H1,H3,L3
H3,L3,L3,H3,L3
L3,L1,H1,L3,L1
L3,L3,M1,M1,L1
M1,L2,L2,H2,L1
M1,L1,L2,L3,M1
L2,H3,L3,L3,L2
L2,L1,H3,L3,L1
H1,L1,L3,L2,M1
L3,L2,H2,M1,BN
L3,L3,L1,H3,L3
L1,L3,L2,M1,M1
L3,L3,L1,L3,L2
L1,L3,L3,L2,L1
L2,L3,L1,L3,M1
H3,L1,BN,H3,L3
L1,L2,H3,BN,L1
M1,L1,M1,L1,L1
H2,L1,L2,L2,H3
L1,H1,L3,L2,L3
L2,L2,L3,H3,L3
H2,L1,L3,M1,H3
H3,H2,L2,H1,M1
H3,L1,L1,H2,M1
L2,L1,L1,L2,L2
H2,L3,M1,L3,M1
L2,H3,H3,L1,L3
L3,L3,M1,L1,L2
M1,M1,L3,L2,L3
L2,L3,L1,M1,L1
M1,BN,H2,L3,L3
H3,L3,L1,L1,L2
L1,L2,L3,BN,L3
L3,L3,M1,L2,L2
H2,L1,L1,L3,L2
L3,M1,L2,H3,M1
H3,L1,L3,L1,L1
L2,M1,L1,L1,L3
L3,L3,H2,L3,L2
L1,L3,H1,L3,L1
H3,L2,L2,L3,H3
L3,L2,L1,L3,L2
L2,L3,L1,L3,L2
M1,L2,L3,H3,H1
M1,L3,M1,L3,M1
L1,L1,L1,L2,M1
H1,M1,L1,L3,L3
L2,L3,L3,L3,L2
L2,L3,L1,L2,L1
H3,H1,M1,L1,L2
L3,L2,L2,L3,L2
L3,H1,L3,L3,L1
L2,L3,L3,M1,M1
L1,M1,L2,L2,L2
L1,H3,L2,L2,BN
M1,H2,L2,L3,H1
L2,L1,H3,L3,L2
M1,L2,L1,L1,L1
L3,L3,L1,H2,L2
H3,H3,L3,L3,L2
L2,H3,L2,L1,L3
M1,L2,L3,L1,L3
L3,L3,L3,H3,L1
L3,L3,H3,L1,L1
H1,L2,H3,L3,H2
L1,H1,L2,L2,L1
M1,L3,L2,H3,L3
M1,H3,L2,L3,L1
L3,M1,L1,L3,M1
L1,L2,L2,L3,L3
H2,L1,M1,H3,L3
L2,L2,L1,L3,H3
H1,M1,L2,H2,H1
L1,M1,L3,H2,L1
L3,H1,L3,L1,M1
BN,L3,L2,M1,L2
L2,L3,L1,M1,H2
H2,L2,L1,L1,L1
L2,L3,L1,L1,L2
H3,L1,H2,L3,H3
L3,H3,L1,H2,L1
L1,L3,L3,M1,L2
H3,H3,L2,M1,L2
M1,L1,L2,L2,BN
L1,L3,H1,M1,L2
H2,H3,M1,M1,L2
L2,BN,L3,H3,M1
L2,H2,L1,M1,L1
H3,L1,L1,L3,H1
L3,L1,H3,M1,H2
L3,H2,M1,H3,L2
L3,H1,M1,M1,L3
M1,L1,L3,L3,L1
H1,L3,L2,H3,L2
BN,L1,L2,L2,L2
L2,L1,L1,L2,M1
L1,L3,L1,L1,L2
L1,L3,L2,L3,M1
M1,L1,M1,M1,L2
L2,L2,BN,L3,L1
M1,M1,H3,L2,L2
L2,BN,L3,L3,L1
L3,L1,L2,L2,L1
L3,L1,L2,L2,L3
H2,L3,L3,H2,L3
H3,L1,L3,M1,H2
L2,M1,L2,L1,L2
L1,L1,L1,L1,L3
L2,L2,L2,L3,L3
L3,L3,L2,L1,H3
L1,M1,M1,H3,H3
L2,L2,L3,H3,M1
L1,H1,L2,H3,L1
L2,L1,L1,H3,L1
L2,L1,L1,H3,L2
H2,L1,L1,H1,H3
L3,M1,L1,L2,L2
L3,L1,L3,L1,L2
M1,L1,L1,L1,L2
H3,L2,M1,BN,H2
L1,L2,L2,L1,H3
L3,L2,H3,L2,L3
L3,M1,L3,L1,L2
L3,H2,L3,L1,L1
H1,L1,L1,L3,L3
L1,L3,H2,M1,H2
L1,H1,M1,L1,L3
L3,L2,H2,H3,L3
M1,H2,L3,H3,H3
L2,L3,L2,L1,H1
H2,L3,L3,L2,L1
L2,M1,L1,H3,L1
L2,L2,L2,M1,L3
L2,L1,M1,H2,L1
L3,M1,L2,L2,L2
L2,L2,L1,L3,L2
L1,L2,L2,L1,L2
L2,H1,L2,L1,L3
L3,L3,L3,M1,L1
L3,L2,L2,BN,L3
L2,BN,M1,M1,H3
L2,L1,L1,M1,L2
L1,M1,L2,L3,L3
L3,H1,L2,L2,H3
L2,M1,L1,L2,H2
L1,H1,L1,L1,L2
H3,L3,M1,L2,M1
L2,L2,L3,M1,M1
H3,L3,M1,H3,L3
H1,M1,L2,L3,L2
L3,H3,BN,M1,L2
L3,H1,L3,L3,L3
L3,L2,L3,L1,L2
L3,L3,H1,H1,L1
L3,L1,L3,L1,L1
M1,L1,L2,L2,M1
H3,M1,L2,H3,L3
L1,H1,L2,L2,L3
M1,L2,L3,L3,L1
L3,L2,L1,L3,L3
L1,L3,L3,BN,M1
L3,L1,L3,L3,L1
L2,L1,M1,M1,L3
H3,L1,L1,L1,L3
L1,BN,H3,L3,L1
M1,L3,H1,L3,M1
M1,L2,L1,L2,H3
L1,H1,H1,M1,H3
L1,L3,L2,H3,L2
L2,L3,L3,L2,L1
L3,M1,L1,M1,M1
L2,L2,L3,L1,H2
L1,L2,H3,L3,H1
L2,L1,H1,L2,M1
L3,M1,M1,M1,L3
L3,L1,L2,L1,L2
H1,H2,H1,L2,L3
L2,L1,M1,M1,M1
L1,L1,L2,L2,L3
L3,H3,L3,L3,H3
L1,M1,L3,L3,L3
L1,L1,H2,L3,L3
H3,L2,L1,M1,L2
H2,L1,L3,L3,L3
H3,M1,L1,L3,L2
L3,L2,L3,M1,L3
H3,L3,H2,L2,L3
L3,L2,H1,H2,L3
BN,L3,L1,L3,M1
L1,H3,BN,L1,M1
L3,L1,L2,L2,L3
L2,BN,L2,M1,H3
H3,M1,L3,L3,H3
H3,L3,L2,L1,L1
L1,L1,H3,M1,L3
L3,H3,L1,BN,L1
L1,L3,L3,L2,L2
L2,L2,L2,H2,L1
M1,L3,H3,L3,L1
M1,H2,M1,L2,L1
L3,H2,L2,L1,L2
L2,M1,L1,L3,M1
H3,L3,H3,L3,L1
L1,L3,L3,L3,H3
M1,L2,L2,M1,L2
L1,L3,M1,H2,L3
L2,H1,H2,H1,L1
BN,L3,L2,L2,L1
L3,L1,L2,L3,H3
L2,L3,L2,H1,L2
M1,H3,L3,L2,L2
L3,L3,L3,M1,L2
L2,L3,L2,L2,L2
H1,H2,L3,L1,H3
M1,L1,L1,L2,L3
M1,L2,L3,L2,M1
L1,L3,H3,L1,L3
L3,H2,M1,L1,L2
L2,L2,L2,M1,L3
BN,L2,L1,H2,L3
L2,M1,L2,L2,L3
L2,L2,M1,M1,L2
L3,L3,L2,L3,L3
L2,L2,L2,L1,L3
L2,L1,H3,L2,L2
L3,L1,H1,H1,L3
M1,L3,H2,H2,M1
L3,L1,L1,L1,L3
M1,L2,L3,H2,H2
L3,L1,L2,L2,L2
M1,L1,L1,L1,H2
H1,L2,M1,L3,M1
L3,BN,H3,BN,L1
L3,L3,H2,L3,L1
L3,L1,L3,M1,L2
L3,H3,L3,L3,M1
H2,L2,L2,H3,H1
H3,L2,L1,L3,L2
L2,H2,L1,L2,L2
L1,L3,L3,M1,L2
L2,L1,L1,BN,H2
L3,BN,L2,M1,L2
M1,L2,H1,M1,L1
L3,H3,L1,L1,L3
L3,L2,H1,L3,L3
L3,L1,H2,L2,H3
L2,M1,L3,H2,L2
L1,L3,M1,H1,L3
L1,BN,H3,M1,L2
BN,M1,L2,L1,L1
L2,H2,BN,L3,H3
H3,L1,L1,L2,L3
L1,H3,L3,L1,L3
L1,L3,H3,H2,L2
L1,BN,L1,H3,L1
L3,H1,L3,H1,L1
L2,L3,L3,L2,L3
L1,L2,H1,BN,L2
H2,H3,L1,L1,L3
L3,L1,H2,H3,M1
L3,H2,L1,L1,L1
H3,L1,L1,L1,H3
M1,M1,L2,H1,H2
L2,L3,H3,H3,L2
H3,L3,H3,L3,M1
L2,H3,L2,M1,H1
L1,L1,L2,H2,L3
M1,L3,L2,M1,L2
H3,L1,L2,L1,L3
L3,BN,L1,L2,H3
L3,L1,L3,L1,M1
L3,L2,GL,BN,L3
L3,L2,M1,H3,L3
H3,H1,H3,M1,L2
L3,L2,L3,L3,H3
L2,L3,L3,L3,M1
L2,H2,L1,L3,M1
L3,L1,M1,M1,M1
M1,L2,M1,L3,L2
L3,M1,L3,M1,L1
M1,L1,L3,L2,L1
H3,L2,L2,L3,L2
L2,L3,L3,L3,M1
H1,L2,H2,L2,L2
M1,H2,L1,L1,L2
H3,L3,L1,L2,L1
L3,M1,M1,H3,L1
L3,L3,L2,M1,L2
L2,L1,L3,L3,M1
L2,L2,L1,M1,L2
H3,H2,L2,L2,H1
L2,L1,L3,L1,L3
M1,L2,L3,M1,M1
L2,L2,L1,L2,H2
L2,H2,M1,L2,H1
M1,L1,L2,L3,H3
L1,BN,L2,L3,H3
BN,L3,L3,L3,L3
H1,L2,H3,L3,H2
L3,L1,H2,H2,L2
L1,L2,L3,L1,H1
L3,M1,H1,L3,L1
L2,L3,L2,H3,L1
H2,L3,L1,H2,L3
L2,H2,L2,L1,L3
H3,L2,L1,L1,L2
L3,M1,L3,L2,L3
L2,M1,L2,L3,L2
L2,H3,M1,L1,L3
L3,L1,L3,H1,L1
H2,L3,L3,L2,M1
H3,M1,L1,M1,L2
H1,M1,L2,H1,L3
L3,M1,L2,L2,M1
BN,L3,L3,L3,L3
L2,L3,L3,L1,L3
L3,L1,M1,L2,L3
H3,L3,BN,H1,L3
L3,L2,L3,L1,L3
M1,M1,L2,M1,H3
L2,BN,L3,H3,L3
L3,H2,H3,M1,H1
L3,H2,H2,M1,M1
M1,H3,L3,L3,M1
L3,L1,L1,M1,H2
H2,L2,M1,H1,L1
H2,L3,L2,H1,L2
L3,L3,L2,H2,L3
L2,L2,L1,L1,L2
H2,L2,L2,L1,BN
L1,L3,L3,L2,L2
L2,L1,H1,H3,L2
L3,L3,L3,L2,L1
L2,L2,H3,GL,L3
L2,L2,L1,L1,L1
BN,M1,L3,L2,L3
L3,H1,L1,L3,L2
L1,BN,L1,L1,L3
L2,L3,L3,L3,L2
L3,M1,L1,H3,L1
L1,H1,L2,L2,H2
L1,L3,L3,H1,L1
L3,L2,L2,L2,BN
M1,L2,L3,H2,L1
L2,M1,L1,L2,M1
L1,L1,L1,H1,M1
GL,L1,L3,L2,L3
L2,L2,H3,L2,L2
H3,L3,H1,L3,L1
L3,L1,L1,H2,L3
L3,L2,BN,L3,L2
H3,M1,H2,L2,M1
L3,L1,L3,L2,L2
L3,L3,M1,L1,L3
L1,L1,L1,H2,L1
L3,H3,BN,L3,L1
L2,L3,L2,L1,L1
L2,L3,H2,L2,L2
L3,H2,M1,M1,M1
H1,L3,L3,L2,L2
M1,M1,L3,L1,L3
L1,L2,M1,L3,M1
L3,L2,L1,L1,L2
L1,L3,M1,L2,H1
L1,L2,L3,L1,L3
L2,M1,L3,L3,L3
L2,L1,L3,L2,L1
H2,L1,L3,L3,L2
L2,M1,L3,L1,H3
L1,L1,L3,L2,H3
H3,L3,H3,L3,L2
L1,L2,L2,L3,H3
L1,L3,L3,L2,L3
L1,M1,L3,L3,H3
H3,L3,L3,L1,H3
L2,L1,L3,L3,L1
BN,L3,H3,L2,L3
L1,L3,H3,M1,L1
H1,L3,L1,M1,L3
L2,L1,L1,H3,H2
L1,H3,L2,L3,H2
M1,L1,L2,L1,L3
L1,BN,H1,H3,L1
L2,H3,M1,L2,L3
M1,L3,H1,L1,L1
H2,L1,M1,BN,L2
H3,L3,L3,L1,L1
L2,L3,L3,L1,L2
L3,L3,L1,L1,L1
L1,H3,L2,H1,L3
L2,L3,L3,L3,H1
L1,H3,L3,L2,L1
L1,M1,L2,L1,H3
L1,L3,H3,H3,L1
L2,L1,H3,L2,L1
L3,L1,L3,L3,L3
M1,L2,H3,L3,L3
L2,L2,H2,L1,L3
L3,L2,H2,H3,L1
L2,H2,L2,L3,H3
L3,L3,L3,L3,M1
L2,L3,L3,L1,L2
L2,L2,L3,L1,L3
L1,H3,L2,L1,L3
M1,H3,L3,L3,L2
L3,L1,L2,M1,L2
M1,H3,H2,L1,L1
L2,L1,L1,L2,L3
L1,H1,H2,L2,H1
BN,H3,M1,L3,L3
L2,L1,GL,L2,L3
L3,L3,L3,L3,L2
L1,H3,H2,H1,L2
L1,L1,L2,L2,M1
L3,L3,L3,L2,M1
L1,L3,L1,M1,L2
L1,L3,BN,L1,L1
H2,L3,L1,L2,M1
L1,L3,L3,M1,L1
L1,M1,L3,H3,H1
L2,L3,H2,M1,M1
L1,H3,M1,L1,L2
L3,L3,L2,L3,L2
L1,H1,H1,L2,M1
M1,L3,L2,L3,H2
H2,L2,L3,L1,L2
L2,BN,L3,L1,BN
L3,M1,L3,L3,M1
L3,H2,L2,L3,L2
L1,H3,L3,L3,L1
H2,L2,L1,L2,L2
L1,M1,L1,H1,M1
L2,L3,H3,BN,M1
L3,M1,M1,L1,M1
H1,L2,L1,H3,M1
H1,L3,H3,L1,L2
BN,L3,L1,L2,L3
L3,L3,L1,M1,L2
M1,L1,L3,L1,L1
L3,M1,L3,BN,L3
L3,L3,L3,M1,L3
H2,L1,H2,L3,L3
L3,BN,L2,M1,L3
L3,L2,H1,L2,L1
L1,L2,L2,L2,H2
L3,L2,H2,L1,L1
L1,L3,L3,L1,L3
L1,L1,H3,L2,H1
L3,L2,L3,L2,L1
M1,L3,M1,L2,H2
L2,L1,M1,L2,L3
L3,L1,L3,L2,L2
L2,L2,L3,L2,M1
L2,L3,M1,H3,L2
M1,L2,L3,L1,L3
L2,H1,L2,L2,BN
L1,GL,L2,L2,L1
M1,M1,L3,M1,L1
L3,L2,L3,L1,H3
M1,H2,L2,L2,H2
H2,L3,L3,M1,L3
L2,M1,L1,L3,L2
L2,L2,L1,L3,L1
L1,H1,L2,L2,M1
L3,L1,L2,L3,L3
H3,M1,L1,H1,L3
L1,L1,H2,L3,L1
H2,L3,L2,L1,L1
M1,L3,H1,L3,L3
L1,L3,L2,H2,L3
L3,L1,L3,H3,L3
L2,L3,M1,L2,L1
L2,L1,M1,L1,H2
L1,L3,L3,L1,H3
L2,M1,H2,H3,L3
L1,L1,L3,L1,L2
L2,BN,L2,L2,L1
L1,L1,M1,L1,H3
L3,L3,L3,H3,BN
M1,L3,H1,L2,M1
L2,L2,L2,L1,H3
H3,L3,L2,L2,H3
L1,L2,L2,M1,L1
L3,L3,BN,L2,L1
H2,L3,L3,M1,M1
L3,L1,L3,M1,L1
L2,L3,L3,L2,L3
M1,L1,L1,L2,H3
L1,L1,L2,L2,L1
H1,M1,L2,L1,L3
L3,L3,L2,L2,M1
L1,L2,L3,L1,L3
L2,L3,L1,L1,BN
L3,L1,L2,L1,L3
L3,L3,L2,L3,H3
L2,L2,L3,M1,L3
L3,M1,BN,L3,L2
H3,M1,L3,L2,L2
L1,L1,H3,L1,L3
M1,L3,L3,H2,L1
L1,L2,L1,L3,L2
L2,L1,L2,L1,M1
H3,M1,H2,H1,L2
H1,L2,L3,L3,H3
L2,L1,L3,L1,L3
L3,L1,M1,L3,L1
L1,L2,L1,L1,L2
M1,L2,H3,L3,L3
L2,M1,L3,L3,L1
BN,L1,L3,L2,L3
M1,H2,H3,L3,L3
H2,L3,H1,M1,L2
L1,H2,L2,L2,L3
L2,L3,L1,H3,M1
M1,H3,L2,L3,L3
L3,H3,L3,M1,L1
L1,L1,L3,L2,H3
H3,L1,L3,H1,M1
H2,H2,L2,L2,L1
L3,L2,L2,L3,L1
L2,H1,M1,L3,L3
L2,L3,M1,M1,M1
L2,L3,L2,L3,L3
H3,L3,H1,L2,L3
L2,H3,L2,L1,H3
L3,H1,H3,L2,L3
L1,L1,H3,M1,L2
L3,L2,L1,L2,L3
M1,L2,L2,L3,H3
H1,L1,L2,L3,L2
M1,L1,L2,L3,L2
L3,M1,L3,L1,L3
H2,L2,L3,H3,L1
L2,L1,L2,L3,L3
L1,L1,L1,L2,L2
H3,L2,L3,L1,L1
L2,L1,L2,L1,L1
L3,L3,M1,L3,L3
M1,L3,L1,H1,L2
L3,L3,L1,M1,L3
H1,L2,L1,L2,L2
H2,L1,L2,L2,L1
L1,L2,L1,L2,H1
L2,L3,L3,L1,L3
L2,L3,M1,H2,L1
M1,L3,L3,L3,L3
L2,L1,H2,L3,L1
L3,L3,L1,H3,L1
L3,L1,BN,M1,H2
L1,L1,H3,L2,L3
L3,L2,L2,L1,L2
M1,L1,M1,H2,L3
L3,L2,L2,L2,H3
L3,H3,L1,L3,L2
L2,L3,L2,BN,L1
L1,L1,L3,L3,L2
L2,H2,L3,L3,H2
L1,L3,M1,L2,M1
M1,L3,L3,L1,L1
H1,H3,L2,L1,L1
L2,L2,L3,L1,L3
H1,H2,L1,L3,L3
L2,H2,H3,L3,L1
M1,H1,L3,BN,L3
L3,H3,L3,M1,M1
L3,L3,L2,M1,L3
H3,L3,L2,L2,L2
M1,L3,L3,H1,L1
M1,L1,L1,L1,L1
L1,M1,H2,L3,M1
L2,L2,L1,L3,L1
H3,L3,H2,L2,L3
M1,L2,M1,L3,H3
L1,L3,L2,L2,L3
M1,L3,L3,H3,L2
L2,L2,L2,L2,L2
L1,L3,H3,H2,L3
M1,H3,L2,L2,L2
L1,H3,L2,L1,L2
H3,L1,L3,L2,H1
H2,H2,L3,L1,L3
L1,H3,L1,M1,M1
L3,H3,L2,L2,L3
L2,L2,L2,L2,L3
L1,L1,L2,L2,H2
L3,L1,L1,L2,L1
L1,L2,L3,L2,L3
H2,L2,L2,L1,M1
M1,M1,H2,L3,L1
L2,M1,M1,L2,H1
H1,L1,L2,L3,L3
BN,L2,L1,M1,L1
M1,M1,L1,L3,M1
M1,H3,L3,H1,L3
L1,M1,H3,H3,BN
L1,H1,L3,L3,M1
L2,H1,L3,L3,H3
BN,L2,L1,L3,H1
L1,L3,H3,L3,L3
H2,L1,L1,L1,L3
L3,M1,L3,M1,L3
L3,L3,L1,L3,L1
L3,L3,H3,L3,L3
L2,L3,H3,H3,L2
L2,H2,H1,L2,H2
L2,L2,L1,L2,L3
L2,H1,L2,L1,L2
M1,M1,H1,L3,L1
L1,L2,L3,L3,H3
H1,H2,M1,H3,L2
L3,H1,H3,H2,H3
L2,H3,M1,L1,M1
L2,H1,L3,L2,L3
L2,L1,L3,L1,L2
L1,L2,M1,H2,M1
L2,M1,L2,BN,L2
L2,L3,M1,M1,L3
H2,H1,L2,L1,L3
L2,L3,H2,L3,L2
M1,H3,H3,L2,H1
H3,M1,L1,L3,M1
L2,H3,L2,H3,BN
H1,L2,L3,L3,L3
L3,L3,L1,L1,L3
L3,H3,L3,L2,H1
L1,L3,L3,L3,H2
H3,H2,M1,L2,M1
M1,M1,L1,L3,L2
L1,L1,H2,L2,H3
L2,L3,L2,BN,M1
L2,L1,L2,L3,L2
L1,H3,L3,H3,L2
L1,M1,L1,L3,L2
L1,M1,M1,L3,H3
L2,L1,H1,H3,L1
L3,L2,L2,H3,L3
L3,L2,L3,L1,H3
H1,L2,H3,M1,L1
L2,L3,L1,H2,H3
L3,M1,M1,L3,L3
L2,H3,H2,H3,L2
L1,L2,L3,GL,M1
L1,M1,L1,L1,H2
L2,H3,H2,L3,L2
L3,L1,L3,H3,L1
L3,H3,M1,M1,L1
L3,H3,L1,M1,L1
L2,H3,L3,H2,L1
L2,H2,L1,L2,L2
L2,L1,L3,M1,L1
L1,M1,L2,L3,L2
H3,L1,L1,L1,L1
L3,M1,L3,L3,L3
M1,L2,M1,L3,H3
L1,L1,L1,L1,L2
L3,L1,L1,L2,L3
L3,L1,BN,L2,L3
L3,H3,L3,L3,L3
L2,L3,L1,H2,M1
L3,L2,L2,L1,M1
L2,L3,H3,L3,L2
L3,L1,M1,L2,L3
L1,H2,L2,L3,L1
L2,L2,L3,L1,BN
L1,H2,L3,L2,L3
H3,L1,L2,H3,L2
L3,H3,L3,BN,L1
L2,L3,L2,L2,L3
L2,L3,M1,L3,L3
L2,H1,M1,M1,M1
H2,L2,L1,L2,L3
L3,L2,L1,L2,L2
L3,M1,L3,M1,L3
H2,L3,L2,H2,L2
H3,H3,H3,L2,L2
L2,L1,L2,L3,M1
L1,L1,L3,L1,H3
L2,H3,H1,L2,L1
L3,M1,M1,L1,H2
L3,L2,L3,H2,L2
H1,L1,M1,L3,M1
L2,L3,L1,H3,L3
M1,L3,L3,L3,L3
M1,L2,L1,H3,L3
L1,H3,L3,L1,L1
L2,H3,H3,L3,H2
L1,L2,L1,M1,L2
M1,L3,L3,L2,L2
L2,L3,H3,H3,L2
GL,M1,M1,L1,H1
H1,L3,L2,H3,L1
M1,L1,L2,L1,H2
L1,L2,L1,L1,L3
L3,L2,L3,L2,H3
H3,M1,M1,L3,L3
L1,L1,H3,L3,L1
H2,L3,L1,L3,L2
H3,L1,L1,M1,L3
L1,L1,L1,L1,M1
H3,L2,L1,L1,M1
L1,L2,M1,H2,L1
H1,L1,M1,H3,L2
L1,L2,L3,L3,L2
M1,L1,M1,BN,H2
L1,H3,L3,H2,L1
M1,H2,L2,H2,L1
L1,L2,L2,L3,L1
L3,H2,L3,L2,L3
L1,L3,L3,L1,H2
L1,L2,L2,L1,L1
H3,L2,H1,L1,H3
L2,M1,M1,L2,L3
H1,L2,L3,L3,H2
H3,L3,M1,L3,M1
L3,L3,M1,L1,M1
L1,L2,M1,M1,L2
H3,L3,L2,L1,M1
L3,L3,L1,L2,H2
L3,H1,M1,L1,L3
L1,M1,L2,L3,L3
L3,BN,M1,H2,M1
L2,L2,M1,L3,L1
H1,L2,L3,H1,L3
L3,L1,BN,GL,L2
H3,L3,L2,BN,M1
L3,M1,L2,L2,L1
L3,M1,L2,L2,L2
L1,M1,L3,M1,L3
L1,L2,L1,H2,L2
H1,L3,H3,L1,L3
L1,H2,L2,M1,L3
M1,H3,L2,L2,M1
M1,L1,H1,L1,L1
L1,L3,L3,M1,L3
L2,M1,L2,L1,BN
M1,M1,L1,H3,L2
L2,L3,M1,L1,L1
BN,L2,L2,L2,L1
L3,M1,L3,L3,L3
L1,L3,L2,L3,L3
L1,L2,L3,L1,L3
L1,H2,L3,L2,H2
L2,L1,L1,L2,L3
L1,L2,L3,L1,L3
L1,L2,L2,L1,H2
H1,L1,L1,BN,L2
L3,M1,L1,L3,L3
L1,BN,H3,L1,L2
L3,H1,H2,L2,L1
H3,L1,L2,L2,M1
L2,L2,H3,L3,M1
L3,M1,L2,H1,H1
L3,L3,M1,L2,H1
H3,H3,H3,L3,L2
H3,L3,H2,M1,L1
M1,L1,L1,L2,M1
L3,BN,L1,M1,L2
L3,H3,L1,M1,L3
M1,L1,L3,L3,L2
L1,L3,H2,L3,H3
L1,M1,M1,L2,L1
L2,L3,L2,H1,L3
L2,L1,L2,L1,L1
L2,L2,H3,H3,L2
L1,L3,BN,L2,L3
H1,L3,L1,L3,L3
H1,M1,L1,L2,H2
H3,M1,H1,L2,L1
L1,M1,L2,L1,M1
L3,L1,L2,L3,L2
L2,L1,H3,L2,H3
L2,L3,L1,L1,M1
L1,L2,L3,L3,L1
L3,L2,M1,H3,L1
L1,L1,L3,L2,M1
L1,M1,M1,L2,L3
L1,L1,BN,L3,L3
L3,L2,H2,L1,H3
L2,L1,L3,L2,L2
L3,L1,L3,H1,L3
L2,L2,L3,H3,L1
L3,H3,H3,L2,H1
L3,L3,H3,L3,L3
L1,H2,H2,L1,L3
L3,L2,H3,L1,L3
L3,L3,H2,L2,L3
L3,L2,L2,H3,L1
L1,H3,L1,L3,L3
L3,M1,L2,L1,H2
M1,L2,H2,L3,H1
M1,L2,L2,L3,L2
L1,L1,L3,H3,BN
H2,L1,L3,L2,L1
H3,L2,L1,L3,L1
L3,H2,L3,M1,L3
L2,M1,L3,L3,L1
H3,H3,L1,L1,L1
M1,M1,L1,L1,L3
L2,H1,L2,L1,L3
H3,L3,L1,L3,L1
L2,BN,H3,L3,L1
L2,L3,L3,L2,L3
L2,L2,M1,L2,L1
L3,L3,H3,H1,L1
L2,L2,L2,L3,L3
L3,L2,H3,L3,L3
L2,L2,BN,L2,L2
L3,L1,L2,L2,L1
H1,H2,H2,L2,BN
L2,L3,L1,L1,L2
L2,H2,L3,H3,M1
H2,L1,GL,L2,L3
L2,BN,L2,L2,L1
L3,L1,H3,H3,L3
L3,L3,L3,L3,L3
L3,H2,L3,L2,H3
L2,L2,M1,L3,L3
BN,H3,H2,L1,L2
L2,L2,H2,L2,L2
L2,L3,L3,L1,L3
L2,L3,H2,H3,L3
L3,L3,L3,L2,L3
L1,L3,M1,L3,L2
L1,H2,M1,L3,H1
L2,H3,L2,L2,L3
L3,H2,L2,L3,L2
M1,L2,L1,L2,L2
H2,L2,H2,H3,L2
L1,L2,L3,L3,L2
L3,L2,L1,L3,L2
L3,M1,L3,L1,L3
GL,L3,H1,L1,L1
M1,L3,H3,M1,L2
L3,L2,H3,GL,L3
H3,L1,L1,H3,L3
L1,L3,L1,L3,M1
L2,H3,H3,L1,L3
L1,M1,L2,L3,M1
L1,H3,L3,L3,L2
L3,L3,L2,M1,L1
M1,L2,L3,H2,L3
H3,L3,L1,M1,L3
L3,L2,L1,H3,H2
BN,H3,H3,L3,L1
H2,H3,H2,L1,L1
M1,L2,M1,L2,L2
L2,M1,L1,L2,L1
L1,L3,L2,H3,L3
L2,L3,H1,L1,H1
L3,L1,H2,L2,L3
L1,H2,L3,L1,BN
M1,H2,L3,H2,L1
H2,L1,L3,H3,L3
H1,H1,L1,M1,L1
L2,H1,L2,BN,L3
L3,H2,L2,L1,H2
L3,L1,L3,L2,L1
L3,L2,L2,L1,BN
H3,H3,L3,L2,H1
L1,L1,L3,L1,L3
M1,L3,L2,L2,H1
H1,L2,L2,L1,L2
L2,L1,L2,L1,H1
H3,M1,H1,H3,BN
M1,L2,H3,L2,L2
BN,L3,L1,L3,L3
M1,L1,H3,L2,L1
L1,L2,M1,L1,L2
L1,L3,M1,H2,H3
L1,L1,L3,L3,L1
L3,L2,L1,L1,L2
L2,M1,L2,L1,H3
BN,M1,H2,L2,H3
L3,L3,L1,L3,L3
L3,L2,M1,L2,L3
M1,L3,L3,L3,L3
L1,L2,L2,L3,L1
L2,M1,L1,H1,L3
M1,L2,L2,L1,L1
L1,L2,L2,L3,L3
L1,L3,L2,L1,L2
L3,L1,H2,L1,L1
L3,L3,H3,L2,M1
M1,L2,L1,H3,L3
L1,H2,H2,M1,L3
L3,L3,L2,L1,H1
M1,L3,L3,L3,L2
L1,L3,L2,L3,L3
L1,L1,L3,L3,H3
L3,L2,M1,L1,L1
M1,L1,H1,L1,M1
H1,L2,L1,H3,M1
L2,L1,L3,L1,L3
L2,H3,L2,L3,M1
L1,M1,H2,L3,L2
L2,H3,H3,L2,M1
H3,L3,L1,H2,L3
L3,L2,L1,H2,L2
H3,BN,L3,M1,L2
L3,H3,L3,H3,L1
H2,M1,L3,L1,M1
L3,L2,L1,H3,H3
L2,H2,H3,H3,L1
L1,L3,H3,L1,L3
L2,L2,L1,M1,L1
H3,L1,H2,L2,L2
M1,M1,BN,L2,M1
L3,M1,L3,L1,H3
M1,H3,H2,M1,L2
L3,H2,L3,L3,L1
M1,L1,L3,L3,L2
L1,M1,L2,L2,L2
L2,L1,H1,M1,L2
L3,L3,M1,M1,H1
L1,L2,L3,H2,L3
M1,L3,L2,H2,L3
L2,L1,M1,L1,M1
L1,L3,L2,L3,L1
L1,H2,L2,L1,L2
H2,L3,L3,L2,M1
L1,L2,L2,L2,L3
L2,H3,H1,L3,H3
M1,L3,L1,L3,H2
L3,L2,L1,M1,L3
H1,L1,H1,L3,L2
M1,L1,L1,L3,L2
L1,M1,L2,L2,L3
M1,L1,L3,M1,BN
L2,L3,L3,BN,L3
L2,L1,L3,L2,M1
L1,L2,L2,GL,L2
H2,L3,L2,L2,L2
L1,L3,L2,M1,L2
BN,L2,L2,L1,L3
H3,M1,L2,H3,L3
L3,L3,L3,L2,L1
L2,L2,L2,L2,L2
H3,L3,L3,L3,L2
H1,H3,L2,H1,L3
L1,L1,L2,M1,L3
L2,L1,L3,M1,L1
H2,L1,H2,H1,L2
H1,L3,L3,M1,L2
L1,L1,L1,L3,M1
L3,L2,M1,L1,M1
L3,L2,M1,H3,L3
L1,L3,H1,L1,M1
L2,L2,L2,L2,L3
L1,L3,L3,H3,L3
L2,L1,H3,L3,H3
L3,H3,L1,L2,BN
L3,L1,M1,L2,L1
L3,L2,L1,L1,L1
L2,L2,H2,H2,L1
L3,L1,L3,M1,H2
L3,L1,L2,L2,M1
M1,L3,L3,L3,L3
H2,H1,L2,L3,L3
L3,L3,M1,L2,L3
L1,L2,L2,L2,H1
H2,M1,L3,H3,M1
L1,L2,L1,L2,H2
L3,H2,L3,L3,L2
H2,M1,H2,L2,L3
H2,L3,L2,L2,L3
L2,H1,L3,L2,M1
L3,L3,L1,L3,L2
L3,BN,L3,L1,L2
L2,M1,L1,L2,L3
L3,L1,L3,H2,M1
H3,L3,L3,L1,L1
L1,L2,L2,L3,L1
L3,L3,L1,M1,L1
L1,L2,H3,M1,L1
L3,H1,L2,H2,L1
L1,L3,BN,H1,M1
L3,H2,L3,L1,L3
L3,L3,L2,L3,L1
L3,L3,L1,L3,L1
H3,M1,L3,L2,H3
L2,L3,L1,L1,L3
M1,L3,L3,H1,L1
L3,L1,L2,L2,L3
L1,L1,L3,L1,GL
H3,H3,BN,L2,H3
L1,L3,H3,L2,M1
BN,L3,M1,H1,H3
L2,BN,H3,L3,L1
M1,L1,L2,L1,L2
L3,L1,H1,BN,M1
H3,L1,M1,L2,L2
L1,L3,L3,L3,L3
H2,L2,L2,L1,H1
L3,L2,L1,H3,L3
H2,H2,L2,L1,L1
H2,BN,L1,L3,H3
L2,L2,L3,BN,M1
L1,L2,L3,H1,L1
L1,L3,M1,L3,L1
L1,H1,M1,H3,H3
L1,H3,L3,L1,L1
L3,L1,L3,L2,M1
L2,L1,L3,M1,L1
L2,H1,L3,L1,L1
L2,H1,L1,L3,H3
H1,BN,H3,L1,L2
H2,L2,H3,H2,L3
L1,L3,M1,H3,H3
H3,H2,L1,L1,BN
L1,H2,L2,L3,L3
L3,H2,M1,H3,L1
L3,L1,L3,L3,H3
L3,L3,L1,L1,L3
L3,L2,L2,H1,L2
L2,L1,H3,L1,M1
L2,L2,M1,M1,H2
M1,M1,L2,L3,L1
L1,H3,BN,L3,M1
L3,L3,L2,H3,L3
H1,L2,M1,M1,H1
L3,L2,M1,L2,L3
L3,L3,L3,L2,L2
BN,L2,L2,L3,H2
L3,L2,L1,L1,M1
L2,L3,BN,L2,L2
L3,L2,L2,L3,L3
L1,H1,H2,L3,L1
L2,L1,L3,L2,M1
L3,H1,L2,L3,H2
H1,L3,L2,L3,H2
L2,L1,M1,L3,M1
L3,BN,H2,L1,L1
L2,M1,L2,L3,L2
L1,H2,L3,L3,M1
L2,L1,L2,H3,L1
L2,H3,L1,L2,L2
L3,L3,H3,L3,L1
L2,L1,BN,M1,M1
L2,L3,L3,H3,L2
L3,L3,L2,L1,L2
L2,L1,L2,L2,H3
H1,L2,L2,L1,L2
L2,H3,L3,L2,L3
H3,H2,H3,H2,L2
L2,L3,H3,L3,L2
L1,H2,H3,L3,L1
L1,L1,H2,BN,L3
M1,L2,H3,H3,L3
L2,L1,L3,L2,L2
BN,M1,L3,M1,L1
M1,H2,L3,M1,L3
L3,M1,L3,L2,L2
L3,L3,L1,L2,L1
L2,L1,L3,L3,L1
M1,L1,L3,L3,L2
L3,L2,L2,H2,L3
H3,L1,M1,H3,L1
L1,H1,L2,L1,L3
M1,H3,H2,H3,L2
H1,L3,L1,L3,L2
L1,L2,H2,L2,H2
L2,M1,L2,L3,L3
L1,L1,L1,L3,L3
L2,H2,L2,H2,L2
L2,L3,L2,L2,L1
M1,L2,L2,H1,M1
L1,L3,M1,H2,H2
M1,M1,H3,L1,H2
L1,L2,L1,L3,L2
M1,L1,H3,L3,H3
M1,L2,L1,M1,L3
M1,L3,L2,L2,L1
BN,M1,L1,H2,L3
L1,L1,L1,L1,L1
L3,M1,H1,L3,L3
L1,H2,L3,L3,H2
H3,L3,L1,L2,H1
L2,L2,M1,L1,H2
L2,L1,H1,L2,L1
L1,M1,L3,M1,L3
M1,H2,L1,H3,H2
L3,L3,L1,L2,L3
L3,L1,L1,L2,H3
M1,H2,H3,L1,M1
L1,H1,L2,L3,L3
L2,L1,L3,M1,H2
L3,L3,M1,L2,L2
L3,M1,L2,L1,L1
L3,BN,M1,L2,L1
M1,L1,M1,L1,L2
M1,H3,L1,L1,L2
L3,L1,L1,H3,L3
L1,L2,H3,BN,L3
M1,H1,H3,L2,M1
H2,L1,L3,L1,L3
H3,L1,L3,L1,L2
L3,L1,L1,M1,H2
H2,H3,H2,L3,L3
H2,L1,L1,L1,M1
GL,L2,L2,L3,H3
BN,L1,L1,H3,L2
M1,L2,H1,BN,H3
L2,L3,L3,H2,L3
H1,H2,BN,L1,L3
H3,L3,L3,L1,L3
L2,L1,L3,L2,M1
H2,L2,L2,L3,H2
L1,L2,M1,L3,L1
M1,L1,H3,L3,L3
L3,L2,H1,H3,L1
L2,L1,M1,L1,L2
L2,H1,L3,L1,L3
L1,L1,L2,L3,L2
H3,H1,H3,H1,H2
M1,L3,L1,M1,L2
H3,M1,L1,L2,L3
L2,L3,H2,M1,H3
L3,H1,BN,L2,L2
L3,L1,L3,H3,L3
L2,L3,L3,L2,L3
H3,BN,M1,L3,L2
L1,L3,L2,L3,L3
L2,H3,L1,L1,L3
L2,L2,H3,L2,L3
L3,L3,L3,H3,L3
L3,H3,L1,L2,L3
L2,H3,L3,L1,H1
H3,H3,H3,L1,H2
M1,H2,L2,L1,L2
H3,BN,L1,BN,L2
L1,L3,L1,L3,M1
L1,L3,L2,M1,L1
H3,M1,L3,L2,H3
M1,L3,M1,L3,L1
L3,L2,L2,H1,L1
L2,L3,H2,L2,BN
L3,BN,L3,M1,L3
L1,L3,L2,M1,L3
L1,L1,L1,H3,M1
BN,H3,BN,M1,M1
L3,H2,H1,L3,L2
L2,L2,L3,H2,H3
L3,H2,L3,BN,L2
L3,M1,L2,M1,M1
L2,H1,H2,L3,L2
L3,L2,M1,M1,L3
L2,H3,H3,L3,H1
L3,L3,L3,L1,L3
L3,L1,H3,H2,L1
L3,L1,L3,H2,L1
L2,L3,H1,L2,M1
H3,H3,M1,H3,L3
L2,L1,L2,L2,L1
H1,L3,L3,L3,L2
L1,L1,H3,L3,H3
L2,L3,L1,L3,L1
L2,L3,H2,L3,H1
L1,L1,L3,L1,H2
M1,H1,L2,H1,M1
L2,L1,L1,L1,L3
L2,L3,L2,L3,L2
L3,L1,M1,H2,L3
H1,BN,L3,L3,H2
L3,M1,H3,H3,L3
L3,L3,L2,L3,L3
L1,L1,L2,L2,L1
M1,H3,L2,L1,L1
M1,L3,L2,L2,L3
L2,L1,M1,L1,L1
L3,H3,BN,L1,L1
L2,L2,L2,L3,H3
L1,H2,L3,L2,L3
H1,M1,L2,H3,L1
L3,L3,L3,M1,L3
L1,L1,H2,L2,L1
L1,H3,L1,H2,L2
L1,M1,H2,L3,L1
L3,L1,L1,M1,L3
L3,L2,H2,L2,L3
H1,L1,H3,H1,L3
L3,M1,L1,M1,L3
BN,L1,L3,L3,L1
M1,L3,L3,L3,L1
L1,L1,L1,L1,L2
H3,L3,L3,L3,L1
L1,L2,L3,L3,L3
L2,M1,BN,M1,BN
L1,L3,L3,M1,L1
L1,L3,H1,L3,L1
H3,H2,L3,L1,L1
L2,L2,L3,H3,L3
H1,M1,L2,L2,L3
L2,L2,L2,L3,L1
L1,L2,H2,M1,H3
L3,L1,M1,L2,L3
L2,L3,L3,H3,L2
L1,L1,L1,L2,M1
L1,L3,L3,M1,L3
L2,L2,BN,L2,L1
L3,H2,L2,L2,BN
L3,L1,L3,L2,L1
L1,L3,H3,M1,L1
L3,L3,L1,M1,H3
L1,H2,L1,L2,L2
H3,L3,L2,M1,M1
L1,L2,L3,L2,L3
L3,L3,M1,L3,L1
L1,L2,BN,L3,L2
M1,L1,L3,L2,L3
L1,L1,L1,L3,L2
L2,L2,L3,L3,L2
H3,L3,L3,L1,L3
L3,H3,L1,M1,L2
H2,H2,L1,L3,L2
H2,L2,L2,L3,H3
H3,L1,L3,H1,L1
L2,H1,L3,L3,L2
M1,L3,L1,L3,L3
L2,L2,H3,M1,L3
L2,L2,L1,M1,M1
L2,L2,L1,H2,L3
L1,L2,H2,H3,H3
L3,H2,H1,L1,L2
L1,L2,H3,L2,L1
L3,L2,L2,L3,L3
L1,L2,L1,L2,L1
L3,M1,H3,M1,L2
L1,L3,M1,L1,L3
L2,L3,H2,L1,L3
L3,L2,L3,M1,L2
M1,H3,L2,M1,L3
BN,H1,L2,L1,L3
L3,L3,L2,H2,H1
H1,L3,M1,L2,M1
L1,H2,H3,BN,L3
L3,H2,L2,L2,L3
L2,H3,L3,L2,H1
BN,L1,L3,M1,H3
L2,L2,H2,L3,L3
L1,L3,H3,L3,L1
M1,H2,L2,M1,L3
L1,M1,L3,L2,L1
L2,L2,L3,L3,H3
M1,L2,L3,L1,L1
H2,H2,L1,L2,L2
L2,L2,L2,L2,H1
L3,L3,L3,L2,L2
L2,L3,H3,L1,L2
L1,L2,M1,L3,H3
L3,M1,L3,L2,L1
L2,L3,M1,L3,L2
L2,H1,L2,L3,L1
L2,L2,M1,L1,H3
L2,H1,H3,H2,H1
L1,L2,L2,H3,BN
H2,L3,L2,H3,M1
GL,L2,L2,L1,L1
L3,L2,H1,H3,H2
M1,M1,L2,L1,L2
H2,L3,H1,L2,L1
L2,M1,L3,H2,L3
L2,L2,L3,L3,L1
L3,L1,L1,L2,L2
L3,H1,L2,L1,H3
L3,L3,M1,H2,L3
L3,L2,L2,L3,M1
L3,L2,H2,H2,M1
M1,L1,L2,L3,L1
H3,H2,L1,M1,L3
L2,L2,L3,L3,L3
H1,L1,L3,L3,M1
L1,H3,H2,L3,L1
M1,L1,BN,L1,L3
L2,L1,M1,L1,L2
L3,M1,L3,H3,H2
M1,H3,M1,M1,L2
L2,H2,L1,H2,L1
H2,L2,L2,H3,L1
L3,L3,L2,H1,L2
L3,L1,L2,L1,L3
L3,H2,L2,L3,L3
L3,L2,L1,L2,L2
M1,M1,L3,H2,H2
H1,L1,H3,L2,L1
L3,M1,L1,H3,H2
H2,L2,H2,H1,L1
L3,H3,L3,M1,L1
L1,H3,L3,L2,M1
M1,H3,M1,L3,L3
L1,L3,H1,L1,L3
M1,M1,H2,L2,L3
L1,L3,L3,GL,L1
L3,M1,M1,L2,L1
L1,L1,L2,L3,L3
L2,L2,M1,L3,L1
L3,H2,L1,L2,L3
L3,L3,L2,L1,L1
BN,L1,L2,L2,L2
L1,L1,L3,H3,L1
L2,L2,H3,H3,L3
M1,L2,L2,L2,H3
L2,L1,M1,H3,L3
L3,L1,H3,L2,L2
L1,L2,L2,L1,L2
H3,M1,H1,L1,M1
M1,BN,M1,M1,H2
L1,L1,L2,L3,L3
L3,L1,H3,H1,H1
H1,L3,M1,L2,BN
L1,M1,L3,L1,L3
M1,L3,M1,L3,H2
M1,M1,L2,L3,H3
L2,L1,H2,L2,L3
H2,H2,L1,L1,H3
L2,H2,L1,L1,L3
L2,L3,L2,H3,M1
H3,L3,L2,L3,L3
L1,L3,L3,L1,L3
L1,L1,L2,L2,L3
BN,H3,L1,L1,BN
L3,H1,L3,M1,M1
L3,H3,L3,L3,H3
L3,L3,M1,L2,L1
M1,L2,L1,L3,L3
L2,L3,L3,L3,L2
L2,L3,L2,L3,L3
M1,H1,L1,H1,L1
L3,H2,L3,L1,L2
L1,L3,L1,L2,L3
L1,H3,H2,M1,M1
H2,H2,M1,H2,L3
M1,BN,L3,L1,M1
L1,L2,L2,L3,L1
M1,L3,L3,H1,H2
H2,L3,H1,L3,L2
L1,L3,H1,H3,M1
L1,L2,L3,L2,L1
L3,H3,L3,L1,L3
H2,L3,H2,H3,H3
M1,L3,H1,L1,L1
L3,L2,L2,H2,L3
H2,M1,L1,M1,L3
L3,H2,L2,L2,L1
L1,L2,L2,L1,M1
L3,M1,L2,L3,L3
L3,L1,L2,L3,L2
L3,M1,M1,H1,L3
L2,L1,H3,L1,L1
L3,L1,L2,H3,L2
L2,L3,M1,L3,L2
L3,L1,L2,L2,L2
L3,L1,M1,L3,L3
L3,L3,M1,H3,L2
H3,M1,L3,L1,H2
M1,L2,H3,L1,L3
L3,L2,M1,H3,L2
L1,L1,L1,H1,L2
M1,L2,BN,H3,L1
H3,BN,L2,H3,L3
H1,M1,H3,L3,L1
L3,L3,L2,L1,L2
BN,L2,L3,L2,H1
L1,L3,L3,L3,L3
L3,L3,L1,L3,L2
L3,L2,M1,H2,L3
L2,L3,M1,L1,L2
M1,L3,L3,H3,L1
L2,L2,L3,H3,H3
H2,L1,L1,L2,H3
L2,H3,L1,L1,L1
L3,L1,L2,H2,L2
L1,L3,M1,H3,M1
L3,H1,BN,H2,BN
M1,L3,L1,L1,L2
BN,M1,L3,M1,M1
L2,L2,L3,BN,L1
L3,L1,H2,L2,H2
L2,H3,L2,L3,L3
L2,L3,L2,L2,L3
L2,L2,L3,L1,L3
L2,H2,L3,L3,L1
L3,H2,M1,L2,H3
L3,L1,H2,L1,M1
L3,M1,BN,M1,H2
L3,M1,L2,L1,H2
M1,H2,L3,L3,M1
H3,M1,L3,H2,H1
M1,L1,L1,L3,M1
H2,M1,M1,L2,L3
L3,H1,L3,L3,L1
L3,M1,L3,M1,L2
H3,L1,H3,L3,L1
H2,L2,H1,L1,L2
L2,L3,L2,BN,H2
L1,M1,H2,L3,L1
H3,L2,L1,M1,L3
L2,H2,L3,L3,L3
L1,L1,H1,H3,L2
M1,M1,L3,L3,L1
L2,H3,L3,L2,L3
L3,L2,L2,H1,L1
L2,L3,L2,H1,H3
BN,L1,L2,L2,L1
H3,H3,L1,L3,L3
L2,H3,M1,L3,L2
H1,L1,L1,L3,L2
H3,L2,L3,L1,L2
L2,L3,L3,L2,L1
H3,M1,L3,L1,L3
L1,L1,L2,L3,L2
L1,M1,L1,L3,L1
M1,L3,H2,L3,L1
L2,L3,L1,L2,M1
L1,L1,L3,L3,L1
L3,L2,L2,L1,L1
H1,M1,H1,L1,M1
L2,L3,H3,L3,BN
BN,L2,M1,L3,L3
L2,L2,M1,L2,L3
L2,M1,H1,L3,L2
L3,L3,M1,H1,L3
L1,L3,L2,M1,M1
H3,L3,L1,H3,L1
L2,L1,H3,L1,H3
L3,M1,L2,M1,BN
L3,L1,L3,H2,H3
H1,L3,M1,L3,L1
L3,H3,H3,H3,L1
H3,L3,M1,L3,L2
L1,L2,BN,L2,H1
L2,L1,L3,L3,M1
L3,H2,M1,L1,L3
L2,L3,M1,H3,M1
L1,L3,L2,L2,L3
M1,L1,L3,H1,L1
H3,H3,H3,L3,L1
L2,M1,M1,L1,L3
L3,BN,BN,L2,H2
L3,H3,L2,M1,H2
L3,L1,M1,L1,L1
L3,L2,L3,H2,L3
L3,L2,M1,L3,L1
L2,M1,L2,L2,H2
L1,L2,L2,L2,L1
L3,H1,L3,L3,H3
L1,L3,L2,M1,L1
L3,L1,L1,L1,L3
L2,L3,L3,L2,L2
H1,H3,M1,L2,L2
H2,H2,L2,L3,L2
L1,BN,L3,L2,L3
H3,M1,H1,M1,L3
L1,L3,L2,L3,L2
H2,L3,L3,L1,L3
L3,L1,L1,L1,L2
L1,L1,H2,L2,M1
L3,L1,L2,L1,L1
L2,L2,L2,L2,M1
H3,M1,M1,L2,L2
L1,M1,H3,L2,H3
L3,L2,L3,M1,H1
H3,L1,L3,L1,BN
L3,M1,M1,L1,L1
L3,L3,L1,L3,M1
L2,H2,BN,M1,L1
L3,L2,H1,H3,H3
L1,M1,H2,L3,L1
H3,L1,L3,M1,L2
H3,L2,L1,L2,H2
L2,H2,L3,L3,L2
L1,L3,M1,L3,M1
L3,H1,L3,BN,L2
M1,L2,H2,L1,L3
H3,L2,L3,M1,L2
L2,L1,L1,L3,H2
L2,L3,H3,L3,M1
L1,L3,H1,L3,L3
H2,H3,L1,L3,L3
L3,L2,L3,L2,M1
H2,L1,L3,H3,L3
L1,L1,H3,BN,L2
L2,M1,H3,L1,L2
L1,H2,L2,H1,L1
L1,L2,M1,M1,L2
L1,L2,L2,L3,L1
L2,L2,L1,L1,L3
M1,L2,L1,L1,L1
L2,L2,L3,L2,M1
L3,L1,L2,L2,L2
L2,L1,L3,H1,L3
L2,L1,L2,L3,L1
L2,L3,H1,L3,L3
L2,H1,L1,H3,H3
H2,L3,L3,L3,L2
H3,H3,L2,L3,H3
L3,L1,L1,L3,L3
L2,H1,H2,L3,H3
M1,L2,L1,L3,L3
H3,L3,H2,L2,L1
H3,L1,L1,M1,L2
H3,L1,H2,L3,L1
L1,H1,L2,H1,H3
L1,L1,L3,L2,L1
L2,L2,M1,L1,H1
L2,H3,L2,L3,L1
L3,L3,L2,L2,L3
H3,H3,L1,L2,L2
L2,L1,L2,L3,H3
L2,L1,L3,H1,M1
L1,L1,L1,L2,L1
M1,L2,L1,L2,L3
BN,L2,M1,H1,L2
L2,L3,L1,L3,H3
L3,L3,H3,H1,L2
L1,L3,L3,M1,L3
H3,L2,L3,H1,L3
L2,H3,L2,M1,L3
BN,L2,L2,L1,L3
L1,H3,L1,L3,L2
L3,L3,M1,L3,H2
H3,L3,L3,L2,L1
M1,L3,M1,L1,M1
L3,L1,L2,H1,L3
H2,M1,H3,L1,L1
L1,H1,L3,L2,H1
L3,L2,M1,L3,L2
H2,L1,M1,M1,L3
L3,L1,L3,L3,L2
L2,L3,L2,H2,M1
H2,L1,H3,H3,L2
M1,L3,L1,L2,H3
L1,L3,H2,L2,BN
L2,L1,M1,M1,L2
L1,L1,L2,H2,H3
L1,L2,L3,L2,L2
L3,L1,L2,L2,M1
L3,M1,L3,H3,L1
L3,L3,L3,M1,L1
L2,L2,L2,L2,L2
L1,L3,H3,L3,L2
L3,L3,H3,L3,L2
H1,M1,L3,M1,L2
L2,L3,L3,BN,M1
L3,L2,L3,H3,L1
L2,L3,L1,L3,L2
L3,H2,H3,L1,H3
L3,L1,L2,L3,L1
L3,L1,H2,L2,L1
L2,L3,L1,H1,L2
L3,L1,L1,BN,H2
L2,L3,L1,L3,L3
H1,L3,L1,L2,L1
M1,M1,M1,M1,L2
L1,L2,L1,L2,L3
H2,L1,M1,L1,L2
L1,M1,H3,L2,L2
H3,L1,L2,L1,L2
L2,M1,L2,H2,H2
L3,H3,BN,L3,L3
L2,L2,H3,L3,H2
L2,L3,L2,L1,L2
H1,L1,L1,L2,H1
L2,L3,L1,L3,L3
L2,L3,L3,L1,M1
L2,M1,L2,L3,L1
L2,L2,L1,L2,L1
L1,L3,L2,M1,L3
M1,M1,L3,L1,H3
H2,M1,H3,L3,L3
M1,L3,M1,L3,L1
H3,L1,L1,L3,L2
L3,L1,L2,L2,M1
L2,L3,M1,L2,L2
M1,H3,M1,L1,L1
L1,L2,L3,H3,L3
H1,L3,H2,L3,L2
H2,L1,L2,H3,H2
L1,H2,L3,H3,L2
H2,L3,H1,L3,L3
H3,M1,M1,L3,L1
L1,BN,M1,L1,L3
L3,H1,L3,H3,L1
L2,L1,L3,L2,L3
L1,L3,H2,L2,L3
M1,L2,L2,L2,L3
L2,L1,M1,M1,L1
H1,H1,L2,M1,L1
L2,L1,L3,L3,L3
L2,L3,L3,L3,M1
L2,L2,H3,L2,H2
L2,L1,L1,L2,M1
L3,M1,L2,L2,H1
L2,L3,L1,L1,M1
L3,L3,L1,H3,L1
L3,L3,L1,L2,L2
L2,M1,L2,L3,H2
L3,H3,L3,H3,L2
H2,L3,M1,M1,L3
L1,L3,H2,L3,L2
H1,L3,BN,H3,L3
M1,L1,L3,L2,L2
H3,L2,H2,L1,L3
L2,L2,L3,H1,H2
L3,L1,L2,L3,L1
L1,L1,L1,L2,H3
L1,H1,L1,H3,M1
M1,M1,L3,L3,H2
L2,L2,L3,H3,H1
L1,M1,H3,H1,M1
L3,M1,L1,L2,L1
L2,M1,L3,L3,L3
L3,L1,H1,H3,L1
M1,L1,L3,L2,L1
M1,H2,L2,M1,L3
H3,L1,L1,L2,M1
L2,L2,H3,L2,H2
H2,L3,L3,L3,L2
M1,H3,L3,L2,L1
H3,M1,L2,H2,L3
L2,L3,L1,L1,L1
L3,L3,L3,L1,L2
L1,M1,L2,L3,L3
L2,L2,L1,L2,M1
H2,L2,H2,M1,BN
L2,M1,L1,M1,L3
BN,L3,L3,M1,L3
L1,H2,M1,L3,L2
L3,H2,L1,M1,L1
L1,L3,L2,L2,M1
M1,M1,L2,L3,L1
L3,H3,L3,L1,L3
H3,L2,H2,H3,H1
L1,BN,L3,H3,L3
H3,L2,M1,H2,M1
L2,H1,L3,L3,L2
L3,L3,L2,H2,H1
M1,L3,H3,L1,L2
L3,H1,L1,L1,H2
L2,L2,L2,H3,H3
L1,L3,L3,L2,H3
L2,L1,L1,M1,L3
L1,H1,L3,L1,L2
L1,L3,L1,L2,L3
L3,H3,L3,BN,L3
L3,L2,M1,L2,L3
H3,L3,H3,L1,L3
L2,L1,H2,L3,L3
M1,H3,H3,L1,H2
L1,L2,H3,H3,BN
M1,L2,L2,L2,L1
L1,L3,H3,L1,L3
L3,H3,BN,M1,M1
H3,L1,L3,H2,H3
L3,H2,L2,H2,L2
L3,H2,L3,H2,BN
BN,M1,L3,L1,L3
L2,L2,H3,L2,H3
L2,H3,L1,M1,L3
L2,L1,L3,M1,L2
L3,L2,L2,L3,H3
L3,L3,M1,L3,L3
L2,L1,L3,L2,H3
L2,L3,L2,L3,H3
L2,L2,M1,L1,L3
H2,H3,L3,L1,L3
H2,H3,H3,M1,L2
H2,L2,L3,L2,L3
M1,L1,L3,H1,BN
L2,L1,L1,M1,L2
M1,L2,L2,L3,M1
L3,L3,L2,M1,L1
L2,L1,L2,L1,L3
L3,L3,L1,L1,L1
H2,L1,L3,L1,H2
H2,L2,M1,L2,L3
L2,L3,H1,L1,M1
H3,M1,L3,L3,L2
L2,L1,L3,H2,H2
L2,H2,H3,L1,L3
H2,L3,L1,M1,L2
L2,H1,M1,L2,H3
L3,L3,L3,L1,L1
L2,H3,L1,L3,H1
L1,L2,L3,M1,M1
L1,M1,L1,L1,L2
L2,L2,L2,H3,L3
L2,M1,H1,L3,H3
L2,L1,H2,H2,L1
L1,BN,L3,L3,H1
H3,L2,L1,M1,M1
L2,M1,L2,L1,L3
L1,L2,L3,L2,L1
L3,H2,H1,M1,L3
L3,H2,H2,L2,L3
L2,L1,M1,H2,L2
L2,L1,H2,H3,L3
L3,L1,M1,L1,H2
L3,L3,H3,L3,M1
L1,H3,L2,L2,L3
L1,H3,L2,L1,M1
L2,L3,L1,L3,M1
H3,L3,L2,M1,L3
H3,L1,H2,M1,H1
BN,H1,L2,L3,H3
L3,L2,L3,L2,M1
M1,M1,L2,H3,L1
H3,L1,L2,L1,L1
L3,L3,L3,H3,H3
H3,L3,L2,L2,L3
L1,H3,L2,L1,H2
L3,L3,L2,L3,L2
L2,L1,L2,M1,L1
BN,L3,L2,L3,L3
L3,H2,M1,L3,M1
M1,M1,L1,L2,L2
L1,H2,M1,L3,H2
L2,L3,M1,L1,M1
L1,L2,L1,L3,L3
L3,H3,M1,L1,L2
H3,H2,L1,L1,BN
M1,H1,M1,L2,M1
L2,L2,M1,L1,H3
H3,L2,L3,L3,L3
M1,L3,L1,L3,L3
H1,L1,L1,H3,L2
L2,L1,H1,L1,H1
L1,L3,M1,L1,L1
L1,L1,L1,L1,L2
M1,M1,L1,L2,L3
L2,L1,L2,L1,L3
H3,L2,L2,H1,L1
L2,H3,H1,H2,L2
L2,L3,BN,BN,L1
L1,L2,M1,L3,M1
L1,L1,H2,L3,L1
L1,L3,H3,L1,H3
L2,L3,H3,L2,L1
L2,L2,L2,L3,H1
L1,H3,L1,M1,H3
L2,H2,M1,L2,L1
H3,L1,L2,H2,L1
L1,L1,H3,H2,L2
L1,H1,L2,M1,L3
L1,L2,L2,L1,M1
H3,H2,L3,L1,L2
L2,L1,L3,M1,H3
M1,L3,L2,L2,L2
L1,H3,L1,L3,H2
L3,L3,L1,L3,M1
L2,M1,H3,L1,H1
L1,L2,L1,L3,H3
L1,L1,L3,L1,H1
L3,L1,M1,H1,M1
L3,L2,L1,L3,L2
M1,M1,L2,L2,L2
M1,L2,L3,M1,H3
L2,L3,L3,L2,GL
L2,L2,L1,H3,L1
L2,L1,L1,L2,H3
L2,L2,L1,L2,L3
L1,L3,L3,L3,L2
L2,H1,H2,H3,L1
L2,H3,L3,L3,M1
H2,L3,H3,H3,L2
L2,L1,L3,BN,M1
L3,L1,L1,L2,L1
L2,M1,L1,L2,L3
L3,H1,L2,L3,L3
M1,L2,L1,L2,M1
L3,L3,H3,L3,M1
L3,H2,L2,L2,L1
L2,L1,H1,L2,L1
L3,BN,M1,H3,M1
M1,M1,H3,H3,L3
H1,L1,L2,L3,L3
L1,L1,L1,H3,L2
L3,L3,H3,L3,L2
BN,L1,L2,M1,L1
L1,L2,L2,M1,M1
L1,L1,H1,L2,L3
L1,L2,H3,L1,M1
H3,L1,H3,L3,M1
L3,L2,M1,L2,L2
M1,H1,BN,L2,L3
L3,L3,L3,L3,M1
M1,M1,M1,L3,L1
L1,M1,L1,M1,L1
H3,L2,L1,M1,L2
H3,BN,H3,H1,L3
H3,L2,M1,M1,L2
L2,L3,L1,L3,H2
M1,L2,L1,L2,M1
L1,M1,M1,M1,L2
L1,L3,L3,H1,L1
L1,L3,H2,H3,L3
H1,M1,H2,H2,H3
L2,M1,L3,H1,L3
M1,L1,L3,L3,M1
M1,L2,L1,M1,M1
H3,L2,M1,H1,M1
H2,L2,L3,H2,H2
L2,L1,H3,L2,L2
H3,M1,L1,L2,H3
L3,L2,L3,L1,L3
L2,L3,L2,H2,M1
L2,L2,H3,L3,L2
BN,L2,L3,L2,L3
L1,H2,L1,L2,L2
M1,L1,L1,L3,L3
H1,M1,M1,L1,L2
L2,M1,L1,M1,L3
M1,L2,L3,L2,L1
M1,L3,L3,L1,M1
BN,L1,M1,M1,H2
H1,L3,H1,L2,L3
L1,GL,L1,H2,BN
H3,L2,L1,H3,L2
L2,L1,L2,L1,H3
L2,M1,L3,L3,H1
M1,M1,M1,L3,M1
L3,M1,M1,L3,M1
M1,L3,H2,L3,L2
L2,L1,M1,H3,H2
L2,M1,L1,H2,L1
L1,L1,H1,L1,L3
L2,H2,L3,M1,L3
L2,L3,H3,M1,L3
L1,L3,L2,H3,L3
L1,L3,L2,BN,L3
L1,L3,H2,L3,L1
H3,H3,L2,L3,L1
L3,L3,BN,L1,L1
L3,L3,L1,L3,L1
H3,L2,H1,L3,L2
L2,L3,H2,L3,L3
H2,L3,L1,L1,H3
M1,H3,M1,L1,L3
M1,M1,L3,L3,L1
H3,L1,L1,L2,L2
L3,H3,L1,L1,H3
L2,L2,BN,L3,H1
L1,L3,L2,L1,L3
L2,L2,L1,M1,L2
L1,L3,L1,L3,L2
L3,L2,H3,M1,L1
H2,L2,L3,L1,L2
L1,L1,H3,BN,L3
L2,H3,L2,L3,BN
M1,L1,L3,M1,L1
H2,H3,L3,L3,L1
M1,L1,L1,L2,L2
L1,BN,L1,L3,L1
L2,H1,H3,H3,L1
H2,M1,L3,H1,L2
H1,L1,L1,M1,H2
L3,L2,L2,L2,H3
M1,L1,L2,BN,H2
L3,L1,M1,L3,M1
L1,L2,L1,L2,H3
L3,L3,H1,L1,L2
L3,M1,M1,H2,L3
L1,H1,L2,H3,L3
H2,L2,L1,L1,L3
L3,H3,L3,L2,L2
H3,L2,L1,L1,L2
L3,L2,L2,L3,H2
M1,L2,M1,M1,H1
L1,L3,L1,H1,L2
H2,L3,M1,M1,L2
H2,M1,H3,H1,L1
L1,M1,L1,L2,L3
L1,BN,L1,H3,BN
H3,M1,H3,H2,L3
L3,L3,L1,L2,L2
L3,L3,L1,L3,H2
L3,L3,L2,L2,M1
L3,M1,L2,H3,M1
L3,L1,L3,H2,L3
H3,L2,L3,L2,L3
L3,H1,H1,H1,L3
BN,L3,M1,L1,H3
H1,L2,L3,L2,L2
L3,L2,L3,H1,L1
M1,L1,H1,L2,L2
L2,BN,L3,L1,L1
L3,L1,L2,L3,L3
L1,H2,L2,L2,H3
L3,H2,L3,L3,H1
L1,L3,H3,L2,L1
L3,M1,M1,L1,L3
L2,L1,L2,L2,M1
L2,M1,H3,L1,L3
H2,L3,L1,L2,L2
L3,H2,M1,L2,H1
M1,L1,L1,M1,L2
L3,L3,H1,L3,H3
L3,L1,L3,L1,L3
L3,L1,L3,L2,L2
L1,L2,L1,L1,M1
H2,L2,L1,H2,L3
H3,L1,L2,L1,H2
L3,L3,L2,H3,H3
L3,L1,L2,L1,L3
L3,H3,H1,L3,H3
L1,L3,L2,L2,M1
M1,L3,L1,L1,H3
H3,BN,L3,L2,L1
L3,H3,BN,H3,H2
L3,L3,H2,L3,L3
H3,L2,H2,M1,M1
L1,L2,M1,L2,L3
H3,M1,L2,M1,L1
M1,L3,L2,L3,L2
L2,L1,H1,M1,L3
L2,M1,L3,L3,L1
L2,L3,L2,H3,L1
L1,L3,L3,H3,M1
L2,L3,L1,L3,H3
H2,L1,H3,L1,H3
L2,L3,H3,L3,M1
L3,H2,L3,L3,L3
L3,L2,H3,L1,H1
L2,L2,L3,L1,L3
L1,L2,H3,M1,L2
L3,L2,H3,L3,M1
L1,L3,L3,H3,L3
H1,L1,L1,L1,H2
L3,L3,L1,M1,L2
L3,M1,M1,L3,L2
L3,L1,L1,L2,L1
M1,L1,L2,L2,M1
H2,L3,H2,L1,L2
L3,L3,L3,L2,L2
L1,BN,L3,L3,H3
H3,H3,L2,L1,H3
L3,H1,M1,L1,L1
M1,L2,L3,L2,M1
L2,L3,L3,H3,BN
L1,H1,L2,L3,H2
H3,H3,L3,H3,L3
L1,L2,L1,H1,L3
BN,M1,L1,H3,L2
L2,L2,L1,L1,L1
L2,L2,L2,H3,L2
L3,L1,L3,L2,L3
H2,L2,L2,L2,L3
H3,L2,BN,L3,H3
H3,L2,L1,H2,L3
L3,L3,H3,M1,L2
H1,L3,L2,L1,H3
M1,M1,L1,L1,L2
L3,H2,L2,M1,L1
H3,L3,M1,L1,L1
L2,L1,L3,L3,L1
L1,L2,M1,L3,M1
L1,M1,M1,L1,L1
L2,L1,H3,H1,L3
L1,L1,L1,L3,M1
H3,H2,H1,L1,L2
L2,L3,L2,H1,H2
L2,M1,L3,L1,L3
M1,L3,L1,M1,L3
M1,L1,H3,H2,M1
H1,L2,L2,L3,L1
L3,L3,M1,L3,H3
L3,H2,L2,L2,H1
M1,H1,H2,BN,GL
L3,L3,H3,L1,H3
L3,L1,L2,H3,H3
L3,L3,L2,L1,L1
L2,L1,L1,H2,L2
H1,L2,L3,L1,L1
L1,L3,L1,L2,L2
H3,L3,L3,H2,L3
H2,H1,L3,L2,GL
L1,L3,L1,L1,L1
L2,L3,L3,L1,H2
L1,L3,H3,L3,L3
L3,L3,L3,M1,H2
L3,L2,L3,M1,H1
L3,L1,L2,L2,L3
L3,M1,H3,H2,M1
M1,L2,L3,M1,L3
L2,H3,H1,L3,M1
L1,H3,L2,L3,L3
L2,M1,H1,H2,L1
L3,M1,H2,M1,H1
H1,H3,L3,H3,H3
L2,M1,L1,L1,L1
M1,L3,M1,L2,L2
L3,L3,H2,H3,H2
L1,L2,L1,H2,BN
L3,L1,M1,L1,L2
L1,L2,H3,L3,L3
L3,M1,L1,L3,L2
L1,L2,L3,L1,L1
L1,L3,H3,L3,H3
H1,M1,L1,L3,L1
M1,L3,L3,L3,H3
M1,L3,H2,L3,L1
H1,H3,L3,H1,L1
L2,L1,L1,L3,L3
L3,L2,L3,L3,L2
L1,M1,L1,L1,L1
M1,L2,L1,H1,L2
L1,L3,L3,L1,L3
L1,L2,H3,H3,H3
M1,L1,L1,H3,L2
L1,L1,L1,L2,H3
L1,L1,L1,H2,L1
H3,L3,L2,H2,L3
H2,H1,L3,L3,H3
M1,H3,L1,L3,L3
L1,L3,H3,M1,H2
M1,L3,L1,L3,M1
H2,H3,L1,L3,M1
L3,L2,L3,M1,L1
L1,M1,L2,BN,L1
L1,L1,L2,M1,H3
L3,L1,L3,L3,H3
L1,H3,M1,M1,L2
L2,L3,L2,L3,L1
L2,L2,L3,L3,L1
H3,L1,L1,L1,L1
H3,H3,L2,L3,H2
M1,M1,L3,L1,L2
H2,L2,L3,H2,L2
L2,L3,H2,H3,L3
L3,L2,L3,L3,L3
L1,L1,M1,L1,L3
H2,L3,L2,M1,L2
L1,L1,L3,L3,L3
L1,L3,L2,M1,L1
L3,H3,H3,L3,L2
L1,L2,H3,L3,M1
H3,L2,L3,L1,L1
L2,L1,H3,L1,L2
H1,L1,L1,L1,L3
L3,H1,L1,H1,GL
H2,L2,M1,L1,M1
L2,L3,L1,L3,M1
BN,L1,L3,L3,L1
H2,L3,H1,L3,M1
L2,H1,H3,H1,L1
L3,H3,L1,L2,L1
L3,L3,M1,H3,L2
L2,H3,L1,L1,BN
H1,L2,L1,L3,H1
H3,H1,L2,H3,L2
H3,L2,L1,L3,L2
H2,L3,L2,L1,L3
L2,L1,BN,L2,L2
L2,L1,L2,L2,L1
H2,H1,L1,L3,L2
H1,L2,L1,M1,L2
H3,L1,H1,L2,BN
L1,L1,L1,L3,L2
L3,M1,L2,L2,L2
M1,L1,L3,L2,L1
L2,L1,L1,H3,L1
L2,L2,L3,L3,M1
L1,H1,H1,L1,L2
L3,H2,L2,M1,M1
L3,L1,M1,H3,M1
L3,L3,L3,L2,L3
L2,L1,L2,H3,L2
L1,L2,L2,L3,H2
L3,M1,H2,L2,H3
L3,L3,L1,L3,L1
L3,L2,L1,L3,L3
H2,L3,M1,L1,L2
L3,M1,L3,L3,H1
L3,L3,L3,L3,L3
L2,L2,L3,L2,L2
L3,H2,L3,L1,L1
BN,L3,L3,M1,L3
L1,H2,L2,L1,L2
M1,L2,L3,L1,L3
H3,L1,H3,L3,L3
H3,M1,M1,L1,M1
L1,M1,L2,L2,H3
L3,M1,L1,L1,H2
H2,M1,L1,L1,L2
L1,L3,M1,L2,H2
L3,M1,L3,M1,L2
L1,L1,H1,L2,L2
L1,L3,L3,M1,H2
M1,H2,L3,L2,L2
L1,H3,M1,M1,M1
L1,H2,L2,L1,M1
L1,L3,L1,M1,L3
L2,L3,L3,L1,L1
L3,L3,L3,H1,L2
BN,L1,M1,L3,M1
M1,L1,L3,L3,M1
L1,H2,L1,L2,H3
H2,L3,H2,H3,L3
H3,L1,L1,L1,H3
L2,H3,L3,L3,H1
L1,L1,L1,L3,L1
H2,M1,L1,L2,L1
L1,M1,L3,L1,L2
L1,M1,H2,M1,L2
L3,L3,L2,L2,L3
BN,L1,M1,H3,L1
L3,H2,L3,H2,L2
L3,L2,M1,M1,H3
H2,L2,L3,L1,L2
L2,L1,L2,L1,L3
H2,H3,L3,L2,L1
H3,L3,L2,L2,M1
L3,L1,M1,L1,M1
L3,L1,L1,L1,L2
M1,L1,L1,L3,L1
L2,L2,L2,BN,M1
L1,M1,H1,L3,L1
L1,L1,M1,M1,H3
M1,M1,L3,L3,H2
L3,L3,L2,H1,M1
L2,L2,L3,L2,L3
L3,L3,H2,L1,L1
L2,L1,L1,M1,L2
L2,H2,H3,H1,BN
L1,H2,H3,H1,L3
L2,H2,H2,L3,H3
L3,BN,L2,H1,M1
L3,H1,L1,L3,H1
H1,H3,L1,L3,M1
H3,L3,L2,L3,M1
L2,M1,L1,M1,H2
H2,L3,L2,L1,L1
L1,L2,H2,H1,L1
M1,L3,L3,M1,H3
M1,M1,L3,M1,BN
L3,L1,H2,M1,L1
L2,L2,L2,L2,L1
L2,L2,L2,L3,H1
M1,L2,L1,L3,L2
L2,L3,L3,L1,L3
L2,L3,L3,L2,L3
L1,L1,L2,L3,L1
H2,L2,L1,L2,L2
L1,L2,L3,BN,L2
M1,H2,L3,H3,L1
H3,L2,L2,H1,M1
M1,H1,H3,M1,L2
L3,L3,L3,L3,H1
L3,L2,L1,L1,BN
H1,H1,L2,H3,L3
L1,L2,L1,L1,M1
H3,L1,L3,L2,L1
L3,L3,L3,H3,L3
L3,L1,L1,L3,L1
L3,L3,L3,L1,L2
H3,H3,L3,L1,H3
L1,H3,H3,M1,L2
L3,M1,L1,H3,H1
H3,L3,H1,L2,M1
L1,M1,L3,M1,L3
L3,L2,M1,L1,H3
M1,L3,L2,L1,H2
L1,L1,H2,H2,L2
M1,L2,L3,L2,L3
H3,L3,L1,H2,L1
L2,L2,M1,L3,L2
L3,L2,L2,L2,L1
L3,BN,L1,L2,L3
L2,L1,L1,L3,L2
L3,M1,H2,H3,M1
L1,L3,L3,M1,H3
L3,H1,M1,L3,L1
L1,H2,M1,L2,M1
BN,L1,L3,L3,L1
M1,L2,L3,L1,L3
M1,M1,L1,L3,L2
M1,L1,L3,L3,L1
L2,H3,H1,L2,L3
L2,M1,H1,L1,L2
L1,L2,L3,H3,M1
L3,H2,H1,M1,L3
L2,BN,L3,H3,L1
L2,L2,L3,L1,H2
M1,L2,L2,H3,L2
H3,H2,L1,L1,M1
L2,L3,L1,L2,L3
M1,L3,M1,H1,L1
L3,M1,L2,L2,L3
H3,H2,M1,L2,L1
H1,H2,H2,L1,L1
M1,L1,L3,L2,M1
L3,L3,H1,H2,L1
L1,M1,L1,M1,H1
L2,L3,L1,H3,L2
L3,L2,L3,L3,M1
L2,BN,M1,L1,L3
L3,H3,L1,L1,H2
L1,H3,L3,L2,M1
L1,L2,L1,L2,L1
H2,L2,L3,L1,L2
L1,L1,L2,L2,L2
L3,L1,H1,L2,H3
H1,L1,L3,L3,L3
BN,L1,L2,L2,M1
L1,L1,L1,L1,H3
L1,L2,L3,H1,L3
L2,M1,M1,L1,L3
L1,L3,L1,M1,H3
H3,H3,L1,L3,L2
M1,L1,M1,L2,L2
L3,L2,L2,L1,L3
L2,BN,L1,L1,M1
H3,H1,M1,H2,BN
L3,M1,L3,L3,L2
L3,L1,L1,L2,L1
BN,L3,L2,L1,L1
L3,L1,H3,L1,L3
L3,L1,L2,M1,L1
L2,L1,L1,H2,BN
L1,M1,H2,L2,L3
H2,L2,H3,L3,L2
L1,L2,L2,H3,L2
H3,L3,L1,L2,M1
H1,L3,M1,L3,H2
M1,L3,H2,L2,H3
L2,L3,L1,M1,L3
L1,L3,M1,L1,L3
L3,L3,L2,L2,L1
L1,L1,L3,L3,H3
BN,L3,L3,L1,L2
L2,H1,L3,L1,L1
L1,L2,H3,L3,M1
L3,L1,L2,M1,L3
L1,L2,L2,H2,H3
L3,L2,L2,L3,L3
L1,H2,L3,M1,L3
L2,L3,H3,H3,L3
H3,H3,M1,L2,L2
H3,L1,BN,L1,L3
L3,H1,L3,L3,L3
L3,L2,L2,H3,M1
H2,M1,L1,L3,L3
M1,L2,M1,L3,M1
L2,H1,L2,L3,L3
L3,L3,M1,H3,H3
M1,L2,L3,L3,M1
L3,H1,L3,L1,L2
L1,L1,L2,L2,L2
L1,M1,BN,L2,L3
L1,L1,L2,L1,M1
L1,L1,L3,L2,L3
M1,L3,H1,L1,H3
L1,L3,L3,L2,H3
L2,L2,L3,L3,L2
M1,M1,M1,M1,L2
L1,L3,L2,L1,BN
H2,H3,L3,L3,L3
L1,L2,H3,L2,L3
L3,H3,L3,H1,M1
L1,L1,L3,M1,M1
L3,H3,L2,L3,L3
M1,M1,H2,L2,L2
M1,BN,L1,L1,L1
H3,L3,L2,M1,L2
L2,L3,H3,L3,H3
H1,H1,L3,L1,L2
L1,L3,L1,L3,L1
L1,L3,L3,L2,L1
L2,L3,L3,L2,GL
BN,L3,L3,L3,L2
L1,L2,L1,L2,L2
L3,L1,L2,L3,L1
L1,L3,L2,BN,L3
L1,L1,L2,L1,L2
L3,H3,L3,L2,BN
L1,L2,L2,L1,L2
H2,H1,L2,M1,L3
L2,H3,H1,H3,L1
H1,H3,H1,L1,L1
H1,L1,L2,L1,L3
L2,H3,L1,L2,L3
L2,L3,L3,H1,M1
L3,L1,L3,L3,L3
H1,L3,H3,H1,M1
L3,L3,L1,H1,H1
L1,L2,H3,L3,M1
L2,L1,H3,L2,L1
L3,L2,L1,L1,L1
H3,L3,H1,L3,L1
L2,M1,L2,L2,L3
L1,L1,BN,L3,H1
M1,L2,L2,M1,H3
L2,L3,L2,L3,L1
M1,L2,L2,L2,H2
L3,L2,M1,M1,L1
M1,H2,M1,L2,L1
L3,L2,L2,M1,M1
L1,H3,L1,L1,L3
H2,L2,L2,H3,H2
L2,M1,M1,H2,L3
L3,L1,H3,L2,H2
L1,M1,L3,H2,L3
L1,L2,L1,L1,L2
L3,L3,M1,L1,L2
L2,L2,L2,L1,L2
H2,L1,M1,L1,L3
L2,L2,H3,L2,L2
H2,L1,L3,L3,L3
L3,L3,BN,M1,L1
L3,L2,L3,H3,L2
H3,L2,L3,L2,L3
L3,L3,L3,H1,M1
M1,L2,L2,L1,L3
H1,H3,H1,M1,H1
M1,M1,H3,L2,L2
H3,L3,L2,L1,L2
L1,L1,L1,L1,L1
L3,L3,L1,H2,L3
L3,L2,H3,H2,M1
L1,L3,L2,H3,L2
H3,L2,L2,H2,L2
L2,L2,L1,L3,L1
L3,L1,H3,L3,L1
H3,L2,L3,M1,L2
H3,H2,M1,H3,H2
M1,L3,L1,M1,H2
L1,GL,L3,L2,L2
L3,H1,L3,L3,L1
L3,H3,L3,L2,M1
L2,H3,L1,H3,M1
L2,L1,L3,L3,H2
H3,H1,M1,L2,L2
L2,L1,L1,L2,L1
H3,M1,L2,L2,M1
L3,L3,L3,L3,L3
L1,L1,L2,L2,L1
H3,BN,L3,L3,L2
L3,M1,L3,L1,BN
L3,H2,L1,L1,H3
L1,L3,L3,L3,M1
L3,L1,L2,H3,L3
L2,L3,L1,L3,L2
L3,L1,H3,L2,L1
L3,L1,M1,H3,H1
L1,L2,L1,H2,L3
L3,H1,H1,L2,H2
L3,L2,H3,H1,L3
L1,H1,L2,L3,L3
M1,L3,L2,L3,L3
L2,L3,L1,L3,L2
M1,L2,L1,H3,L3
H2,L2,L1,L1,M1
L3,L1,H1,L3,M1
L2,L1,L1,M1,L2
L2,L3,H1,H3,M1
L2,L1,M1,L3,L1
L3,L3,H1,L3,L3
H3,H1,L1,L1,BN
M1,L1,L1,L2,L3
L2,L1,L2,H2,H2
M1,L1,L2,L3,L2
L2,M1,L2,L3,L3
H3,L3,L1,L2,L3
L1,L1,L3,H3,L1
L3,L2,M1,L1,L3
M1,L1,H3,H3,L1
L3,L2,L2,L1,L1
L3,L1,H3,H3,L1
L2,M1,BN,L2,L3
BN,L2,L1,BN,L3
H3,L3,L1,H1,H1
L1,L2,L2,L3,L1
L1,M1,L1,H2,H1
L1,L3,H3,L2,M1
H3,L2,L3,H3,M1
L1,L3,H2,L3,L1
L2,H3,M1,L1,L3
H3,L2,L2,L3,L2
H2,L2,L1,L1,L3
L1,L3,L3,L1,H2
L1,M1,L2,L3,H1
L1,BN,L1,M1,L3
L1,L2,L2,M1,L3
L3,H1,BN,H3,M1
H2,H3,L2,M1,H3
L1,H2,H3,L1,L3
L3,H3,L1,H3,L2
L1,L2,L3,L2,L1
M1,H2,L3,L1,L1
L2,L3,L3,L1,L3
L2,L2,L1,L3,M1
L2,L2,L1,L1,M1
L1,L3,L3,L2,L1
M1,L1,L1,L3,L2
L2,L1,H2,L3,L1
H3,H3,L2,L3,L3
H2,H2,H3,H3,L3
L3,H2,L1,L3,L1
L1,H1,L3,L2,L3
L3,L2,L3,L3,L3
M1,H2,M1,L2,H3
L3,H3,L3,L1,L2
L3,H1,L2,H2,M1
H3,L1,L1,H3,L1
L3,M1,L3,L3,L2
BN,H2,L3,H1,L2
H2,L2,L2,L1,L1
L3,M1,L3,L3,L1
L3,L2,M1,L1,L2
L2,L2,H3,L2,M1
L2,L2,M1,H2,L3
L1,L2,M1,L2,L3
L2,M1,L3,L2,L1
L2,L1,L3,L2,GL
L2,L3,L1,M1,L2
L3,L2,H2,M1,M1
L2,L3,L2,H2,H2
H3,H2,L2,L2,L2
M1,L3,L3,H1,L1
M1,H1,BN,L1,H3
L1,L3,L2,L3,L3
L1,L1,M1,BN,L3
L1,L1,H1,H1,L2
L2,M1,L2,L2,L2
L1,L2,L3,L1,L2
L1,H2,L3,L1,L2
L2,H3,L1,L1,L1
H3,L1,L2,L2,L1
H2,L3,H3,L2,L1
L1,H2,L2,L2,L1
L2,L1,L3,L3,L1
L1,L1,L1,L1,L1
L3,L3,L3,L1,L2
L3,H2,H3,L1,L3
L2,L3,L3,BN,H2
L2,L3,L3,M1,L1
L3,L1,L2,L2,L3
L3,L3,L3,L3,M1
L2,M1,L1,M1,H3
H1,L1,L2,L2,H2
L2,L1,L2,L2,H1
M1,M1,L3,L1,H3
L2,M1,M1,L1,L3
M1,L1,L1,H2,L1
L1,H1,L2,BN,L1
M1,H3,L1,L3,M1
L3,L1,L1,L3,L2
L1,L3,H3,L3,L1
L1,M1,L2,L3,L2
L1,H2,L3,H2,H1
L2,H3,L1,L2,L1
L3,L1,L2,L2,L1
L1,L3,L1,M1,L3
L2,H1,L3,L2,L1
H3,L1,L3,L2,M1
L2,L2,BN,L3,L1
L2,H1,H2,M1,H3
L1,L2,L1,M1,H2
L3,H2,H3,L2,H2
BN,L3,L3,L1,H2
M1,L2,L1,L1,H2
H2,L3,L3,L1,L2
L1,BN,L3,L3,H2
L3,M1,H2,L3,L3
L3,L1,L3,L3,L1
H2,L2,L2,L3,H1
L3,H3,H3,L3,H3
L1,L1,L1,L1,L2
L3,H3,L2,H3,H3
H3,L3,L2,L3,L2
L3,L3,H2,L2,L1
H3,L3,L3,H2,M1
L2,L2,L2,L3,L1
L3,L1,H1,H1,L2
L1,L1,L2,L2,H1
H3,L1,L3,L2,H3
L2,L2,L3,L1,H1
L3,L3,L3,H2,L3
H3,H2,L3,L1,H1
L2,H3,L1,H2,L3
M1,L1,L2,H3,L1
L3,L3,L2,L1,BN
L1,L2,L3,L1,H2
H3,H3,L2,L2,L2
L3,L3,L3,H1,H2
M1,L2,H3,L2,L3
L3,L3,L2,H3,L2
L3,L1,L1,L2,M1
L1,L3,M1,L3,L1
L3,M1,H3,H2,L3
L3,H3,H2,L3,L2
M1,H1,L2,L1,L2
H3,L1,M1,L1,H3
L1,L1,L1,L1,L2
L2,L1,GL,L2,H1
L2,H3,L1,L3,L2
L1,L2,L1,M1,L2
L3,L1,M1,L1,H3
H2,L2,L1,H1,L2
L3,L3,L3,H3,L2
H3,H1,L3,L3,H2
L3,L1,M1,L1,L3
H3,L2,L3,M1,H2
L2,L3,H3,M1,L2
H3,L2,H1,L1,L2
L2,M1,L2,L3,M1
L2,L2,L2,H1,L1
L3,L2,L3,BN,H3
L1,L3,M1,L1,L3
L2,M1,H2,L2,L3
L3,L3,L2,L3,H1
M1,L3,L3,M1,L3
L1,L1,L2,BN,L1
M1,H2,L2,L2,L2
L2,M1,L1,L1,H3
L2,L2,M1,H2,L3
L1,L3,H3,L2,L3
L3,L1,L2,L2,L3
L2,M1,BN,BN,L3
L1,L2,H2,H3,H2
H2,L3,H1,H3,L2
L1,L3,L2,L3,L3
H3,L1,L1,L2,L2
L3,L1,L3,L2,BN
M1,L3,L3,H2,M1
H2,L1,H2,L2,M1
M1,M1,M1,L1,M1
L2,H3,H2,L2,L2
L3,H3,L3,H3,L2
H3,L1,L3,L3,L3
L2,M1,L3,H2,H1
L2,L3,L3,L3,H3
L1,L1,H2,M1,M1
L2,L1,L2,L2,L3
L1,L2,M1,BN,L1
L1,H3,L2,L1,L3
H3,L2,L1,M1,L3
L2,M1,L1,H2,L2
L2,H3,M1,L2,L3
L1,L2,L1,L1,H3
L1,H1,L2,L1,M1
L1,H3,L1,H2,L2
L2,M1,L3,H3,L3
M1,M1,M1,L2,M1
L3,L2,L3,L2,H2
H1,H2,H3,M1,L2
H3,L3,L2,L2,L2
BN,L1,M1,L2,L2
L2,L2,L1,L3,M1
M1,L3,H3,L2,M1
L3,H2,M1,M1,L1
L3,H3,BN,M1,L3
L2,H3,L3,H2,L3
L3,L2,H3,M1,L2
M1,L3,L2,L2,L1
L3,H1,L1,L1,L3
L2,L1,L2,L3,L2
L3,M1,H3,L2,L2
L2,L2,L1,H3,L1
H1,L3,M1,L2,L1
M1,L2,H3,H2,M1
L3,M1,H3,M1,L3
L3,L2,L2,L3,L1
L3,L3,L1,L3,M1
L3,L3,L3,M1,L3
H3,L2,H3,L1,L3
L3,L2,L2,L3,L3
H1,L1,L2,L2,M1
L3,L3,L3,L2,L1
M1,M1,M1,L3,M1
L2,L1,M1,M1,L2
L1,H1,H3,L3,L1
M1,L1,L1,L1,L2
M1,L1,L2,H2,L1
L3,L2,L2,M1,L3
H2,L3,BN,L2,L2
L2,M1,M1,L1,L1
H3,L2,L3,L1,L3
L2,BN,L3,L1,H3
L1,M1,L2,H3,H3
L1,H2,L3,L2,L3
L2,L2,L3,L1,M1
L2,H1,BN,BN,L2
H3,L1,L2,L1,M1
L2,L3,H3,L3,L1
L3,L2,L2,L2,L3
L3,L1,H3,H1,H1
BN,H1,L1,H2,H3
L2,L3,L2,L2,L3
L3,L1,L2,H3,L3
L2,M1,M1,L3,L2
H2,L3,L1,L1,L2
L1,L2,L1,H1,H1
M1,M1,L1,L2,L3
L3,L1,H3,L1,L1
L3,L3,L3,M1,L2
BN,L1,H3,L2,L2
M1,L3,L3,L2,H3
L2,M1,L3,L1,M1
H1,H3,L1,L3,M1
L2,L2,H2,H1,L3
M1,L2,L1,L3,H3
L1,H2,L2,H3,L2
L3,L1,L2,L2,H2
H3,M1,M1,L2,L3
L3,H3,L3,M1,L3
L1,L3,L1,L1,L1
L2,H2,M1,H1,M1
L2,H1,L3,L2,L3
L1,L3,L2,M1,L1
M1,L3,L1,H3,L3
H3,L3,H2,M1,M1
L2,L3,L1,L1,L2
M1,H3,H2,L1,L3
L2,L3,M1,L1,L3
L3,H2,H3,L1,L1
H2,L2,L1,H2,L2
L1,L1,L3,L1,L1
M1,L1,L1,L2,L1
L3,M1,L1,H1,L1
M1,L3,M1,L3,L2
L1,BN,L3,H3,L2
H3,L1,L2,L2,M1
L3,L3,M1,H2,H1
H1,L1,L2,L3,L2
L2,L2,L2,L2,L3
L3,L2,L2,L3,M1
BN,L1,H1,L1,L3
L2,L2,L1,H1,L1
H3,H1,L3,GL,H1
L2,H3,L2,H2,L1
L3,H2,L1,L2,L2
M1,M1,H2,L3,H3
L2,H1,M1,L3,L3
M1,M1,L1,L2,L2
M1,L3,L3,H2,L3
L3,H3,L2,L3,H1
L2,M1,L2,L2,H2
M1,H3,M1,L3,M1
H3,H1,L3,L3,H3
L2,L2,M1,L1,M1
L3,L3,L1,L2,BN
L2,H3,L2,L1,L3
L2,L3,L3,M1,L1
M1,M1,L2,M1,M1
L3,L3,L3,L3,H1
L3,L1,L2,L2,L2
L1,M1,L2,L2,L1
L2,H2,H1,H3,L1
L1,L3,L2,L2,H2
L1,L3,H2,H2,L2
H3,L2,M1,H2,BN
H3,L3,M1,L1,L2
L1,L2,M1,L2,L3
M1,H3,L2,L3,H3
M1,M1,L3,L2,L1
L1,L1,L1,H2,L1
L3,L3,L1,L2,L1
M1,L1,H2,H3,L3
L1,L3,L3,L1,L2
H2,L2,BN,H2,H3
L3,L2,L2,H2,L3
L1,L1,L3,L1,L2
L1,L1,L1,L3,H1
L1,L2,L2,H2,L1
M1,L3,L2,H2,L3
M1,L3,L2,L3,L1
M1,L3,H1,L1,H2
H3,L2,L2,H2,L1
L2,H2,H1,L3,H1
L2,L2,L3,L3,L1
L3,BN,L1,L1,L3
L3,L3,L2,L1,H2
L1,M1,L1,H2,L2
L2,H2,H2,L2,H2
M1,L1,L3,L2,H1
GL,L2,M1,M1,M1
M1,L2,L3,H3,H2
L1,L2,L1,H3,M1
L3,L2,L3,H3,L3
L2,L2,H2,L2,L3
L3,L3,L3,H3,L3
L3,L1,L2,L2,L2
L3,L2,L2,L3,L1
L3,L1,L3,L2,L2
L1,M1,H3,L3,L2
L1,M1,M1,L3,L1
L2,L3,L3,H1,L1
BN,L2,L1,L1,H2
L3,L1,L3,M1,L3
L1,H3,L1,L3,L3
H2,H3,L2,L1,L2
L1,L1,L3,L3,L3
H2,L2,L1,L3,L3
L2,H2,L1,H3,M1
L2,L3,L3,L2,L3
L2,H1,L1,L2,L2
L2,L2,H3,L2,L1
L1,L2,L1,L2,H2
H2,L1,L3,L2,H3
L1,H2,L3,L1,M1
L1,L3,M1,L2,H2
L1,H3,L3,H3,L1
H3,L2,L2,H3,L1
L2,L3,H2,L3,M1
L2,L2,M1,L2,H1
H2,L1,L3,L3,H2
L3,H3,H3,M1,L3
M1,L1,BN,L3,L1
L2,L3,L1,H2,L2
L2,H3,M1,L2,H1
L2,L3,L1,L3,H3
L1,L2,L3,L1,L3
M1,L3,M1,H2,L3
L2,L2,H3,M1,M1
H1,L2,M1,L1,L3
L1,L3,L1,L1,H2
L3,H3,L3,M1,H3
H1,H2,H3,L1,H2
L1,H2,H1,BN,L3
H2,H3,H1,L1,H2
L1,M1,H2,L3,L2
L2,L1,L1,L3,L3
L2,L2,L2,L3,L3
L1,L2,L3,H3,L2
L1,L1,L3,H2,M1
L2,L1,H2,L2,H2
L3,L2,L3,M1,L1
H2,L1,M1,L3,H3
H3,M1,L3,H1,BN
L1,L1,L3,M1,L1
M1,L3,H3,L2,L3
M1,L1,L2,L3,H1
L2,L1,L1,L3,M1
L2,L2,M1,L2,L2
L2,L2,M1,L2,H1
L1,M1,L3,L3,H1
H1,L3,M1,L3,L2
L3,L1,L1,M1,L2
H3,L3,H3,L2,L1
L3,L1,M1,L3,M1
L3,L3,L2,M1,L2
M1,H3,H1,L3,L3
H3,M1,L3,H3,L1
L1,H3,H2,L3,L3
M1,L2,H2,L2,H3
L3,L2,BN,H3,L1
H2,L1,H2,L2,L1
L3,L3,L2,H3,L3
L3,L1,L3,L2,L2
H2,M1,H3,L3,L2
L2,L3,H3,L3,L2
M1,M1,L3,L2,L3
H3,L3,L2,L3,L2
L3,L2,L2,L1,L3
L3,L2,L1,L2,H1
L2,L1,L1,M1,L3
M1,H2,L1,L3,L3
H1,L1,L1,L2,L1
M1,L3,M1,L1,BN
L3,L1,H1,L1,L2
L1,L1,L2,L2,L2
L2,H3,H2,BN,L1
L2,H1,M1,L1,L1
M1,L2,L3,L1,L2
L2,BN,L1,L3,L2
L2,L2,L1,M1,L1
M1,L2,L3,L3,BN
BN,M1,L1,L2,L1
H3,L1,M1,H2,H3
L2,BN,L3,L3,L1
L2,M1,H1,L2,L1
L2,L2,L3,M1,L1
L2,L3,L3,L1,H3
L3,L1,H3,L1,L3
H3,L2,M1,L2,H3
M1,L1,M1,H2,L2
L1,L3,L3,L3,M1
L1,L2,M1,L2,L3
L2,M1,L1,L3,H3
L2,BN,L3,L3,L1
L2,L1,L1,H3,L1
L2,H3,H1,M1,L3
M1,H1,M1,L3,H2
M1,L3,L1,L1,L2
L3,L3,H1,L2,M1
BN,L3,H3,L3,M1
M1,L2,H3,L1,L3
M1,L1,L3,L3,H1
M1,L3,L2,L2,L3
L2,H2,L1,L1,L1
L1,H3,L2,L1,L2
L1,L1,L1,H3,L3
H3,L2,L3,H3,M1
H2,L1,L2,L1,L3
L3,M1,L2,M1,L3
H2,H2,L1,L3,L1
L2,L2,L2,M1,H2
L2,L2,L2,H2,BN
L3,L3,L1,H2,L3
M1,BN,H3,L3,H3
L3,L1,L2,L3,L3
L3,L1,L1,L2,L3
L1,L3,L1,H3,L3
L1,L2,L2,M1,L2
L2,L3,M1,M1,L1
M1,L2,L2,L2,L1
H3,L3,L2,L1,H1
L1,L2,L2,L2,L2
L3,L2,L1,H3,H1
L2,L1,H3,L1,L2
L1,L3,M1,L3,L1
M1,L1,L3,H3,L1
L1,H3,L2,L2,L2
BN,L2,H2,L3,L1
M1,L2,M1,L2,L2
L1,L3,M1,L2,L1
L3,L3,H2,H1,M1
L1,L2,GL,H1,L2
M1,L1,L1,H1,H1
L2,L2,L1,L2,L3
L1,L2,L3,L3,M1
L1,L3,L2,L2,L3
M1,L1,L1,H1,L3
L2,L3,H1,L1,H2
M1,H2,L3,L1,H2
L1,L2,L3,L3,BN
L2,H3,M1,L2,L1
L1,L1,H3,H3,L3
L3,L2,H3,H1,L1
H3,L2,H2,L3,L2
L3,L2,L1,L1,H2
L1,L3,L2,L2,M1
H2,BN,M1,M1,M1
L3,H2,L3,L1,H2
H1,L2,L2,L2,L1
L1,M1,L3,L3,H3
L3,L2,L2,L2,L3
L3,L1,L1,M1,L1
M1,L2,L2,L3,L3
L2,M1,H3,L2,H1
H1,L2,H3,H3,M1
H3,L3,M1,H2,L1
H1,H3,M1,L3,L2
L2,H2,L2,H2,H2
L3,H1,L3,L3,M1
H2,M1,L2,M1,L3
L1,L2,L2,L2,H1
L2,L2,L2,L3,L3
H3,H3,M1,L3,L1
L3,L3,M1,L2,M1
M1,L3,BN,L3,L2
L3,L3,L1,L1,L1
L1,L1,H3,L3,L3
L1,BN,L2,L1,L1
M1,L3,L3,L2,L3
L1,L3,L2,BN,L2
L2,L1,H2,L3,BN
L3,L1,L2,H2,M1
L3,L3,L1,H3,L1
M1,H3,H2,M1,M1
H2,M1,L3,H1,L3
L3,L1,L3,L3,L3
M1,L1,L3,L2,L3
M1,L3,L2,L1,L2
L3,L3,H2,L2,L3
L2,L2,L3,M1,L1
H2,M1,L3,L2,L3
L3,L1,L2,L2,L2
M1,H2,M1,L1,L1
L1,L1,L1,L2,L3
L3,L1,L2,L1,L3
L3,L3,L3,L1,L1
H2,L2,BN,H2,L1
M1,L2,M1,L3,M1
L2,L2,L2,L1,L2
L3,H3,M1,M1,L3
L1,L3,H3,L3,BN
M1,L2,L3,M1,L3
L3,L3,L2,L3,L3
H1,L1,L1,L2,L2
L2,M1,L1,L1,H3
H3,L2,L2,M1,M1
L3,L2,BN,H2,H2
L2,L1,L2,L2,L1
L3,L2,L2,BN,H2
M1,L3,H3,L3,L2
H3,L3,L1,L1,H2
M1,L1,M1,L3,H3
M1,L2,H3,L3,M1
M1,BN,L1,L3,L3
L3,L3,H2,BN,BN
L3,L2,BN,L2,L2
L1,L2,M1,M1,L3
M1,GL,L3,L1,L1
L2,L1,L1,H3,L1
L1,L2,L3,L1,H2
L2,L1,L2,H3,H3
L2,L1,H3,L1,L2
L2,L3,L3,L1,L2
L3,L2,H2,L3,L2
M1,L3,L2,H3,M1
M1,L3,L2,H2,M1
H1,H3,L2,L1,L3
H3,L2,L3,L2,M1
M1,BN,L3,H3,L1
L3,M1,L3,H2,M1
M1,L1,L2,L3,L2
L1,L3,L1,L3,L3
M1,L1,L1,L1,L1
L1,H3,M1,H2,L2
L1,L2,L1,L1,M1
M1,L2,H3,L3,M1
L2,L2,L2,L2,H3
L3,L3,L2,L3,L1
L2,L3,L1,L1,L1
L2,L1,L3,L2,M1
L1,H3,L1,M1,L3
L2,H2,L3,L1,L1
H2,L3,H2,L1,L2
M1,L1,L3,H2,H1
L2,L2,L3,L3,L1
L1,H3,L3,BN,L2
M1,H2,L1,L1,H2
L2,L1,L2,H1,L2
L2,L2,L2,H2,L3
L3,L1,L2,L2,L2
L3,H3,L3,L1,L1
L3,L3,L2,L1,H2
L1,L1,L1,L2,L1
L1,H1,H2,L2,H1
H1,H3,L3,L2,L3
H3,L3,L3,L1,L2
L1,L1,BN,M1,L2
L1,L2,L3,H2,L3
L2,L1,H1,L2,M1
H1,M1,H2,H1,L1
H3,L2,L2,L1,L1
L3,BN,H2,L1,H3
L1,L3,L2,L2,L1
M1,L3,H3,L1,L3
H3,L3,L3,H1,H3
H1,L3,L1,L3,H3
L3,L1,H1,M1,L1
L2,L1,L1,L2,L1
M1,L1,L3,L1,L1
L1,L3,L3,H3,H1
L3,L3,H1,H3,L2
L2,M1,L3,L1,L3
H3,M1,H2,L1,L1
L2,L3,L3,L2,L3
M1,L3,L3,M1,L2
L3,M1,H2,L1,H2
L1,H2,L1,M1,H2
L3,L2,L1,L2,L3
L1,L1,H3,H3,M1
L3,L2,H3,H3,H1
H3,L2,L3,L3,M1
L2,L2,L2,L3,L1
L1,L1,L2,L2,L2
L1,L1,L2,M1,M1
L3,L3,H3,L3,L1
M1,M1,H3,H3,L2
L2,H3,L2,L3,L3
L2,L3,L3,L1,H3
M1,M1,L2,L2,L2
L3,L2,L3,L3,H1
L2,L2,H2,H2,L3
L1,L2,H3,M1,L2
H3,L3,L3,L2,L1
L2,H3,L2,L2,L3
L1,L3,L1,L3,H3
L3,L3,L3,L1,L3
H1,M1,L2,L3,L2
H3,L1,L1,M1,L2
L3,L3,L3,L3,L3
L3,H2,L3,L1,L1
L3,L2,L2,L1,H3
L2,L3,L2,L1,H3
L2,L1,L3,L2,M1
H3,H3,M1,L1,L2
L3,L1,L2,H2,L1
H1,L3,H3,L1,H1
L1,L2,L2,L1,L3
L3,L2,H3,M1,H2
L1,L2,H2,L1,L2
L2,L3,L2,H1,L2
H3,L2,H3,L1,L3
L3,L3,L2,BN,H1
M1,L3,L2,L2,H1
L2,L3,L2,L3,L1
L1,H1,L3,L3,H2
L1,M1,L2,L2,M1
L3,L2,L1,L1,H2
M1,M1,H1,L2,L3
L1,L2,L3,L2,L2
BN,L2,L3,L3,L1
L3,L2,H1,L3,BN
L3,L3,H3,H2,H2
L3,H3,L2,L2,H2
L1,L1,H2,L2,L2
H1,L1,M1,M1,L2
L3,L2,M1,H3,L2
L3,H3,L3,BN,L3
L3,L2,L1,L3,M1
L1,H2,L3,H2,L3
L2,M1,L3,L3,M1
H3,L1,L1,L3,H3
L2,L2,M1,L3,L1
L1,M1,L2,L3,M1
H3,H3,L1,L3,L3
L3,H2,L2,M1,BN
L2,L1,H2,L2,M1
L3,L1,L2,L2,L2
BN,L1,L1,L2,L3
L2,L2,BN,L3,H3
H3,H1,L1,L1,M1
L2,M1,L2,L1,L2
L3,L1,L3,M1,L3
L3,L1,L3,H3,L3
BN,L2,L3,M1,L3
L1,L3,L3,L3,L1
H2,L1,L2,M1,M1
L1,H1,M1,L2,L1
L1,L1,L3,GL,L3
L2,L3,L3,L2,L3
L3,L3,BN,L3,L1
L3,L3,L3,L3,M1
L2,M1,L3,H2,L2
H3,M1,H3,L2,L1
L2,L2,L2,M1,L2
H2,M1,L3,L3,L3
L1,L3,L2,L3,L3
L2,H2,L3,L3,L1
L3,H3,L1,L3,L3
M1,L3,L1,L3,BN
L2,L3,L1,L3,L3
H3,H3,M1,H2,L2
L2,H1,L1,L1,M1
M1,L1,H3,L1,L3
L2,M1,M1,H3,L1
L1,M1,BN,L1,L3
H3,L1,L2,H1,H3
L3,L3,M1,L1,L1
L2,H2,L3,L3,H1
M1,H3,L1,M1,L2
H3,L3,L3,L3,L2
L2,M1,L2,M1,L3
L2,L2,L2,L2,L1
L3,M1,L2,L2,H2
L3,L2,L3,L1,L1
L2,L2,H3,L3,H2
L2,L2,M1,H3,L3
H3,M1,L1,L3,M1
H1,L1,L1,L3,L3
L1,BN,L2,L1,L1
M1,H3,L2,L2,L1
L1,M1,L1,L3,L2
H2,L1,L2,L1,M1
L1,H3,L3,L2,L1
L3,L2,L1,L2,M1
M1,L3,M1,BN,L1
L1,L2,L3,L1,L2
L3,H1,L1,L1,L1
L1,M1,L2,L3,L1
L2,L1,M1,L2,L1
L1,L1,L3,L3,BN
L1,M1,BN,M1,L3
L1,L2,L2,BN,L1
M1,L1,L1,H2,L3
M1,M1,M1,L3,H3
L1,L1,L3,L3,M1
H2,L3,L2,L1,L1
L2,M1,L3,L3,L2
L1,L2,H3,L1,L1
M1,H1,L2,L3,L3
L1,L1,M1,L2,L3
L2,L3,H1,L3,M1
L3,L3,L1,M1,L1
L3,H2,L2,BN,M1
H2,L2,L2,H2,M1
L1,M1,H1,L3,L2
L2,L2,L3,M1,L2
L3,L3,L2,H3,L1
H3,L3,M1,L2,L2
L3,L3,L3,L2,BN
L1,L1,L2,L1,L1
L2,L1,L1,M1,L2
BN,L3,L1,L3,L1
L3,L3,L1,M1,L1
H2,L1,L1,BN,H1
L3,L1,L2,L3,L2
L2,L1,L3,L2,L3
L3,M1,L2,L1,H3
L2,L1,H1,H3,H3
L1,L3,H2,L1,L2
H3,L1,BN,H3,L1
L2,L3,L2,L2,L2
L3,H2,L1,L3,L3
L3,H3,L3,M1,L1
L2,L2,L1,H3,L2
L3,H1,L3,L2,L2
M1,H3,L3,L2,L2
L3,H1,M1,L2,L2
H2,L3,M1,L3,L3
M1,H3,L2,M1,L2
L3,L2,H1,L2,L3
M1,L3,L1,L3,M1
L3,L3,M1,L3,H3
L3,H1,L3,M1,L3
L1,L1,L3,L3,L3
L1,L2,L1,H3,L3
L1,L3,L3,L1,L3
L1,L3,H3,L3,L2
L3,L2,L1,L2,L1
H2,L3,L3,L3,L2
L1,L2,M1,L2,M1
L1,L3,L1,L1,L2
L3,L3,M1,L3,L3
L3,L2,L2,L2,L1
H3,M1,L1,L2,L3
M1,H3,L2,L1,M1
L2,L2,L3,L3,L3
L3,L3,M1,L1,L2
L2,L2,L2,M1,L1
M1,L3,BN,L2,L2
L2,L1,H1,L2,L3
M1,M1,M1,L2,L3
M1,H3,L2,M1,M1
M1,L3,L2,L3,M1
L3,L1,BN,L1,L3
L1,M1,L2,L3,L3
L2,L3,L2,L1,L1
L2,L1,H2,L2,L3
M1,L3,L1,L1,L3
L3,L2,L2,H1,L1
L2,L2,L3,M1,L1
M1,L3,L2,L2,L1
L3,M1,L1,L2,L2
L2,L3,L2,M1,L3
L1,M1,L3,L3,M1
H3,L1,M1,M1,M1
H2,L2,L1,L3,L3
H2,L2,L3,L1,L3
BN,L3,L1,L1,L1
L2,M1,H3,L2,L2
L1,H2,L2,L2,L2
H1,L2,L3,L3,H3
L3,GL,L1,H1,M1
L2,L3,L1,L2,L1
L1,L3,H2,L2,L1
L3,L1,L1,L3,L1
H2,L3,L2,L2,L2
L3,H1,L3,L1,H3
L1,L3,M1,L3,L3
L2,L2,L1,L3,M1
L3,L2,L2,L1,L2
H3,L3,M1,M1,H1
M1,L2,L2,H1,BN
H2,L3,L3,L2,L3
H2,L2,L3,L2,M1
L3,L3,M1,L3,L3
L3,L1,L3,L3,H2
L3,H2,L1,L3,L2
L1,H2,L1,L3,L1
L3,L3,L1,L1,L2
H2,L3,L3,BN,L2
L2,M1,L2,L1,H3
L2,L3,L1,L3,L1
L3,L3,L1,L3,L1
H3,L2,L1,L2,M1
H2,L1,L3,L3,L2
L1,L3,H3,H3,L3
L3,L3,M1,L2,L3
L1,L2,L3,M1,H3
L1,L1,L3,BN,L1
M1,H1,L3,L1,L2
L1,M1,M1,L2,L2
L1,L3,M1,M1,L1
L1,L1,L2,M1,L1
L2,L1,L2,L3,M1
L1,L2,L3,H2,L1
L2,H3,L3,L1,L3
L3,L1,M1,L3,L3
M1,L1,M1,M1,H1
L1,H2,L2,M1,L2
H1,L2,M1,L3,M1
L1,H1,L1,L2,H3
L1,L1,L1,L3,M1
L2,L3,L2,H3,H3
L2,BN,H1,L2,H3
H1,L2,L2,M1,L2
H3,L1,BN,L3,M1
L1,L1,L3,H1,H2
H3,L1,L1,M1,L3
H2,L1,L1,L1,L3
L3,BN,H2,L1,L3
L1,L1,L1,L1,L2
H2,L1,H3,L1,M1
L3,H2,L2,L2,L3
H1,L1,H3,L2,L1
M1,L1,M1,H3,L2
L3,L2,BN,H2,L1
L2,L2,L1,L1,M1
H2,M1,L3,M1,L3
L2,L3,L1,L1,H3
H1,L2,H1,L2,L1
H3,L2,L1,L2,M1
H3,H3,L2,L3,H2
L3,L3,H1,L1,L3
L1,L3,L3,L2,L3
H3,H1,L3,L2,L1
L1,L1,M1,L2,H3
L2,L2,L1,L1,H2
L1,L2,L2,M1,L1
L3,L3,BN,M1,H3
L3,L2,L3,L1,L1
L1,M1,L3,L1,L1
H2,M1,L2,L1,L3
H2,H3,L3,H3,L2
M1,M1,L1,L1,L3
L3,L1,M1,L2,L2
L1,L1,L2,L3,M1
H3,L3,M1,L2,H3
L1,H1,L1,L3,L3
L1,L3,L2,H3,L1
L3,H3,BN,L2,L1
M1,H3,L3,L1,L3
H2,H3,L1,M1,L3
H2,H3,L2,H3,H3
H3,M1,H2,L2,L3
H2,L3,L3,L2,M1
BN,L1,L1,L2,L3
H3,L1,L3,H2,M1
L2,L1,L1,L2,M1
M1,M1,L1,L3,L2
M1,L3,H2,L1,L1
H3,L3,L3,M1,L1
H2,L2,L2,M1,L1
L3,M1,L3,L1,L1
L1,H2,L2,H3,L1
L3,L2,L3,L2,M1
H3,H2,L2,L1,L1
L1,M1,L1,M1,L1
L3,L3,L2,L2,M1
L3,L3,L3,L3,L2
M1,L3,L2,BN,H3
H2,L1,L1,L3,L3
L1,L1,L2,L3,H1
M1,L3,M1,H2,L3
M1,L2,L3,H1,L3
M1,L3,H2,L3,L1
L3,M1,L2,L3,M1
L3,L3,L3,L2,H1
M1,H2,L2,L2,L3
L2,L3,L3,L2,L1
L1,L3,BN,L2,L3
L2,H3,L1,L1,M1
L3,L3,M1,L3,M1
M1,L2,M1,M1,L1
M1,H2,L2,L1,L2
H3,L2,L3,L1,M1
H3,L2,L3,M1,L2
L2,L2,L2,H3,L1
L1,L2,L3,L2,L2
L3,M1,H3,L3,L2
L3,L3,H2,L2,L2
H3,H3,L3,L1,L1
H2,M1,H1,M1,L2
H3,M1,H1,L1,L3
L3,L2,M1,L3,L3
BN,L1,H2,L2,M1
L3,L3,L2,L2,L2
L2,L1,L1,L2,L2
L1,M1,H2,L1,L1
L3,H3,H1,L2,H3
L1,H3,L3,L3,H1
H3,L2,M1,BN,H1
L1,L2,L3,L3,L2
L2,L2,M1,H3,L3
L2,L1,L3,L3,L1
M1,L3,H1,M1,L1
M1,L3,L2,L2,H1
L1,BN,L1,L2,H2
M1,L3,L1,H2,L1
L3,L3,L2,L2,L3
L3,H2,L3,M1,L3
L1,M1,L1,L1,M1
L2,L1,L3,L3,L1
L2,BN,L3,L1,L1
L1,L1,L2,L2,L3
M1,L2,L2,L1,M1
H3,L3,H2,L3,L2
M1,L3,M1,H1,L3
L2,H2,L3,M1,L3
L3,L2,H3,L2,H3
L2,L3,L3,L3,L3
H2,L1,L1,L3,BN
L1,L3,L3,L3,M1
L3,M1,M1,L3,L1
BN,L1,M1,H3,L1
L2,L2,H3,L2,L3
L2,L2,L1,H1,L2
L1,H3,L1,M1,L3
L2,H1,M1,L2,L3
L3,H3,L1,L3,H3
L1,L3,L2,L3,H2
L3,H3,M1,L1,L3
M1,L3,M1,L2,L1
L3,L1,L2,H3,M1
H2,L2,L3,L2,L2
L3,H1,L1,L2,M1
H2,L1,L2,L2,L3
L3,H1,L3,L1,M1
H1,L3,M1,L3,H3
L3,L2,H3,L1,H3
H2,H2,L2,L2,H3
H3,L3,H3,L3,L2
M1,L2,M1,H3,L2
L1,L1,L3,L3,L2
L1,M1,L1,L3,L3
L1,L1,H1,M1,L1
H2,L1,H3,L2,L1
H2,L1,L1,M1,M1
L2,H2,L2,H3,L3
L2,L1,L3,L2,L2
BN,L2,L3,L2,L3
L3,L2,L2,M1,H2
M1,L2,L3,BN,L1
L2,L3,GL,H2,L2
L3,L3,L3,L3,L1
H3,H2,L2,M1,H2
L3,L1,BN,L1,H3
L1,M1,L1,L1,L3
L2,BN,M1,M1,L2
M1,L2,L1,L1,L3
L2,L2,L3,L3,M1
BN,M1,H2,L1,L3
L2,L3,H3,M1,BN
L2,L3,L1,L2,L3
L3,L3,H3,L2,L1
L3,L1,M1,L3,M1
L3,M1,M1,L3,L1
L2,L1,L3,L1,H1
H3,L3,L2,L1,H3
L2,M1,M1,L2,L1
L1,L3,L1,L2,L3
H1,L3,H3,M1,L1
L3,L1,H3,L2,L3
M1,L2,L3,H3,M1
H1,H3,H1,BN,M1
L3,H2,M1,L3,L2
L1,H2,H2,L3,H3
L3,L2,L2,M1,L2
L3,H1,L3,L2,L2
M1,L2,L3,L2,M1
M1,L2,L2,L3,L2
L2,L2,L1,L2,L3
L1,H3,L2,H3,L1
L3,H3,H2,L3,L2
L2,L3,L2,L2,L3
H3,L3,BN,L2,L1
L1,L1,L3,M1,L2
L3,L3,L1,L2,L3
H3,M1,L2,H2,L2
M1,M1,L3,L1,L1
H2,H3,M1,L2,L2
L1,L2,L3,M1,L3
BN,L1,L2,L2,H1
L1,H3,L2,L3,M1
L3,L1,L2,L3,L1
L2,L2,L3,H3,H2
L1,M1,L3,L3,H3
M1,L2,L2,L3,L1
L2,M1,H1,L1,L1
M1,M1,M1,L1,H2
L1,L3,L3,H2,L3
L3,L1,H3,L2,L2
L3,H3,M1,BN,L1
L1,M1,L2,L3,L1
L3,M1,L1,L3,L3
L2,H2,L1,M1,L1
L3,L2,M1,L3,L3
L3,H2,L2,L3,L3
H1,H1,H3,L2,M1
L2,L3,L1,H3,L2
L1,L3,H3,L1,M1
M1,H3,L2,L1,L2
L1,L3,L3,L2,L1
L2,L3,L1,L1,H3
L1,L3,L2,L1,M1
M1,H3,L2,L2,L2
L3,L1,M1,L3,L3
L1,L2,L3,L3,L1
L2,L1,GL,H3,L2
L3,L2,L1,L2,M1
BN,L3,L3,H3,L3
M1,M1,M1,L1,L2
L3,L1,L2,L1,M1
L2,L2,L2,L2,L2
M1,L2,L2,L1,L3
L2,M1,L2,H2,M1
L2,L2,L3,L1,H2
L2,M1,L2,L2,L1
L1,M1,L1,L1,L3
L3,L2,L2,L1,L2
L2,L1,L3,L3,GL
L2,L1,L3,L1,L1
L1,L3,L2,L2,L3
L1,L2,BN,L3,L2
H1,L3,L2,L3,L2
L3,BN,L3,L2,L2
L3,L2,L1,L1,L2
L2,L3,L2,L2,L3
L1,L3,L1,L3,L3
L1,L3,M1,BN,L3
L1,H3,L2,L1,L3
L1,L3,H3,H2,M1
M1,L3,L1,L3,L3
L2,L3,M1,L2,L2
L3,L2,L3,M1,L2
L1,L1,L2,L1,H2
L2,H1,L1,L1,L2
L2,L1,L3,L2,L1
H1,L3,M1,L3,H3
L3,L3,L3,L1,L3
M1,H2,M1,L3,L3
H3,L1,M1,L1,L1
H3,H3,L1,L2,L3
L1,L3,L3,L2,H3
H3,M1,L3,L1,L1
L3,L2,L2,M1,H1
L1,H2,L2,L2,L3
L1,L1,L3,L2,L2
L3,M1,L1,L2,L3
L2,L3,H1,M1,M1
H1,L3,L3,L1,H2
M1,L3,L3,H2,L1
M1,L1,M1,H3,L2
M1,H3,L3,H3,L1
L2,L1,H2,L1,L2
L2,L2,L1,L1,L2
L3,L1,L2,L2,L3
H3,L3,L1,L1,H1
L3,L1,L2,BN,H1
M1,L1,L3,L2,L3
L2,L1,L1,M1,M1
L2,L2,L3,H3,L3
H1,L1,M1,H2,L3
H3,L2,M1,L1,L3
L3,L3,L2,M1,L1
L3,L3,L2,L2,H3
L1,L3,L3,L2,H1
L2,L3,L3,L1,L2
L1,L3,L2,L2,M1
L1,M1,L3,L3,H2
M1,H1,H1,L1,L3
BN,H3,L1,L2,L2
L1,M1,L3,H1,L3
H2,M1,L1,H2,L2
L3,L1,L1,L2,L3
L1,L2,L1,M1,L2
M1,L3,L3,H2,L2
L3,M1,L1,M1,H2
L1,L1,H3,L1,H2
H3,H2,L1,M1,L1
H2,H3,H1,L3,M1
L1,L1,M1,M1,L3
H1,L2,L3,L3,L3
H2,L3,L2,L3,L3
L3,H3,L2,M1,L2
H1,L3,M1,M1,H2
L3,L2,L3,H3,L2
H3,H1,H3,M1,L3
L2,L1,L3,L2,M1
L1,L2,M1,L3,L1
L2,L3,H3,M1,L3
H1,L3,L1,L3,L3
H2,L2,L1,L1,M1
L1,L3,L1,H1,L1
L3,L1,H2,L1,L2
M1,H1,L3,L3,H2
L1,L2,M1,H3,L3
H1,M1,L1,H2,L3
BN,L3,L2,L1,L3
H1,H1,L3,L3,L1
L3,L2,L2,H2,L2
H3,L3,L2,H1,L3
H2,L2,L3,H3,M1
H3,L1,L2,L1,L2
L3,L2,L1,L2,H2
L2,L2,M1,L1,H3
H3,L2,L3,H3,H2
L2,H3,L3,L3,H2
M1,M1,L1,L1,L1
L3,H3,L2,L2,L2
L2,L1,M1,H1,L1
L1,L1,L1,L2,H1
BN,L3,L3,L3,M1
M1,L2,H1,L3,M1
H3,L1,L1,L1,L1
L3,L1,L2,M1,L2
L2,L2,H2,L2,L3
L3,L1,L3,L2,L2
L2,M1,L3,L2,L1
L2,L3,L1,M1,L2
L3,L1,L3,H1,L1
M1,M1,M1,L1,L3
M1,L1,L2,H1,H3
H1,L2,H2,L3,H3
L2,BN,M1,M1,M1
L2,L1,H1,L1,M1
L3,M1,L2,H3,L2
L1,H2,L3,L1,L2
L3,H2,M1,L1,L1
H3,H1,L2,L1,L3
L2,L2,L1,L2,L3
L3,H2,L3,L2,L2
L1,H2,H3,M1,L2
H2,L3,H2,M1,L3
L2,L2,L3,L1,L3
L3,L3,L1,M1,L2
BN,M1,H3,H1,H1
M1,H3,L3,L1,H3
H3,M1,L2,L1,H3
L2,L2,L1,L1,H3
L1,M1,L2,L2,BN
L1,L2,L3,H3,L2
H2,BN,L2,L3,L3
L3,L1,L3,L3,H3
L3,L3,L2,L2,H3
L3,M1,L3,H2,L2
H2,H1,H1,L2,BN
L2,L2,L2,L2,L1
L2,H3,L3,H1,L1
L3,L3,L2,L2,H3
L1,L3,L3,L3,L1
H2,L3,H2,L2,L3
L3,H3,H3,L2,BN
L3,L1,M1,L1,M1
L2,M1,H3,L2,H1
BN,L3,H1,L3,L2
L3,L3,H2,H3,L3
M1,M1,L3,L1,L1
L2,H2,H1,L3,H2
L1,L1,M1,H2,L2
L2,L2,M1,L2,L2
L1,L3,L3,L3,H2
L3,L1,L3,L3,H2
M1,L2,H3,H2,M1
BN,L1,H2,L3,H3
H1,L1,H1,L1,H1
L2,L1,BN,L2,M1
L3,H2,L1,L2,L2
L3,L3,L3,BN,L2
M1,L2,L3,L3,L2
L3,L2,L3,L2,L2
BN,L3,L1,L2,L2
L2,L3,L1,H3,L2
M1,L2,M1,L2,L3
M1,M1,M1,L1,H3
L3,L3,L3,M1,L1
H2,H1,L3,M1,L3
M1,M1,M1,L3,L2
H3,L3,H2,L3,L2
L3,L2,H3,L2,L1
L3,H3,H2,H3,L3
L3,M1,L3,M1,L1
L2,L2,H2,L1,L1
L2,M1,H3,L2,L3
L1,L1,M1,H2,L1
L1,L1,H3,H3,BN
H2,M1,H3,L3,L3
M1,M1,L2,L1,L1
L2,L1,H2,L3,H2
M1,L1,L1,L1,L2
H3,H3,L1,L1,M1
M1,M1,H2,L2,L3
L2,L3,L1,L3,L2
M1,M1,M1,L1,L2
L3,L3,L3,L1,H1
H2,L2,L2,L3,M1
L1,L3,M1,M1,H2
M1,L1,L2,L3,L2
L2,M1,L3,L3,L3
H2,L3,M1,L1,L2
BN,M1,L1,L3,L2
M1,H2,L2,L3,L2
L3,L2,L2,H3,L3
M1,L2,L2,L1,M1
H3,M1,M1,L1,L3
L3,H3,H1,L3,H2
L1,L3,L1,L3,L3
L3,L3,L3,H3,L2
L1,L3,BN,L1,L3
H2,L2,H2,H1,L3
H3,M1,L2,L2,L1
H2,L2,L1,H3,L1
L1,H1,L2,L2,L3
L2,L1,L2,H3,M1
L2,L2,M1,L1,L1
H1,L2,H3,L3,M1
L3,L3,M1,H2,L1
L2,M1,L2,M1,L3
H3,H3,L3,L3,M1
L2,L1,L1,M1,M1
M1,L3,H3,L3,BN
H3,M1,H1,BN,L3
M1,H3,L1,M1,L1
M1,L2,L2,H1,L3
L2,H2,L1,L3,L2
L3,H1,H2,L3,M1
L3,H3,H3,M1,L2
L3,L2,L3,M1,L2
L2,L3,L2,L3,L3
M1,L1,L3,M1,H1
H3,L1,L3,L2,H2
L2,L3,M1,M1,L2
L1,L3,H1,M1,L3
L3,L2,L3,L3,BN
L3,L1,L3,BN,L3
H3,H3,L3,L2,M1
L3,L3,L1,L2,L2
L1,L3,L3,L3,H3
M1,L3,M1,L3,H2
L3,L1,M1,L2,L1
L1,H2,H2,H1,L2
L3,M1,L1,M1,M1
L1,L2,L2,H3,L1
L3,L2,H1,M1,M1
L3,L3,L3,L3,L3
M1,L3,M1,M1,L2
L1,H1,L3,L3,L3
L2,L1,L3,H2,L3
L1,L3,L2,H2,L1
L3,L1,M1,L1,H1
BN,BN,L1,L2,L3
L3,L1,L1,L3,L3
L2,L3,L2,L3,L2
M1,L2,M1,L3,L3
L3,L3,H3,L2,M1
L3,L3,M1,M1,L3
H1,L2,H3,L1,H2
H3,L3,L2,L2,L1
L3,H2,L3,L1,H2
L3,L1,L1,L3,L2
H3,L3,L2,BN,M1
L1,H2,L1,H2,M1
L3,M1,M1,L2,H2
L3,L1,L3,L3,L3
H3,L1,M1,L3,L2
L3,L2,L2,L1,L3
L2,L2,L2,BN,L2
M1,M1,L3,L1,L1
L3,L1,L1,H2,L3
M1,BN,BN,L2,L3
H2,M1,M1,L1,H3
H3,L3,L2,M1,L1
H3,L1,L2,L3,H3
L3,L1,H3,H2,M1
L1,L1,L1,H3,L3
H3,L2,M1,L2,L3
L2,L2,L2,L2,L2
L3,L3,L1,H3,L2
L2,H2,L1,L1,L2
L3,M1,L1,BN,L2
M1,L3,L1,H1,M1
L2,L2,H1,H3,L1
H3,H2,L2,M1,L1
L3,L2,L3,H2,BN
H1,L1,L2,L2,L2
L3,L3,BN,L3,L1
H1,L3,L3,L1,L3
H2,L2,M1,L1,H3
L2,L3,H3,H2,L3
L3,H2,M1,H2,L2
L3,L1,L1,H1,H3
L1,L2,L1,L3,H3
L2,H1,L1,L3,H3
L1,L2,H1,M1,L3
L2,H1,L2,H2,L3
L2,L3,L1,L1,L1
L1,L3,H3,H2,M1
M1,L3,BN,L2,BN
M1,L1,L1,H2,L3
L3,H1,H1,L3,H3
L3,L2,L2,H3,L2
L2,L2,L3,L1,L2
H3,M1,H2,H3,L2
L2,L1,M1,H3,M1
M1,M1,L3,H3,BN
L2,L1,L3,BN,L2
L3,L3,L2,H3,L3
L2,H3,L3,L2,H2
L2,L2,L2,M1,L2
L2,H3,L3,L2,L3
BN,L1,L3,L3,M1
L1,M1,H2,L2,L2
H3,L1,L2,H2,L2
L3,L2,L1,L1,L3
M1,L3,H1,L2,H3
L1,L2,L3,L2,L3
L3,L2,H1,L1,L3
H3,H1,H3,L1,H2
L2,L2,L2,L3,L2
L2,L1,L3,L1,L1
L3,H1,M1,L2,L1
L3,L1,H3,M1,L3
H3,L1,L2,L1,M1
L2,BN,L2,L3,M1
L2,L3,M1,L3,M1
L3,M1,L3,H3,M1
M1,L3,L3,L2,L2
BN,L1,H3,L3,L2
L2,H3,L3,L1,L3
L2,L1,L2,M1,L3
L3,H3,M1,L2,L3
M1,H3,H1,M1,L3
L1,L2,L3,L3,L2
L1,M1,L3,L2,H1
L3,H3,L2,H3,L3
L3,L3,BN,L3,L3
L3,L3,M1,L3,BN
L1,M1,L3,L1,L3
L2,L2,L1,L2,M1
L1,L1,L3,H3,H3
M1,L1,L2,L2,H1
L3,L3,L2,L2,M1
M1,M1,L2,L3,L3
L2,L3,M1,H3,L2
L2,L1,L3,H2,L1
H1,L2,L2,H3,H1
L3,M1,M1,H3,L3
L3,L1,L1,M1,L1
L1,M1,L3,L3,L1
L3,L3,H3,L2,L3
H3,H2,L3,L2,M1
L1,L3,L2,L1,L2
L1,L1,L1,L2,H1
L2,H3,L1,H1,H1
BN,L2,L2,L2,L3
L2,L3,L1,L2,L2
L1,BN,L3,L1,L3
L3,M1,L1,H3,H2
L1,H1,L3,L3,L3
L1,M1,L3,H2,L3
L3,L1,BN,L2,H1
M1,L1,M1,H2,M1
H3,H3,L1,H1,H2
M1,M1,M1,H2,H1
L3,L2,L2,H3,L3
L1,L3,L2,L2,L2
M1,L3,H3,L3,M1
L2,H3,L1,L2,L2
L2,M1,L2,L1,L1
H2,H1,L1,L3,L3
L3,L2,M1,L3,L3
L2,L1,L2,H1,L2
L2,L2,L1,H3,L2
H1,L1,L3,L2,L1
L3,M1,L2,L3,H2
M1,L3,M1,L2,H3
L2,M1,L3,L3,L2
H2,L3,L1,L3,L1
H2,L3,L3,H3,M1
L2,H1,L3,L1,L2
L2,L3,L1,L3,L3
L2,L3,L1,L2,H3
L3,L3,L1,L1,L1
L2,H3,L3,L1,H3
L1,L1,L3,L3,L3
L2,L2,L3,L3,L1
L1,L2,L3,L2,M1
M1,L1,M1,L2,L1
L1,L3,M1,L1,L2
L2,L1,L3,M1,L2
M1,L1,M1,H1,L1
L3,L2,L2,L2,L2
L3,L2,L1,H3,H3
M1,H1,L2,L3,L3
L2,M1,L2,L3,L3
L1,L2,L3,M1,L1
L2,L2,L2,BN,L1
M1,L2,L1,L2,L3
L2,L3,H3,M1,L3
L3,L3,M1,H1,L2
H3,L1,L2,H3,M1
M1,H2,L3,L1,L1
H2,L3,L3,M1,L1
BN,H3,L3,L1,L1
H1,L2,L2,L2,H2
L1,L1,L3,M1,L1
L3,L3,H3,L3,L2
L3,L3,H3,L1,L3
L1,H2,L1,L1,L1
L2,L1,L3,L1,L1
H3,L3,H2,L3,L2
M1,L3,L3,L2,H3
L2,L3,L2,L3,BN
BN,H2,L2,BN,M1
L3,L3,L2,H3,L2
L1,L1,M1,L1,L3
L1,L3,M1,L2,L3
H2,L3,L3,L2,H1
H1,L1,L2,L2,L1
L3,H3,L2,M1,L2
L1,L2,L3,L2,L3
L1,L2,L1,M1,L3
L1,L1,L2,L3,M1
M1,M1,M1,L1,L1
M1,L3,L3,H3,M1
H3,L2,L2,L1,L2
L1,L3,L3,L2,H3
L2,L3,H2,H2,H1
L2,M1,L1,M1,L1
L3,L3,L1,L2,L3
H3,L3,H2,BN,L3
L3,L1,L2,M1,L2
L3,L2,L1,L3,H2
M1,H1,H2,M1,L3
L3,L2,L2,L2,M1
L1,L1,H3,L1,L2
L2,L3,BN,L1,L2
M1,H3,L1,M1,L3
H2,H1,L2,L1,L1
L3,M1,L3,L1,H3
L3,M1,H2,H1,H3
L3,L3,H2,L3,L3
L3,L1,L2,H2,L2
L3,L2,L2,M1,L2
L2,L2,L3,H3,H2
L1,L1,L2,L1,L1
M1,L3,L2,L3,L3
L1,L3,M1,L3,L1
H3,L2,H3,L2,L3
L1,L3,L1,L1,M1
L1,L3,L3,L3,L2
L3,L1,BN,L2,L3
L3,L3,H1,H1,L2
L3,H2,H3,M1,L3
L2,L2,L3,H3,GL
H3,L3,H2,L2,M1
L2,L2,H2,M1,L2
H3,L1,L2,L1,M1
M1,M1,L2,L3,L3
L3,L3,L1,BN,L2
H3,H3,L1,L2,L3
L3,L3,L2,M1,H1
BN,L2,H2,L1,H3
L2,L1,L2,L1,L3
L1,L3,L2,M1,M1
M1,L2,BN,L3,L1
H2,M1,M1,M1,L3
H2,L2,L1,L2,L3
L2,L2,L3,L3,L1
L1,L3,M1,L1,L3
H2,L2,L3,L1,L1
M1,L1,L1,H1,L1
L1,H1,L1,H3,L2
L1,H2,L2,L2,L1
L2,L1,L3,L3,L3
L3,L3,L3,L3,L3
L2,M1,L3,L1,L1
M1,H2,H1,BN,M1
L1,L2,L2,M1,M1
H3,L1,L1,M1,M1
L2,L1,H1,M1,L2
L2,H3,L2,L2,H1
L2,L1,L1,L2,L2
M1,L1,L3,H3,L2
L2,L1,L1,M1,L2
H1,L2,H2,M1,BN
M1,M1,L3,M1,M1
L2,L2,L1,H2,L3
H3,BN,H2,GL,L3
L3,L3,H3,H2,M1
H2,L3,L2,L3,L1
L1,L1,L3,L3,L1
L3,L3,H2,L2,L3
M1,M1,L2,H3,L1
L2,M1,L1,L2,L1
L3,L3,L3,L3,L3
H2,L2,L3,H2,L3
H3,L2,M1,L2,H3
L2,L3,L2,L1,L2
H1,H3,L3,L3,L3
M1,H1,M1,L1,L3
L1,L3,H3,L3,H1
M1,L1,H3,L1,L2
L2,H2,L1,L3,M1
L3,L3,L1,L3,L2
L3,L1,L2,H3,L3
M1,L2,L2,H2,L1
L2,H2,L1,L3,H3
BN,H1,L3,M1,H2
L2,L3,L3,BN,M1
L3,L1,H3,M1,L1
L3,L1,L1,M1,L1
L2,L2,L3,L1,M1
H3,L1,L3,L1,H1
L2,M1,H3,H2,L1
L3,H3,L2,M1,L3
L1,L3,H3,L1,L3
L1,L1,L2,H2,H3
L3,L2,L2,H3,BN
M1,H1,L2,L2,L3
H1,L1,M1,H3,L1
L3,L2,L2,H2,L2
L3,H1,M1,L3,L1
L1,L1,L1,L2,L3
H3,H1,L2,L3,L3
L1,L3,L2,L2,L2
L1,M1,BN,L1,M1
H3,H2,L1,H2,L3
L3,L2,L2,L2,L3
L3,M1,H3,H3,L3
L2,H3,L3,L2,L3
H2,L2,M1,L2,L2
L3,H3,L3,L2,L2
L2,H1,L1,L2,H2
M1,L2,L1,L2,H1
L3,L2,L2,L1,L3
L1,M1,H3,L2,H2
H1,H3,M1,H3,L2
H2,L3,M1,L1,L1
H3,H1,L2,H3,L1
L2,L1,L3,L1,L3
L2,L2,L1,L1,L1
H2,L2,L3,L3,L1
L3,L3,L3,L3,M1
L3,L2,L2,L3,L2
H3,L3,H1,M1,L2
L1,L1,L1,H3,L3
L3,L2,H3,H3,L1
L1,L1,L3,H2,L1
L2,M1,L2,L3,L3
L2,L2,H3,L3,M1
H1,L2,L3,L1,L3
H3,L2,H2,L1,M1
L3,L3,BN,L2,L1
L1,L3,L2,L1,H2
L2,H2,L3,L3,H3
L1,L1,L1,L3,L3
L1,L1,L2,L3,L1
L2,L3,L3,M1,L3
L3,BN,L2,M1,L2
H3,L1,L1,L2,L3
H1,L3,L1,L3,M1
L2,M1,H3,L3,L1
L3,H2,L1,L2,L1
L3,L2,H3,BN,H3
H1,L3,L1,L3,BN
L3,L3,M1,L2,L3
L2,BN,L3,L2,L3
M1,L2,M1,L1,M1
L2,L3,L2,L2,L1
M1,L3,L3,L3,L3
M1,L1,L2,H3,L2
L1,M1,L2,L1,H2
M1,L2,L3,H1,L3
M1,L1,L3,L1,L3
L3,M1,L3,L2,L3
L2,M1,M1,L2,L2
M1,L3,L3,L3,L1
L2,L1,L2,L2,H1
H3,H3,L2,H1,L3
L3,M1,L1,L1,L3
L2,BN,L1,BN,L2
L1,L2,M1,H1,L2
L2,L3,L2,L3,M1
L1,L3,L1,H1,L1
L3,H3,H3,H1,H3
L3,L3,L1,L1,M1
L2,L3,L3,L3,H3
L3,M1,L2,BN,L3
M1,H2,M1,H2,H1
L2,L3,L1,H1,H3
M1,H3,L3,L3,M1
L1,M1,L2,L2,L1
H2,L1,H3,L1,L2
L2,BN,L1,L3,H3
L1,L3,L2,L1,M1
L3,M1,M1,L2,L3
L2,L3,H3,L3,L3
L1,L3,L3,L1,L2
L2,H3,L2,L3,H1
L3,L1,L2,L1,L3
L3,L3,L3,M1,L2
L3,L2,BN,L1,L3
L1,L1,H2,H1,L1
L2,L2,L1,L1,L1
H2,L3,L3,M1,H3
H3,L3,L3,H2,H3
L2,L3,L3,L3,L1
L2,M1,L2,L3,L3
L1,L3,L2,L3,L3
L1,L1,L3,L1,H2
H2,H3,L2,L3,L3
L2,L2,L3,H1,BN
L1,M1,L1,L3,H2
H3,L3,L1,L3,L2
H1,L2,L2,L1,L2
L1,L2,H2,L1,M1
L2,H3,L2,H1,L3
H2,L2,L3,L3,L3
H1,L3,L2,H3,L2
L3,L3,L2,L2,L1
L1,L3,L2,L2,L2
L1,L3,L1,L3,BN
L2,L1,L1,H1,L3
L2,L1,L3,L3,L2
L3,L3,L1,L2,L1
L1,L2,BN,H1,L2
H2,L2,L1,L2,L1
L1,L3,L3,L2,H1
H3,L2,L2,L2,L2
L3,L1,L1,H1,L3
L2,L1,H2,L1,L3
M1,L2,M1,L2,L2
L1,M1,L3,L3,L3
L2,L3,L3,L1,H2
L2,L1,L1,L3,H2
L3,H3,L1,L3,H1
H1,L1,M1,L1,L2
L2,H2,L1,L2,L1
M1,M1,L3,L3,M1
M1,L2,L1,L3,L3
L1,H1,M1,L2,L3
M1,L1,M1,BN,H3
M1,L2,L1,L2,H2
L3,L3,H2,H3,L1
L2,H2,L3,H3,L3
L2,L1,L3,H3,L3
L2,L2,L3,L1,H2
L3,M1,L2,L3,L2
L2,M1,H2,L3,L2
L3,H1,L1,H1,H3
M1,L3,L1,L3,L2
H2,L1,L2,H3,L3
L1,L2,L2,H2,L2
L2,L1,L2,L3,L3
L3,L2,M1,L1,H2
BN,L3,H1,L3,M1
H1,H3,BN,H3,H3
M1,L2,H2,L3,L3
L2,L3,L1,L1,L1
L2,M1,L2,L1,L1
H3,L1,L3,L3,H2
H1,L3,L3,L3,L2
M1,L3,H3,M1,L3
L2,H3,L2,L3,L3
L1,L2,L1,H1,L3
M1,L3,L3,L2,BN
L1,H2,L1,L3,M1
L2,L1,H3,L3,L2
L2,L2,H2,L2,L1
L2,M1,M1,L3,L3
H3,BN,H3,M1,L2
L1,L3,L2,L1,L2
L3,L2,M1,L3,L1
L3,M1,H2,L2,L3
L3,L2,L3,L1,L2
H2,L3,M1,L3,M1
L1,H1,M1,L3,H3
L1,L3,L3,H3,L1
L3,L2,H3,L3,L2
L2,L3,L3,L2,L2
L2,L2,L1,L1,L2
M1,L2,L2,H1,H3
L1,L2,L2,H1,H2
L2,L3,L3,L3,M1
L1,L3,L2,H2,L1
L2,L2,L2,L3,M1
L3,L1,L3,L3,BN
L2,L1,H2,H2,M1
L3,M1,L3,L2,L2
M1,L2,BN,H2,L2
L2,BN,M1,BN,M1
L2,L2,H3,L3,M1
M1,L2,L3,H3,L1
L2,H1,L3,GL,L2
L3,L1,H3,L1,L2
L2,L1,H3,H3,H1
L3,L1,H2,L3,L1
L1,L3,L2,H1,L1
L1,L2,L1,L3,L3
H1,L2,L2,H3,L1
L2,L2,H2,L2,L1
L2,L3,L2,L2,M1
L3,L3,L3,L1,H2
BN,L1,H2,L3,L2
L2,H1,L3,H2,L2
H2,L2,L3,L3,L2
L3,L2,L2,L3,L3
H2,L2,L1,L2,L1
H2,H3,L2,L1,L3
BN,BN,L2,L1,L3
H1,L1,L1,M1,L2
L1,L1,L2,L3,L2
L3,H3,BN,L3,H1
L3,L3,L1,H2,L3
H1,M1,L1,L2,L1
M1,L3,L3,M1,H2
L3,H1,L1,M1,L2
M1,H2,L3,L3,L1
L1,L3,L3,L2,L2
L1,L2,L3,L3,L2
GL,L1,L1,L1,H2
L3,L3,L3,L3,L3
L3,L1,L3,L1,L2
L3,L3,L2,H3,L3
L3,L2,L3,M1,H1
H2,L1,M1,M1,H3
H2,L2,L3,L2,L1
H2,L3,L2,L1,L1
L2,L1,L2,L3,L2
L2,L1,L2,L1,H3
H3,L3,BN,L2,L2
L3,L1,L2,L1,L1
H2,M1,L3,L3,L2
L1,H2,L2,L2,L1
L1,H2,L1,L1,L2
L3,H3,M1,L3,L3
L3,L3,L3,M1,L2
L2,L1,L2,L2,L3
L2,L2,L1,L2,L3
L2,L1,L3,L2,L3
L2,L1,L1,L3,L2
H1,L3,M1,L1,L2
L3,L3,H1,L2,L2
M1,L3,M1,H3,L1
L3,L2,L2,L3,L3
L1,H2,L3,H3,L1
L1,H2,L2,H3,L3
L1,H3,L3,L1,L3
H1,L2,L3,L1,L1
L2,L2,L3,H2,L2
H2,H2,BN,H2,L2
H3,L2,H1,L2,L2
L1,L2,L2,M1,L1
L3,L2,M1,H1,L2
L3,L1,L3,BN,L1
L3,L3,M1,M1,L3
L3,H2,BN,H2,H2
L2,H2,H1,L1,L2
M1,L2,M1,L1,H3
L2,L3,L1,L3,L1
L3,L1,L3,L1,L1
L1,H3,H3,L3,H2
L1,L2,L1,M1,H3
L1,L3,BN,L2,H3
M1,L2,L1,L3,L3
L3,L2,L3,L2,GL
L3,M1,L2,L3,L1
L1,L1,L3,H2,L2
L3,L2,BN,L1,L2
L1,L2,H1,L1,L1
L3,L3,L2,L1,L3
L3,L3,M1,BN,L2
M1,L2,L1,L2,M1
L2,L2,L3,L3,L3
H2,H1,L3,M1,M1
M1,L1,H3,M1,L2
L1,L3,H2,BN,L3
H2,L2,L3,H3,H3
L3,L1,H3,H1,L3
L1,L2,L3,L2,L3
M1,L2,L3,L1,L2
H3,L1,L1,M1,H1
H2,L3,L3,L3,L1
L3,L3,L2,H3,L2
L2,L2,L1,L2,H2
L3,L2,M1,L2,BN
L2,L1,L1,L2,L3
H3,H2,L1,L3,M1
M1,L3,L1,L1,H3
M1,M1,H2,L1,L3
L1,L2,L2,L1,M1
H2,L2,L3,L2,L1
L2,L3,L3,L1,L3
L1,H1,L3,L1,L2
L1,L3,L1,H1,L3
L3,L2,L3,M1,L3
L2,L2,L1,M1,H2
M1,L2,L1,L2,L3
L3,L3,L2,L2,L3
L1,L2,L2,M1,L2
L1,L1,L3,H3,M1
L2,H3,L1,L2,L2
L1,H3,M1,L1,L3
L1,L2,H2,L3,L1
M1,L1,L1,H3,L3
H1,M1,L1,M1,L3
L1,H2,H1,L3,L1
L3,L2,L2,L1,L1
H3,H1,M1,L3,L3
H2,L2,M1,L2,H3
L3,M1,L1,H3,L3
L2,H2,L3,H1,BN
L3,H1,BN,L3,H1
L3,L1,H2,M1,L1
L3,H2,M1,L1,H2
H2,L2,L1,L3,L1
H2,M1,H1,H3,L2
L2,H1,L3,L1,M1
L2,M1,L3,L2,H3
H3,L1,H3,L3,BN
L2,L1,L2,M1,M1
L3,L1,L3,L2,L1
L3,L1,L3,L3,L1
L1,L2,L2,L1,M1
L2,L1,L3,H2,L2
L2,L1,H3,L2,H3
L2,L1,L1,H2,H3
L2,L3,M1,H2,L1
H3,H2,L3,L2,L3
H3,M1,L3,L1,L2
H3,L1,H3,L3,H1
H1,L3,H2,M1,L1
L3,L3,L2,L3,H1
L3,L2,H3,L3,L1
L2,L2,L2,L1,L1
L1,L3,L1,M1,L1
L1,L3,M1,L3,L3
L2,L1,L2,BN,H3
M1,H3,L2,L3,L1
H3,L2,L2,L1,L2
L1,L3,L2,L3,L3
L1,BN,H2,L3,BN
L3,L1,L1,L3,L2
L2,H3,L3,L1,L2
L1,L3,L1,L3,L2
L2,L3,L2,L2,H1
H1,L1,L1,L2,L2
H3,L2,L2,L3,M1
L3,M1,L3,L1,M1
L2,L1,L2,H1,L1
L2,L3,H3,L2,L1
M1,H2,L3,H3,M1
L3,L3,L1,M1,L3
L2,L2,L2,L1,L2
H2,H1,L1,L1,L1
L2,L2,L2,L2,L1
L1,M1,BN,H3,H1
GL,L3,L1,L3,L2
L2,L2,H2,L3,L2
H3,L3,L3,M1,L1
H1,L2,L2,H1,L2
L1,M1,L1,BN,L2
H3,H2,L1,H1,L1
M1,L3,L2,H1,L1
L2,L2,L2,L1,H3
L2,L2,L3,L2,L2
L2,L2,L3,L3,M1
L2,L1,L1,L2,L3
L2,H3,L3,H3,H2
L1,M1,M1,L2,L2
L1,L3,H2,M1,L1
H2,L3,H3,L2,L2
L1,L2,L1,L2,L2
H3,L1,L2,L3,L3
H1,M1,L3,L1,L3
H1,M1,L1,L2,L1
L3,L3,H1,L1,M1
L3,H2,L3,M1,H2
M1,L1,L2,H1,H2
L3,L2,L1,L2,L3
L3,L3,L1,M1,L3
L2,L2,M1,L1,L3
H1,L3,L2,H3,L1
L1,H2,H3,L3,L3
L2,L1,L2,L1,BN
L2,M1,H2,L3,L2
L2,L3,L1,L2,L2
L3,L2,M1,L2,M1
L3,L1,L1,H3,L3
L2,H3,M1,L1,M1
L1,H1,H3,L2,L3
L2,L1,L1,L1,L1
H3,L3,BN,L3,H3
L1,M1,M1,L1,L2
L3,L2,L1,H1,L2
L3,H3,H3,H2,H2
L3,H1,H3,L3,L2
L1,M1,H1,L3,H3
H3,L2,H2,L3,L3
H2,M1,L3,L2,L2
H2,L1,L1,L1,L3
L3,L1,L3,L2,L1
H3,L3,BN,L2,L1
L2,L2,H2,H3,L3
L1,L2,H2,L3,L1
L1,L2,L1,L2,L2
BN,H1,H1,M1,H2
L1,M1,L1,L1,H2
H1,M1,L2,L2,L3
L3,L2,H2,M1,M1
L2,M1,M1,L3,M1
H3,H3,M1,L2,L2
L2,L3,M1,M1,GL
H3,L1,L2,L2,M1
L3,L3,M1,L1,L3
L2,L3,H3,M1,L2
L1,L2,L3,H2,L3
H1,L2,L3,H3,M1
L3,L2,L2,L2,L2
L1,L1,BN,M1,H2
L3,L3,M1,L2,L1
L1,H3,M1,M1,L2
L1,L1,L3,L2,L3
L2,BN,H2,M1,H2
L2,L1,M1,L1,H2
L2,H2,L1,L1,L3
H2,M1,L2,L2,L2
L2,M1,L1,L1,L1
L3,L1,L2,M1,L2
M1,L3,L2,L1,H3
L2,L3,L2,L3,L3
L3,H3,L3,L1,L1
L1,L3,H2,H3,L3
M1,M1,M1,H2,L3
L1,M1,L3,L2,L1
L2,L1,BN,L1,L1
L1,H2,L1,L3,L1
L3,L1,H3,L1,L2
L1,M1,L2,M1,M1
L2,L2,L3,L1,L3
L3,M1,M1,L1,L2
H3,H3,L1,L1,L2
L2,M1,BN,L2,M1
L3,L1,M1,M1,L2
L3,H1,L2,H3,M1
M1,H1,GL,L2,L2
H2,H2,L3,M1,L2
L3,L3,L2,L2,L3
L3,L1,L3,H3,H3
L3,L3,L2,BN,L1
M1,L1,L3,L2,M1
H3,H3,L2,L1,H1
L2,H2,L1,H3,L1
L2,L3,L3,H1,L1
L3,L3,H2,L1,L2
L2,L1,M1,H3,L2
L3,M1,L3,L3,L3
H3,M1,H1,L3,L2
H2,L3,L2,H2,H3
M1,L3,L3,L3,L1
L2,L1,L3,L2,H2
H2,L3,L2,M1,H2
L2,L3,M1,M1,L3
L1,L2,L3,L3,L1
H3,L1,L1,H3,L3
L2,L3,L3,H2,L1
L1,L3,H3,M1,L3
L3,H2,L2,L2,H3
L3,L1,L3,H1,L2
L3,L2,L1,L2,H2
H3,L2,L1,H2,L1
L2,L3,L1,H1,L3
L3,L2,L1,L3,H1
L1,H1,L1,L3,H2
L2,L2,L1,L2,L1
L1,L2,H3,M1,L2
L1,H2,L1,H3,H3
L2,L1,M1,L3,H1
L2,BN,L2,M1,BN
H2,L2,L3,L3,M1
L1,L3,L1,L2,L1
L2,H2,H3,L1,H2
H3,L3,L2,H3,L2
L3,L1,L2,L2,L1
L2,L2,L2,L2,L3
M1,L3,L3,L1,M1
L3,L3,L1,L3,L2
L3,L3,L2,L2,L2
L3,M1,L1,L3,L2
H2,L1,L3,L3,L1
L1,L2,L2,H2,H3
L2,L2,L3,L3,L1
H3,L3,H2,L1,L1
M1,L1,L2,M1,L3
L3,M1,L2,L3,M1
L3,M1,L1,L3,L1
L1,L3,L2,L3,L3
L2,H3,M1,L3,L3
M1,H3,H2,M1,L3
L1,L3,H3,L1,L3
L1,L2,L1,L1,H3
L3,M1,M1,M1,L2
H2,M1,M1,L3,L2
H2,L3,L1,H2,L1
L2,L3,L2,L2,L1
BN,L3,L1,L3,L1
L2,H2,M1,L2,L2
M1,L3,L1,L3,L3
L2,L2,L1,H3,L3
L1,M1,L1,L2,L3
L1,H3,L1,L3,L1
L1,L3,L3,L3,L1
H3,L2,L1,L1,L3
L2,M1,L2,L2,M1
H2,H3,L1,L1,L1
L3,L3,L2,M1,L2
L3,L1,L1,L2,L1
H2,M1,L1,L1,L1
L2,H2,L2,L1,M1
M1,L3,L1,L2,L3
L3,L2,M1,H2,L2
L1,L2,L1,L3,L3
H2,L1,L1,L3,L3
L2,M1,H3,M1,L3
L3,L2,L3,L1,L3
L3,L3,L2,L1,L1
L2,L3,L2,H3,L2
H1,H2,L1,M1,L1
L3,L3,L2,L3,H3
L2,BN,L2,H2,L3
H1,L1,H2,L2,L1
H3,L1,L2,M1,L1
L1,L1,M1,L3,L2
L2,L3,L2,H1,L2
L2,L1,L3,L3,BN
L1,M1,H2,L1,L2
L3,L2,H1,M1,L3
L3,L3,L2,L3,H2
L1,H2,H3,L3,M1
M1,L1,L3,L2,L2
L3,H3,L1,L2,L2
L2,L3,L3,L3,L3
H2,L1,L1,M1,BN
L3,L2,M1,L3,L3
M1,BN,M1,L3,H2
L3,M1,L1,L2,M1
L3,M1,L3,L1,H3
H3,L3,M1,L3,M1
L3,H2,L2,L3,L3
H3,L1,L1,M1,H3
M1,L3,BN,M1,L3
BN,L3,L2,L3,M1
M1,L3,L2,M1,L1
L1,M1,H1,L1,L1
L2,M1,L3,BN,H3
L1,L1,L3,L1,M1
L3,L1,L1,L1,H3
H1,L3,L2,L3,L3
L2,BN,L3,M1,L3
L3,L2,L1,M1,L2
M1,L3,H2,L1,L3
H2,L1,L3,L3,L3
L2,L3,H3,L2,L1
L1,H3,L1,L1,L2
L2,H1,H1,L2,L3
L2,L1,H1,L3,L1
L1,L1,H1,L1,L2
L1,L3,L1,L3,H3
L3,M1,M1,L2,L3
L2,L3,H3,H3,L1
L1,H2,L3,M1,H3
H2,L1,L3,M1,L3
L2,H2,H3,M1,L3
M1,L1,L3,L2,H1
L1,L2,L1,L1,L2
L2,L2,H2,L2,H2
M1,L1,L1,H2,L2
L1,L3,H1,M1,L2
L3,M1,L3,M1,L3
L2,H1,L3,L3,L3
H1,L3,H1,L2,L2
BN,L2,H3,M1,L3
H1,L3,L3,M1,L2
L3,L3,L2,L3,L1
L1,H3,M1,L3,L3
L2,L1,H3,L1,M1
L1,L3,L1,L3,H1
L2,L3,L3,H1,L2
L2,L1,L2,M1,L2
H3,L3,L1,M1,M1
L1,L1,L1,L3,L1
H3,L1,L2,L1,L1
L2,L3,L1,L3,L1
L1,L1,L3,L3,M1
M1,H3,L3,H3,L2
H3,M1,H3,L2,L3
M1,L1,H3,H2,L3
L1,L2,M1,L3,M1
L2,L2,L1,H2,L3
L2,L1,L3,L3,L3
L1,L1,L3,L3,H2
L1,L3,L2,L2,L2
L1,L1,L3,L2,H2
M1,H1,L3,M1,L1
H3,L1,M1,GL,L1
H3,H2,H1,L2,L2
H2,L2,L3,L3,L2
H2,H3,L3,L3,L3
L2,H2,L2,L2,L3
M1,M1,H2,L1,L2
L3,H2,M1,L2,L3
L3,L2,L2,L2,H3
L2,H3,L1,L1,L1
L1,H2,H3,H1,L2
L2,L1,H2,L1,L3
L2,L1,L2,M1,L3
L3,H3,H3,BN,H3
H3,M1,H1,M1,M1
H1,L1,H3,L3,M1
L3,GL,H3,H2,L2
L2,M1,L1,L1,L2
L2,L2,H3,L3,L1
H2,L2,L3,L3,M1
H3,L3,L3,L3,L3
L3,L2,L3,L1,L2
L1,L2,L2,H3,L1
M1,L3,L3,L1,M1
H2,L2,H1,L3,L3
L3,L3,H1,L1,L1
L2,L2,L3,L3,H2
H3,H3,BN,L3,L3
L2,L3,M1,L3,H2
H2,L1,L1,M1,H2
H3,L1,L1,H3,L2
BN,L1,L2,L2,L3
L3,L2,L2,H2,H2
L1,L1,L3,L1,L3
L3,H3,L3,L3,L1
L2,M1,L2,H1,L3
L1,L1,H3,H3,BN
H2,L3,L3,L1,M1
L2,L2,L2,M1,L1
L1,L2,H1,L3,L2
L1,M1,L3,L1,L1
L1,L2,L2,L3,L3
L2,L2,L3,M1,L3
M1,L3,L3,M1,H3
L2,L3,M1,M1,H3
L2,L3,L1,M1,M1
L1,L3,L3,H1,L2
L1,L3,L2,M1,H1
L3,L2,L2,H3,L2
L1,L2,H3,H1,L2
L3,L1,L2,L1,L2
L1,L1,L1,L1,L2
L2,L1,H1,L2,L1
H3,M1,M1,L2,H2
M1,L3,L1,L2,L3
H3,L2,L1,GL,L2
BN,H3,H3,L1,L2
L2,H1,L3,L2,H2
L2,L2,L2,L2,H2
M1,L3,L1,L2,L3
L1,L3,L3,L3,H1
L3,M1,M1,H2,L3
L2,L2,H2,L3,L3
H3,L3,BN,L2,L2
BN,M1,L3,H3,L2
L3,L2,L3,L1,H2
L1,L3,L2,L2,M1
H3,M1,M1,L3,M1
L1,L1,L2,H2,L3
L1,L1,BN,L3,L1
L2,H2,M1,L1,M1
L2,L3,H1,L2,H3
M1,L1,L2,L2,L2
L3,L2,H2,L3,L1
L3,L2,L2,L2,M1
BN,L1,L2,L2,L2
L1,L3,L3,L1,L3
L2,H1,M1,L1,L2
L2,L1,L2,L2,L1
L2,L3,L1,L1,H3
L3,L3,L3,M1,L3
H1,H2,H1,L2,L3
L3,M1,L3,H1,L2
H2,M1,H3,L3,L1
M1,L3,H2,H2,L3
L3,L2,L1,L1,H2
M1,H3,L3,L3,L3
L2,L3,M1,L1,L3
L3,H1,M1,L1,L3
M1,L3,L3,L2,L3
L3,L1,H3,L2,L3
L2,H3,H2,L2,L1
M1,L1,L3,L2,L1
H3,M1,L2,L2,L3
H1,L2,L2,M1,H3
L3,L2,H1,L2,L3
BN,H3,L3,M1,L1
L2,L3,L3,L1,L3
L3,M1,L1,L1,L3
L1,L2,L2,M1,L1
H1,L3,H2,L2,M1
L3,L1,M1,L1,L2
M1,L3,L1,L3,BN
BN,L3,L3,L1,L2
L1,L1,M1,L2,L2
L2,H3,H2,L3,H2
H2,M1,M1,BN,L3
L1,H1,L2,GL,L2
L3,L3,M1,L2,L2
L2,L1,L3,L1,M1
L2,M1,L2,H2,L2
H3,L3,H3,L2,H2
L3,H3,L3,L2,L3
M1,L1,L2,L1,L1
L2,H2,L2,L1,L2
L2,H1,H2,L2,L3
L2,L2,M1,L3,L1
BN,L1,M1,L2,L3
L2,L3,L1,L3,GL
L1,H3,L3,L1,L3
M1,L3,L3,L2,L1
L3,L3,L1,L2,L1
M1,M1,L2,H3,L2
L2,L1,M1,L3,L1
L2,H3,L3,L3,L1
H2,L1,H1,H2,L3
L3,L2,L2,L2,M1
H2,L2,L2,L3,L2
L1,L1,L3,H2,L3
L2,M1,L1,H2,L3
L1,L1,L2,H3,M1
L3,L1,L2,H2,L3
H3,L3,L1,H1,L1
H3,L1,M1,L2,H2
L1,L1,L3,L1,L2
L1,L3,L2,H2,L2
H2,L3,H3,L3,L1
L1,H2,M1,L3,H3
L2,L2,L2,L2,L2
L3,L3,L2,L3,L1
H2,L1,M1,L1,M1
H1,L2,H3,L3,L2
H3,L1,M1,L2,M1
L1,L2,L1,M1,L2
L3,L3,M1,L1,M1
L2,L2,M1,M1,L1
H3,H3,L2,L2,L2
H1,L2,L2,M1,L1
L3,H2,H2,H2,M1
L3,L3,L1,L2,M1
H3,L3,M1,H3,L2
L1,H3,L2,L3,L1
L2,M1,L1,L3,H3
L2,L3,L2,L2,L3
H3,L3,L1,L1,L2
L3,L1,L3,BN,L2
L3,H3,L2,L1,L3
L3,H2,BN,M1,H3
M1,L2,M1,H3,L2
L2,L2,L3,L3,L3
L2,L3,H1,L3,L3
L2,L2,L1,L1,L1
L2,L3,H3,L1,H3
L2,L1,H2,M1,L3
H2,L1,L3,L1,L1
M1,L3,L3,L3,L1
L2,L3,L1,L1,H3
L2,M1,L2,L2,M1
L1,L3,L3,M1,L3
L1,M1,M1,H3,M1
L2,L1,L2,L1,L1
H3,L2,L3,H2,L3
H1,L1,L3,H3,L1
L1,L2,M1,L1,H3
L2,L3,H2,L2,L1
L2,L3,L2,M1,L3
L3,L1,M1,M1,L2
H1,M1,L1,L2,M1
L3,L2,L3,L1,L1
L2,L1,L1,L2,L1
L3,L1,H1,L2,L2
L3,M1,L2,L2,M1
L2,L1,L2,L3,L3
L3,BN,L2,L3,M1
L3,L2,L3,L2,L2
M1,L1,L2,L1,L3
L1,L3,L3,L3,L3
L2,H2,L3,L1,H3
L1,L1,L2,L3,L2
L3,L2,L2,L3,M1
H2,L2,L1,H3,H1
H2,H3,L2,L3,L2
L3,H3,L1,L2,L3
L3,L1,L1,L1,L1
M1,L3,L3,L3,L1
L3,L1,L2,L2,H2
L2,L1,L3,L3,L3
L2,L2,L3,M1,M1
L1,L1,L2,L3,L1
L2,L1,L2,M1,L2
M1,H2,L1,L2,L1
L3,L3,H1,M1,H1
L1,L2,L2,H2,L2
H3,L3,L2,L2,L2
L1,L3,L1,L2,L3
L3,L3,L1,M1,L1
M1,BN,L3,H3,L2
M1,L1,L3,L3,M1
L1,L3,L3,L2,L1
L3,L2,H2,L2,M1
L1,H3,L3,L3,L3
L1,L3,H1,M1,L2
L3,L1,H3,L1,H2
H3,H2,L2,L3,L3
L2,L3,L2,M1,L1
M1,L2,M1,L2,H2
L1,L1,H3,H2,H1
L1,L2,L2,M1,BN
L2,M1,L3,L3,L2
L3,M1,L1,L1,L1
H3,L1,L2,L3,H3
L2,H2,L3,H3,M1
BN,L2,M1,L1,L1
L2,L1,L2,L3,L2
M1,L3,M1,M1,L2
L2,H3,BN,H3,L1
L3,L1,L3,L1,L2
M1,L1,L3,L2,H2
L3,L1,L3,L2,H3
L3,L2,M1,L2,L3
L2,L3,H2,L1,L1
L3,L2,L1,L3,L3
L2,L2,L3,L3,L3
L1,M1,L1,L1,M1
L1,H3,L3,L2,L1
L1,L1,L3,H1,L2
L2,M1,L1,L1,L2
L3,L2,L3,L1,L1
BN,L1,H2,L2,M1
L1,BN,M1,L2,L3
L2,H3,L2,L3,M1
L2,L1,L3,H2,L1
L3,H2,L1,H2,L2
H1,M1,H1,L2,L2
L2,L3,L2,H1,H2
M1,M1,L2,L3,H1
L2,L3,L2,L3,L3
H2,M1,L1,L3,L3
L3,L1,M1,H3,H3
M1,BN,L3,H2,H2
L2,L3,L2,L1,H2
L3,L3,L3,L3,L1
M1,L1,L3,L1,L3
L3,L1,H2,L2,L1
H2,L3,L1,H3,H3
L1,L1,L3,L1,L1
L2,H2,H1,H1,L2
M1,L2,L3,L3,L3
L1,L2,L1,L2,L2
L1,L3,L1,H1,L2
H2,M1,M1,H3,L1
L3,L1,L3,L2,L2
L1,L1,L2,M1,H3
L1,L2,H1,L1,M1
M1,L3,H3,L1,L3
L3,H1,L3,L1,L2
H3,L3,L2,H2,L3
L1,L2,L2,H2,M1
H3,L3,L2,L2,H3
L1,L2,L3,L2,H3
H3,H3,L1,H3,H3
L3,L2,H2,L1,M1
H3,L3,L3,L2,L1
L3,L3,L3,L3,L3
L3,L1,L3,L3,L2
L2,L3,H2,L1,H1
M1,L1,L1,L1,L1
H3,L2,L2,L3,L1
L3,L3,L3,L3,H1
M1,L1,L3,L3,M1
M1,L1,H1,H3,L1
L1,L3,M1,L3,L1
L1,L3,M1,M1,L3
H1,L3,L2,M1,L2
L3,L1,L3,M1,M1
H3,L3,L2,L3,M1
L2,L3,H2,M1,L3
L3,L1,L3,H3,L2
L2,L3,L3,L3,L2
BN,L1,L3,H2,L3
L1,L1,L1,H3,L3
H2,L3,L3,H1,M1
L2,L2,L3,M1,H2
L2,L3,L1,L3,L3
L2,L3,L2,M1,L3
L1,L3,L2,L2,M1
L3,L3,L2,H1,L1
L2,H2,L2,L3,M1
M1,L2,L3,M1,H3
H2,L1,H1,H3,L1
L3,M1,L2,L1,H2
H3,L3,L1,M1,L3
L2,BN,M1,L3,L2
M1,L2,H1,L2,L2
L2,L1,L3,L3,M1
BN,L2,L1,L2,L3
H2,H2,L3,L1,L1
L1,L3,L2,M1,L2
L3,H3,L2,L3,L3
L2,L3,H3,L3,L3
M1,H1,H1,L1,L3
L3,M1,L2,L3,L3
L1,M1,L3,L1,L1
H1,BN,L3,BN,L1
L3,L2,L1,H2,L3
L1,M1,L2,L3,L1
L1,H2,L1,H1,H3
H1,L2,L3,L2,L3
L3,H3,L1,L3,L3
L3,H1,L1,L1,L3
H1,L1,M1,H3,L2
L3,H3,H3,M1,M1
L1,L2,L2,L3,L3
L2,L2,BN,L1,L1
M1,M1,L1,H2,L3
L2,M1,M1,L1,L3
L1,L3,L1,L3,M1
L1,M1,L2,L2,L2
H3,H2,M1,M1,L1
L3,H2,L2,H2,M1
L3,M1,L1,L3,L1
GL,L3,L2,H3,L2
M1,M1,L2,L1,L1
L1,M1,L2,M1,H2
L1,L2,L2,L2,L3
L3,L2,M1,H3,H3
L1,H3,L1,H2,M1
L3,BN,M1,L1,L2
L3,H3,L2,L3,L3
H2,H3,L1,L1,L2
L1,M1,H3,BN,H2
H3,L2,L1,L3,L3
M1,L1,L3,L2,L1
L2,L3,H3,L2,L1
L2,L3,L3,H3,L1
L2,L2,L2,L3,M1
L2,L2,L1,H3,L3
L3,H2,M1,M1,L3
L1,H1,L2,L2,M1
L2,L2,L1,L2,L2
L3,L2,L2,M1,L3
L2,L1,L2,H3,L2
H1,H1,L2,H3,M1
L2,L1,L3,M1,L1
L3,L2,L3,H1,L2
L1,L3,L2,L3,L2
L2,L3,L3,M1,L1
M1,L1,H3,L1,M1
L1,L2,H3,L2,M1
L3,L1,L1,H1,H1
L3,L1,L2,M1,L1
L2,M1,H2,L3,L3
BN,L1,L3,L1,M1
L1,L3,L2,H2,H1
L2,M1,L2,M1,M1
H3,L3,M1,L2,L1
H1,L3,H2,L1,L1
M1,H1,L1,H1,L3
H3,L1,BN,L1,M1
L2,L3,H3,L2,BN
L3,L2,L2,L2,M1
L1,L2,M1,L1,H1
H3,M1,L3,L2,L3
L3,L2,L1,L2,H3
BN,L1,L1,H2,BN
L1,L1,L3,L2,L3
L1,L3,L1,L1,L1
L1,M1,L1,L2,L2
L3,L3,L3,L1,M1
L1,L3,L2,L1,L1
L3,L1,L3,L3,L3
L2,L1,L2,L2,M1
M1,L2,L2,L3,L2
M1,L3,H2,L1,M1
L3,L2,M1,BN,L2
L1,H2,L2,L2,L1
L1,H2,M1,M1,H1
H2,L3,L1,H1,L1
L2,L1,L2,L3,L3
L1,H3,L2,L1,L3
M1,H3,H3,L3,L3
H1,L3,H1,L2,H2
H2,L1,L1,L2,L2
L3,H1,L1,H3,L2
H3,L1,M1,L2,H1
L3,H1,H2,L3,L1
L3,L2,L2,M1,M1
L1,L2,L1,H3,L1
L1,M1,M1,L1,L2
H2,L2,L1,H2,L2
L1,L3,L2,L1,L2
L3,L2,L1,L1,L2
L3,L1,H3,H3,M1
BN,M1,H2,L3,L3
L1,L2,L3,M1,M1
L3,M1,L2,L2,L1
M1,H3,L2,BN,L3
L3,L1,L2,M1,L3
L3,L3,L2,L2,L3
L2,L3,H2,L3,L3
L2,M1,L3,L3,M1
L2,L1,L3,L3,L3
L3,L1,H2,L3,H1
L1,L2,L3,H3,M1
L1,H2,H1,M1,L3
L1,H3,H1,H3,H3
H3,L1,L1,L3,L3
L1,M1,L1,L1,BN
L2,L3,L3,M1,L1
L1,L3,H2,H3,L2
H3,L3,L1,H3,M1
BN,H3,L3,L2,L3
L1,BN,L3,L3,L1
L2,L1,L1,L3,L2
L2,L2,L1,L3,L2
H1,L3,L1,H1,L2
H3,H1,L1,L1,H1
L2,H3,H2,L1,L3
L3,M1,H2,L1,L1
L3,H2,L3,L3,L2
M1,L2,M1,L1,L1
L3,H3,L3,H3,L2
L2,L3,L3,H1,H2
L3,L2,L2,L3,L3
L2,M1,L3,L2,L2
L3,L3,H3,L1,M1
L3,L3,M1,H3,H2
L2,L2,L1,L2,L2
L1,L2,M1,M1,H1
L2,L2,L3,H3,L3
L2,H2,H2,L1,M1
L3,L3,L2,H2,L1
L1,L1,M1,H2,L3
H2,H2,L2,L3,BN
L1,H3,L2,H3,L3
H2,L1,H3,H3,H2
L2,H3,L3,L3,L1
H3,L1,L3,H3,L3
L3,M1,M1,L3,H3
L1,L2,L2,M1,L3
L3,H3,L1,L1,H1
L1,H3,GL,L3,L1
H3,H2,L2,L2,L3
M1,BN,L3,L3,L2
L2,L2,L3,M1,L1
M1,L1,L1,L1,L2
L3,L3,L1,L3,H3
L2,L2,L2,M1,L3
H2,H3,L3,L3,H1
L3,L2,M1,L3,L2
H2,M1,L2,L3,L2
L3,L1,L3,L1,L2
L1,H1,L2,L2,L3
L1,L3,H2,L2,L1
H1,L3,M1,H1,H1
M1,L3,L3,H1,L1
M1,L3,L1,L3,L2
H3,L2,L2,L3,L2
M1,L1,L3,L2,BN
H3,L2,L3,L3,H3
L2,L2,L2,L3,L1
L3,H3,L1,M1,L1
L3,L1,L2,L3,L1
L2,L3,L2,H3,L3
L1,M1,L3,H3,M1
L3,H1,L2,L3,L2
L2,L3,L2,H1,L2
H3,L1,H1,L2,L2
L2,L3,M1,L3,H1
M1,H2,M1,L2,H3
L2,L2,L2,L2,H3
L2,L1,H1,L1,M1
L1,H2,L2,L3,L3
L1,L1,L3,H3,H1
L3,L1,L2,H2,L3
L3,L3,L3,M1,BN
L1,L3,M1,M1,L3
L1,L1,M1,L3,L1
M1,H1,L2,L1,M1
L3,L3,L3,L2,L3
BN,L2,H3,M1,M1
L1,L3,L1,M1,L1
H3,H1,L2,L3,L3
H3,L1,L2,L2,L2
M1,H2,L2,H2,L1
L2,L3,M1,L1,H3
L1,L2,L2,L2,BN
M1,L3,H3,L2,L2
L3,L3,L1,L3,L2
L1,M1,L2,L1,L2
H3,L3,L2,M1,H3
GL,L2,M1,L3,L2
L2,L3,L3,L3,L3
M1,L1,L1,L2,H2
L2,L2,L1,L3,L2
L2,M1,M1,L1,L2
L3,L1,M1,L1,M1
H3,M1,L3,L3,L1
L2,M1,M1,L1,L1
L3,L3,H3,M1,H1
L1,L2,L1,L2,L1
L1,H2,L2,H3,L3
H2,L1,L2,L1,L2
H1,L3,L2,L3,L1
M1,L1,H1,H1,L3
H3,L2,H1,M1,H1
H1,H3,H3,H1,BN
BN,L1,M1,L2,L2
L3,M1,H2,L2,L3
H1,M1,L2,L3,M1
L3,BN,H2,L1,L2
L1,H3,L3,H2,L3
L3,H2,L2,L2,L1
L2,H3,H2,L1,M1
L1,H3,L3,L1,L2
L1,H3,L1,L2,L3
L2,H3,L2,L3,H3
M1,M1,M1,L3,M1
L2,L2,H3,L1,H3
H3,L2,L2,L1,L2
H2,L3,L2,BN,L3
L3,H1,BN,L1,L2
BN,L1,L1,L1,L3
L3,L2,L2,L1,BN
H2,L2,L1,L2,H3
L3,M1,M1,L1,L2
L3,L3,L3,L1,L2
H3,L2,L1,L1,L1
L2,H3,L3,H3,H3
L3,L1,H1,L2,L3
L1,L2,M1,L3,L1
L2,L2,L2,H2,L3
H3,BN,L2,L3,L3
L2,L3,L1,L3,L3
L1,L3,H1,H3,L1
L2,L2,L1,L2,L2
L2,L2,H3,H3,H1
L3,H2,M1,H2,M1
L1,L1,L1,L1,L1
L2,L2,L3,L1,L2
L1,L2,L3,L3,L2
H1,L2,L1,L2,L3
L3,L2,M1,L3,L2
L3,L3,L3,L3,L2
L3,H3,L2,L2,L2
L3,L2,BN,L3,L1
L2,L2,L1,L1,L3
M1,L3,L3,L3,L2
M1,L3,L1,L2,L1
H3,L3,L3,H3,L2
H2,L1,L2,L3,L3
L1,L3,L1,L3,L1
L2,L2,H3,H2,H3
H2,L1,L1,L2,H3
L2,H3,L2,L3,L3
L2,H1,L2,BN,H3
BN,L3,H1,L1,L3
L3,L1,L3,L1,H3
L1,H2,L2,L2,L1
M1,M1,L3,L3,L3
M1,H1,H3,L2,L1
L1,L3,H2,L3,L3
L2,L1,L2,L2,L1
L3,L1,M1,L3,L2
M1,L1,BN,L3,H3
H2,M1,M1,L3,L1
L1,L2,M1,L2,L1
L3,L3,L1,M1,L2
L2,L2,L1,L1,L2
L1,L3,L1,L3,M1
L3,L2,L2,L1,L3
L2,H2,H1,M1,L2
L3,L1,L3,L1,L3
L1,M1,H1,L1,H1
H3,L2,M1,L2,L2
H2,H2,L3,M1,L2
L2,H3,L1,L2,L3
H2,M1,M1,H3,L2
H3,L2,M1,M1,L1
L1,BN,M1,M1,M1
L2,L1,L3,L1,L1
L3,L2,H3,L1,L3
L1,L3,M1,L1,L2
H3,L3,L1,H3,M1
L3,L2,L3,L1,L2
M1,L2,H2,H3,H2
M1,L3,L2,L1,L2
L2,L3,L1,M1,L1
L2,H3,H2,H2,H3
L1,L3,L2,H3,L2
H2,H3,L2,L3,L3
L2,L3,H2,L2,L2
L1,L3,L3,L3,L3
BN,H2,L2,L2,L2
H3,M1,L3,M1,L2
L1,H3,L3,H3,H1
L3,L2,L2,L3,L3
L1,M1,H2,H3,L2
L2,L2,L1,L1,H1
L3,L2,L3,L1,L3
L1,L1,L3,L1,L3
M1,M1,H3,M1,L2
L1,L3,L1,L1,H3
H1,L3,M1,L3,L3
H3,H2,M1,L1,M1
L1,L1,L3,L3,M1
H1,L2,L1,L1,L3
L2,H3,M1,M1,L3
L3,H3,L2,H2,L1
L2,H1,L2,L1,L1
L2,L1,L1,H1,L2
L2,L1,L1,M1,H1
L2,L1,M1,H2,L2
L1,L1,L2,L1,L1
L1,M1,L1,L3,H3
L2,L3,M1,H3,L3
L3,L2,L1,M1,L3
L3,L3,H1,H3,L1
L1,H3,L3,L1,L3
L2,L2,L3,L3,L2
L3,M1,L3,L3,L1
M1,M1,H3,M1,L2
L1,L3,L1,L3,H1
M1,L2,M1,L1,L3
H2,L1,H2,M1,L3
L2,L1,L1,L2,L1
L3,L3,L2,L3,L3
L2,L3,L3,L1,L2
M1,L3,M1,L3,L3
L3,L3,L2,L2,BN
M1,L2,L3,L1,L2
L1,L3,L2,M1,L2
L3,L2,BN,H2,H3
L3,L3,M1,M1,L1
L2,H3,L1,L1,L2
L1,L1,H3,L2,L2
H2,L1,M1,L2,L2
L1,L3,L1,H1,H3
L3,L3,M1,L2,L3
L3,H3,L2,M1,BN
H2,L1,L1,M1,L3
L3,M1,M1,L2,L1
H3,L2,L3,M1,H2
L3,L1,M1,L2,L1
M1,L2,M1,L2,L3
L3,L1,L3,M1,L3
L1,L1,L1,M1,L3
L2,L3,H2,M1,L3
M1,L3,H3,H2,GL
L1,M1,L2,H3,H3
M1,L2,L2,M1,M1
L2,L2,L1,L1,L2
L2,H3,L3,H1,M1
L3,H2,H3,M1,L3
L2,L3,L3,L2,L2
H3,L3,M1,M1,BN
H3,H3,M1,BN,L1
L2,H3,H3,H2,H3
M1,L3,L2,L3,L2
L2,M1,L1,L1,M1
L3,M1,L3,L2,H3
H1,L1,L1,L2,H2
L2,L2,L2,L3,L3
L2,H1,L1,L2,L3
L1,H2,M1,L2,M1
L2,L2,L1,L1,L1
L3,H3,M1,M1,L2
L1,L2,L1,L3,H3
L1,L2,L3,L1,L3
L1,L2,L3,L3,L1
H3,M1,L2,L1,L1
L3,L3,L3,L3,L2
L3,L3,L3,L3,L3
L3,BN,L3,H2,L2
M1,L1,L2,M1,L2
L1,L3,L3,L1,L3
L2,M1,H2,L2,BN
L1,H3,M1,L1,M1
H3,L2,L2,H3,M1
H3,H2,H3,M1,L2
L3,L3,L2,H1,H3
L1,L3,L2,BN,H3
L3,L2,H1,M1,M1
M1,L1,L2,L3,M1
BN,L1,L1,L1,M1
L2,L3,L3,L3,L1
L3,L2,L1,L2,L2
L2,L1,L2,L1,M1
L2,H3,M1,BN,L3
L3,H3,L1,M1,H3
L3,H3,M1,H2,M1
L3,L3,M1,L2,L2
L2,L1,L3,H3,L2
M1,L3,L2,L3,L3
H2,L1,L2,L2,M1
L2,M1,M1,L3,L3
L1,H1,L2,L3,H2
L1,H3,L2,L2,L1
L2,L1,H3,L3,L1
M1,L3,L3,L1,L2
L2,L2,L1,L2,L2
H2,L1,M1,L1,L3
H1,L3,L1,L3,L3
H2,M1,H3,M1,L2
H2,L2,H1,L1,L1
L3,H3,M1,L3,L1
L2,H2,L2,L1,L3
H3,L1,BN,L3,H3
L3,L3,L2,L1,L2
L3,L2,L3,L3,H1
L1,H3,L1,M1,L3
L2,H1,L3,L2,L3
M1,M1,L3,L2,L2
L2,L1,M1,L3,H2
H1,L1,L3,L1,L2
H3,L1,L3,L3,H2
L2,L2,L1,H3,H3
H3,L1,L2,L2,H3
L1,H3,L2,L3,H2
L1,M1,H3,L2,L1
M1,L1,L3,L1,L3
H1,L3,H3,L2,H1
H2,L3,M1,M1,L3
L1,M1,L2,L2,L3
L3,M1,H1,L1,L1
L1,H3,L3,M1,H3
H3,M1,L3,L1,L2
L1,L1,L3,M1,L3
L2,H1,M1,L1,L3
L3,L2,L3,L3,H3
L3,L2,L3,L3,L1
L2,L3,H2,H3,L3
H1,M1,L3,M1,L2
M1,H1,L3,L1,H3
L3,H2,L2,L3,H3
L2,L3,L3,L3,L1
M1,L3,L3,L3,L1
H2,L3,H2,L2,L1
L1,L1,L3,L1,L2
L3,H3,H3,H2,L2
L3,L3,L1,L1,M1
L2,M1,L3,L3,H3
L2,L3,H3,H3,L1
L3,M1,M1,H3,M1
L2,M1,L2,H2,H3
L3,H3,L2,L3,L1
L2,H3,L3,L2,L3
H1,H3,L1,L2,M1
M1,L1,L1,L3,L3
L1,L3,L2,H3,L3
L2,L2,H2,H3,H2
H1,L1,L3,L1,L3
L3,H2,L1,H2,H1
L3,L3,L2,M1,L1
L3,H2,L3,H3,L1
M1,L2,M1,L3,M1
L2,M1,L3,H1,M1
H1,L3,M1,H2,H3
L1,L2,L2,L3,H1
L2,L2,L2,L2,H3
L1,L1,L3,L3,L1
M1,L2,L2,M1,L2
H2,L1,L3,L3,L2
M1,L2,L1,L1,L3
L3,L1,L1,L2,L2
BN,L2,H2,L3,L1
L3,H3,L2,M1,L3
L1,H2,L2,L3,L1
H3,H1,L1,L2,L1
L2,L3,H2,H3,L1
H1,L1,M1,L3,L1
L3,H3,L3,M1,L3
L1,H3,M1,L2,M1
L2,L2,L3,L3,L2
H3,L3,L2,L3,L2
L2,L1,L3,L1,L2
L1,M1,H3,H1,L2
L1,L3,L1,L2,L1
L1,L2,H3,H3,H3
L1,H1,BN,L1,L2
H1,L3,L2,L3,L2
L3,L2,L3,L3,H3
M1,L2,L3,L1,M1
H2,BN,L1,L2,L1
L1,L3,L1,L1,BN
L3,H1,L2,L3,L3
L3,L1,L1,L2,L3
L3,L2,L2,L2,L1
L1,H3,L1,L1,L2
H2,H3,L2,H2,L2
L1,H3,H3,L1,L2
L2,L3,L1,L1,L3
H3,M1,L3,L1,L2
H2,L1,L2,L2,M1
M1,L1,H2,L1,L1
L1,L1,L2,H3,L2
L2,M1,L3,L1,L3
L1,L1,H2,L3,L2
H3,L1,M1,GL,M1
L3,L2,H3,BN,L1
L1,L2,L2,L3,H3
L2,L2,L1,H2,L2
H3,M1,L2,H2,L3
L1,BN,L1,L1,H1
M1,L3,L2,L2,H3
M1,L3,L2,M1,L3
L2,L1,L3,L2,L1
M1,H1,L2,L2,BN
L2,H3,L3,M1,L2
H3,L2,L2,M1,L1
L1,L1,M1,L1,L3
L3,M1,L2,BN,L1
L2,H2,L2,L2,L1
H2,L2,L3,L1,M1
H3,L3,L3,L2,BN
M1,L2,L1,L2,L1
GL,L3,L1,M1,L3
L2,L2,M1,M1,L3
L3,M1,H3,L1,L3
L3,L2,L2,H1,L1
M1,L3,H2,L2,L3
L3,M1,M1,L1,L3
L3,L2,H1,L1,M1
L1,L3,L2,H1,L1
L2,L2,L1,L3,L2
L2,M1,H2,L2,L2
H3,H2,H3,M1,L2
H1,M1,L1,L2,L3
L2,H2,BN,H3,H2
L1,L3,H2,L2,L1
L2,L1,H2,L1,L3
L3,L1,L1,L1,L3
L3,L2,H1,L1,L1
L3,L1,L1,M1,L2
M1,L3,M1,H3,BN
L1,L1,L3,H3,L1
L1,H2,M1,L3,L3
M1,L2,L2,L1,L2
L3,L2,H3,H3,M1
L3,L3,L2,L1,L2
L3,H1,L2,L2,L1
H2,L1,L1,H2,L3
L2,H2,L3,H3,M1
L3,L3,L3,M1,BN
L3,L3,L3,L2,L1
L1,L1,H2,H3,L3
L1,L3,L3,H2,M1
H1,H1,L1,L2,H2
H3,L3,L3,L3,L1
L2,L2,H3,H1,L2
H3,L1,L1,L2,L3
M1,L1,H2,L2,L3
M1,L1,M1,M1,H3
M1,L3,H2,L1,L3
L3,H2,L3,L3,L3
L2,L3,L1,M1,BN
L1,L1,L3,BN,L3
L3,L1,BN,L2,H1
L3,L2,L1,L2,M1
L2,L3,L2,L2,L2
M1,H2,L1,L3,H3
BN,L3,L2,L3,L3
L2,L1,M1,H2,H3
H2,L1,L1,M1,M1
H2,H3,L3,L2,L2
L3,L3,L3,H3,L3
M1,H2,H1,L2,L3
L3,H2,L2,L1,L1
L2,L3,M1,L3,M1
L2,L1,L1,L3,L3
H1,M1,L1,H1,L1
L2,L1,H2,H2,H3
L1,L3,L1,L1,L1
L3,M1,M1,L3,L2
H2,L2,L3,H3,H1
L3,L3,H2,L3,L1
BN,BN,L1,H2,M1
L1,L1,L3,L2,M1
L1,L2,L1,L2,H3
M1,H3,L2,L1,GL
L1,L1,H3,L1,L2
L1,L3,M1,M1,L3
M1,H3,H3,L1,L2
L1,M1,L3,H2,L1
L3,L2,M1,L2,L3
L2,L3,M1,H1,L1
L3,H3,M1,L1,L1
L1,L3,L1,L3,L3
L2,L3,L3,H1,L3
L3,H2,L2,M1,L2
L2,L3,L3,L3,H3
L1,L2,L2,H1,M1
L3,L1,L1,H2,L2
L2,L2,L1,L1,L3
M1,M1,M1,L1,L1
L2,H1,M1,L3,L3
L3,L1,H2,L3,M1
H2,H1,L1,H2,L1
M1,L2,H2,H2,L2
L3,L1,L2,L2,H1
L1,L1,BN,L3,L2
H3,H3,L2,BN,L2
L1,L1,L3,M1,H2
BN,L2,L2,M1,L1
L1,L2,L1,H2,L2
H3,H3,M1,L2,L1
L1,L2,M1,H2,L1
H3,L2,L2,H3,H1
L3,H2,L2,L1,M1
L3,L2,H3,H3,L1
H1,L1,H3,L3,L2
M1,L1,L3,L1,M1
L1,L1,L2,L3,L1
H3,L2,L2,L3,L3
L3,L1,L2,L1,L3
M1,H2,L2,L3,M1
L3,GL,L3,L3,L1
L2,L1,L2,L3,L1
L3,L3,L1,L2,L1
L3,L2,L3,L2,L1
M1,L1,L1,M1,L2
L3,L3,M1,H3,M1
H2,L1,L1,L3,H1
L2,L3,L3,H3,M1
L2,L1,L2,H3,L3
L2,L3,L2,L2,L2
H2,H2,L2,M1,L3
L2,L3,L2,L2,H2
L2,L3,L1,L1,M1
H1,GL,L3,L2,L2
L1,BN,L2,L1,L2
L1,H3,M1,L3,BN
L3,L2,L3,L2,H3
L3,M1,L3,BN,L3
L2,M1,L3,M1,L2
L2,L2,L3,L1,L2
L2,BN,L3,M1,L3
L3,M1,L3,L3,L2
H1,L1,L1,L1,L3
L3,L3,M1,H3,H2
L1,M1,M1,GL,L2
M1,H3,H2,M1,L3
H2,L2,L3,M1,L3
H1,L2,L1,L2,L3
L3,M1,M1,L2,L2
BN,L2,L2,L1,L2
M1,H3,GL,M1,L3
M1,L3,M1,M1,L1
L3,H2,M1,L1,H1
L3,L2,L2,L2,L2
L3,L3,L1,L2,L1
L2,M1,L2,L1,L3
L1,H3,H2,L1,L1
L3,L2,L3,L2,L1
L3,BN,L1,M1,L1
L2,L3,L3,H1,L1
L3,L3,L3,L1,M1
L3,H3,L3,H3,L1
L1,H3,L2,L1,M1
L3,L3,L3,L1,L3
H2,M1,H1,L2,L3
L3,L3,L2,L3,H3
M1,L2,L3,H2,BN
L1,H2,M1,L3,L2
H1,L3,L1,L3,H2
L3,L3,L3,L3,H1
M1,H3,M1,H2,H2
L1,H1,L1,H3,L1
M1,H3,H1,L3,BN
L1,L1,L3,BN,H2
H3,BN,L2,L2,L3
L3,L1,L2,L2,L3
H1,H1,L3,M1,H2
L2,L1,L1,H3,L3
L1,L1,L3,H1,L3
L3,L2,L3,L2,L3
BN,L2,L1,L2,H1
L1,H2,L3,L1,H3
L2,L3,L3,H3,L3
L2,M1,L3,L3,L2
L2,H3,H2,H3,L1
L1,L3,L2,H3,L3
H3,L1,L2,H1,M1
M1,H1,L1,M1,L3
M1,M1,H3,M1,L2
L3,H2,L1,L2,L2
L2,L1,H3,L3,H3
L3,L1,L1,H3,L2
H3,L1,L2,L3,H3
H2,H2,L2,L2,L3
M1,H2,H3,L3,L3
L3,L1,L3,L1,H1
M1,M1,L3,H1,L1
L1,L1,L2,H3,L2
L2,L1,L3,H2,L1
L3,L3,L1,L1,M1
L3,L2,L3,H1,L3
L3,H2,BN,L3,L1
L2,L2,H2,L2,H2
H1,L2,L1,L3,L3
H2,H2,L3,L3,L1
L3,L3,M1,L1,H2
L3,L3,H3,L3,L3
L1,H3,M1,M1,L1
L1,L3,H1,L2,L1
L3,L2,L1,L1,H1
L2,H3,L3,L1,L2
M1,L2,L2,M1,H1
M1,L3,L1,L3,L1
H3,L1,H3,H3,L1
L3,H1,L2,L2,L3
H3,H3,L2,M1,L2
H2,L3,L1,M1,L1
L1,L3,M1,L3,L3
L3,L3,L3,H2,M1
H3,H2,M1,BN,L1
L2,L2,L2,L2,M1
L1,GL,M1,L2,L1
L2,L3,L1,L3,M1
M1,L1,BN,L2,L1
L1,M1,H2,L1,H3
L3,L2,M1,M1,L1
M1,M1,L2,BN,L3
L2,L1,L2,L3,L1
H2,L1,M1,L3,M1
L2,H1,H1,L2,H3
L2,H1,M1,M1,L1
L2,L2,L2,L2,H3
L1,M1,L1,M1,L1
L2,L3,H3,L2,M1
L3,H2,L1,L1,L3
L3,L3,L3,H3,L2
L3,L2,L3,L3,H3
L3,L1,L2,L2,L2
L2,L1,L1,L3,L1
H1,L3,M1,H3,H3
H3,L2,M1,L1,L2
L2,L2,L3,H2,L3
L1,H2,L3,L3,L3
H2,L3,L3,H3,M1
L1,L2,L2,L2,L2
H3,L3,L1,L3,L2
H2,H2,L2,M1,L2
L2,L2,L3,M1,L1
GL,L3,H1,L2,L1
H2,H1,L2,M1,L2
L1,BN,L2,H1,H3
L2,L2,H2,L1,L2
L1,L2,L1,L3,L1
L1,L3,M1,H2,L3
M1,L3,H2,L3,H2
H2,H3,L2,L3,L2
L3,L1,L2,L3,L3
L3,L1,H3,L3,BN
H3,L3,L1,H1,L2
L2,L1,L2,L1,L2
L1,L3,H2,L1,H2
H3,L1,H1,L2,H3
BN,H3,L3,L1,M1
L3,L1,L1,L1,L3
M1,L2,L1,L1,L3
L1,L1,L2,L3,L3
L1,L3,L1,L1,M1
L2,L3,L1,L2,L3
H1,L2,H2,L3,L1
L1,L2,M1,L1,L1
H1,H3,M1,L1,L3
M1,H1,BN,H3,L2
L1,L3,L2,H3,H1
H3,H1,L1,L2,L3
L1,L3,L3,L2,M1
L2,M1,L3,L2,L3
L3,L1,H2,L1,L1
L1,L3,L3,L1,H3
L3,L3,L1,M1,M1
L2,L2,L3,L3,L2
L1,H1,L2,H3,L3
M1,H3,L3,L3,L1
L1,M1,L3,L1,L3
L2,L1,H3,L3,L1
H3,L3,L1,L2,L1
L3,L2,H2,L2,H1
L3,L1,L2,H1,L2
L2,L3,L1,M1,L3
L2,M1,L3,L2,M1
L2,L3,H3,L1,BN
L1,M1,L1,L3,H3
M1,L2,L3,L1,L2
L2,H3,L2,BN,L3
L3,L2,H2,L3,L3
H2,L3,L2,L2,L3
M1,L2,L2,L2,L1
H1,L1,L1,L3,L2
L2,L1,L2,BN,L3
L1,L2,L2,M1,L1
L3,L3,BN,L3,L1
L1,L2,L2,L3,H3
L3,L3,L3,L1,L2
L1,M1,M1,L2,L1
L2,L1,H3,H2,M1
L3,L1,M1,L1,L3
L3,L1,L2,H2,L1
L1,L1,L2,L2,L2
L3,L2,L1,H2,L1
L3,L2,H3,L3,H2
L3,L3,L1,H2,H2
H1,M1,L2,L1,L3
L2,L3,L1,L2,L3
L2,L1,M1,L1,L2
H3,L3,L3,L2,L1
L1,H2,L1,L1,M1
L3,L1,L2,L1,H3
L3,H1,M1,BN,L3
H3,L3,L1,M1,L2
L1,L1,L2,H3,L2
L2,L3,L2,M1,L2
L1,L3,L3,L3,H3
L1,M1,L3,L3,L2
M1,L3,L2,H1,L1
L3,L2,H3,L3,H1
M1,L3,H3,L2,H2
L1,M1,L1,L1,L3
H3,L2,L1,L1,L2
BN,L2,L3,M1,GL
L1,L3,L3,M1,L3
L1,L3,L2,H3,L3
L3,L3,M1,L3,L1
M1,L3,M1,L1,M1
L3,L1,BN,L3,BN
L1,L3,L2,L2,L1
M1,L2,M1,L3,L1
L1,L3,L1,L2,M1
M1,M1,M1,L3,L2
L1,L3,L3,L3,L1
L1,L3,M1,L3,L3
L1,L2,H3,BN,M1
L1,L3,H3,L1,L1
H3,M1,L1,M1,H2
L2,L3,L3,L3,L2
L2,M1,M1,L3,M1
L3,L3,M1,L2,L1
M1,H3,H3,L2,H1
L2,L1,L3,L3,L1
L2,H3,L3,H3,L3
L1,H3,L3,L3,L1
L2,M1,BN,M1,L1
L1,L1,M1,L1,L3
L2,L2,H1,L3,H3
H3,M1,M1,L3,L1
L2,L3,L3,H3,L2
H2,L3,L2,L2,L2
L1,L3,L2,L3,BN
L1,L2,L1,BN,L2
H3,M1,L3,L1,H3
L2,L1,L1,L2,L1
L1,L1,L2,M1,L3
L1,L3,L1,L2,L3
H1,L2,L2,L3,BN
L3,L3,L1,L3,L2
M1,L1,H2,L3,L2
BN,L2,M1,L1,H2
L3,BN,M1,H2,L3
L1,M1,L2,L3,L2
L1,M1,BN,L3,H3
H3,H3,H3,L3,H1
L1,L3,L1,L2,GL
L1,L3,M1,L3,H3
H3,M1,L1,L3,M1
L3,L2,M1,M1,BN
L2,L2,H3,L3,L1
M1,L2,H1,M1,M1
L2,H3,L3,M1,L2
L1,L3,L1,L1,L1
M1,L1,L1,L1,L3
L1,L1,H3,L3,H2
M1,L2,H3,M1,H3
L3,L1,L3,L2,L1
L1,L1,H3,L3,L1
L1,L1,L2,L2,H2
L2,H3,L2,H3,M1
M1,H3,L3,M1,L2
H1,L1,L3,L3,L2
L3,L2,M1,H3,H3
M1,L3,L2,L2,L2
L1,L3,M1,L1,L1
L1,H1,L1,H3,L3
L3,L3,L3,L3,L1
L2,L2,M1,L1,L2
L3,H1,L3,L3,H3
L3,L3,L1,L1,H2
M1,L1,M1,L3,L1
L2,L3,L3,L3,M1
H3,H1,M1,H1,L2
L2,L1,L2,L1,H2
L3,L3,L3,L2,H3
L1,H3,GL,L1,H1
L1,L1,H3,L3,H3
L1,H2,L3,L1,L2
H3,L3,L3,H3,H2
L1,L1,L3,L1,M1
M1,L2,M1,L3,L2
L2,L2,H3,M1,H1
M1,L3,M1,L3,H3
L2,H1,L3,H2,M1
L3,L1,L3,H3,L2
L2,L1,L2,L2,H2
L2,H1,L2,L2,H2
M1,H3,L1,BN,L1
L1,H3,M1,L2,L2
BN,M1,M1,H2,L2
L1,H2,L1,L1,L1
L1,H3,L1,H2,H3
H2,H2,M1,L2,L3
L2,H3,M1,H2,M1
L2,L2,L2,H2,L3
L3,L3,L3,L3,H3
L1,L3,L3,L1,L3
L3,L3,L2,L3,L3
L2,L2,H3,M1,H2
L1,H3,L1,L3,L3
M1,L3,L2,L3,BN
M1,L1,L1,L1,L3
M1,L3,L1,H1,M1
L2,L1,L1,L3,L2
L3,L1,L1,H3,L1
L1,L1,H3,L3,H2
L2,L3,M1,L2,H3
H3,M1,L2,L3,H2
L2,L2,H2,H2,L3
L2,L3,L2,L3,L1
L2,L2,L1,H2,L3
L3,BN,L1,L3,L3
M1,H3,L3,M1,H3
L1,L1,L3,H1,L3
L1,L3,L2,L2,L2
L1,L3,L1,L1,L3
BN,L2,H3,M1,H3
H3,L1,L2,L3,L2
L2,M1,L2,L3,L3
L1,L2,L2,H2,L3
H3,L2,M1,L1,H3
M1,L2,H2,L1,L2
L2,M1,L1,L2,M1
H3,L1,H2,L3,L2
H3,L1,L1,L2,L1
L2,L2,L2,L3,L3
L1,L1,L2,L1,L1
L1,L2,L2,H1,L3
L1,H2,L3,M1,M1
M1,L2,L3,L1,L1
L2,H3,L3,L3,L3
L2,L2,L2,H1,H3
L2,L2,L1,L2,L1
L1,L3,L3,M1,L2
L3,M1,L1,L1,L2
L2,L1,M1,L2,H2
L1,L3,L1,L3,L1
L2,L2,M1,H3,L1
L2,L1,L1,L1,L3
L1,L1,L1,L3,H3
L1,L1,L1,L1,M1
L2,L3,L1,L3,L1
L2,L2,L2,M1,L2
H1,H2,L3,L3,L2
L3,H3,L1,L3,H2
L3,M1,L2,L3,L3
L2,L3,L3,L2,L2
H3,L3,M1,BN,H2
L3,L2,L3,M1,L1
H1,L3,L3,M1,M1
H3,H3,H3,L2,L2
BN,H2,L3,L1,L2
L1,GL,H1,L3,BN
L2,L1,L3,H1,H1
L3,L3,L1,L1,L1
L3,L3,L2,M1,L2
L3,M1,L3,L2,H3
H3,L3,L2,H3,L1
L3,L3,L1,L3,L1
L3,M1,L3,L1,L2
L2,L3,L2,L3,L2
L1,L2,L3,L3,L1
L2,L3,L3,L3,M1
L2,L2,L1,GL,H1
L3,L2,L3,L2,H2
L3,L1,H2,L1,L3
L3,L2,M1,L1,L3
L2,L3,L1,L2,L2
L3,L2,L3,L1,H3
H3,L1,H3,H2,L1
L2,L3,L1,L2,L1
L2,L3,L2,L2,L3
L1,L3,H3,L2,L2
H3,H3,L3,L2,L3
L2,L3,L1,L1,L1
L2,L2,M1,L2,L3
H3,H1,L2,L3,L1
L3,L3,L2,H3,M1
L2,L3,H1,L1,M1
L3,L2,H2,L2,L2
L1,L1,L2,H2,M1
L3,H3,H1,L2,L3
H3,L3,H3,L3,L3
L2,M1,L1,BN,L3
L2,L1,L1,L1,L3
M1,L2,H2,M1,L2
H3,H2,M1,H2,M1
L3,H2,H2,M1,L1
L2,H2,L3,L3,L3
L1,L2,L3,L3,L2
L2,L2,M1,L2,L3
H2,L3,M1,L3,L1
L2,L3,L2,M1,L3
L2,H1,L2,L2,L2
L1,H3,L3,M1,H3
L3,H3,L2,H3,L2
L3,L3,H1,L2,L3
L3,L3,L2,H1,L3
L2,L2,L1,L2,L3
L3,L3,M1,H3,H3
M1,L3,L1,L2,H2
L3,L3,L1,L1,L3
L1,H2,H2,L3,L2
L1,L1,L1,L1,H2
GL,H3,L2,H3,M1
M1,H3,L2,BN,L3
H3,L1,L3,H2,L3
H3,L1,L1,L3,L3
H3,L2,H2,L3,H2
L3,L3,H3,H2,L3
L3,BN,L2,H3,L2
L2,L1,M1,L3,L3
L1,L2,L3,M1,L2
L2,L3,L3,L3,M1
L1,H3,M1,L2,L3
H2,L1,L1,L3,H2
H2,L2,L2,L3,L3
L1,M1,L2,L3,L1
H1,L2,L2,BN,L3
L3,H3,L3,L3,L2
H1,H3,L3,L2,L1
L3,L3,L3,H3,H3
H1,L1,M1,L3,L1
L2,H3,L1,H3,L1
L1,L3,L1,L3,L1
L1,L2,L3,L1,L1
L1,L3,L1,H1,L2
H2,L3,L1,L3,L2
L2,L3,BN,L3,H3
L2,L3,L2,H1,L3
L1,H3,H3,H2,L1
M1,H2,L3,L3,L1
L1,L2,L1,L2,L3
L3,L2,L2,H3,L3
L2,L1,L1,L2,H3
H1,L2,L3,L1,L2
M1,L1,L1,L1,L3
M1,M1,M1,L2,L3
H2,L1,L2,L1,L2
L1,L3,L1,L3,L2
L2,L2,L3,L2,L2
L1,H3,L3,L2,L1
H3,L1,L2,M1,H3
L3,L3,L1,M1,BN
L1,L2,L1,L1,H3
L2,L3,L2,L1,L3
L1,L3,M1,L3,L2
M1,L3,L2,L3,L2
L2,H3,L3,L2,L1
H2,L1,L3,L2,L3
L1,M1,L2,L3,L1
L2,L3,L2,L1,L1
L3,M1,L3,L3,H1
L1,L2,L2,L3,H3
H1,L3,L3,L1,L1
H3,M1,L2,H2,L3
L2,M1,L1,H3,BN
L1,L1,L3,L1,M1
H2,L2,L2,H3,L1
L1,L3,M1,L1,L1
L3,L1,L3,M1,L2
L2,L3,L1,M1,L1
L3,L2,L3,L3,L1
L3,L2,L1,L2,H1
M1,L2,BN,L2,H3
L2,L2,L1,M1,L3
L2,L2,L1,L2,L3
L1,H3,M1,L3,L3
H2,H1,H3,L1,L1
L3,H1,L3,L2,L2
H2,L3,L1,L3,BN
H1,BN,L3,H1,L3
M1,M1,H1,H3,L3
H2,L3,L1,L3,H3
L3,H2,L3,L2,L3
L3,H2,L3,H1,L2
L3,H1,H2,H2,L1
L2,L3,L2,L3,BN
L3,L2,L1,M1,L2
L2,H2,L2,H3,L3
L1,L2,L1,L2,L3
H2,L2,L1,L3,L1
L2,H2,H1,BN,M1
L3,L1,L3,L2,L3
M1,L1,M1,L1,L3
L1,L1,L3,L1,L2
L2,L2,L2,L3,L3
L1,L2,H1,M1,M1
M1,L2,H3,L2,L2
L3,L3,L1,H3,H3
L1,L3,L2,L2,H3
L1,L1,L1,L3,H2
M1,L2,L2,H3,M1
L1,M1,H2,L2,L1
L1,L1,H3,L2,L3
L2,L1,L2,L3,L3
L2,L1,L2,M1,L1
H3,L3,L2,L2,L3
L1,M1,H3,M1,L1
L2,L2,L1,L1,L3
L1,L2,L1,L1,L2
L2,L3,H2,M1,L2
M1,H3,H3,L1,M1
L3,L3,L3,L3,M1
L2,M1,L2,M1,L2
L2,H2,L3,H3,L3
L2,L1,L2,L2,L2
L1,H1,L3,L3,L3
L3,L1,H3,H2,L3
L1,M1,H2,H1,L3
M1,L1,L3,L3,L2
L2,M1,H2,H3,H3
L3,L3,L3,H3,L3
L3,L2,L2,H1,L2
L3,L3,H2,M1,L3
L2,L3,L1,L2,L1
L1,M1,H3,H2,L3
H3,L3,BN,BN,L2
L2,H1,L1,L3,L3
L3,M1,L2,L1,L3
L3,L2,M1,L2,L1
L3,M1,L3,L1,H3
M1,L2,L3,L3,L1
L1,M1,L1,L3,M1
H2,H3,H1,L3,L3
L2,L1,L1,L1,BN
L3,L2,M1,L3,M1
L3,L1,H3,M1,L1
L2,H1,L1,H2,L2
M1,L2,L2,H2,L3
L1,M1,L2,M1,L2
L2,L2,L3,L2,L1
H3,L1,H2,H2,L2
H3,L3,L3,L3,L2
L3,L2,H3,H3,L1
H1,H1,L1,L3,L1
L2,L2,L2,L1,L1
H3,L2,L3,H3,L2
L3,L1,H1,L2,L1
L1,L3,L3,L2,M1
L2,H1,L2,M1,L3
L2,H3,L3,L1,L3
H3,L2,L1,L1,L2
L2,L2,H2,H3,M1
L1,M1,L2,H3,L2
L1,H3,L3,H2,L3
L1,L1,L3,L2,L2
L1,L3,L2,H2,L1
H1,L3,L3,L2,L1
L3,H2,L1,L3,L3
L1,L1,L3,H3,L3
H2,L3,M1,L3,L2
BN,L1,M1,L1,L2
H2,L1,L1,M1,L2
L3,L1,H3,H1,L2
H1,BN,L1,L2,L1
L3,L2,L1,M1,L1
L3,L3,M1,L3,L2
L3,L3,L1,M1,L3
L3,L2,L2,L1,H2
H2,M1,L2,H3,L3
M1,L1,L3,L3,L3
M1,L2,L3,H3,L3
L3,L1,L3,L1,L1
H2,L1,M1,H3,L2
L2,L2,L2,L3,M1
L2,L2,L3,L1,L1
H3,H2,L2,L2,L1
M1,L2,H2,L3,H2
L1,L2,L1,L1,L3
H3,L1,H3,L1,L3
L3,L3,M1,L3,L3
H3,L2,L3,H2,L3
M1,L3,H3,L2,L2
L1,M1,L1,L2,H2
L2,M1,L3,M1,H3
L1,L1,H3,L3,H3
H2,L2,BN,H3,H1
BN,L3,M1,L1,L2
H1,L3,M1,L3,H2
L3,L3,L3,H3,L3
H3,L2,L1,H3,L1
M1,M1,M1,H1,L1
H1,L3,L3,M1,L3
H3,L2,M1,H1,L2
L3,L1,BN,L2,L3
L3,H2,L3,H3,L1
M1,L3,M1,L2,M1
L1,BN,L1,M1,L2
L1,L3,L3,L3,H3
H1,L3,L2,BN,L2
L2,L2,L1,L2,L3
L1,H2,L3,L3,L3
L1,L2,H3,L3,L1
L3,L3,M1,L1,L1
L3,L2,H1,BN,L1
M1,L2,L3,L3,L2
L3,L3,M1,L2,M1
L3,L1,M1,L1,M1
M1,L1,L2,L2,L2
H3,H3,H3,H2,L2
L2,M1,L3,M1,L1
M1,L2,L1,L3,H2
H1,L1,L3,L3,L1
L2,L2,L3,L2,L2
M1,H1,L3,L3,L2
M1,L2,L2,L3,BN
L3,H3,L1,M1,L2
L1,M1,L1,L3,L1
L1,L3,L3,L3,L3
L3,L2,H1,BN,L3
L1,L3,L1,L1,L1
L2,L1,L3,L2,H3
M1,H3,H1,H1,L2
L2,M1,L1,M1,L3
L1,M1,L2,L3,L1
M1,L1,L1,L1,L1
L3,L1,L1,L1,M1
L1,L2,H3,L3,L3
H2,M1,L1,L3,L1
L2,L3,L2,L3,M1
L3,L3,L1,L2,L1
L3,L1,L2,L3,L2
L1,L3,L2,L3,BN
M1,M1,L2,L1,L3
L2,L3,L3,L1,H2
M1,L3,GL,L2,L2
H1,L1,L2,H3,L3
L2,L2,L1,L3,L3
L3,H2,H2,H2,M1
L2,L3,H2,L3,L3
L1,L3,L1,L2,L2
L1,L3,L2,L3,L1
L2,H2,L1,H3,M1
L3,L3,H2,L3,L1
H2,L3,L2,L2,L2
L3,L3,L2,L3,L2
L3,L2,L2,H3,L3
M1,L2,H3,H2,M1
H3,M1,M1,H1,H3
M1,H2,L3,H3,H3
L1,L1,L2,L2,L2
L3,M1,L1,H3,L2
L3,H1,L2,H3,H1
L3,L2,L3,L1,L2
L3,L2,H2,L3,M1
L3,H3,H3,L1,H2
L1,L2,H1,L2,M1
L1,L1,M1,M1,M1
H3,L2,M1,L1,L2
H1,H2,H1,L3,L1
L1,L3,L1,L1,BN
M1,L3,L1,L2,L2
L2,L3,L2,L3,M1
L2,M1,L1,L3,L3
L2,L3,L3,H3,H1
L1,L2,L3,L3,L3
L3,L1,L3,H1,M1
L1,H3,H1,L3,L2
L3,L3,L1,BN,M1
L1,BN,L1,L1,BN
L3,L3,L3,L1,L2
M1,M1,M1,L2,L2
L3,L2,L1,L2,L2
H3,L1,L3,L1,L2
H3,H3,L2,L3,L3
L2,L3,H3,H1,L1
M1,L1,M1,L2,L1
L3,L3,H3,M1,L3
H3,L1,H3,L2,L3
M1,L3,L3,L1,L2
L2,L3,L1,L2,H3
L3,M1,M1,L1,L3
L3,L1,L2,H1,L3
L2,H3,L2,L1,L1
GL,L1,L3,L3,L2
L1,M1,M1,L3,L1
L3,L1,L2,L3,H2
L2,L3,L2,L2,L1
L2,H3,L3,L3,M1
M1,L2,L1,H1,L1
L3,H2,L2,H3,L1
L3,H3,L3,L3,L3
L1,L3,L1,L3,BN
L3,L3,H3,L3,L3
H1,L3,M1,L3,H2
L2,L2,M1,L3,L1
L1,L2,L1,L2,L2
L3,L3,L3,H3,L2
L3,L2,L2,L3,L1
H2,L1,L1,H1,L3
L2,L2,L3,L3,L3
L2,M1,H1,L3,L1
H2,H1,L1,L3,L2
H2,M1,M1,M1,L1
BN,L1,L2,M1,L3
L1,L2,L2,L1,M1
L2,L1,L2,L1,L3
L3,L2,L1,L1,L1
L2,L3,L2,H1,L1
L1,M1,M1,GL,H2
L3,M1,L1,L3,L2
M1,L1,H2,H2,H2
H2,L1,L2,L1,M1
H1,L2,L1,L1,L3
L3,L2,L1,M1,L1
L2,L1,L3,L3,M1
H3,M1,L3,L2,L3
L1,BN,L3,H1,L2
M1,H3,L3,M1,L3
L2,L3,L3,L1,H2
H2,M1,L2,L3,M1
L2,L3,L1,L2,L3
L3,L3,L2,H1,L2
L1,L3,L3,H2,L1
L2,H2,L3,L1,M1
L1,L1,M1,L3,L2
H1,M1,H2,L3,L2
L3,L2,L1,L3,H2
H2,L3,M1,H2,M1
H3,L1,L3,L3,L2
M1,L3,L1,L3,L2
L3,L1,L1,L3,L2
BN,L3,L2,H3,L3
H2,H1,L1,L2,L3
M1,L2,L1,L3,H2
H2,L1,L1,H2,L2
L1,L1,H2,L3,L3
L1,H2,L3,L2,L2
M1,M1,L2,L3,H3
L3,L1,L3,M1,L2
L2,L2,L3,L1,L3
L3,H2,M1,H1,L3
L3,L2,L3,L3,H3
M1,L1,M1,L2,L2
L2,L1,M1,H1,L2
L2,H1,L1,M1,L3
L3,L3,L1,L1,L3
M1,M1,L2,L2,L3
L1,L3,L2,L1,L2
H1,L1,M1,L1,L2
M1,L1,H3,L2,L1
H1,L3,L1,L1,H3
M1,L3,H3,L3,L1
L3,L3,L3,L3,M1
H3,L3,M1,L1,L1
H2,L3,H3,M1,H2
L2,H2,M1,L1,H1
L2,L1,BN,H3,M1
L2,L1,L3,L3,L1
L3,L2,L1,L3,H1
L3,H3,L1,L3,H3
L2,L3,L1,L2,L1
L1,H3,M1,L1,L3
L3,L1,L3,L1,M1
L1,L2,L1,M1,L1
L3,L2,L2,M1,H2
L3,M1,L3,L2,L3
H3,L3,M1,L1,L3
L1,L3,L2,BN,M1
L3,L2,L2,L2,L2
L2,L3,L3,M1,L3
L1,M1,H2,L3,M1
M1,H3,H2,H3,L1
L3,L2,L2,L1,L2
L2,L1,L3,H2,L3
BN,L3,L2,L1,L3
M1,H3,L3,L1,L2
H3,L3,H3,H1,L1
L3,H3,L2,H1,L1
M1,L1,H3,L3,H3
H1,H2,H2,H3,H3
L2,GL,L3,H2,L2
L2,L2,H3,H2,L2
L1,H1,L1,L1,H3
GL,L2,L3,H3,L3
M1,H2,L3,H2,L3
L1,L3,H1,L3,L3
M1,L2,H2,L2,L2
H2,L2,M1,L1,L1
L1,H1,H3,M1,H3
L2,L1,M1,M1,L2
L1,H1,L3,L3,L3
M1,H2,H3,L1,L1
L3,L3,L2,BN,L3
L2,L1,H1,L3,L2
L1,L1,L3,H3,L1
L2,L1,L1,H1,BN
L2,L1,M1,L3,L3
L2,L1,L3,L3,H3
H3,L3,L3,L3,L1
L3,H2,L2,H2,L3
L1,L3,H3,L3,M1
M1,L2,L3,L2,L1
H3,L3,L2,L1,L2
L2,L3,M1,L3,L3
H3,L3,L1,H2,L3
L3,L1,L3,L3,L1
L2,L2,H3,H2,L2
L2,L1,BN,L3,M1
L3,L2,L3,L3,H2
L1,L1,L1,H1,H3
H3,L3,M1,L3,M1
L3,H1,L1,H3,L2
L2,H3,L2,L2,L2
L1,H3,BN,M1,L2
L2,L3,L1,L1,H2
M1,L2,L1,L3,L2
H3,H3,L3,L2,M1
H3,L3,H3,L1,L2
L2,L2,L2,M1,L2
L2,L3,L3,L2,L3
H2,L2,H2,H2,L1
M1,BN,L2,M1,L2
L3,L2,L3,L1,L3
M1,L1,L1,M1,M1
L3,L1,L3,L2,L3
L3,L2,L3,L3,BN
H2,L1,H3,L1,L3
H1,M1,M1,L2,L3
BN,L1,L2,H2,L1
L1,L1,L2,H2,H3
L3,L3,M1,L3,L2
H3,L3,L3,L3,H2
L2,M1,L2,M1,L3
L1,L1,H1,L2,L2
L3,L2,L1,L1,M1
M1,L2,L2,L2,H3
M1,L3,L2,L3,L3
H2,L3,L2,L2,H2
L2,L2,H3,L1,H3
L2,L3,L2,L2,H2
L1,L2,L2,L1,BN
L2,L1,L1,L3,M1
L2,L3,M1,H2,L1
H3,H2,M1,L3,M1
M1,L3,H3,L1,L1
L1,H2,L3,L3,L2
M1,L2,L3,H3,M1
L3,L2,BN,H2,L2
H2,L3,H3,L2,H3
L2,L2,H1,L3,L2
L2,H3,L2,H3,L2
L1,L3,M1,L2,L2
L3,M1,L2,L2,L1
L2,H3,L1,L3,L2
L3,L3,L1,H3,L3
L2,L2,M1,L2,L2
H2,H3,M1,H2,L1
L2,H3,BN,L2,L3
L3,L2,L1,L2,M1
L3,L2,L3,L3,L2
L3,L2,H3,L1,L3
L1,H3,M1,L1,M1
L2,L2,L3,L2,M1
L3,L1,L1,M1,L1
L3,M1,L3,L1,L1
L3,L2,L1,L3,L1
L1,L1,L1,H2,M1
M1,BN,L1,L2,H3
L2,L2,BN,L3,H2
L1,L1,L3,L1,H1
L3,L3,L2,M1,L1
H3,M1,L2,H2,BN
L3,L3,L3,L3,M1
L2,L1,H3,H2,M1
L1,M1,L3,L2,L2
L3,M1,H2,H1,L1
M1,L2,BN,L3,H1
L2,H3,H2,H2,M1
L1,L2,M1,L1,L3
H3,L3,L3,L2,H2
L3,H2,H3,L2,H2
L2,L2,L3,L1,L1
H3,H3,L3,L2,H2
L2,L1,L1,H2,L1
L2,L3,H1,M1,L3
H2,L3,L3,BN,L3
L3,M1,L1,L3,L3
L3,L1,L2,L2,L3
H1,M1,L1,L2,L2
L3,L3,L3,GL,L3
M1,H1,L1,L1,L1
L3,L2,H1,L3,M1
L1,M1,M1,L2,H1
L3,L1,L1,BN,L1
L2,L2,H1,M1,L1
L3,L1,L1,M1,L3
L3,H3,L3,L3,L1
H2,L2,L3,L2,L2
H2,M1,L1,L3,L3
L3,BN,L3,H3,L2
L3,L3,L2,L2,L3
L3,L2,L1,L2,H2
M1,L2,M1,L1,L1
L3,L3,L3,L1,L2
L2,L2,L1,L2,L1
L3,L1,L1,L3,M1
L1,H3,L1,L2,L3
M1,L2,L3,L3,L3
H2,L1,BN,L3,H3
L1,M1,M1,L2,L2
M1,L3,L1,H1,M1
M1,L1,L2,L3,L3
L2,L2,L2,L2,M1
H3,BN,H2,L3,H3
L2,L3,L3,L2,L3
L2,L1,H3,L3,M1
L1,H3,H1,L2,L3
H2,M1,H3,L1,L2
L2,M1,M1,L3,H3
M1,H3,BN,H2,L1
L2,H3,L2,L1,M1
L2,L2,H2,L1,L2
L2,M1,L1,L1,L3
L3,L2,H3,H1,H2
H2,L2,L1,L3,L3
L1,L1,L3,L2,L3
H3,L1,L2,L3,L3
M1,L1,L2,H2,L1
L1,L1,L3,H3,L3
L3,L1,L2,BN,H3
L2,H1,L1,H2,L3
M1,M1,H3,L2,L2
L3,M1,L1,L2,L1
L3,L3,L2,L1,L3
L3,H3,L1,L2,L2
L3,H3,BN,L1,L1
L2,L1,L3,L3,L3
BN,M1,H2,L1,L3
L2,L2,M1,L3,L1
H3,L1,H2,L1,L3
M1,L3,L1,L2,L3
L3,L2,L3,M1,H3
L2,L2,L2,H1,M1
L3,L1,L3,L2,L3
L3,L1,L2,L1,BN
M1,M1,L2,L1,H2
L2,M1,L3,L2,M1
M1,L3,L3,M1,L3
H3,GL,L3,H2,L3
H2,L3,L2,L3,L3
L3,H1,L3,L2,L3
L1,L2,M1,L2,L2
L2,L2,L1,L2,L3
L3,L3,M1,L3,M1
L2,L1,L3,H2,L1
M1,L2,L2,L1,L2
BN,H3,L1,L1,M1
H3,L2,L2,L2,H2
L2,L1,L1,L1,L1
L2,L2,L1,L3,M1
M1,L2,L1,H2,L3
L1,L1,L3,L3,L3
H3,M1,L3,L3,L3
M1,L2,L2,L3,L1
L3,L1,H3,L1,L1
H3,L2,M1,L3,L3
H3,H2,M1,L1,L2
L2,H1,L2,L3,L1
H2,L3,L1,H1,L3
L2,H2,L3,BN,H2
H2,L2,H3,L1,L1
M1,L1,L1,H2,L3
BN,M1,L1,L1,L3
L1,L3,L3,L2,L3
L3,L1,L2,L3,H3
L1,L2,H3,GL,L3
M1,L3,L1,L1,L1
L1,L2,L3,L2,M1
L2,H3,L3,L3,L2
M1,H1,H1,L2,L1
H1,M1,L3,M1,L1
L1,L1,L1,L3,M1
L1,H3,L2,L2,H3
L3,GL,L2,L2,L2
L2,L1,L2,L2,L3
L1,L1,L3,L3,H1
L1,L2,L1,L2,L2
L1,L1,L3,L3,L2
L1,L1,L3,L3,L3
L3,L1,H1,H3,L2
L3,L1,M1,M1,L3
L2,L3,L3,H1,M1
M1,H3,L3,BN,L2
L2,M1,L3,M1,M1
L3,L2,L3,L3,H3
BN,L3,H1,L1,L2
L1,L2,L1,L1,H3
L2,L1,H3,L1,M1
M1,L2,M1,L1,H3
L1,L3,L3,L3,L3
L3,L1,L2,H3,L2
L2,L2,M1,H3,L1
L2,H3,L2,H2,L1
M1,L2,L1,L2,M1
M1,L1,L1,H2,L3
L1,L3,L1,L3,H1
L1,L1,M1,L3,L2
H3,H2,L2,L3,L1
L1,H1,L2,M1,L3
L1,H2,L3,H1,L2
L1,L2,GL,H2,H2
M1,L3,L2,L3,L2
L3,L3,M1,L3,M1
M1,L1,L2,L3,M1
L3,H3,L3,H3,L3
L1,L1,L1,L2,L3
L3,L3,L3,L3,L3
L3,H3,L1,L3,L3
L2,H2,L2,L1,L1
L1,M1,L2,L2,M1
L2,L3,L2,L3,H3
L1,L3,L2,L3,L1
L3,L1,L1,L1,L1
L3,L3,L2,L3,L1
L3,L3,L1,M1,L3
H2,L1,L1,L2,L2
M1,L3,H1,H3,L2
L1,L3,L3,L3,L1
L2,M1,L2,L2,L1
M1,L2,M1,L3,L1
L3,L2,L3,L1,L1
L1,L1,M1,M1,L2
M1,L3,L1,M1,L1
M1,L1,L3,L1,L1
L1,L1,L1,L3,H1
H2,L3,L2,H1,L2
L1,L1,H1,L1,H3
L3,M1,L3,L2,L1
L1,M1,L2,L3,L1
L3,L3,L3,L3,L2
M1,L3,H2,L3,L1
H3,L3,L2,L2,L1
L3,H1,M1,H1,L2
H1,H2,L3,H2,L1
L2,L3,L3,M1,L1
L2,L1,H2,L2,L1
L1,M1,L2,L3,H2
L2,L1,L1,L1,H3
L2,L3,L1,L1,L2
L1,L3,L3,L1,L2
L2,L1,L3,L2,L1
L3,H1,L2,L1,M1
H1,L1,L3,H1,L3
L1,M1,H1,L1,H1
L3,M1,L3,L1,L1
H2,L3,H2,H1,L2
L3,H3,L2,L2,L1
M1,L1,L3,L1,L3
L3,H1,L3,L3,H1
H2,L3,L1,M1,H1
L2,L2,L2,L3,BN
L2,L2,L1,L1,M1
H2,L2,M1,L2,L3
L3,L3,L2,L2,L2
M1,L2,M1,L2,L3
L3,L1,L1,M1,M1
L3,L3,L3,H2,H2
L3,L1,L3,H2,M1
L3,H2,L3,L2,BN
L2,L1,H1,H2,M1
L3,H1,L1,H3,M1
M1,L2,L1,L2,L2
L3,L3,L3,L2,L2
M1,H1,L2,L1,L3
L2,L3,H3,M1,H1
L2,L2,L3,M1,L1
L1,L2,H2,L3,L3
L3,L2,H1,L3,L2
L3,H2,L1,L3,L1
H1,H2,L1,L2,L2
H3,M1,L2,M1,M1
L1,L3,L1,L2,BN
L1,L3,L1,H3,L3
H3,M1,M1,L1,L3
L3,L3,M1,L3,L2
L1,L1,M1,L2,H1
L3,H1,L3,L1,H3
H2,H2,H2,L2,L3
L1,L1,H2,L3,L2
L3,L1,L1,L2,H2
L1,L3,H3,H1,L1
H2,L3,L3,L2,L1
H3,L3,L3,M1,L1
L2,H1,L2,L3,M1
L1,L2,L2,L2,M1
L1,M1,L1,L2,L3
L1,L1,L2,L2,L2
L3,H1,L1,L3,L2
L3,L3,H3,L3,L1
L3,H3,L2,M1,H1
L2,H2,H1,M1,M1
L2,H3,M1,M1,H1
M1,L2,L3,L2,M1
M1,L3,L3,L2,M1
H1,H2,L3,L1,M1
L1,L3,H3,L2,H1
L3,L3,H2,L1,L2
H3,L3,L2,H3,L2
L3,H3,L1,M1,L3
L2,L3,H3,L3,L3
L2,L1,H3,L1,L2
L3,L1,L3,BN,L3
H3,L1,L2,M1,L3
L2,H3,L3,L3,H2
L2,L1,L1,L2,H2
H2,L1,H2,L3,H2
L2,L3,L1,L3,L2
H1,L2,L2,L3,L2
M1,L2,L2,L3,H3
L3,L1,BN,L3,H3
BN,L2,L1,H3,L3
L3,L2,H1,L3,L2
M1,H2,L3,L1,BN
L2,L1,L1,H2,L1
L2,L2,M1,M1,M1
L1,L2,M1,M1,L3
L3,H2,H3,M1,M1
H2,L3,H3,L2,L1
L2,H3,L2,H3,L2
L2,L2,L1,BN,L1
H3,L1,L3,L3,L3
H2,L1,L3,L3,L3
L3,H1,L1,L2,L3
L3,L1,H3,L2,H3
M1,H1,L3,L2,L2
L2,L1,L2,L1,M1
M1,L3,L3,L1,H3
L2,L2,H3,L2,L1
L2,L3,L1,M1,L3
L2,BN,M1,H1,L3
L3,L1,M1,L3,L3
L2,H2,H1,H3,L1
L1,L3,L3,H1,L1
L2,L3,L1,L2,L1
L1,L1,L2,L1,H2
L3,L3,L1,L3,L1
L2,L3,L2,L1,H2
L3,L1,L2,H2,L1
H3,L1,L2,M1,BN
L2,L2,L2,L3,L2
L3,L1,H2,H2,L3
L3,L1,L2,H1,H3
L1,L3,L3,H1,H1
BN,L2,L3,L3,L2
L2,L1,L1,L1,H2
L1,L1,M1,H2,L1
L1,L3,L2,L3,L3
M1,L3,H3,L2,H2
M1,L1,H3,L2,M1
L3,BN,L3,L1,L2
L3,H1,L3,L3,L3
H3,L3,L2,L2,L3
L2,L1,M1,L3,L1
L3,L3,L2,L1,L1
H3,L1,L1,H3,L3
L2,L1,L3,L1,H3
M1,L3,H1,L2,L3
L2,L1,L3,H1,L2
M1,H2,M1,M1,H3
L1,L2,L2,L3,L1
L3,L1,M1,L1,L3
L1,L2,L1,H3,BN
L1,L2,L1,H3,M1
L2,L2,L2,L2,L2
L1,M1,L2,L1,L2
M1,L2,L3,M1,L2
L1,L1,M1,L2,L2
H1,L2,L2,L1,L1
L3,L3,H3,L3,H3
L3,L2,L3,L3,L1
L3,H3,L1,H3,H2
L3,M1,L1,L1,L3
L3,L2,H3,L2,L2
L2,L1,L1,L3,L3
L3,L3,BN,L1,L3
L1,L1,H3,H1,L3
L1,L2,L3,H3,L3
L1,L3,M1,M1,H2
H3,L3,L3,L2,H2
L1,M1,H3,H3,L2
H3,L3,L3,L3,H3
L2,L2,L2,H1,L1
H2,H1,H3,H3,H3
H1,L1,M1,BN,L3
L3,M1,L1,M1,H2
L3,L3,L2,L2,L3
L2,L1,L3,L3,L2
M1,M1,H3,L3,L3
L1,L3,M1,L3,L2
L1,L2,L2,L2,L2
BN,M1,L3,L2,L1
L3,M1,L3,L2,L2
H2,L2,H3,M1,L3
L1,L2,L1,H2,M1
L2,L2,L2,L2,L2
M1,L2,L3,L1,L2
L1,L1,L3,M1,M1
L3,L2,H3,L3,M1
H3,H3,L1,L2,L3
L2,L3,L3,H1,L2
L1,L3,H3,L2,L2
L2,L2,H1,M1,H3
L1,H2,L3,L3,H2
H2,M1,M1,L2,L3
L1,L1,H2,L2,H1
H3,M1,L3,L2,L3
L1,M1,L1,L3,L1
L3,L2,L1,L1,L2
L3,L1,M1,L2,L1
H1,M1,L2,M1,L2
H3,L2,L1,L2,H2
M1,L3,L1,L2,M1
L3,L3,L2,L2,L3
M1,L3,L2,L3,L2
L3,L1,H3,L1,M1
L3,L1,L3,L2,L3
L1,BN,L2,L2,L1
L1,L2,L2,H3,L1
L2,L3,M1,L2,L2
BN,H2,H3,L1,L1
L3,L1,H3,M1,L1
M1,L2,L2,H3,M1
L3,L2,L2,L1,L1
L1,L1,H1,L2,H2
H3,L3,M1,L3,L2
L2,M1,M1,H3,H1
L1,H2,M1,L2,L2
M1,L1,L3,M1,L3
L3,L3,L2,L1,L3
L3,L3,L1,L1,L1
L3,L1,L2,L3,L2
M1,L3,L1,L2,M1
L1,H2,L2,L2,L1
L2,L2,L3,L1,BN
L1,L2,H1,L1,L3
L1,H1,M1,M1,L2
L1,L3,L2,L2,L1
L1,L1,L1,L3,H3
L1,L3,L3,L3,M1
M1,L2,L2,L1,L3
H3,L3,L1,L2,H2
M1,L3,L3,L2,L1
L2,M1,M1,L2,L3
L3,H3,L3,L2,L3
M1,L3,BN,L2,L1
L1,L2,H2,L1,L2
L1,M1,H3,L2,L3
L3,L2,M1,M1,L1
H3,H3,M1,H3,M1
L3,L1,BN,L2,L2
L3,L3,L2,L1,L1
BN,L3,M1,L2,L3
L3,L1,L1,L1,M1
H1,L2,L1,H3,L2
M1,M1,L3,L1,L2
L2,L1,M1,L1,H3
L3,M1,L1,L3,L1
L3,L1,L3,L3,L1
H3,H2,M1,L2,L1
L3,BN,H3,L1,L3
L3,H2,L1,L2,L1
M1,H1,L3,H3,L3
L3,M1,L1,M1,L2
L2,L1,M1,BN,L2
M1,H1,L1,M1,L1
M1,L1,L3,L2,L3
L2,L2,L2,L2,L2
H3,L2,H2,L2,L2
H2,M1,L3,L3,L3
L2,L2,L1,L2,L1
L2,L1,M1,M1,H3
L3,L1,L1,M1,M1
H2,L1,L1,H3,L2
H3,L1,BN,L3,L1
L1,L1,H3,L3,L1
H1,M1,M1,L3,L3
L3,L3,M1,H1,H3
L2,L2,L3,L3,M1
L1,L2,L3,L3,L2
H1,L3,L3,L3,L2
L1,L2,L3,L2,L2
L1,M1,H3,L2,L3
L3,M1,L3,H2,L1
L1,L3,L3,L2,H1
L1,L3,H1,L3,L1
L2,H3,H3,L3,L1
L2,H3,L3,L1,H2
L2,L3,L3,M1,L1
H3,L1,L3,L3,H3
L1,L3,L2,H2,L2
L2,L3,L2,L2,L2
H3,H2,H2,M1,H1
H2,M1,L3,L3,L1
L1,L3,L3,L3,L1
M1,L1,L1,L3,L3
M1,L3,L2,L1,H2
L1,M1,L2,L3,L3
L2,L1,L1,M1,M1
L2,H3,L3,L2,L1
L1,H3,L2,L3,M1
L1,L3,H3,L1,L2
M1,L1,L1,H3,L1
L3,M1,H3,L3,L1
L1,L1,H2,M1,H1
H1,L3,L2,H3,H1
L1,M1,L2,L1,L1
L3,L3,L3,L1,L2
L2,M1,L3,L2,L3
L2,L2,L1,L1,H1
M1,L2,L2,L1,M1
L2,L3,M1,L3,L1
BN,M1,L2,H1,L1
L1,L3,M1,H2,L3
H1,L3,BN,L2,L1
M1,L2,H3,L2,L2
L2,L3,L2,H2,L3
L3,H3,L1,L2,L2
H2,L2,L3,BN,H3
H3,L1,L1,H2,L2
L1,L3,M1,L3,M1
M1,L2,L2,H2,BN
BN,L2,M1,H2,L3
L3,M1,L2,H3,L2
H3,L3,L3,H3,L2
L2,BN,L3,H3,L1
L3,L2,L1,L2,BN
L2,H3,H2,L2,H3
L3,L3,L1,L1,L2
H2,L2,L3,M1,L1
L2,H3,L1,H2,H2
BN,L1,L2,M1,L2
H1,L2,M1,L2,L1
H3,M1,H3,L1,M1
L1,L1,L2,L1,H3
H3,H1,L3,L2,L3
L3,L2,L3,L1,H3
H2,L3,L1,L2,M1
M1,L1,L1,H3,L2
L1,H2,H1,L2,M1
L3,L2,L3,L3,L2
L3,L3,H2,L3,M1
M1,M1,BN,L2,L2
L3,L2,L2,H3,M1
M1,L1,L1,H2,L2
L3,L1,L2,L1,L3
L2,L2,H3,H3,L3
L3,L2,L2,L2,H2
H1,L1,M1,L3,L2
L1,H3,L2,L3,L3
M1,L1,L1,H3,L3
L1,L2,L3,H3,H3
M1,H3,L3,L2,L2
H3,L2,L3,L3,BN
BN,L3,L2,L2,L3
H2,H3,M1,L3,M1
L3,L1,BN,L3,H3
L2,L1,L3,L1,L1
L2,L2,L1,L3,L3
L1,L1,L3,H2,L2
L2,BN,L3,H3,L3
H3,L3,L2,L1,L1
L3,L3,L3,M1,L3
L1,L3,L1,L1,L1
L3,M1,L2,M1,BN
L1,H2,L1,H3,L3
M1,L3,L1,L2,H1
L3,L1,L3,L3,L1
L3,L1,L1,H3,L1
L1,M1,H2,H3,H2
M1,H1,H2,L3,L2
L1,L2,L1,H2,H2
GL,H3,L1,L1,L3
L3,H3,L1,L3,L1
L2,L3,H1,H2,L1
L2,L2,L3,L3,M1
L1,M1,L2,L2,H2
H1,L1,L2,L2,L3
L2,M1,L2,H3,GL
L3,H1,L1,L2,L3
L3,L3,L3,L2,L2
L1,L3,L1,L2,L1
L1,H3,L2,GL,L2
L2,L3,H2,L1,L2
L1,L1,L2,L2,L3
L1,L3,H3,L2,L3
M1,H3,L2,L1,H3
L2,M1,L1,L3,L3
M1,H2,L1,L3,L2
H2,H2,L2,L2,BN
L2,L1,H3,H3,L1
L2,M1,M1,L2,L2
L2,H2,H3,M1,L3
H3,M1,L1,BN,L3
L2,L3,L3,H3,L2
L2,L2,H1,H3,L3
H1,L3,L3,L3,L3
L3,L3,L3,L1,L1
L3,M1,M1,L1,L1
L3,BN,L3,L1,L2
L3,L3,H3,H1,M1
L3,L2,L3,L3,L2
L2,M1,L2,M1,L3
L3,L2,L2,L2,L3
L2,L1,M1,L1,L1
L3,L1,L1,L3,M1
H3,L1,H3,L3,L2
M1,L2,H2,L3,L3
L1,L2,L3,L3,M1
L3,M1,H2,L3,L3
L1,BN,L2,L3,L2
M1,L1,M1,BN,L1
M1,M1,L3,L1,L3
M1,M1,L3,L2,H3
M1,L3,L2,L2,L3
L2,L1,L2,M1,H2
H1,L3,M1,M1,L2
L3,H3,L2,BN,L2
L3,L2,L3,H3,L3
L3,L1,L3,L2,L2
L3,L1,H1,L2,L3
L3,L1,L3,L2,L3
H1,L1,L2,L2,L3
L1,H3,H1,M1,L2
L1,L2,L3,M1,L1
H3,L3,H3,L3,BN
H2,M1,L3,H1,L3
L1,L1,H3,L1,L2
H1,H2,H2,M1,L1
L3,L1,L1,L1,L1
H2,L1,L3,H2,L2
L3,H3,L2,L2,H1
H3,L1,H3,L3,L2
H2,L3,H2,L1,L2
H3,L3,L3,L2,M1
L1,L1,H2,L2,L2
L1,BN,L3,M1,L3
L3,L2,L1,H2,L2
L1,L3,L1,L1,L2
L3,M1,M1,M1,L2
L3,L2,H3,L1,L2
L3,H3,L1,L1,H2
L2,L1,L3,L3,H1
H3,H2,L1,L2,L2
L3,L3,L2,L3,L3
L2,L3,L3,L3,M1
L1,L1,H3,H1,L1
L3,L1,L1,M1,L3
L1,L3,L1,L1,H2
L1,L1,L1,M1,L1
L3,L2,L3,L2,L3
L3,M1,M1,L2,H1
L2,L1,L2,L3,H2
L2,L2,L3,L2,H2
L3,M1,H3,L2,L1
L3,L2,L2,L3,L2
L2,L2,L2,L2,L1
M1,L3,L3,M1,L2
L2,H2,L3,M1,L2
H1,M1,L1,L2,L3
L2,BN,H3,H3,M1
H1,L1,L1,H2,L3
L1,L3,H2,M1,H2
M1,L3,M1,BN,L1
M1,L1,L1,L3,L3
L3,H2,L2,H3,L3
L1,L1,M1,L1,L1
L1,L1,L3,L2,H2
H2,L3,L3,L2,L3
L1,H2,L2,H3,H3
BN,L3,L3,L3,H3
L2,L1,L3,M1,L3
H2,L2,H2,L1,L2
L1,M1,L1,L3,L2
M1,L3,H1,L1,L3
L1,L1,H2,M1,M1
M1,L1,L3,L1,L2
L3,L3,L2,L1,L3
M1,L2,L2,L1,L1
H3,L1,H3,H1,L3
M1,L1,L3,L2,H2
L1,L1,L1,M1,L3
L2,L2,L2,L1,L2
L3,L1,BN,L2,L2
H1,L2,H3,L3,L1
H2,L3,L3,L3,L1
H2,M1,L1,L2,L3
L3,H2,L1,L1,L3
L3,H2,L3,L2,L1
L2,M1,L2,H3,L2
H1,M1,L1,L2,L1
H1,H3,H3,L3,L3
M1,H1,L1,M1,L3
H3,L2,L1,H1,H3
L3,L1,L2,L1,L1
L3,L2,L1,L1,L1
H2,L1,H2,M1,M1
L2,H3,L3,L3,H3
L1,L3,H3,BN,L1
L3,L2,L3,H3,L2
M1,M1,L2,H2,M1
L1,L3,L2,H2,H3
L1,L2,L1,L3,L2
L3,L3,L2,L2,M1
L3,L2,L1,L1,L3
L3,L1,L3,L3,L3
L2,L2,L3,L2,L3
L1,L3,M1,L2,L1
L3,M1,L1,L2,L1
H3,L3,L3,M1,L1
L2,M1,M1,L1,H2
L1,L2,BN,L3,L3
H3,L2,H3,L1,L1
H2,L1,L1,L1,L3
H2,H1,L1,H2,BN
L3,H2,L3,L2,L1
H2,L1,H1,L3,L3
L2,L2,L3,L2,M1
H3,GL,H2,L3,L2
L1,L3,L3,BN,L1
H2,L1,L1,L3,H3
L2,M1,L1,M1,L3
L1,L1,L3,M1,L3
L1,L2,L1,L2,L3
L3,L3,L1,L2,L2
H2,H1,H3,L1,H3
L1,L3,L3,L2,L1
L3,BN,L1,L2,L1
M1,M1,L3,H1,H1
L1,L1,L3,L2,L2
L2,H3,L3,L1,L3
L1,L2,M1,H2,L3
L3,M1,L3,L2,L3
L2,L2,L2,M1,M1
L1,L3,L1,L1,L1
H2,M1,L3,L1,L2
L2,H3,L2,H1,H1
L3,H2,L2,L2,L2
L2,L1,L2,H3,L1
H1,L1,H3,L1,L3
H3,L3,L2,M1,L3
L2,H3,H2,L3,BN
L3,L1,L1,L1,H3
L1,M1,H3,L3,L3
L2,L3,L3,M1,H1
M1,L3,M1,H3,H3
H3,M1,L3,H2,L3
L3,L3,L1,L3,L1
GL,L3,L2,L1,L1
H2,L1,L1,L3,L2
L1,L2,L2,L3,L3
L3,L1,M1,L3,L3
H3,L2,L1,L1,L3
L2,L3,L2,L2,L1
L2,L1,H3,L3,H3
L3,M1,H1,H3,L1
L1,M1,L3,H3,M1
M1,L3,L1,L2,L1
L2,L2,L3,L1,M1
L1,L2,L3,L2,H3
H2,H2,L3,L3,L3
L3,L2,L1,M1,L3
L1,M1,H3,L1,BN
L1,L2,L3,L1,L2
H1,L3,BN,L3,L2
L2,H3,L3,L1,L2
H3,L2,L3,L1,L1
BN,L1,L2,L3,L1
L2,M1,L2,L3,M1
L3,H1,H2,L1,L2
L3,H3,L3,L2,H2
H3,L3,L1,L1,H2
L2,L1,L1,L3,M1
L1,L1,L3,L2,M1
L1,BN,L3,L3,L1
L3,L3,L3,L1,L2
M1,M1,L2,L1,M1
L2,L3,M1,H1,M1
L3,M1,L2,L3,L3
L3,H2,L2,L3,L2
L2,L2,H3,L2,L1
L1,L1,L3,H3,L3
L2,L2,L3,L3,L3
L2,L1,H2,L3,L2
L1,H3,L1,H1,L2
BN,L1,L3,H1,L3
M1,M1,L2,L1,L2
H2,L2,L1,H2,L2
L3,L3,L1,L3,M1
M1,L1,L1,L3,L3
H3,H1,L2,L2,L2
L3,L3,L2,L3,L3
H2,M1,H3,L3,L3
L3,L1,L2,L2,L3
L2,L1,L3,M1,L1
L3,L2,H1,L1,L1
L1,L2,L1,M1,M1
L3,L1,L2,H1,H3
M1,L3,H3,L1,M1
L2,L2,L2,L3,L3
L3,M1,L3,L1,L3
L1,L3,L1,L3,H2
L3,L3,L3,L1,L2
H3,M1,L3,M1,H1
L3,H2,H3,M1,L3
L2,L3,L3,L3,H1
L2,L2,L2,L1,H3
L2,H1,L3,L2,L2
L1,H2,L3,L3,L1
L1,L1,L1,L3,L3
L3,L2,L3,L2,L3
L3,L1,L3,L1,L3
L1,L2,L1,L1,L1
L2,M1,L2,L1,L1
L2,H3,M1,L3,H3
L1,H3,L1,L2,H1
L2,L2,H3,L2,H1
H3,H3,L1,L3,H2
L1,L1,L2,L3,L3
L3,L3,L3,H2,L3
L2,L2,L2,L2,L3
L3,BN,L3,L1,L1
L2,L2,L3,M1,M1
L2,M1,H3,BN,H3
L1,H1,L2,M1,L3
L1,L1,L1,M1,L3
L3,L1,H1,L3,H3
L1,L2,L1,H2,H2
M1,L2,L3,M1,L1
L1,L1,H2,L2,M1
L2,M1,L3,H3,L3
L3,L1,H2,L3,H2
L3,L2,M1,L3,H2
H3,M1,L3,M1,L2
L2,L1,L1,H1,L1
L3,L3,L3,L3,L2
M1,M1,L1,L3,L1
L2,H1,M1,L3,L3
L3,L3,BN,H3,L3
H3,L1,H3,L2,H2
H3,L1,L2,L1,L2
L2,M1,L1,L1,L2
L3,M1,M1,L3,L2
L1,L3,L1,BN,L3
L1,L3,H1,L3,M1
M1,L3,L2,L2,L2
L1,L1,L1,H3,L3
L1,L3,L3,L3,L3
H2,L1,L2,L1,L3
L3,H3,H2,L3,H3
L1,L3,L2,L3,L1
L3,L2,L1,L1,M1
L2,H2,L3,L1,L1
L3,L1,M1,L2,M1
L2,L2,L3,H2,H1
M1,L3,H3,L2,L2
H2,L1,L1,L2,L3
BN,L3,L3,L1,H3
M1,L3,H2,L2,H1
L2,L3,L1,L1,L2
M1,H1,L2,L1,L3
M1,M1,L1,L2,L2
L3,L1,L3,L1,L3
L3,L2,H2,L2,L2
L2,L1,L2,H3,L1
H3,L1,L3,L1,M1
L1,L2,H2,L2,L2
L2,L1,L1,L1,L2
L3,L3,L3,L1,L3
L3,L3,M1,L3,L3
H3,H3,L3,L2,H3
L3,L2,L1,L1,L1
L3,L2,L3,L1,BN
L3,M1,L3,M1,L2
L3,L2,L1,L3,H3
L1,H3,L3,L1,M1
L3,L2,L1,H3,H3
L1,H3,M1,L3,L2
L2,L2,M1,L2,L3
L3,L2,L1,M1,L3
L2,M1,L2,H3,M1
L2,M1,L3,L2,L3
L1,L2,L3,L3,BN
M1,H3,L1,L3,H2
H1,L3,L1,M1,L2
L3,L1,M1,L3,L3
L3,L3,L1,L1,H3
L2,L3,L1,L2,L3
L1,L1,H2,L1,L1
L3,M1,L1,L3,L3
L1,L2,L3,M1,L1
H3,L1,L3,L2,H2
L2,M1,H2,L3,L2
L1,M1,BN,L1,L1
L1,L2,L3,L3,L3
H1,L1,L3,L3,H1
L3,L1,L1,H2,L2
L2,L1,L2,M1,M1
L2,H1,L1,L3,L2
L2,M1,L1,L3,L1
L3,L3,M1,L1,H2
L1,M1,L3,H2,L2
L1,L3,L2,H3,L1
M1,L2,L3,H3,H2
L3,H1,H1,L3,L2
L3,L2,M1,L1,L1
L1,L3,L2,H2,L2
L3,L3,L3,L1,H1
BN,L2,L3,L2,L2
L2,M1,L1,L2,L1
L3,M1,H3,M1,L3
L3,L3,L3,L1,BN
L2,L3,L1,L1,L3
L2,H3,M1,BN,L3
L3,L2,L3,H3,L3
L1,L1,L2,L3,L3
L3,M1,L2,L2,L3
L3,L2,M1,L3,H3
M1,H3,H1,L1,L3
L2,BN,M1,L3,H3
M1,L1,L2,H3,M1
L2,L3,L2,H1,M1
L3,L2,M1,L1,M1
L1,L1,L2,H3,H2
L1,L1,L3,L3,L2
L1,L3,L1,L3,L2
L2,M1,L3,L2,L2
L2,L2,L1,L1,BN
L2,L2,H2,L3,L3
L1,L2,BN,L2,H2
L1,L2,L1,L3,L1
H1,L2,M1,L3,L2
L3,M1,L2,L3,L2
L2,L3,L3,L2,L2
M1,BN,L2,L3,L2
L3,L3,L1,L2,M1
L2,L3,L1,L2,L1
H1,L2,L2,L3,BN
L1,M1,L3,M1,L2
M1,L1,L2,L2,L1
H1,L3,L3,L2,L3
L2,L3,L1,L1,L1
L3,L2,H1,L1,M1
L2,M1,L1,L3,L1
H3,L1,L1,L2,L1
M1,L1,L1,BN,L3
L1,M1,L3,L3,L2
M1,BN,L2,H3,L3
L3,H1,L1,M1,L1
L2,L2,L2,L3,L2
M1,H2,L2,L2,L2
L1,L2,H3,H2,L3
H3,L1,L3,L2,L1
L1,H3,L3,M1,M1
L2,L1,L2,BN,L3
BN,H1,L3,L3,L2
L1,L3,H1,L3,L3
L2,H2,L2,L1,M1
L2,L2,M1,H3,L1
L1,L3,L1,L3,L2
L2,H2,L2,H3,H2
L2,L2,L3,L2,L1
L1,M1,L1,L3,L2
L2,H3,L3,L1,H3
L3,L2,L1,L1,L3
L1,L2,L3,L1,L1
L3,L3,H3,M1,M1
L3,H3,L2,M1,L2
L3,H3,L2,H1,L1
M1,L1,M1,L1,L3
H2,H2,L3,L2,L1
L1,H3,M1,L1,L3
L1,M1,L2,M1,L2
M1,H1,L2,M1,L3
L3,M1,L1,L3,L1
L3,L3,L3,M1,L2
L2,L1,H2,L1,L2
L3,L1,L1,H1,H1
L2,L2,H2,L3,L1
H3,L2,L3,L2,L1
H3,H3,H2,M1,H3
L2,L3,L3,L3,L2
L1,L2,L2,H3,M1
H3,L2,M1,H2,L3
L1,L1,H3,L3,L2
M1,M1,M1,M1,L1
L3,H1,L3,L2,M1
L3,L3,L2,L2,L3
H2,L2,H2,L3,M1
L1,M1,L2,H3,L2
L2,H1,M1,L2,H2
L3,H3,M1,L3,L1
L2,H3,L3,H2,L3
L1,L1,L3,L2,L2
L2,L2,M1,L3,M1
L3,L1,L3,H3,M1
H3,H2,M1,H2,L3
L3,H2,L2,L3,H3
L2,L3,L3,H1,L3
H3,L3,L2,M1,L3
L1,L2,L1,H1,L3
L2,L2,H1,L2,L3
M1,L3,L1,L1,L1
L2,M1,L3,L1,L2
L3,L1,H1,H3,L1
M1,H1,L2,L3,H2
L3,L2,L3,L3,H2
L3,L3,L2,L2,L2
L2,L1,H2,L3,L3
BN,H3,L2,L3,L2
L1,L2,H1,L3,H1
L3,L3,L3,L1,L1
GL,H3,L3,L1,L1
L2,L3,H3,L2,M1
L1,L3,L3,L3,L3
L1,H1,L2,M1,L3
L3,H2,L3,L2,L2
H3,H2,M1,H3,H3
H2,L1,L2,H2,H2
L1,L3,L3,L1,H2
L2,L1,L3,H3,L1
L2,H1,L1,L1,L1
BN,L2,M1,L1,M1
H2,L1,L2,L2,L3
H3,L1,L3,L1,H2
L3,L1,H1,L2,L3
L1,L3,H3,L3,L3
L1,H2,L1,L1,H2
L3,L1,L2,L2,H1
L2,H2,L1,L3,H3
H3,L2,H2,H3,L2
BN,L3,H2,L2,L3
L1,L1,L3,L2,L2
L3,L3,H3,L2,M1
H2,H3,L3,M1,H2
L3,L3,L3,M1,H3
L2,L1,L1,L3,L2
L3,L3,L2,M1,L2
L3,L2,L1,M1,M1
L1,L2,M1,L2,L2
L2,H3,L3,M1,H3
L3,L1,L3,H2,L2
L3,H1,L3,L1,L3
L2,L3,L3,H2,L3
L2,L2,L3,L2,M1
L1,L2,L2,L3,M1
L2,M1,L3,L2,L1
H2,L1,L2,L1,M1
L2,M1,L3,L2,H3
M1,L1,L3,L2,L2
H2,M1,L2,H2,L2
L1,L1,L2,L3,L1
L2,M1,L2,L3,L2
L2,L3,BN,L3,H3
L3,L3,H3,H3,L3
L3,L1,L3,L1,L3
L2,H3,L1,L1,L1
M1,H3,H3,L2,L3
L1,L2,M1,H3,H3
L2,L2,L1,L2,GL
H2,L1,M1,L1,L1
L3,L1,H3,L2,L1
L2,L3,M1,M1,H2
L1,H3,L3,L3,L2
L1,L1,L3,M1,M1
H2,L1,L2,L3,L2
L1,L3,H2,H3,L3
H2,L1,L2,L3,L1
L1,L2,H3,L1,L3
H1,M1,L3,M1,L3
L3,L3,H1,GL,L1
L2,H2,M1,M1,L1
H2,L1,L3,L1,M1
L3,H2,L3,L1,L2
M1,L2,L2,H3,L3
M1,H3,H1,L2,L3
L2,H3,L2,L3,L2
H1,L1,L2,L1,M1
H2,M1,H2,L2,L2
L1,L1,L2,H3,L2
L2,BN,L3,H3,H2
L3,L2,M1,L1,L2
H1,L1,L1,L2,H2
L1,L1,H3,L1,M1
L1,M1,L3,L2,L3
L2,H3,H2,L3,L3
H2,L1,BN,L2,L3
H2,H2,L2,L2,M1
L1,L2,M1,L1,L1
L1,L1,M1,L2,L1
H2,L3,L2,H3,L1
L1,L1,M1,L1,L3
L3,L1,L3,L2,L3
L3,L2,M1,L2,M1
L1,H2,M1,L3,H3
L2,M1,L2,H2,L3
L3,L3,L2,H3,H2
L2,L2,L2,M1,L1
M1,H2,H2,L2,L1
L1,L2,L3,H2,M1
L2,L3,M1,L3,H2
L1,L2,L1,L1,L3
M1,L3,L2,L2,L3
L1,L1,H1,L1,L1
L3,H2,BN,L3,L2
H3,L2,L3,L1,L3
L2,M1,H2,L3,L1
L1,M1,H2,M1,L3
L3,H2,L2,L2,L3
L1,L3,L1,L1,L3
L3,L2,M1,L2,L1
L1,L1,L2,L2,L2
M1,L2,H2,L1,L3
H1,L3,L2,L1,M1
H3,L1,L3,L3,L3
L3,L3,H1,L3,L1
BN,L1,L1,L1,L1
L1,L2,L2,H2,L3
L3,M1,L2,H2,L1
L1,L3,M1,H3,L3
L2,L2,H3,H2,L2
L3,L2,L3,L3,L2
L3,H3,L2,H3,L1
L1,L2,H2,L1,L1
H2,M1,L1,BN,L3
L2,L3,L3,L3,H3
L2,L1,L2,L2,L1
L2,L1,M1,M1,L3
L3,L2,M1,H2,L1
H2,M1,L2,L3,L2
H1,H2,L1,H3,L1
L3,L1,L3,L1,M1
L3,H1,M1,L3,L3
L2,L3,L2,L1,L1
M1,L3,L2,L1,L1
L2,M1,M1,L1,H3
M1,L3,H2,L1,L1
H1,M1,L2,M1,L1
L1,L2,L2,L2,L2
L3,L3,L3,L1,H2
L3,L2,L1,M1,M1
L3,L2,L1,H2,L2
H3,L1,L2,L3,L2
L2,L2,M1,L2,L1
L2,BN,L1,M1,H3
BN,L3,L2,M1,L3
L1,H3,L1,L3,L3
L2,L1,H2,L1,L3
H1,L1,L3,L2,M1
M1,M1,L3,M1,H3
L3,L1,L3,M1,L3
L3,L3,L2,L3,L3
L3,L2,M1,L1,L3
L2,M1,M1,L2,L1
L3,L2,L2,L3,L1
L3,L1,L2,L1,M1
BN,M1,L1,L2,L2
L3,L1,H2,L1,L1
L3,H2,L3,L1,L2
L3,L3,L1,L1,L3
M1,L3,L2,L3,H2
L3,L2,L2,BN,L3
L3,H3,L2,H2,M1
M1,M1,L2,L3,L1
M1,L2,L3,L2,L2
M1,L3,L3,L3,M1
L3,BN,L2,H2,L1
L3,L1,L1,H1,M1
H2,M1,L1,L2,L3
L2,L1,H1,L2,L1
L3,H3,L1,L2,L2
H2,L3,L3,L1,H3
L2,L1,M1,H1,L2
L3,M1,L1,L1,H2
M1,H3,H3,L3,L2
H1,L3,L3,L2,H3
L2,M1,L1,L2,H3
M1,L3,M1,L1,L2
L3,H2,L2,M1,L2
H2,L2,H2,H1,L2
L1,H2,H2,H3,L1
H3,L3,H2,L3,L2
M1,L3,L1,H3,L2
L2,M1,L2,L3,M1
L3,H2,L1,L1,H2
L2,M1,L3,BN,H2
H2,L3,L2,H2,H1
L1,L2,L2,L3,L1
L2,M1,M1,L1,BN
L1,L2,L2,L3,H3
M1,L2,L1,L2,L3
L1,BN,L1,L1,L1
L1,L1,BN,L1,M1
H2,L2,L1,L3,L3
M1,L1,L2,H3,L2
H2,L3,L3,L2,BN
L1,L2,L3,L3,H3
L2,L3,M1,H2,H2
L3,BN,L1,L2,L2
L2,L3,L3,L1,L2
H2,L3,L1,L2,M1
L2,L1,L2,H2,L3
H2,L3,L3,H3,H3
L2,H2,L1,M1,L1
H2,M1,L3,H2,L3
L2,L3,L1,H2,H2
L3,L2,L2,L2,L1
L3,M1,H1,L3,M1
L1,M1,L3,L2,L1
M1,L1,L3,M1,L1
L2,L1,L2,L1,L1
L1,H2,L3,L2,L3
L3,L2,BN,L1,L2
M1,L2,M1,L1,H2
L1,M1,L3,L1,L1
L1,L1,L3,L1,L2
H2,M1,L1,H2,L2
L2,L1,H3,M1,M1
H1,L2,H2,H2,L3
L1,L3,L3,H1,H3
L3,L2,L1,L3,L2
H3,H1,M1,M1,L2
H3,H3,H3,L3,L2
L2,H3,H3,L2,L3
L3,L2,L1,L3,L1
M1,L2,L2,L2,L3
H3,L2,L3,L3,L1
L2,L1,L1,L3,L1
H2,L2,BN,L2,L1
L3,L2,L1,M1,L2
L1,L1,L2,L2,H2
H3,L2,L1,BN,L3
L1,L1,L1,L3,H1
M1,L1,L3,L1,L1
L3,M1,L1,L3,L1
L1,H1,M1,L1,L3
L1,L2,L2,H3,L1
L1,L3,L2,L2,L3
L2,L2,BN,M1,L2
H1,L2,L2,H3,L3
M1,L1,L2,L2,L1
L3,L3,M1,BN,L3
H3,H2,H2,L2,L1
L1,M1,L3,M1,L3
L3,BN,M1,L1,M1
H2,L1,L2,H2,L1
M1,L3,L3,M1,H1
L3,L2,L2,L3,L2
L3,L2,L2,L3,M1
M1,H2,M1,L3,L1
L3,H3,L1,H3,L3
L3,L3,H1,L3,L3
L1,L1,M1,L1,L3
L1,H3,L2,L1,BN
L2,L2,H1,M1,H2
L3,L2,L3,H1,L1
L2,L1,L1,L2,L2
L3,L1,L2,L1,L2
M1,H3,L2,M1,H2
H2,M1,L3,L2,H2
M1,BN,L3,L3,L1
H2,L3,L2,L1,L3
H2,M1,L2,L3,M1
H2,H3,L3,H3,L3
L1,H1,L2,L3,H2
L1,L2,L3,L2,L1
H2,L1,L2,L1,M1
L2,L3,H2,H3,L2
L3,H3,H1,L1,L1
H1,M1,L1,L1,L2
L3,L2,L3,L3,L3
L1,L3,H3,L3,H3
L3,H3,L3,L2,L2
H3,H2,L3,H1,L3
M1,L2,L3,H3,L1
M1,L1,H1,H3,L2
L3,L2,H2,L1,H2
H2,L2,L3,H3,L3
L1,L2,H1,L1,L2
H3,L3,L2,L2,L3
M1,L3,L2,L3,H2
L2,L2,L1,H3,L2
L3,L3,L1,L2,L3
L1,H2,H3,L3,H3
L3,L3,M1,L2,L3
L3,L2,L3,L2,L2
H3,L2,M1,L3,H3
M1,M1,H3,L3,H3
M1,L1,H3,L2,L2
L1,L2,L3,L3,H3
L2,H2,L3,L2,L3
L2,L2,L2,H1,L2
L3,L2,H3,H3,L3
L2,L2,L3,L3,L2
L1,L3,L1,H3,L1
H2,L2,L2,M1,L1
L2,H2,H2,L2,M1
L1,M1,L2,L1,L3
L3,H1,L1,H2,H2
L3,L2,L1,L3,L3
H3,L2,L2,L1,M1
H1,M1,L1,L2,H2
L1,BN,L2,BN,BN
L3,M1,L1,L3,H2
L3,H2,L2,L2,L3
L1,L3,L2,M1,L1
L3,L2,L2,M1,L3
M1,H3,L3,L3,GL
L3,H3,L3,L1,L2
L3,L3,L2,H3,BN
L1,L1,L1,H3,L3
L1,L3,M1,L1,L2
L2,L3,M1,L1,L3
L3,L1,L2,L3,L3
L3,L1,L1,H3,L2
L3,H2,M1,H1,L3
L2,L3,L3,L1,L3
L1,L2,L2,M1,H2
L2,L3,L1,M1,L3
M1,M1,H2,L1,H1
H2,M1,L3,L2,L2
M1,L3,L3,L2,L3
L3,L2,L3,L2,L2
L2,L3,L2,L1,L2
L3,L2,L1,L3,H3
L3,H2,L3,L2,H3
H1,L3,H3,H3,L1
L1,L3,L3,L1,M1
L2,H2,L1,L2,L1
L2,L2,L3,L1,L2
M1,M1,L2,H3,L3
L1,L3,L3,L3,M1
L2,L3,L2,L2,L1
H2,H2,H3,M1,H2
L1,L2,L2,BN,H1
L1,L1,M1,L1,M1
H2,L2,L3,H2,L3
H3,L3,L3,L3,L2
M1,M1,H1,L1,H2
L1,L3,L2,H3,L1
L2,L1,BN,L3,L2
M1,L1,GL,L2,L2
L1,L1,L1,L3,L3
M1,L2,L2,H3,L1
L3,BN,L2,L2,L2
L2,H3,L1,L3,H2
L3,H1,L1,L2,M1
L1,L1,L3,H3,L2
L3,L3,L3,L1,H2
H3,L2,H2,L3,L3
M1,L1,H3,L3,L3
H1,L3,L2,H2,H3
H3,H2,H2,L1,L1
M1,M1,H3,M1,M1
M1,L3,H3,L3,L3
L1,L3,L3,L1,H3
L1,L3,L1,L3,H1
L2,L2,L1,M1,L2
L2,L3,L3,L3,M1
L1,M1,L3,L2,L2
M1,L3,L2,L2,L2
L2,L2,H1,L2,L3
H1,H2,H3,M1,M1
H2,L2,H2,BN,L1
L1,L2,BN,L3,H3
L2,L3,M1,L1,H2
L1,L1,L2,M1,H3
H3,L3,L1,L3,M1
L1,L3,L2,L3,L1
L3,H1,M1,L1,M1
L1,L1,L2,H2,L3
H1,L1,L2,M1,M1
H2,M1,L3,L2,H2
L1,M1,L1,M1,H1
M1,L3,L1,L2,L3
L2,L2,L2,H3,L1
L2,L1,L2,M1,L3
L2,L3,L1,M1,L2
M1,BN,BN,L2,L2
H3,L3,H3,M1,L2
L3,L3,L2,L1,L3
L3,L2,L1,L2,L2
M1,L1,L1,L3,L3
M1,L2,L3,M1,L3
L1,L2,L1,H1,L2
L2,M1,L2,L3,L1
H1,H3,L2,M1,H2
L1,H3,L3,L1,M1
L3,H2,H2,H3,L2
L3,M1,L1,L3,L2
L1,L1,L3,H2,L3
L3,L3,L2,L3,L2
L3,L2,M1,L1,L2
L2,L3,L3,L3,L1
M1,L2,L3,L1,L3
M1,L2,M1,BN,L3
H2,L2,L2,L1,L2
L3,BN,BN,H1,L3
H1,L3,M1,L3,L3
M1,L3,L1,M1,H1
L3,L3,L1,L2,L2
L1,M1,L3,L2,L2
M1,L2,L1,L1,H3
L3,L2,L1,M1,BN
M1,L1,L3,L1,L1
BN,L2,M1,L3,L3
L2,H1,L2,L2,L2
L3,H3,M1,H2,L3
L1,L3,M1,L2,H3
H3,L3,L3,H3,H1
L1,L1,L2,L2,L3
L1,L3,H1,M1,H2
L1,L1,L1,H2,L3
L3,L3,L2,L2,L3
H2,M1,L1,L3,H1
L1,H1,M1,H3,L1
H3,L3,L3,BN,L1
M1,L3,M1,H2,H2
H2,L2,L1,L2,H3
L1,L3,M1,L2,L3
L2,H2,L1,H3,L3
L1,L1,L3,L2,L3
H3,L2,L3,BN,H1
H2,M1,L1,L3,L3
BN,L2,L1,H3,L3
L2,L2,L3,L1,H3
M1,H2,L1,L2,L3
L2,H3,M1,L2,M1
L1,GL,H1,L2,L3
L1,L1,L2,L3,L3
M1,L1,L3,H3,L2
L2,H2,L1,L2,L3
H2,L1,L1,M1,H3
L1,H1,H3,L3,L1
L1,L2,L2,L2,L1
L3,H3,L1,H2,H2
L3,L1,L1,L3,L1
L1,L1,H2,L3,L3
L3,L3,H2,L1,L1
L3,L1,L1,L3,H3
M1,L3,L3,L3,L3
L2,L3,M1,H3,L2
L1,L3,L2,H3,L3
L2,L3,L1,M1,L3
M1,L3,L3,L3,L3
L3,L3,L3,H3,L1
L1,M1,L3,L3,L3
L3,L1,H1,H1,H3
L2,L1,L3,L3,L2
L3,L2,L3,L3,L3
M1,L1,L3,L3,L1
M1,H1,L2,L1,M1
L2,L3,L1,H2,L1
H3,L3,L1,L2,H1
L2,L3,L1,M1,H2
L2,H2,L3,L3,H1
L2,L2,H1,L3,L3
L3,L2,L2,L3,L2
L1,L3,L3,L1,M1
L1,L3,H3,L3,L2
L1,BN,L2,L2,M1
L3,L1,L2,L2,H3
M1,L1,L3,H1,L2
H3,L2,L2,M1,BN
M1,L3,L3,L1,L3
L3,L3,L2,L3,L3
L2,L2,L1,H3,H2
L2,L3,L1,L3,L1
L3,L2,L2,H1,H2
H2,L1,L3,GL,L1
L1,L2,L2,L2,L2
H2,L1,L2,L1,L2
H3,H2,L1,L1,L2
L3,L3,H3,H3,L3
L1,L1,L1,L1,L3
L3,L3,L1,L3,H2
L2,L2,L3,M1,L2
H2,M1,L2,H2,L1
H1,L1,L3,L3,L2
L3,H1,M1,L1,L1
L3,H3,H3,L3,BN
H3,L1,L1,L1,L1
L2,L1,L3,L2,L3
L3,L2,BN,H3,L1
GL,H2,L2,L2,L1
L1,L2,L1,L3,L2
L1,L2,M1,GL,L1
H1,M1,L1,H2,L3
L3,L1,L2,L3,L2
M1,H3,L1,M1,L1
H2,L3,H2,L3,L2
L1,L3,L1,L1,L3
L3,L2,L1,L3,L3
L1,L3,L2,M1,L1
M1,M1,H1,L3,H3
H3,M1,L2,H2,H2
H3,L1,L1,L3,L3
L3,L2,L3,L3,L3
H1,L3,L2,H3,M1
L3,L1,L1,L3,L2
L1,L3,L3,L3,L3
M1,L3,L3,L2,M1
L2,L2,H2,M1,L2
M1,L2,L3,L3,L1
L3,H1,L2,H1,BN
L1,L3,M1,H3,M1
L1,L3,M1,M1,L1
M1,BN,L2,L2,H1
L1,L2,L3,L2,L1
H3,L1,H1,H2,L3
H2,L1,L1,L1,L1
M1,L3,L2,BN,H3
L2,L1,L2,H2,L2
L3,H2,M1,L3,L2
L3,M1,L3,L3,L3
L2,L2,M1,H2,M1
L2,H3,L3,H3,M1
L1,L1,L1,L1,BN
M1,L3,H3,L2,H2
L1,L3,L3,H3,L1
M1,M1,H3,L2,L3
H3,L1,L2,M1,L1
L2,L2,L1,L2,H1
L3,L2,L1,L3,L2
L2,L1,M1,L2,H2
H3,L2,L3,M1,L2
H3,L1,H2,L1,M1
L2,L2,L3,L1,H3
L1,H1,M1,L1,L2
H2,L3,M1,L2,L2
L1,H1,L2,L1,L2
L1,L2,L1,L3,L3
H1,H1,M1,L1,H1
H3,L1,L1,L3,M1
L3,H1,L1,H1,L1
L1,H3,L2,L2,H1
H1,H3,L2,BN,H1
M1,L3,M1,M1,L3
L2,H3,M1,L2,M1
M1,L1,L2,L1,L2
L2,M1,H3,L3,L3
L1,L2,L2,H3,H2
L1,L2,H2,H2,H3
L3,L2,L2,L1,L1
L2,H3,L1,L1,L2
H3,L3,M1,L3,H1
M1,L1,L2,H2,BN
L3,M1,L1,L1,H1
L2,H1,L2,L3,H1
L1,L3,H3,M1,L3
L3,H3,L2,BN,L1
H2,L1,M1,L1,H2
L3,L3,H3,L2,L3
L2,H3,H3,L2,M1
BN,L2,M1,M1,M1
L3,L1,H3,L3,H2
L3,L3,L2,L3,L2
L3,H3,L3,BN,L3
L1,L3,M1,L1,L3
L1,M1,L1,L3,L3
H1,M1,H1,L3,L1
L1,M1,M1,M1,L1
H3,M1,H3,M1,L2
L1,L3,L3,L2,L3
H3,H1,L2,M1,H2
H1,L1,L2,L3,L2
L2,L3,L2,L3,H2
L3,L2,L3,L2,L1
H1,L3,H2,L3,M1
L3,L3,H2,L1,L1
L1,L2,L2,L1,BN
L3,L2,H1,H2,L1
L3,H1,L3,L1,L1
L3,L2,BN,L3,L1
L3,L3,H2,L2,L3
H1,L3,L1,L3,L2
L2,M1,M1,L1,H3
H1,L3,M1,L2,L2
H2,L3,H3,M1,L1
L2,H3,L2,L3,M1
L2,M1,M1,L1,L3
BN,L3,M1,L2,M1
L3,L3,H1,M1,M1
H2,M1,BN,L2,L3
L3,L3,L1,H3,L3
L1,L2,L2,L3,L3
M1,H3,L3,M1,L1
L3,L1,L3,L1,L3
L1,L1,L3,L1,H2
L2,L2,M1,L3,H2
L1,L2,BN,H2,L3
L2,L3,L3,L3,M1
M1,L3,L1,L2,H3
BN,H1,L3,H3,L2
L1,H2,L1,L3,M1
L3,L2,M1,L1,L3
L2,L2,H3,L3,L3
H1,M1,L3,L2,L1
L3,M1,GL,H2,H3
M1,L1,L2,L3,L1
L3,L2,H2,L1,H3
L1,L3,L1,M1,L1
L3,H2,L1,L3,H2
L3,L2,L3,H3,L3
H3,L3,L3,L3,L1
L1,L3,L1,L3,L3
L2,L1,L2,H1,H3
L2,L3,BN,H2,H2
L3,H3,L2,H3,L2
L3,L3,L2,L2,L1
H1,L3,L3,H1,L3
BN,L3,L1,L3,H3
L2,L3,L3,L2,L3
L3,L2,L3,L1,L2
L3,L2,H2,M1,L1
L2,H3,L3,L3,L3
H2,L3,H1,L2,L3
M1,L3,H3,L1,L2
L3,L3,L3,H2,L3
L3,L2,H2,L3,L2
M1,L1,L2,M1,L1
L3,H2,M1,L3,L3
L2,L1,L1,BN,L3
L3,L3,H3,H3,L2
L3,L1,L3,L2,H3
L2,M1,L1,L2,L1
M1,L3,H2,L2,L2
H1,L2,L3,H2,L3
L1,L3,L1,H3,L2
L1,M1,H3,L1,M1
M1,L1,L1,L2,H2
L3,L3,L2,L3,L2
L3,L3,L3,L3,L3
H3,H2,L2,L2,L3
M1,H2,H3,M1,H1
H2,L2,L2,L1,L3
L2,L1,M1,L3,H1
L3,L1,L2,L1,L3
L3,L1,L2,H3,L1
L3,L1,L1,BN,L2
L2,M1,L2,H3,L3
L2,L2,L2,L1,L3
M1,M1,L1,L3,L3
M1,M1,L3,L2,H3
H1,L2,L1,M1,L1
L3,L3,L2,M1,L1
H3,L1,BN,L3,H3
L2,L3,L2,L2,L2
H3,L3,L3,H3,L3
L2,L2,H1,L3,L2
L3,H2,L1,H3,L3
H2,L3,L1,L2,L3
L1,L1,L2,L3,H3
L2,L1,L3,H2,L3
L2,H3,M1,BN,H3
L1,H3,H3,H2,L1
L1,L2,L3,L2,L2
L1,H1,L1,H3,BN
H2,M1,L2,L3,H2
L3,L1,M1,L3,L2
L1,L1,L1,L2,L3
L2,L2,H3,L2,L3
L3,H2,H2,L2,L3
L1,H2,L2,H1,L1
L2,BN,L2,L3,H2
L1,H2,L3,BN,H2
L2,L3,H3,L2,L2
L3,H2,L3,H2,L3
M1,L3,L3,L2,H3
L2,L3,L3,L2,BN
L3,L2,BN,L2,L2
H3,L3,L3,H3,M1
L3,H3,H2,L2,H3
L1,L3,L3,L3,H3
L3,BN,M1,L2,L3
L3,L2,L3,L3,M1
L2,L3,L3,L1,H2
M1,L1,L3,H2,L2
L3,L3,L2,L2,L3
L1,L2,L2,L1,H1
L3,L1,H3,H3,L1
H3,L2,H2,H3,L1
H1,L2,L3,L2,M1
L2,L3,H3,L1,L2
H3,L2,L2,L1,L2
H2,L3,L2,L2,L3
H2,L1,L2,L2,L3
L3,L1,M1,L1,L3
L2,L3,L2,M1,L3
L3,L2,M1,L1,L3
H3,L1,L3,L1,L2
H1,H2,L2,M1,L3
M1,L1,L2,L2,L1
L1,L3,L2,M1,M1
L2,L1,H2,H1,H1
H2,L3,H1,L1,L1
L2,L2,L1,L2,L2
L1,L2,L3,H2,L2
H3,H2,L2,L2,M1
L3,L3,H2,L2,L1
L2,H3,L3,M1,L2
L2,L3,L2,H1,L1
L3,L3,L1,L1,M1
L3,L3,L1,M1,BN
L2,L3,L3,L2,L2
L1,L3,L3,L1,H2
L2,L2,L1,L2,L2
M1,L2,BN,L3,L1
H1,L2,L1,L1,L2
L2,L1,H3,BN,H2
H2,L1,L2,L1,M1
L1,L2,M1,L2,L1
L3,L1,L3,L3,L2
L2,H3,H1,L1,L3
L3,L2,L3,BN,H3
L3,H3,L2,M1,L3
L2,L2,H2,L2,L1
H3,L3,L1,L3,H3
L2,L1,H2,L1,L3
L1,H1,H2,L3,L2
L1,L3,H3,L2,L1
H1,L3,BN,M1,L1
L2,L3,L1,M1,L3
L2,L2,M1,L3,H3
L3,L2,L2,L1,L3
L3,L1,L3,BN,L1
L3,L1,L2,L3,H1
H1,M1,L2,L2,L2
M1,M1,L1,L3,H2
L3,H2,L1,L2,M1
L1,H3,L3,L3,M1
M1,M1,M1,L3,M1
L2,M1,L3,L3,L1
L3,L3,L3,M1,L3
L2,L3,L3,L2,M1
BN,L2,L1,L2,M1
H3,H2,H3,L1,L2
H2,M1,L2,M1,L1
H3,L3,L2,L2,L1
H3,M1,M1,L2,L3
M1,L2,L3,L1,L3
L3,L3,H3,H1,H3
L2,L1,L2,L2,L3
L2,L1,L1,L1,M1
L3,H3,L1,L2,L1
L2,M1,M1,L1,L3
H3,L1,L3,L2,L2
L2,L2,L2,L1,L3
L2,L3,L1,L2,H1
L2,L3,L2,L3,L1
L3,M1,L1,L1,L3
M1,L3,L3,L2,L3
L3,L2,H1,H2,L3
L3,M1,M1,L1,H3
L2,L3,L2,H3,M1
H2,M1,L1,H3,L3
H3,H2,L3,L2,L2
L2,L2,L3,M1,L3
M1,H3,H2,L3,H2
L3,L2,M1,L3,L2
H3,L3,L1,H3,L3
H3,L2,H2,H3,L2
L1,L3,L1,L1,M1
L3,L2,L3,H3,L2
H2,BN,H3,L1,L3
L1,L3,L3,L2,H3
H3,L1,L2,L2,L1
L3,H3,L3,L2,M1
H3,L1,L1,L2,L2
BN,H3,L3,L2,L2
L1,BN,BN,L3,L2
M1,L3,L3,M1,L1
M1,H1,L3,H2,L3
L3,L3,H3,H2,L3
M1,L3,H2,L1,L2
L3,L1,L3,H3,M1
L1,L1,H3,L1,L3
L1,L2,H3,L1,M1
H1,M1,L3,H1,L2
L2,L3,L1,H2,H3
BN,L2,L3,L2,BN
H3,M1,H3,L1,M1
L1,L1,H3,L1,L3
L3,L3,H3,L3,L3
H2,L3,L3,L2,H3
L3,L1,BN,L3,L2
L1,H2,L2,L1,L2
H3,L1,H1,L2,H3
L3,L3,L1,L3,L2
H2,L2,L3,L3,H3
L2,L3,L2,L3,L1
M1,L3,L1,L2,L2
BN,L2,L1,L3,L1
L3,L2,H3,L1,L1
L3,H3,H2,L1,L1
H3,L3,L2,H3,L2
L1,L2,L3,M1,L1
H2,L2,L3,L3,L3
L3,L3,L1,L3,L2
L3,L2,L1,BN,L1
H1,M1,L3,L2,L3
L3,L1,H2,H3,L1
M1,L3,M1,L1,M1
L2,L2,L2,L3,M1
H3,L1,H1,L3,BN
M1,L1,L2,L2,L1
L2,M1,L3,H3,L1
H3,M1,H3,H3,L2
L2,L2,L3,M1,L3
L3,L3,L2,H1,L3
L1,L2,L2,M1,L3
L3,L1,L1,H3,L1
M1,M1,H2,L1,M1
M1,H1,BN,L1,L1
L3,L2,L1,M1,L2
L3,L1,L2,BN,M1
M1,M1,M1,L1,L2
L1,L3,L2,L1,H1
L3,H3,L2,L2,L1
L1,H1,L2,L3,L2
L2,H2,L1,L3,L3
M1,M1,L2,L2,L3
H3,H3,L2,L2,L2
L1,H1,L1,L2,L1
L3,L2,L2,L2,L3
L2,L3,H3,H3,L1
L3,M1,H1,L3,L2
BN,M1,M1,H1,L3
L3,L1,H3,L3,H3
L2,L2,L2,L2,M1
L1,L2,L1,L3,L1
H1,L3,L2,L2,H3
L1,L1,M1,L3,L3
L2,H2,L1,M1,L3
L2,H2,H1,L3,M1
L2,L2,L2,M1,L2
L1,L2,L1,L2,H1
L2,L2,L2,H3,M1
H1,L2,M1,M1,M1
L3,L2,L1,M1,H1
H1,L1,L3,L1,L3
H3,L1,M1,L2,L2
L3,L3,L3,H3,M1
L3,L2,L3,L1,M1
L2,H2,L3,L2,BN
M1,L1,M1,L2,L3
H1,H3,M1,M1,L2
L3,L2,M1,H2,M1
BN,BN,L2,H3,L2
L3,L3,L2,H2,L1
L3,L2,L2,L2,L2
M1,L3,L3,L1,L1
M1,L2,L3,H3,L1
L3,H2,L2,L2,H3
L2,L1,L3,H1,BN
L3,L1,L2,L3,L1
L2,H2,L3,L2,H3
L1,H3,H3,L1,L1
L2,H1,L2,M1,L3
L2,L2,H2,L3,H2
M1,L1,H3,H2,L1
M1,H2,H1,L1,H1
L1,L2,L3,H1,L3
H2,M1,H2,H3,L2
L1,M1,M1,L1,L3
L1,L2,L3,L1,L3
L2,L1,BN,L2,M1
H2,H3,L1,L3,L3
H3,L3,L2,L3,H1
L3,L2,L3,L1,BN
L2,H1,L2,L3,L1
L3,H2,M1,M1,L3
L3,H3,L1,L2,M1
M1,BN,L1,L1,L2
L1,L3,M1,L2,H2
L2,L2,H3,L1,L3
L2,H1,H2,L1,L2
H3,H2,L3,L3,H3
L1,L1,H3,L2,L1
L3,H3,L1,L2,M1
L2,L3,L2,M1,L1
L2,L2,L2,L2,L3
L2,M1,M1,M1,L2
L3,H1,L1,H3,L1
H2,L3,H2,L1,L2
H1,L3,L2,L1,M1
L3,M1,L3,M1,L3
L2,L1,L2,L3,L2
L2,H2,L2,L3,L2
L2,L2,H2,L2,L1
L3,M1,L3,L1,M1
L1,L1,L1,L1,L3
M1,M1,L1,M1,L3
L2,L3,L3,L1,L3
L1,L1,L3,L3,H2
L1,L1,BN,L1,L3
L3,L2,H3,L3,H3
L3,M1,L1,L1,L1
L1,L2,L1,L1,M1
BN,L2,L2,H3,M1
L1,L3,L3,L2,L2
L2,L3,L2,L3,L1
L1,L3,L3,L2,L3
L1,L3,L3,L2,BN
L1,L2,L1,L3,M1
H3,L3,M1,L3,L1
M1,L3,H2,L1,L2
H2,L1,L1,L1,H2
L2,H3,L1,L3,L1
M1,M1,L3,M1,L3
L3,M1,L2,L3,L2
M1,L1,H3,L3,L3
H3,L1,M1,L2,L3
L3,M1,H2,L1,L1
L3,L3,L3,L3,L1
H3,L3,L1,H1,L3
L3,L3,H2,H2,L2
L3,L2,L3,L2,H2
L2,H2,L2,L1,BN
L3,L3,L2,L1,L1
L2,BN,L1,BN,M1
L2,L1,L2,L3,L3
L3,H1,L2,H3,L2
L3,L3,L1,L2,L3
M1,L1,M1,L3,L1
L1,H3,L3,L3,L2
L2,L3,L1,L1,M1
H2,L3,L3,L1,M1
L3,H1,H2,L1,M1
H1,H1,L3,H3,L1
M1,H3,H3,M1,L1
L3,H2,H1,L1,L1
H3,M1,H2,M1,L3
M1,L3,L2,L3,L1
L2,M1,L1,L3,H2
L2,H2,M1,L3,L3
L2,L1,H2,H2,H3
L3,H2,L3,L2,L3
L3,H1,L3,L1,H3
L2,M1,M1,L3,L1
L3,L2,L2,L3,L2
L2,L1,L2,L3,M1
L3,H3,L1,L1,L3
L3,L3,L3,L3,L2
H3,L2,L2,L3,L1
H3,L3,M1,BN,M1
L3,M1,L1,H1,L3
M1,M1,L2,M1,L1
M1,H1,M1,M1,M1
L3,BN,L2,L2,H1
L2,H2,L3,L3,H3
L1,L2,L1,L3,M1
L2,L3,L1,H2,L1
M1,L1,L2,L2,L3
M1,L3,L2,H2,L3
L1,L3,H1,L3,L3
L2,L2,L2,H3,L3
L3,H3,L3,H2,H2
L2,L2,L3,L3,H1
M1,L2,L3,L3,L2
L1,L1,M1,L1,L3
L1,L2,L2,L3,L2
L3,L3,H2,L1,L1
L3,BN,L3,L3,H3
L1,L3,H3,M1,L2
L1,L3,M1,M1,L2
BN,L2,L3,H1,L3
H2,L2,L2,L1,L2
L2,L2,M1,M1,L3
L1,H1,L2,H3,L3
M1,H3,L1,H1,L1
BN,M1,L3,L3,H3
L1,L3,L2,L2,L3
L3,L3,L3,L1,L1
L2,L3,L1,M1,L1
M1,L2,L3,L3,L3
GL,L1,L1,L2,L2
H2,L1,H1,L3,L1
L1,M1,L1,L1,L2
M1,M1,H3,L3,M1
H2,L1,L3,L1,M1
H2,L1,L3,L3,L3
L1,L3,L3,L2,L3
M1,L2,L1,H2,BN
L3,L3,L1,L2,L3
L3,H3,H3,L2,H1
L2,L1,L2,H3,H1
M1,L2,L1,L2,H1
L1,L1,L3,L3,L3
L3,L2,L3,L3,L3
L3,L1,H3,H2,H3
L3,L2,H2,H2,H2
L1,M1,L3,L3,L3
M1,L1,L2,L3,L2
H3,L1,L2,L1,H3
L1,L3,L2,L1,L2
L3,H2,L3,H2,H3
H2,L3,L1,L3,L1
L2,L2,L3,L2,L3
M1,L3,H2,H1,L1
L3,M1,L3,L1,L3
H1,H3,L2,H3,L2
L2,L1,L1,BN,H2
L1,H2,L1,L2,H3
L3,L1,L2,L1,L2
L2,L3,L1,L3,L2
L2,H1,L2,M1,L2
L3,H2,H3,BN,L2
BN,L2,M1,L3,H3
L1,L3,M1,L2,L2
L1,L3,H2,L3,L2
L2,L1,L3,L2,H2
L1,L1,L2,L2,L1
BN,L1,M1,L3,H3
M1,L2,H2,L3,L3
L3,L1,L2,L3,L3
L3,L3,L2,H3,L2
L1,L3,L1,H1,L3
L3,H3,L2,L3,L1
BN,L3,L1,L3,M1
H3,L2,L2,L3,L3
M1,L2,L1,L3,H1
L2,L2,L3,H3,L1
H2,L3,L2,L3,L3
M1,L3,L3,L2,H1
M1,L1,H1,L3,H3
M1,L3,L3,M1,H3
H2,L2,M1,L3,M1
L1,L2,BN,L2,L2
L1,L3,L3,L3,L3
L3,L3,L3,L3,L3
L3,L2,L1,H3,L2
L3,L2,L1,L2,L1
H3,L1,M1,L2,H2
L2,L2,L2,L1,L1
L1,L1,L1,M1,L2
L3,L1,L2,L2,L3
L3,M1,H1,BN,L2
L3,L3,M1,H1,L3
H3,L1,L1,M1,L3
L2,L1,M1,H1,H2
L3,H2,L2,L2,L3
BN,H2,L1,L2,H3
L1,L1,L1,L2,M1
L3,H3,M1,M1,L1
L2,L3,L1,L2,L3
M1,M1,L3,H3,L2
L1,L3,L2,H2,H3
L3,L3,L1,L2,L1
L1,L1,L3,L3,H1
L1,L3,L1,L2,L1
H2,L3,L1,L3,M1
L3,H1,L3,H3,M1
H3,H2,L3,L1,L2
BN,L2,L1,H3,L2
L1,L3,M1,L2,L2
L1,L3,L3,L1,L1
L2,L3,L2,L1,H1
L2,L3,L2,H3,H2
L2,L2,H3,L2,L1
H3,H3,L1,L3,L1
L3,M1,L3,L1,L2
L2,M1,L2,L3,L3
L3,M1,H1,L1,L2
L3,L3,L1,L2,L1
H1,L3,L3,L1,L2
L2,M1,M1,L3,H1
L3,L3,H3,L1,L3
L2,L1,L1,L2,L1
BN,H1,L3,L1,L1
L2,L3,L3,L2,L3
L3,L3,L3,M1,M1
M1,L3,L3,L2,L3
L3,L1,L3,L2,H3
H2,L3,M1,L1,L1
L1,L2,L2,L2,L2
L1,L2,L3,L3,L2
L2,L3,H3,L3,L2
H1,M1,L3,L3,H2
BN,L3,L2,L3,L1
L2,L2,L3,L1,L2
L3,H3,L3,L3,M1
L1,L3,H2,L3,H2
L2,L3,L3,L1,L1
L3,H1,L2,L2,H3
L2,H2,M1,H3,H3
L2,L3,H3,H2,L1
L3,L1,H2,M1,H3
L3,L3,H3,L2,L2
H2,L2,L2,L2,L2
H3,L3,L3,L3,L1
L2,L1,H3,L2,L3
L2,L1,L1,L2,L3
L2,L1,L2,L2,L3
L2,M1,L3,H3,L2
L2,L1,L1,H3,H3
L3,L1,L2,L1,L2
L2,H3,L2,L3,M1
L2,L2,L1,M1,BN
L3,L2,M1,L3,L1
M1,L3,L2,L2,M1
H3,L1,L3,L1,M1
L3,H2,L3,L3,L3
H1,H3,L1,L1,L3
L1,L2,L2,L2,L3
L1,L3,M1,M1,L2
M1,H2,L1,M1,L1
L1,L3,M1,L3,M1
L2,L2,L1,L3,L3
L3,H2,L3,H2,M1
L3,H3,M1,L2,M1
L2,L3,L2,M1,L3
BN,L3,L3,L1,L3
H2,L3,L2,L1,L2
H3,L2,L1,L2,L3
L2,L3,H2,L3,H2
L2,L2,L3,H3,H3
L3,L3,H3,L1,H3
H2,L3,H3,L1,M1
L3,M1,L2,M1,H1
H1,L2,L3,L3,L2
M1,L2,L2,L1,L1
H3,L1,H2,L2,L3
L1,M1,H2,L3,H3
L1,H3,H2,H2,H2
L3,L3,L1,M1,M1
L3,L2,L3,L3,L2
L2,H2,L1,M1,H2
L2,L3,L1,H2,L3
M1,L2,L1,M1,M1
L1,L2,L3,L3,H2
L2,M1,H2,H2,L2
L2,H2,L1,H3,L1
H1,M1,H2,L1,M1
L2,H3,L2,L1,L2
BN,H2,L2,L3,L3
L3,L1,L1,L3,L3
H3,L2,L2,M1,H1
H3,L1,L2,L3,L1
L2,L1,BN,H3,L3
L1,L3,L3,H2,H2
H2,L3,H2,L3,M1
M1,L2,L2,H3,L3
L2,L2,L1,H1,L2
L2,L2,M1,L1,L2
H3,L3,L1,L2,H3
L3,L1,L3,M1,L3
L3,L2,L2,L2,L3
L3,L3,L3,M1,L1
L1,L1,L2,L1,L3
L3,L1,L3,L3,L2
L2,L1,L1,L3,L2
L3,L2,L1,L3,M1
H2,H1,M1,H1,L1
L3,L3,M1,BN,L1
L3,L2,L1,L3,L3
L2,L1,L2,L3,L3
M1,L2,H3,M1,GL
M1,L2,H3,L3,L3
L2,L2,L2,L3,L1
H2,L3,L3,M1,L1
L3,L1,M1,L2,L3
M1,H1,L2,L3,H3
L3,L1,L1,L1,L3
L2,L2,H3,M1,H3
L3,L3,L1,H3,L1
M1,L3,L3,L1,L3
H3,L3,L1,L3,L1
L3,L3,H2,L3,H3
L3,GL,L1,H3,L3
M1,H3,H2,L2,L1
L1,H2,H1,BN,L1
L3,L2,L2,L3,M1
H3,H2,L1,L1,L3
L1,H3,M1,M1,L2
L2,M1,L1,M1,L3
L1,L2,BN,L2,L2
H3,L3,L3,L1,L3
L3,M1,L3,L3,L2
M1,L1,L3,L3,L1
L3,H1,L2,L1,H2
L2,H3,L1,L3,L1
L2,L3,L2,L1,H3
H3,M1,L1,H2,L3
L3,L3,L3,L1,H1
H1,L1,L1,L3,L1
L1,L3,L1,L1,H2
L3,L2,L2,L3,H3
M1,BN,L1,H3,L2
M1,H1,L2,L1,L3
L2,L2,L2,L3,L3
H1,H1,L2,L2,H3
L3,L1,L3,L3,L1
L1,L1,L2,M1,L2
BN,L2,L1,L1,L3
M1,L3,H2,L3,H3
M1,L1,L1,L3,L3
L2,L1,L3,H2,M1
H2,L2,L1,L3,M1
L2,L3,M1,L2,H2
L3,H2,L3,L1,L2
L3,M1,L2,H3,M1
H3,L3,L1,M1,L1
L1,L1,L3,L1,L2
H2,H2,M1,L3,M1
L1,L1,L3,L2,L3
H3,M1,L1,L1,L2
L3,L2,BN,L1,H3
L2,L2,L2,L2,L3
H2,L2,L2,H2,L1
H3,L3,L2,L1,L2
L1,H3,H2,H3,H1
L3,L2,L2,L3,L3
L2,L3,H1,H3,L1
M1,H1,L3,H3,L1
L3,L3,H1,L2,L1
L2,L1,L1,L1,L3
L2,L3,L3,M1,L3
L1,L3,H1,L2,L2
L2,M1,L1,L3,M1
L3,L1,M1,BN,L3
L2,L2,L1,L2,L3
L1,H1,L1,H1,L2
L1,L3,L1,H2,L3
M1,L3,L2,L3,L2
H2,L3,M1,H1,H3
M1,L2,L2,L3,L1
L3,L2,L2,L3,L3
L3,L3,M1,H1,H1
L1,H2,L2,L1,L2
L3,M1,L2,M1,L3
M1,H2,L1,L2,L1
L1,L3,M1,L3,L1
GL,L1,L3,M1,M1
L2,L3,L1,L2,L1
L1,L1,L3,L2,L2
L1,L2,M1,M1,H3
H1,L3,L3,L1,L3
L3,L1,L1,L3,L1
L1,L2,M1,L1,L3
M1,L2,H3,M1,H1
L3,L2,H2,L3,L3
L1,L2,M1,H3,H2
L3,H1,L2,H2,L1
H3,L1,L1,L1,L3
L3,L3,M1,L2,L1
L3,M1,L3,L3,L2
H1,L2,L1,L3,L2
L1,GL,L3,L3,H1
M1,L2,H2,L2,L1
L3,L3,BN,H2,H3
L2,L3,L3,L1,L2
L2,L1,L1,L3,L3
H2,H3,H1,L2,L3
M1,L2,L2,L1,L3
M1,L3,H1,L3,L2
L3,L2,L3,L3,L2
H1,BN,L3,L1,M1
H3,H3,L1,M1,L2
L1,L2,H2,L3,M1
L1,H3,M1,M1,M1
H1,H1,M1,L2,L2
L2,L1,L1,L2,M1
M1,BN,BN,H3,L2
L1,L1,L3,L1,L3
H2,L2,H3,L2,L2
L3,L3,M1,L3,L2
H3,H3,L2,L3,L3
H2,L3,L2,L3,L3
H3,L1,M1,L3,L3
L1,L3,L3,L2,L2
L1,L1,H1,L1,H3
L2,L1,L1,L2,L3
L2,H1,L3,M1,H2
L3,L2,H3,L2,L3
L1,L3,L3,L2,L1
L1,L3,L1,L2,L3
BN,M1,H3,L3,H2
L3,L1,BN,H2,H2
L2,L3,L1,L2,L3
M1,L3,H3,L3,M1
L2,L2,L2,L1,L3
L2,L1,M1,L2,L1
L2,L2,L3,M1,M1
M1,H3,L3,L2,L2
L2,M1,L3,L3,L2
L2,L2,M1,L2,H2
L2,L2,L3,M1,H2
L2,H3,L3,L3,M1
M1,L2,L3,L3,H3
L2,M1,H2,L1,H1
H1,M1,L1,BN,L2
L2,L3,L3,L3,H2
L2,L3,L2,L1,L1
L3,L1,L1,L3,L1
BN,L3,L3,L1,L1
L1,M1,L3,L3,L3
M1,L2,L2,L3,H1
L3,L2,BN,L1,L1
L1,L1,L1,L2,L2
L3,L1,L2,H2,H3
L3,L2,L3,H3,H3
H3,H2,H1,L3,L1
L3,M1,H3,H2,L1
M1,L3,L2,L1,H3
L1,M1,H3,L1,L2
H3,L2,L2,L2,L3
L2,L2,L3,L3,L1
L3,H3,H3,L3,L1
M1,L3,L1,M1,L2
BN,L3,M1,L2,L2
L3,H2,L3,M1,L2
L3,L2,L3,H3,L3
L1,L3,L3,L1,H3
H1,L3,L3,M1,L3
M1,L1,H3,L1,H2
L2,L3,L3,H3,M1
L3,H2,M1,L3,L3
H3,H3,L1,L2,L2
BN,L3,L1,H2,M1
L1,M1,L3,H1,L3
M1,L1,M1,L3,H2
L3,L1,L3,L2,L3
L1,H3,H3,H3,L1
H3,L1,L3,L1,L1
H2,L1,BN,L3,M1
L2,L1,H2,L3,L3
L3,H2,M1,L2,L2
M1,L2,L3,L3,L2
M1,BN,L3,L2,M1
L2,M1,L2,L3,L3
L2,L1,L1,L3,L1
M1,M1,M1,L2,H1
H2,L3,L3,L2,M1
L3,L3,BN,L1,L2
L1,L2,L3,L2,L2
L3,L3,L1,M1,L1
H3,L2,L2,M1,L1
L2,L1,L1,L2,M1
M1,L3,H3,M1,L1
H3,H3,H1,L2,L3
L1,M1,L1,L2,M1
L3,H2,M1,M1,L3
H3,L1,L2,L2,L3
L2,M1,L3,L1,H3
L3,L1,L1,L1,L1
L3,L2,L1,L3,L2
H3,L2,H3,L3,L3
L1,L3,H1,L1,L3
L3,M1,M1,L3,M1
L3,L1,BN,L2,M1
L3,L1,L1,H3,L3
M1,L3,M1,H3,M1
L2,M1,L1,L1,L2
L2,L1,L2,L1,L2
L3,L3,H1,H2,BN
L2,L2,L2,L3,L3
L3,H1,H3,L1,L1
L1,L3,L2,L2,L1
L2,M1,H2,L3,L3
L2,H3,H3,L2,H3
L1,L3,L3,L3,L1
L1,L1,H1,M1,L2
L2,H1,M1,L1,H3
L2,M1,L3,H1,L3
L3,L2,L1,L3,L3
M1,L3,L3,L3,L2
L3,L3,H2,M1,L2
L1,M1,L3,L3,BN
L2,L2,L3,M1,L1
H1,H3,L2,L1,L2
M1,H2,L3,M1,M1
M1,L3,M1,L1,L2
L3,BN,L2,H1,L3
L2,H1,L3,L3,L1
L3,H3,H1,L1,H2
L3,L1,L1,L2,L1
L2,L3,L1,L1,L2
H1,M1,L3,BN,L2
M1,M1,L3,L2,H3
M1,L1,L3,L1,H2
L1,H3,BN,L3,L3
L3,H2,L3,L2,L2
L2,L3,L1,L1,H3
H2,L3,L1,L2,L1
M1,M1,H2,L1,H1
H3,L3,L2,L1,M1
L1,L1,L1,L3,L2
L1,M1,L1,M1,M1
L3,L1,L3,H3,H2
H2,H1,L2,L1,M1
H1,M1,H3,M1,H2
H1,L2,L3,L1,H2
H3,L3,L2,L2,M1
H3,L2,L1,L3,L2
H1,H2,M1,L3,H3
M1,L2,L1,L1,L3
L3,H3,H2,L1,H3
L1,L2,H1,M1,L2
L1,M1,L3,L2,L3
L1,H1,L3,L1,H3
L1,L2,L3,L3,H2
L3,M1,M1,M1,H1
L2,L2,H2,L3,L3
M1,M1,H3,H1,L3
L3,M1,H2,L1,L2
L1,M1,L2,L3,H2
L3,L2,L3,L3,H3
L3,L1,L2,L2,L3
L2,L1,H3,M1,L2
L2,L1,M1,L3,M1
L3,L3,H3,H3,H2
L3,L3,H3,BN,H3
L2,L3,M1,L2,L3
L1,L1,L1,M1,GL
H2,L3,L3,L3,H2
L1,L1,L3,H1,L1
H2,M1,L1,H2,H3
M1,L1,L3,L3,H3
H3,L1,L2,M1,M1
L3,L2,L3,M1,L3
L2,L1,M1,H3,L2
L3,L2,L1,L1,L1
L1,H2,L3,L2,L2
L3,H2,L2,L3,H2
L2,M1,H3,L3,L3
L2,L1,L3,L2,L2
L1,L1,L2,H2,L3
L2,H1,L3,L2,L3
L2,L2,M1,H1,L3
L1,L1,H3,M1,H1
L1,L2,H3,L2,H3
L3,BN,M1,H2,L2
M1,M1,M1,L3,L2
H3,H2,L3,L3,H3
L2,L3,M1,H2,H3
L3,L2,M1,L3,L2
M1,H3,L2,M1,L1
M1,M1,H3,L3,L1
H1,L2,L3,L3,L3
L1,L1,H3,L3,H3
H1,L3,L3,L2,H3
L3,L2,H1,L2,L2
L2,L3,L3,L3,L1
L1,H3,L2,L1,L1
M1,L2,L2,H2,M1
L2,H2,L2,H1,L1
H2,H2,L2,L3,L2
L2,L2,BN,L2,L2
L1,M1,L2,L2,L3
H2,L3,L3,H2,L3
L1,L2,L3,L3,L3
H2,H1,L2,M1,H3
BN,L3,L3,H1,L1
L1,L1,L1,H1,L2
L1,L2,L1,L2,L3
H3,L2,L3,L1,L1
L3,L3,L1,M1,L1
M1,H2,L1,L3,L3
L2,H2,M1,L3,L3
M1,H2,M1,H2,L3
L2,L3,L1,L3,L1
L1,L2,L2,L3,L2
H2,H3,L2,M1,H2
L3,L3,L3,L2,M1
L1,L2,L2,L3,L3
M1,L2,M1,L3,L2
H3,L1,H2,L3,H3
L1,L1,L2,L2,H2
L3,L2,L1,L1,L2
M1,L2,L3,H3,L3
L1,L3,L2,L1,L2
H2,M1,M1,L3,L2
L1,L1,L1,L3,H3
L2,L3,L3,L3,L2
H3,L2,L1,L1,L3
L1,L3,M1,L1,L2
L1,L2,M1,L2,H1
L3,L1,L1,M1,L2
L1,H3,M1,L1,L2
L2,L3,L1,L2,L3
L3,H1,L3,H1,BN
L1,L3,L3,M1,H3
H3,H3,H3,L1,L3
L1,H1,L3,H2,M1
L3,L1,L1,L1,H3
L1,H2,M1,L2,L2
L2,L1,BN,L3,L2
L1,L3,L3,L3,H3
L3,H2,M1,L3,L2
L1,BN,M1,L3,L1
L1,L3,L2,L3,L2
M1,L3,L3,L1,H3
M1,L3,L2,L3,L2
L1,L2,M1,GL,L1
H3,L3,M1,H1,L2
H3,L3,L3,L2,M1
L1,L3,L3,H2,L1
L3,L1,L3,L3,L3
H3,L3,M1,L3,L3
L1,L2,L3,L1,L1
M1,H1,L3,L1,L2
L1,L1,H3,M1,H2
L2,L3,BN,L2,L3
L1,L2,M1,L1,L1
L1,L1,H3,H2,L1
L2,L3,L3,L2,L3
L3,L1,L2,L2,M1
L2,BN,M1,L2,H2
L3,L2,L2,L2,BN
L2,L1,H3,L3,M1
H3,L1,L1,H1,M1
L1,L2,M1,L1,L2
L3,L3,M1,L1,L1
BN,M1,H3,M1,L3
H3,GL,L3,H3,H2
M1,L2,L3,H2,L2
M1,H3,L3,M1,L2
L2,H1,L3,L3,L3
L1,L1,H3,L3,L3
L1,H2,L1,L3,L2
L2,L1,M1,L1,L3
H1,H2,M1,L3,L3
H3,L1,M1,L2,L2
L1,L2,L2,L1,H2
M1,L2,M1,L2,L2
L3,H2,L1,L1,L1
L2,H3,L1,L3,M1
GL,H3,BN,L1,H3
L1,L3,L3,L2,L3
H3,H2,L3,L1,M1
H2,L2,H3,L2,L1
L2,L2,M1,L3,L2
BN,M1,H3,L2,H2
M1,L3,L2,L2,L2
L1,L1,L2,H3,L1
L3,L2,H3,L2,M1
L3,L3,L2,L3,L1
L3,L1,L2,L2,M1
L2,H1,L1,L3,L1
L2,H1,H3,M1,L2
L1,L3,H2,H3,L2
L1,L3,L3,H1,L2
L1,L3,L2,L1,L2
L2,L3,M1,L1,BN
H3,L2,L2,L2,L3
L3,L2,L1,H1,L3
L3,H2,L2,L2,M1
L1,M1,L2,L3,L1
L2,M1,L1,L1,H3
L3,L1,L1,L2,L2
H2,H2,M1,H2,L3
M1,L2,L2,L2,L2
L3,H1,L2,L1,H2
L3,H3,H2,L1,H3
H3,L2,L1,BN,L3
L2,L1,L3,M1,M1
H1,L1,L2,L2,H1
L3,M1,H3,L2,L3
L2,L3,M1,H1,L2
GL,L2,L3,L3,L2
L2,L1,L3,H1,L2
L1,L3,H1,L2,L1
L3,M1,L3,M1,L3
L3,M1,L3,L2,L1
L2,L2,L2,L1,L2
L3,H1,M1,L2,L3
L3,L2,H3,L2,L2
BN,L1,L3,L1,L3
L1,L2,L1,L2,L1
L2,L3,L1,M1,L3
L1,BN,H2,L1,H3
L1,H2,H1,L2,L3
L3,H2,L1,L2,M1
L1,L2,L1,L1,L1
L2,H2,M1,H3,L1
L2,L3,H2,L3,L3
L2,L1,L2,L3,L3
L1,L2,L2,L1,H1
H1,L1,L2,H1,L2
L3,M1,L2,L1,L2
L1,H3,BN,L1,L3
L3,M1,L3,L2,L2
M1,H3,L2,L2,L3
H3,L2,L3,M1,H3
H3,L3,L3,L1,M1
L1,L1,H3,L1,M1
L2,L2,L2,L3,L3
H3,L1,M1,L3,L2
H2,H2,L2,H2,H3
L3,L3,M1,L3,L1
L3,L3,L2,L1,L2
H3,L1,L3,L1,L1
M1,H3,M1,H2,H2
L3,L2,L3,M1,M1
L3,L2,L2,L2,L2
L2,L3,L1,L1,L3
L2,L1,L2,L2,H1
M1,L3,H1,H3,H3
L1,L3,L2,L3,L2
H3,L2,L3,L1,L1
L1,L3,L3,BN,L3
L2,M1,H2,L2,L2
L1,H1,L2,L1,H3
L3,L3,L1,H3,H1
H3,L1,L3,L3,L3
L3,L2,L1,L2,L3
M1,H3,H3,H2,L2
M1,L1,BN,L3,L3
L3,L3,L2,L1,H3
H3,H3,M1,L3,L3
L3,BN,L3,M1,L2
H3,M1,H3,L3,M1
L3,L2,L2,L1,L2
H3,L2,L3,L3,L2
H3,L1,M1,L2,M1
L1,L1,M1,L3,H1
L3,H3,H3,L2,L1
H2,L1,H1,L3,M1
L1,L1,L1,L2,L2
L1,L1,L2,L1,L3
L2,L1,L3,L3,M1
L3,L1,L2,H1,L2
L3,H2,L2,L3,L1
L1,L3,L2,L3,M1
L1,L2,L3,H1,L3
M1,L2,L1,H3,L2
L3,M1,L2,H2,L3
L2,H3,L1,L1,H3
L1,L2,L2,L2,L2
L2,L2,L1,M1,H3
M1,H2,H1,L3,H1
BN,L3,L1,L3,L1
L1,L1,M1,L1,L1
L1,BN,M1,M1,L3
L1,L1,M1,L1,L3
H3,L1,M1,M1,M1
L3,L2,L3,L2,L3
L3,H2,L3,L2,H2
M1,L2,L2,L2,L1
L1,L2,L3,L3,H3
L3,L1,L3,L3,M1
L2,BN,M1,H3,L2
L2,L2,L3,L2,L3
M1,L2,L1,L2,L2
H2,L2,L2,L2,M1
L1,L1,L3,L2,M1
BN,L2,H1,L3,L2
L3,L3,L2,L3,L3
L1,L2,L1,L3,H3
H2,L3,L2,GL,L1
L3,L2,L1,L1,L2
L3,L1,M1,M1,H3
H3,H3,M1,H1,H3
L3,L3,H2,L1,L1
L2,H2,M1,M1,H1
M1,L1,H3,H1,M1
L2,M1,L1,L2,L3
L3,L2,BN,L3,M1
L2,L2,L3,L3,BN
L1,H3,L1,L1,L1
L3,L3,L3,L2,L1
L3,M1,H1,L2,L2
L2,L3,L3,H3,L3
L2,H3,L2,L3,H1
L3,L2,H1,L1,L2
H3,L1,H3,M1,H2
L2,H3,H3,L3,L1
L1,L2,L1,M1,L2
L3,M1,H3,L2,L2
M1,M1,L2,L3,L3
L1,L1,L2,L1,L3
L3,L1,L1,L1,H3
BN,L3,L1,L3,L1
H3,L2,L3,H1,L2
H2,L3,L2,H3,H1
H2,L2,L2,H2,H2
L3,H1,L1,L1,H3
L3,L2,M1,L1,L1
H1,H1,H1,L2,L2
L3,H2,L3,L2,M1
L2,H3,L2,M1,L3
L2,L3,M1,H2,L2
L1,L3,BN,L3,L1
L1,L2,L1,L3,L3
H2,M1,L2,L1,L3
L3,H3,L1,L1,H3
L2,L3,L3,M1,L3
L2,L2,H3,L2,H2
L1,H2,BN,H1,L2
L2,BN,L3,L1,L1
L3,H3,L2,L2,L3
L2,M1,L1,M1,H3
H2,H3,L1,L2,L3
L3,H2,L2,L1,M1
L1,M1,L1,L1,L3
L2,L2,H3,H3,H3
L2,L3,L3,H3,L3
L2,L3,H3,H2,L1
L2,L1,L3,H3,H3
L1,L3,L3,L3,H1
L3,L2,H1,M1,L1
H2,L3,H3,H3,L1
L1,L2,L3,H2,L2
L2,L1,L1,M1,L2
H2,L2,L3,M1,L2
L3,L1,H3,L3,H2
M1,H3,L1,L3,L3
M1,BN,L2,L2,L1
H3,L2,L1,H3,H2
L1,L2,L1,L1,H1
H3,L2,L3,H3,L1
H2,L1,L3,L3,M1
L1,L3,L3,L1,L3
M1,L2,H3,L1,M1
L1,H3,L2,L3,H2
L1,H3,H3,L2,L1
M1,M1,L3,M1,L2
H3,H3,H3,L3,M1
L3,H3,M1,L1,L1
M1,L1,L2,H3,M1
L3,M1,M1,L3,L1
L1,L3,M1,L1,L3
L2,H1,L2,L3,L2
L1,L1,H1,L3,L3
L3,L1,BN,H3,L1
L3,L3,L2,L2,H2
L3,L3,L1,BN,L3
L1,L3,L1,H3,H3
M1,H3,L1,L3,L3
L3,L3,L2,L2,H3
L3,L2,L3,L3,M1
M1,H2,L3,H3,L2
L3,L3,M1,H1,L1
L2,M1,L2,H3,H3
H3,H2,H2,L2,M1
L2,L3,L3,L1,L2
L2,L3,L2,L1,L3
L2,L2,L1,L2,L2
L2,L1,L3,L2,L1
L2,L1,L2,M1,L2
H3,L1,L3,L1,L2
L2,M1,L1,M1,L3
L3,L2,L2,L2,H3
M1,L3,L1,L3,M1
L3,L1,H3,L3,M1
L1,M1,L1,H2,H3
M1,L1,L2,H1,L2
L1,L3,L3,L2,H3
L3,H1,L1,L3,H2
M1,L3,L3,BN,L2
H1,M1,L3,L1,L1
H2,H2,L3,L1,H3
L2,H2,L2,L3,L3
L2,L3,H3,L3,L2
L2,H3,L3,L2,L2
H3,L2,L3,L1,L1
L3,H3,M1,L3,L3
M1,L1,L3,H3,L3
L2,H3,L3,M1,M1
H3,L2,L2,L1,L1
H2,L1,BN,L3,H3
M1,L2,H3,L2,H3
H1,L2,L2,H1,L3
BN,L2,L2,M1,H2
L3,L3,L1,H1,L1
M1,M1,L1,L1,L3
L1,L2,L3,L1,L1
L3,H3,L2,L2,L3
L1,L2,H3,L3,L2
H1,L1,M1,H3,M1
L2,H3,L3,L3,L2
H2,M1,L2,L1,L1
M1,L2,M1,L1,L3
L2,H2,H3,H2,L3
H1,L2,L1,M1,L3
M1,L1,L2,L2,L1
L2,L2,H3,L3,L2
M1,H3,H2,L3,L1
H1,L3,L3,H1,L1
L1,L3,H3,L3,H3
L1,H1,H3,L1,M1
H3,L2,L1,L2,L1
L3,L3,L3,L1,L1
GL,M1,BN,L3,BN
H3,H3,L2,L2,L2
L3,L2,M1,L3,L2
L3,L3,L1,M1,L3
L2,L2,L1,L3,L2
L3,H3,L1,L1,M1
L1,L3,L2,L3,L1
L2,M1,H3,L2,BN
H2,L2,H1,L3,M1
H3,H2,L1,L1,L3
L1,L1,L1,L2,L2
L2,L2,L1,L2,L3
L3,L2,L1,L2,L2
L2,L1,L3,M1,L1
M1,L1,L2,H2,L2
H3,L3,L2,L1,L2
M1,M1,L1,L1,L3
L3,L2,L2,L2,L1
BN,L1,L3,L1,BN
L3,L2,L3,M1,L1
L1,M1,M1,H2,H2
L3,L3,M1,L3,L2
L2,H2,L3,L1,L3
L1,L2,L1,L3,L1
H3,BN,L3,L1,H2
L2,H2,H1,L2,L1
L2,H2,L2,L1,L3
M1,M1,H1,L1,L2
H1,L3,L2,L1,L2
L3,L2,L3,L3,L1
L2,L2,L2,L3,H1
L3,M1,L2,H3,L2
L3,L1,L3,M1,M1
L3,M1,H2,H2,H2
L3,L2,L3,BN,M1
L2,L2,L2,L1,H3
L3,L1,H3,L1,L3
L2,L1,H2,L3,H1
L2,L3,L3,L1,L3
L3,L2,M1,L3,L3
L1,H3,L3,L3,L3
L1,L2,L2,H3,BN
H3,L3,L2,H2,L1
H3,L2,H3,L3,L1
L1,H2,L1,L2,L1
L1,L3,L3,H2,H3
L2,L2,L2,L2,M1
L1,M1,L3,M1,M1
L3,BN,L1,L1,M1
L1,H1,L3,L1,L3
L3,L3,M1,M1,L2
L3,L2,M1,L2,L2
L2,M1,L2,L1,L2
L1,L2,L3,H2,L2
H3,H3,L1,H2,L1
L1,L3,L3,L1,H3
L1,L3,L3,L1,L3
L3,L3,L3,H2,H1
H2,GL,BN,L3,L2
L3,L1,L1,L3,H1
L1,L3,L3,L3,M1
L3,L3,L3,L3,L2
L1,H2,L3,L3,L3
L2,L1,L3,L3,L1
L3,H2,M1,L3,L2
H1,L1,L2,L3,H3
L2,L1,H3,L3,L2
L1,L1,L2,L3,L1
L3,M1,L1,H1,L3
L1,L2,L1,H3,L3
L1,H2,L3,L3,M1
L3,L3,H3,L1,L3
L2,H2,H2,H3,L1
L3,BN,BN,L3,H2
L1,L3,L2,L2,L2
H1,H3,L2,M1,L2
L3,H1,L1,L3,M1
M1,L2,M1,L2,L2
L2,L3,L1,H3,L3
L1,M1,L2,L2,L3
H3,L2,L3,L3,L2
M1,H2,H3,L3,L1
L2,M1,L2,L2,L3
L1,L3,L3,L1,L3
L2,L1,H3,L3,L1
L3,H2,L2,L3,H2
L1,L3,L1,L1,H2
H1,L1,L1,H2,L3
L2,L1,M1,H3,H3
M1,H2,L3,L3,L2
L2,L3,L2,M1,L3
M1,BN,BN,M1,M1
M1,L3,L1,M1,L3
L3,L3,M1,L3,L3
L1,H2,L3,H2,L2
M1,L3,M1,L2,L2
H1,H3,L3,L1,M1
L3,L1,H3,H2,L1
L3,L2,H1,L1,BN
L3,L2,L3,L2,L2
M1,L1,L3,L1,L2
L1,L3,M1,L2,M1
L2,L1,H2,L1,L1
L2,L3,H1,M1,BN
L3,L1,L1,L2,L3
L2,L2,L3,H2,M1
H3,L2,L1,L2,H2
L3,GL,L1,M1,M1
L3,H1,L3,L3,L1
M1,L2,M1,L3,H1
L3,L2,L1,L2,M1
L3,L3,L2,L3,L1
L1,L1,L3,M1,H3
L3,L1,L2,L1,L1
L2,L3,L3,M1,M1
L2,L1,L2,L3,L3
L3,H3,L2,L2,L3
L3,L2,H3,L1,L1
H2,L2,H3,M1,H2
L3,L2,L3,L2,L1
L1,L3,M1,L1,L2
L1,H2,L3,H1,BN
L1,L2,M1,L3,H3
H3,L2,M1,H1,L3
M1,L1,M1,L2,L3
L3,L3,H3,M1,L3
H1,H1,L3,H2,L2
M1,M1,L1,H2,H2
L2,M1,L2,L3,H3
L1,H3,L1,H1,L3
L3,BN,L1,H1,L3
H3,L3,L2,L1,L3
L2,L3,M1,M1,L2
M1,L1,M1,L3,L1
H3,L3,H2,H2,L2
L1,H2,H3,H1,L1
L2,L2,L2,L3,M1
L2,L1,L2,H1,L1
L2,H2,L2,M1,H3
M1,L3,M1,L3,L1
L3,L1,L3,L2,L2
L1,L1,L2,L1,L3
M1,L3,H3,H3,L3
M1,L3,M1,L2,L3
L3,L3,L3,L2,L2
L3,H1,L2,L3,H2
L3,L3,L1,L3,L3
M1,M1,L3,L2,L1
L3,L1,H2,H2,M1
H1,L2,L3,L1,L2
L1,H3,H3,L2,L3
L1,L3,L3,L2,L1
L2,L2,L3,L1,L3
L3,L1,M1,L1,M1
L2,L1,H1,M1,H2
M1,L3,L2,BN,BN
L2,L1,H1,L1,L2
L3,M1,L2,L1,H2
H3,L3,L3,H1,L2
L3,L2,L3,M1,L3
L3,H3,L2,L2,L2
L1,L1,L3,L1,L3
L3,H1,H1,L1,L1
L3,L2,L2,H1,L2
L3,L3,L1,M1,H1
L2,L1,L3,H2,L3
M1,L2,L3,H3,GL
L1,L1,H2,L2,L2
L3,L3,M1,L3,L2
M1,L3,L2,L2,M1
L2,L2,L3,L2,H3
L3,L3,L3,L1,L1
L1,L2,M1,L3,L1
L2,H2,M1,M1,L2
H3,L3,L2,L3,L1
L2,L3,M1,M1,L1
H1,H1,L2,L3,H3
L3,L3,L3,L2,L2
L2,M1,M1,H2,H1
L1,L2,L3,L3,L3
L2,H1,L2,L1,L3
L1,H2,L3,L3,M1
L1,H3,L3,M1,H2
H3,L2,L1,M1,L2
L3,L3,H3,M1,L3
L2,M1,L1,H3,L3
M1,L1,L1,L2,L2
L3,L1,L3,H1,L1
L3,H1,L1,BN,L3
L2,L1,L3,H3,H1
L1,L3,L3,L3,L1
L2,L3,M1,L1,L2
L3,L2,L3,L1,L3
L2,L2,L3,L1,L2
L2,M1,L2,L2,L1
L1,L2,H3,L3,L1
L3,L3,L2,L3,L2
L1,L3,L3,L2,H1
L1,L3,L2,L3,L2
L1,L3,L3,L1,L2
M1,H1,M1,L1,L1
L3,L3,L2,M1,L1
L2,H2,L2,L3,L3
M1,L2,H3,H3,L1
L3,M1,BN,M1,L2
H1,L3,L3,L1,L2
L2,H3,L3,L3,L2
L2,L3,M1,M1,L3
L1,L2,L3,L2,L3
L2,L3,H1,L1,L2
L3,L2,L1,L3,M1
L2,L3,L1,H2,L1
L2,L1,H3,H3,L2
L2,L3,H3,M1,L2
H2,L3,L3,H3,M1
L3,BN,H3,L1,L2
L1,L2,L1,L2,L2
H1,L3,H1,M1,H1
L1,M1,L1,H3,L1
BN,L2,H1,BN,L1
H3,H1,M1,L3,L3
M1,L3,M1,L3,L1
H3,H3,L2,L1,L3
H1,L3,L3,M1,L3
L3,L2,L2,L2,H3
L3,L3,L3,L1,M1
L3,L3,L2,M1,L2
L1,M1,L2,H2,H3
L3,L3,L1,H3,M1
L3,L2,L3,H3,M1
GL,H2,L3,L2,L2
L1,L2,H1,L3,H3
L1,L3,L1,L2,L2
L2,L2,L1,L1,L3
L3,H3,L2,L1,L3
H3,H3,L3,L1,L2
M1,L3,L2,L3,H2
H3,L2,L2,L1,H3
H2,M1,H3,H3,L3
L2,L3,GL,L3,H3
L2,L3,L1,L3,L3
M1,M1,H1,M1,L2
L2,L2,L1,L2,L2
L3,M1,M1,L1,L3
L3,M1,BN,L2,H2
H3,M1,H3,L2,L1
L1,L1,L2,H2,M1
L2,L2,L1,H3,L2
H3,BN,L2,L1,L1
L1,L3,L2,L1,H2
L2,L3,L1,L3,H3
L1,L3,L3,H3,M1
L1,L2,BN,L1,L1
L3,H3,H3,L2,L2
BN,L2,L3,L1,L1
H3,L1,L2,L3,L3
L3,L2,L1,L3,L2
L2,L2,L1,L1,L3
H3,L2,L3,M1,L2
M1,L1,L3,L1,BN
L3,L3,L3,L3,L2
L1,L1,L3,M1,L3
L1,H3,L2,L3,L3
L3,L2,H3,L1,L3
M1,H2,L1,L3,L3
L1,L2,BN,L1,L2
M1,L3,M1,H1,L2
L2,L1,L2,H3,L1
L1,H3,L3,L2,L1
L3,L3,L3,L2,BN
L2,L1,L2,L3,H3
L1,L3,L3,L3,L2
L2,L3,L1,M1,L3
L1,H3,M1,L2,M1
L3,L1,L3,L3,H3
L1,L2,L1,H2,L2
H2,L3,L1,L2,L3
H1,H2,L3,M1,L2
L2,M1,L3,L3,L1
L1,M1,H1,H3,H3
M1,M1,L3,L3,L3
L3,L3,L3,L3,L1
L3,L2,L2,BN,L1
L1,L3,H3,L2,H2
M1,L1,L3,L2,L2
L3,L3,L2,H3,L2
L2,H3,L3,L2,L3
L1,L3,L2,M1,M1
L1,L3,L3,L2,H1
L2,L1,L1,H3,L3
L3,H3,L2,L3,L2
L1,H3,L1,L3,L2
L3,L2,L3,M1,M1
M1,L1,L2,H1,L3
L3,M1,L2,L2,L2
L2,L1,L3,L1,L1
L3,H3,L3,L2,L1
L3,L2,M1,L3,L3
H1,L3,L3,L1,L2
L1,H3,L2,L1,L2
L1,H3,L1,L2,L2
L1,L1,H3,L3,L2
L1,L3,L3,L2,BN
L3,L3,L3,L3,H1
L1,H2,L3,H3,L2
L1,L2,L3,L3,L1
L3,L1,L2,H2,M1
L1,L1,M1,M1,M1
L1,M1,L2,L2,L3
M1,L2,L2,BN,M1
L1,L3,H2,L3,L1
L2,H3,L1,H3,L3
L2,H3,H2,L1,L1
L1,L2,H1,H3,L3
L3,L2,L1,L3,M1
L3,L1,L2,L2,L2
L1,L1,M1,L3,M1
L2,L2,L3,L3,L2
L2,L3,L2,L1,H3
L2,H3,L1,L3,L2
L1,H3,L3,H3,L2
M1,M1,L2,L1,L1
M1,L3,M1,M1,L3
H1,L2,L1,L3,M1
L2,L1,L1,L3,H1
L2,BN,L3,L3,H1
L1,L2,BN,L2,L1
L1,L2,L3,L1,L2
H1,L3,L3,L1,L1
M1,H1,H1,L3,H3
H3,L3,L3,H2,L1
L2,L1,M1,L2,L3
L1,L3,M1,L2,L3
M1,H3,L1,M1,L2
L3,M1,L2,L3,H1
L3,L2,H3,L3,L1
L1,L2,L3,L3,M1
L3,H3,L2,L2,H3
L3,L2,L2,L2,M1
L2,L2,L1,L3,H1
L1,L3,L2,L1,L2
L2,L2,L2,L3,L2
H1,H3,H1,H3,L2
L1,L2,H1,L1,L1
H3,L1,L3,L1,M1
H3,L1,L3,L2,L2
L3,BN,L3,L1,L3
M1,L2,L3,L2,L1
L2,L1,L1,M1,H1
L1,M1,H2,L2,L1
L3,L3,H2,L3,L3
H2,H3,H2,BN,L3
H2,H1,M1,L1,L3
L3,L1,L1,L1,L3
L2,M1,M1,L2,L2
L1,L2,L2,L2,H1
L2,L2,L3,L2,H1
L2,L1,H3,L3,L3
L3,H2,L3,L2,L1
H2,H2,L2,L1,L3
L2,L3,M1,L2,H1
L2,L3,L1,L3,BN
M1,L3,L3,M1,L2
L3,L2,L2,L3,H1
H3,L1,L2,M1,M1
L3,GL,L2,BN,L2
L3,H3,L3,L1,L1
L1,L1,M1,M1,H2
L3,L3,L2,L2,M1
L2,L3,L1,M1,L3
L2,L1,M1,L2,L3
L3,L1,L2,L2,L3
M1,L3,H2,L1,M1
M1,M1,L2,H1,L3
H1,L2,L2,L3,M1
M1,L1,L1,BN,L2
L3,M1,L3,H3,BN
M1,L2,H3,L2,M1
L2,GL,L1,H3,H3
L3,L2,L1,H2,H2
L2,H3,H2,L2,L2
H3,L1,L3,L2,L1
L2,H2,L3,L3,M1
L1,L1,L3,M1,L3
L2,BN,L2,L3,M1
L1,L3,H2,BN,L1
M1,L2,L3,L2,L2
L1,H2,L3,L3,L3
L3,L2,L1,L2,L3
L2,M1,L3,L1,M1
L3,L2,L2,L1,L2
L3,M1,L1,L1,H3
L1,L1,L2,H2,L3
L3,H3,M1,H1,L1
L3,L2,H3,L2,L1
L2,L1,M1,L3,L2
M1,M1,L1,H3,L2
H2,L1,L2,L1,L2
H3,L1,M1,L1,L1
L3,L3,L1,L3,M1
L2,L1,L2,L3,L1
L3,L1,L3,H3,H1
M1,L1,L3,L3,L1
H2,H3,L3,L3,L2
M1,L2,H1,L2,H3
L1,L1,M1,L1,L3
H3,H2,M1,L1,L2
L3,L1,BN,H2,H2
L3,H1,L3,L3,H2
H2,L3,H3,H2,L2
H2,L3,H1,L1,L3
M1,M1,L1,M1,L3
H3,L3,H3,L3,L1
L1,L3,L1,H2,M1
L3,L3,L2,L3,M1
L3,L3,L1,L1,L3
L1,H2,H3,L1,L1
H2,L1,M1,L2,L2
H2,M1,L2,L1,BN
H1,L3,L3,L1,L2
H2,L2,H2,M1,L3
L2,M1,L3,M1,L2
H3,L1,L2,L1,L2
H3,L3,H3,L3,M1
L2,L1,L3,M1,L3
L3,H3,L2,L1,L1
H2,L2,L2,L2,L1
L1,L3,L3,L1,M1
L3,M1,L3,L3,L3
L1,L2,L1,H3,L3
M1,L3,L3,L2,L3
L2,L2,L1,H3,L2
L1,L1,H3,L2,L1
H1,L3,H1,H3,L3
L1,H3,L1,L3,H3
H1,H3,H2,L3,H3
L3,L3,L3,L3,H3
M1,L3,L1,H2,L2
M1,L1,M1,L2,L3
L3,H3,L1,L3,L2
L2,L1,L2,M1,M1
L1,L3,L3,L1,M1
L2,L3,H3,M1,H3
L2,H1,L3,M1,L3
M1,L3,H3,M1,L3
L2,L1,L3,L2,M1
L3,L3,L3,M1,H3
L3,L2,BN,M1,L2
L3,L2,L1,L1,L3
L3,H2,L1,L3,L1
L1,L1,H3,L2,H1
L2,H2,H2,L1,H3
L2,L1,L1,L3,L2
M1,L2,L2,L3,L2
L2,H1,L1,L1,M1
L1,L1,M1,H2,H2
L1,L3,L3,L3,L1
L1,L1,L2,L2,L2
L3,M1,H1,L1,L1
L1,M1,L1,L2,H3
M1,H3,L2,M1,L2
L3,H3,L2,L3,M1
H3,L3,H2,L1,H3
L2,L3,L3,L2,L1
L3,L2,L3,H2,M1
L2,L3,H3,L1,L2
L3,M1,H3,L1,L2
H2,L3,H2,L1,L3
H3,H3,L3,L1,L1
L1,H2,H3,L1,L1
H3,L2,H2,L1,L2
BN,M1,L3,H2,L3
L2,H3,L2,L3,L2
L1,L1,L3,H2,L2
L2,L2,L3,H1,M1
L1,L3,L3,L1,L2
L1,L3,H3,L2,H3
L3,M1,M1,L1,M1
H2,L3,L1,L3,L3
M1,H1,L1,H3,L2
H2,L2,L2,L1,L3
M1,L1,H1,H2,M1
L2,L3,H3,L2,L2
H3,M1,M1,L2,H3
L2,H2,L3,M1,L3
L2,L1,H2,L3,M1
L3,L3,L3,L2,M1
H1,L1,M1,L2,L3
L1,H1,H1,H3,L1
H2,L2,L3,M1,L1
L1,L2,L3,L1,L3
L1,L3,L1,L1,L1
L2,L2,L1,M1,H2
L2,H1,H3,L1,L1
L1,L2,M1,H3,L3
BN,L3,L3,L3,M1
L2,L2,L1,L2,L3
L3,H3,L2,L2,M1
L3,H3,L3,L3,H3
L2,L3,M1,L2,L2
L3,L2,L2,M1,M1
L1,H2,L3,L1,H2
M1,L1,H3,L1,L3
L3,L2,M1,H1,L2
L1,H3,H3,L2,H1
GL,H3,H2,H1,L1
L1,L3,L3,L2,L2
L2,L3,H2,L3,L2
L2,H1,L3,L2,L1
L2,BN,H2,L3,L3
L1,M1,H3,H3,L2
L1,L2,M1,H3,L2
H3,L3,H3,L2,L1
L3,H1,L1,L3,L3
L3,L3,H1,H2,BN
L2,M1,L2,M1,L3
L2,L2,GL,L2,L3
H1,L1,L2,H3,H1
L3,L2,L3,H2,H1
L1,H3,L3,L2,H1
L3,L2,M1,L1,L2
L2,M1,M1,H2,L2
L3,L1,H1,L3,M1
L2,L1,H2,L3,L2
L2,L3,M1,L3,BN
L3,H2,L2,L1,H3
H2,L2,M1,L1,H1
H1,H1,H2,H3,L3
L1,L1,L2,L1,H1
L1,L2,L2,L3,M1
L1,L2,L1,H1,L3
L1,L3,L3,M1,L3
M1,L2,L3,L2,L2
L1,L1,L3,L2,H1
L2,H1,BN,H1,L1
H1,L3,L1,H3,H3
L1,L3,L3,L1,L1
L2,H2,L2,H3,L2
L1,H2,L3,L2,H3
M1,L2,L2,H3,L2
L1,M1,BN,L1,L3
M1,L2,L1,L1,L3
H1,L1,M1,L1,L2
L1,L3,L2,L2,L1
M1,L1,M1,BN,L1
L1,L1,L1,L3,L1
L2,L3,L1,L1,L2
L2,L1,L1,M1,L2
M1,L2,L3,L1,M1
L2,L3,L3,H3,H3
L2,H3,M1,L3,L3
L1,M1,L3,M1,L2
L2,H3,M1,L2,L1
M1,M1,H1,H2,H2
L2,BN,L3,L3,L1
M1,L1,L3,M1,L1
L2,L3,L3,L1,L2
L2,H3,L2,L2,M1
BN,L1,M1,L1,L3
L1,L1,L2,L1,L1
L2,M1,L3,GL,H2
L1,L1,L2,L2,L2
H3,H2,L2,M1,M1
L3,L1,L2,L2,L1
M1,L2,L2,L2,H1
L3,L1,BN,L2,H3
L1,H3,L2,M1,L3
L3,L1,L3,L3,L2
H3,L2,L2,H3,M1
H3,M1,L3,H3,M1
L1,M1,M1,H1,L2
H1,GL,L2,L1,L2
L3,L3,M1,H1,L2
M1,H3,L1,H1,L1
H3,L1,L1,L1,L2
M1,L2,L1,L3,L3
L1,L3,H2,M1,L1
L3,L1,H2,L3,L1
L3,L3,H2,H3,L3
M1,GL,M1,L2,L1
L3,H3,L2,M1,L2
H3,L2,L3,L1,BN
L2,L3,L2,M1,H3
L2,L2,H2,L3,L1
L3,L1,L1,L3,L3
H1,H2,M1,L3,L3
H2,L1,L2,H1,L3
H2,BN,L1,L3,L2
L3,L3,L3,H1,L2
M1,L3,L1,L2,L3
L3,L3,L1,L3,L2
L3,H3,M1,L2,H3
L3,L3,L3,L1,L2
L1,M1,H3,L1,M1
L3,H2,L3,H3,L2
L3,L1,L1,L3,M1
L1,H1,L2,L2,M1
H1,L2,L2,L3,H2
L3,L3,L1,M1,L3
H3,L1,L1,L2,BN
M1,L3,BN,L3,M1
L3,L2,M1,M1,L3
L1,L3,L3,L3,M1
L1,BN,L2,L3,H2
M1,L2,H3,L1,H2
L2,L2,H3,L1,L2
L3,M1,M1,L1,L3
L1,L3,L3,L2,L3
H1,L1,L2,H2,L1
M1,L1,L3,M1,H2
M1,M1,L2,L3,L2
L1,H1,L3,L1,L1
L2,L2,L1,L2,L3
L1,H1,H1,M1,L3
L1,L3,L3,H2,L3
L1,H2,L2,L2,L1
L3,H2,M1,L2,L2
L1,L3,M1,L1,L1
L1,L1,H1,L1,L3
M1,L2,L2,L3,L1
L1,L3,M1,L3,L1
H2,H3,L2,L3,L3
L1,L1,L3,L2,L1
L2,M1,H2,L2,L3
L2,GL,L3,L1,L2
H3,L3,M1,L3,L3
L2,H3,H2,M1,H3
L2,L2,L3,L1,H1
L1,L3,H2,L3,H3
L3,L2,L2,L1,L2
L1,L3,H3,L1,H2
L1,L3,L2,L1,L1
L3,L3,L1,L1,L3
L2,H3,L1,H3,L3
H3,H2,BN,L2,M1
H3,L2,L3,H3,L2
L1,H2,H3,H3,L1
L3,M1,L2,L3,L2
L2,L1,H3,L2,H3
L1,L2,H1,L3,M1
L3,M1,L2,L2,L1
L3,H3,L1,M1,L3
L2,L1,H1,M1,GL
H3,M1,H2,L1,L2
M1,L3,M1,L1,M1
M1,L1,M1,L1,L3
H2,L3,L1,L3,L3
L1,M1,L1,L3,H3
L2,M1,L3,M1,L2
L2,L1,L2,L2,H1
M1,L2,H3,L1,H2
L1,L2,L2,H2,L3
H1,L1,M1,L2,L3
L3,L2,L1,L3,L3
M1,M1,H2,M1,L1
L3,H2,H1,L1,L2
H2,L1,L1,L1,L1
H1,L1,M1,L3,L3
L1,M1,BN,L2,L1
L1,L3,L3,M1,L3
L2,H2,L1,L3,L3
L2,M1,L3,L1,L3
H2,BN,L2,L3,L3
L1,L2,H3,L3,L2
H1,L3,H1,H1,L3
L3,L1,L3,H3,L2
L3,M1,L1,H2,L2
H1,L2,H1,L1,L1
L1,M1,L2,M1,L3
L3,M1,L3,L2,L3
L2,L2,L2,L2,L2
M1,H1,L2,L1,M1
L3,L1,L1,L2,L2
L2,H1,L3,M1,L3
L2,L2,L3,M1,L2
M1,H3,L3,H3,L1
L3,L3,L3,L2,L3
L3,L3,L1,L1,L3
L2,L1,L2,L3,L1
L1,L2,L1,L1,L3
L1,L2,L3,L1,M1
M1,L2,L1,M1,L1
H3,H3,L2,H3,L3
L3,L1,L3,L3,L3
BN,M1,M1,L3,H3
L1,L2,L2,L2,L2
L1,H3,L1,L1,H1
H2,M1,L3,L1,L3
L1,H3,L2,L3,L2
L1,L1,L1,L3,H3
H3,H2,L3,L3,H3
L3,L2,L1,BN,H2
L1,L2,M1,L1,L1
H3,L2,L1,H1,L2
L1,L1,L2,L1,L2
L2,H3,L3,L3,H2
H1,L3,L1,L2,H1
H2,L3,M1,L2,L3
L3,M1,L3,L1,L2
L2,L2,L1,L1,L2
L2,M1,M1,L2,H3
L2,L3,L2,L1,L3
M1,H1,L2,L1,L1
L1,L2,L3,H3,H3
L1,L3,H2,L1,M1
L1,L1,L3,L1,L1
L2,L2,L2,BN,L2
H2,L3,L2,M1,L1
L3,L3,L3,L3,L1
M1,L1,L1,L3,L2
L2,L3,L1,L3,L2
L2,L2,L3,L2,L2
L2,M1,L3,L1,H3
H2,H2,L1,L3,L1
L3,L2,L1,L1,GL
L1,L3,L2,M1,L1
L2,L3,L1,L1,L1
L1,H1,H3,L3,L3
L3,L1,L2,L1,L1
M1,H2,L1,L3,M1
L1,L2,L3,H2,L3
L2,L1,L2,L3,L2
L2,L1,H2,L1,H3
L2,M1,BN,L1,L2
L3,L2,H3,L2,L3
H3,L3,H1,L1,L1
L3,H3,L1,L3,L1
L1,L2,L3,GL,L3
H3,H3,L3,L2,H2
L2,H3,L3,L3,L1
L3,M1,L3,L3,L2
L2,L2,L1,BN,L3
L1,L3,H1,H3,L3
L3,H3,L1,L1,L1
L3,L1,L3,L2,L3
L1,H2,M1,L3,L2
L2,L1,L3,L3,H3
L3,H3,M1,L1,L3
L2,L3,BN,H2,L1
L2,L1,L2,L2,L2
L2,L3,H3,M1,L2
L3,L1,L3,L3,L3
L3,L2,L3,L1,L1
H1,L2,L3,M1,L3
L1,BN,H3,L2,M1
L2,L2,L3,M1,L1
M1,L2,M1,L1,H2
L1,L1,H2,H3,L1
L2,H2,L2,L1,L2
L1,L2,L2,L2,L3
L3,M1,H3,H2,H3
H3,BN,L2,L1,H1
L1,L1,BN,L3,L3
L2,L2,L2,M1,L2
H2,L2,H2,H2,L1
M1,L3,L1,L2,L3
L3,L1,L1,H2,H3
M1,L3,L2,H3,L1
L3,M1,H1,L2,L3
H1,H2,L2,L3,L1
L2,H3,L1,H3,L1
L2,M1,H1,L1,H3
M1,L2,H3,L2,L3
L2,L1,L2,L1,L3
L1,M1,L3,L1,M1
L3,BN,L2,H3,M1
L2,L1,H1,H2,L3
M1,L1,H3,H3,L2
M1,H1,L1,L2,L1
H1,L3,H3,L3,M1
H2,L2,L2,L1,M1
H1,L2,L2,L2,L2
H1,M1,L2,H3,M1
L3,L3,H3,L2,L1
BN,BN,L2,BN,L2
L1,L3,L3,M1,M1
H3,L2,L3,H3,L3
H1,L2,M1,L3,L1
L1,L3,L1,L2,L3
L3,H3,L1,L2,L1
H3,L2,L3,L2,L1
BN,L3,L2,L2,L1
L3,L1,L3,L3,L3
L3,L2,L3,L3,L3
L2,L3,L1,L3,L3
GL,L2,L1,L2,H2
L1,L1,H1,L2,H3
BN,M1,M1,L2,M1
L1,L3,L3,L3,L3
L1,H2,M1,M1,L2
L2,L3,M1,L3,L3
L3,L2,L3,M1,L1
L1,L1,L3,L2,M1
L2,BN,L2,BN,L1
L2,L1,L2,H3,L2
L1,L3,H2,L2,L3
L1,L3,L3,L3,L1
L2,H3,L2,H3,BN
L2,L3,L3,L3,L2
L3,H3,L1,L2,L3
H2,L2,L1,M1,L3
L3,L1,H3,L2,L3
L3,H3,BN,L1,M1
M1,H2,L1,L2,L3
BN,H3,M1,H3,M1
M1,M1,L2,L2,L3
L2,BN,H3,M1,L3
M1,L2,L3,H3,L3
H1,H3,L1,L1,H1
BN,L2,L2,L1,L3
H3,L3,L3,M1,M1
L3,L2,M1,L2,L1
L1,L2,L3,L1,L1
L2,M1,L2,L2,M1
L3,M1,M1,L2,L2
L2,L2,L2,H3,L3
H3,L2,L2,L1,L1
L3,H2,L1,L1,H3
H3,L3,L2,H2,L3
L1,L2,H2,M1,L3
L2,L1,L3,L3,L2
L1,M1,H1,H3,L2
L3,L1,L1,L2,L2
H3,L3,L3,L2,L3
H3,L2,H3,L3,L1
L1,H3,L3,H3,L2
L3,L2,M1,L1,H1
H3,H3,M1,L1,L2
L3,L3,L3,BN,L3
H2,L3,H2,H2,L1
H1,L2,L3,L1,L2
L3,L2,L1,L3,L2
L3,M1,L2,H2,L2
L3,L3,M1,L2,L1
H1,H3,L1,M1,L3
L2,L2,L1,H3,L1
L2,L2,M1,M1,L1
L3,M1,L1,L3,L2
L1,L3,H3,L3,M1
L1,M1,L1,L2,L3
H3,L1,L3,L3,GL
L2,L2,M1,L2,L1
L3,L2,L2,L3,BN
BN,L1,H2,L3,H1
L1,H1,M1,M1,L2
L3,H1,H3,L3,L3
M1,L3,L2,L1,L3
L3,M1,L1,L3,L3
L3,L3,L1,L3,H1
H2,L3,L2,L3,L1
H1,L1,L2,BN,L2
L2,L1,L2,L2,L3
L3,L3,L1,L1,L1
M1,M1,M1,L3,H2
H2,L3,L1,H3,H1
H3,M1,L1,H3,H2
L1,H1,L2,L3,L2
H2,L2,L3,L3,L1
L1,L1,L2,L2,L2
L3,M1,L1,H3,L2
L2,L3,L3,L2,H2
L3,L1,L2,L3,L3
L3,L3,L3,L1,H2
L1,L2,L2,H3,L2
L1,M1,H3,L3,H2
L3,L3,L3,L3,L2
M1,L2,L2,L1,BN
L1,L2,L3,M1,M1
L1,L1,M1,L3,M1
L3,L3,M1,H3,L1
L3,H3,L1,M1,H3
M1,H2,BN,L3,L3
L1,L3,M1,H3,H3
M1,L3,L3,L1,M1
L1,H3,L1,L3,L3
L3,M1,L3,H3,H3
L2,H2,L1,L1,L3
L3,L1,L1,L1,L2
L2,L1,L2,L2,L1
L1,M1,H3,L2,H1
L3,H2,H1,L2,L1
L3,L3,L3,L3,L2
M1,L1,L2,H2,M1
L3,H2,M1,L1,L1
L3,L2,M1,H3,M1
M1,L2,L3,M1,H2
L2,M1,H2,M1,L3
L2,L3,L2,L2,H3
L3,M1,L1,L2,BN
L1,L3,H3,L2,L3
L1,L1,L3,L3,L3
H3,H3,L3,L2,L3
L3,H1,L3,L1,M1
L1,L2,H1,L2,H3
L3,H3,L3,M1,H3
L1,L3,L2,L3,L1
H3,L2,L1,M1,L1
M1,L3,H3,L3,H1
L3,M1,L2,L3,L2
L3,L1,H3,M1,M1
L3,L2,L3,L2,L3
L2,H2,L1,L3,L1
L3,L1,BN,L1,L3
M1,L2,L3,L2,L3
L2,L1,L3,L2,M1
L1,L3,L1,L1,H1
H3,L3,H3,H3,L1
L2,L1,L3,L1,L3
L3,L1,L1,BN,L2
L3,H1,M1,L3,L3
M1,L3,L2,L1,L1
L2,L1,L3,L3,H3
H3,L1,L1,L3,M1
L1,L3,L3,L3,L1
L3,M1,H2,L2,L2
L3,L1,L2,L3,M1
H3,L2,L1,L2,L2
H1,L3,H1,L2,M1
M1,L3,M1,H2,M1
L2,L2,L2,H1,L3
L3,H1,L1,L1,L3
L1,L2,L3,H2,L3
M1,GL,L1,L3,M1
L2,L1,L3,H2,L3
H2,H3,H2,L3,L3
L1,L3,L1,L2,L1
L3,L3,M1,L3,H3
L2,L2,L2,L1,L2
L3,L1,L2,L1,L3
M1,L2,L3,M1,L3
L1,L3,H3,L2,L3
H2,L1,L3,L3,H2
L2,M1,L3,H3,L1
M1,L3,L3,M1,L2
L3,L3,M1,L3,L2
L2,H3,L1,L1,M1
L3,L3,L1,H3,L3
H3,M1,H2,L3,M1
H3,BN,H2,H3,L2
L2,L3,L1,H1,L3
L2,L2,M1,L1,H2
L1,L1,L1,H2,BN
L1,L3,L3,L2,M1
H2,L3,L3,H3,L3
L2,L3,L1,L2,L3
M1,M1,H2,L1,H3
L2,H2,L3,H2,L2
H1,L2,H3,M1,L2
L2,L2,M1,L3,L2
L3,L2,L3,L1,L3
L1,L1,L1,L2,L2
L1,L3,L3,L1,L2
M1,L3,M1,L3,L2
L3,L3,L2,BN,H3
L3,M1,L1,L1,L2
H3,H2,M1,L1,L2
L1,H3,BN,L1,L2
L3,M1,L3,L2,L2
L2,L2,H3,L3,L2
L3,H3,L2,H1,L2
L2,L2,L1,L3,L2
L3,L3,M1,H1,L1
L2,L2,H3,L1,L3
L3,L2,L1,L3,L3
M1,M1,L2,H1,M1
L2,H2,H1,L3,L3
L3,L2,L1,L2,L2
H3,H1,L2,L3,H2
L1,L2,H3,L1,M1
L1,L1,L1,L3,L3
M1,L2,H2,L3,L2
L3,L1,H3,M1,M1
L3,L2,L1,H3,L2
L1,L3,L2,M1,L2
L1,H3,L1,L3,L3
L1,L3,M1,M1,L2
M1,L3,L3,L3,M1
L2,BN,H3,L2,L1
L3,L1,L3,L1,L3
L3,L3,M1,M1,L2
L3,L3,M1,L1,L2
L2,L2,M1,L2,L3
L2,L2,L3,L3,L3
L1,L3,H2,L1,L2
M1,H3,L3,L2,L2
L2,L1,L1,M1,L3
BN,H3,M1,H1,L3
L1,L1,L3,L2,H2
H3,L3,H3,L2,H3
L1,L2,H3,L1,H3
H3,L3,L3,L2,L3
L3,L2,L2,L1,L3
L2,L2,L2,L3,H2
L3,L3,M1,L3,H3
L3,M1,L3,BN,L1
L2,L2,H2,M1,L3
M1,L3,L2,L3,L3
M1,L2,M1,L3,L3
L1,L3,L2,M1,L3
L3,L3,L2,L3,L3
L1,L1,L2,L2,L2
L2,M1,L1,L1,H2
L1,H1,M1,L3,L1
L3,M1,L3,L3,M1
M1,L3,L3,H2,H3
H1,L2,H3,L1,M1
L2,M1,L3,L2,H3
L1,L2,L2,L3,L1
L3,L2,BN,L3,L1
L3,L2,L3,L1,M1
M1,L3,L1,H1,L3
L3,L1,H1,M1,H3
H2,L3,M1,M1,L3
L3,L3,L1,L3,BN
L3,L2,L3,L1,H1
L2,L2,L2,L2,H2
M1,L3,M1,H1,L2
L2,L1,M1,L2,H2
L1,L3,L2,H3,L2
L2,L3,L1,L2,L2
L2,L3,L1,L3,H2
L3,L1,BN,L3,L3
L3,H2,H2,H3,L2
H1,H3,M1,M1,L3
L1,L2,H2,L1,L2
L1,H1,M1,L2,H2
H1,L2,L3,L1,L1
L3,M1,L1,L2,M1
L3,L1,L1,L3,H2
H2,M1,L1,L1,L3
M1,L2,L2,L1,L2
L1,L1,M1,L2,L2
L3,L2,L3,L3,H2
L2,H3,L2,H3,M1
L2,L3,L1,L3,L3
L2,L1,L3,L1,L3
L3,L3,L1,L1,L1
L1,L2,L1,H3,L2
L3,L2,H1,H3,L2
H1,L1,L3,L3,L2
L2,L3,L2,L2,H2
L2,L3,M1,L1,H3
L1,L3,L2,H3,L3
L3,M1,L3,H3,M1
M1,H3,L3,H3,L3
L3,H2,L2,L3,L2
L1,L1,L1,L3,L1
L2,L2,M1,L1,L3
L3,M1,L2,L1,L2
BN,L2,H2,L2,H3
L1,L3,M1,M1,H2
L3,L3,M1,L3,L1
H3,L3,L3,M1,M1
L3,L2,H2,H1,L2
M1,M1,L3,H1,M1
H3,L3,L3,L1,H3
L3,L2,L2,L2,L1
L2,L1,L3,H1,L3
M1,H3,L1,BN,H3
H3,L2,L3,H2,H3
H2,H3,L1,L2,H2
M1,L3,L1,L3,L2
L3,M1,L2,L2,L3
L2,BN,L2,L2,L2
H3,L3,L2,H2,H3
L1,H3,L2,H2,L1
H3,L3,M1,L2,L2
L3,L3,L3,L1,H2
L2,L2,BN,H3,BN
L2,L1,L3,M1,L2
L3,L3,L2,L3,L3
M1,L2,L1,L2,H2
L2,M1,H1,L2,L3
L2,L1,L2,L3,L3
H2,M1,H3,L1,M1
L3,L3,H3,M1,M1
L3,L2,BN,H3,L1
H3,H1,L3,H2,L2
L1,M1,L1,L3,L2
L3,M1,L2,L3,L2
H3,L3,M1,H1,L3
H3,L2,H3,L1,L3
L3,L2,L3,L1,L2
L2,L3,L2,M1,H3
L3,H2,M1,H2,H3
H2,M1,H3,L1,M1
L1,L2,L2,M1,L1
H3,L1,L1,L3,H3
L1,H3,H2,L2,L1
L3,L1,H2,L1,L1
H2,L1,L2,L3,L3
L3,L2,L2,L1,L1
L3,L1,H3,H3,BN
L2,L3,L3,L2,L1
M1,L2,L2,L2,H3
H1,L2,L1,L3,L3
L1,L2,L2,L1,L2
L2,H3,L2,M1,H3
H1,L2,L1,H1,L2
L3,L3,H3,L2,M1
L3,L1,BN,L1,L2
L3,M1,L2,L1,L3
L3,H2,H3,L3,L2
L1,H2,L3,BN,L2
BN,L2,L2,L3,L1
L1,L3,L1,L2,L2
H2,H3,H3,H1,L1
L3,L3,L2,H2,L3
L2,L1,L1,L3,L3
L2,L2,L1,L3,L2
M1,L2,L3,M1,H3
L3,M1,L1,H3,L3
BN,H1,L2,L3,L3
L2,L3,L1,H1,L2
L3,M1,L3,M1,L2
M1,H3,L3,L2,L1
H1,L3,M1,H1,L3
L3,L3,L2,M1,L1
M1,M1,H3,L3,L1
L3,L3,L2,M1,L3
H1,L3,L1,L3,L3
L2,L1,L2,L3,M1
L2,L2,L3,M1,L2
H1,L3,L2,L3,M1
L2,L3,L2,H2,L2
H2,H2,L2,L3,L1
L3,H1,L3,L1,L2
M1,L1,L2,M1,H3
L3,L3,L1,H3,H3
L1,L2,L3,L2,H3
L1,L3,L1,L2,M1
L3,L2,L1,L2,H2
H1,L2,L1,L3,L1
H3,L1,L3,L1,L1
M1,L3,BN,M1,L2
H2,L2,L1,L2,H3
H3,L3,L2,M1,L1
L3,M1,H3,L3,H3
L3,L3,L3,L3,L2
L3,L2,L1,M1,H2
H1,L2,L2,L3,L1
L3,L1,L3,L3,L2
L2,L1,L3,H3,BN
L2,L2,M1,H3,L2
L2,H3,M1,L2,L2
L2,L3,L1,M1,L1
L2,H3,L3,L1,L1
H1,L2,L2,L3,H2
H3,L3,M1,L3,M1
H2,L2,L3,L1,L3
L3,L2,L1,L3,M1
M1,H3,L3,L1,M1
H3,L1,L3,GL,L1
H2,BN,L2,BN,H3
L1,L1,L3,L1,L1
L1,L1,L1,H3,M1
L3,L2,L1,L3,L2
L1,L2,H1,L3,L2
H2,L1,L2,L3,L2
L1,L3,L1,L3,H1
L1,H3,L1,L2,L2
L2,L3,M1,L1,L3
L1,H1,L2,L3,L3
H2,L3,H1,H1,H3
L1,L3,L1,L3,L3
L3,L1,L3,L2,L3
L1,L2,M1,L3,H3
H1,L3,L3,L3,L3
L3,L1,L1,L3,L2
L2,L2,H3,L3,H3
H3,L3,H3,L1,H3
M1,L2,H2,L3,H2
L2,H1,H2,L2,L2
L2,M1,L3,L3,L2
M1,H1,L2,L1,L3
L1,H3,L3,L3,L3
H1,L2,H3,L3,H3
L1,L2,L2,H2,L1
L2,L2,L1,L2,BN
L1,L3,M1,L3,H2
L1,M1,L3,L1,L1
L1,L2,M1,L2,L3
L2,M1,L1,L1,L2
L3,L1,L1,L2,L3
L1,L3,L3,L2,H2
L2,L3,M1,M1,L1
H2,M1,H3,H3,L1
H2,L1,L2,H3,H3
L3,L2,L3,L1,L1
L2,L3,L3,M1,L2
H3,M1,M1,L3,L1
M1,H1,M1,L3,L2
L2,M1,L2,M1,M1
L2,H1,M1,L3,L2
H1,M1,H3,L2,M1
L3,L3,L1,L3,H1
L3,H3,M1,L2,L2
H2,L3,L2,H1,L2
H2,L2,H2,H1,L1
H2,L2,H3,M1,M1
H3,M1,L2,H3,L2
L2,L3,L1,L1,L1
L3,L2,L2,L1,L3
GL,L2,BN,L2,L2
L2,L2,L1,L1,H3
L1,L1,L2,L1,H2
M1,H3,L2,H3,L3
L3,L1,L1,H3,L3
L3,L2,L2,L1,L3
H3,L2,L3,L2,H3
M1,L3,L3,H3,L3
L3,M1,H1,L1,L3
L1,L3,L1,L2,L3
L2,L1,L2,L3,L2
L3,L3,L3,M1,L2
L3,L3,L2,L2,L2
L3,L3,L2,H3,L3
L3,L2,M1,H3,L2
L3,H2,H2,L1,L1
L2,M1,L1,L3,L3
H3,M1,H2,L2,H2
L1,L3,H3,H1,L3
L2,H1,L3,L1,L3
L1,L3,L1,M1,L3
L2,L2,L3,M1,H1
L3,H1,L2,H2,H2
H1,L2,L3,M1,H2
L2,L2,M1,L3,L2
L1,H1,H2,M1,L2
M1,H3,L3,L1,L3
L1,L2,L2,H1,H2
L2,L1,L1,L1,L2
L3,M1,L2,L3,H3
H3,L3,L1,L1,M1
M1,L1,L3,L1,L3
L2,L3,L1,L3,BN
M1,L2,H1,H3,H1
L1,L2,L1,H2,L1
L2,L2,L3,L2,M1
L3,L2,L3,L3,H1
M1,M1,L2,L3,L1
L2,L3,M1,H2,L1
L2,M1,M1,L2,H3
M1,L3,L1,L2,L3
L2,H3,L1,L3,H3
L3,L3,M1,L2,L1
L2,H3,L2,L3,L2
BN,L2,L3,L2,L2
L2,M1,M1,L1,L2
L3,L2,L1,M1,L3
L1,H2,L3,M1,L2
H2,L3,M1,M1,L3
H2,L3,L2,L2,BN
L3,L3,M1,L3,L2
L3,L1,L3,H1,L1
L1,M1,L3,L2,L3
H3,H2,L2,L1,M1
M1,M1,L3,L2,H1
L3,M1,M1,H2,L2
L3,L3,H3,L3,L3
L1,H2,L1,H3,M1
L1,L2,H1,H3,H3
H3,M1,M1,L3,L3
L2,H2,H2,L3,L3
H1,L3,L3,H3,M1
L2,L2,M1,L2,L3
BN,H2,L2,M1,L3
L1,L3,L3,L3,M1
H2,L2,L1,L3,L1
L3,L1,L3,L1,L2
L3,L3,L1,M1,L2
L2,M1,H2,L1,L3
H3,H1,L1,L1,L3
L1,M1,H3,L3,L1
H2,L1,L3,H1,L3
L1,L3,L1,L2,L1
H3,L2,L3,H3,L2
H3,L3,L3,L1,M1
L1,L1,L1,BN,L1
H1,H1,L2,L3,H2
H3,L2,L3,H2,M1
BN,H2,L2,L1,L1
L1,L3,M1,GL,L3
L2,M1,L2,M1,H3
L2,L3,H2,M1,M1
L1,L1,M1,L1,BN
L2,L2,M1,H2,L3
L2,L1,L1,H3,L2
L3,M1,L1,H2,L3
L3,H1,H2,H3,H2
L2,L3,L1,H3,L2
L3,L3,H3,H3,L2
L3,H2,L1,L1,H3
L2,H1,H3,L2,L2
L1,L1,L1,L3,L2
L2,BN,H3,L2,L3
L3,L3,L3,L1,H1
M1,L1,L2,BN,L3
M1,H1,H2,L3,L1
L3,H3,L2,H1,L3
M1,L2,L1,H2,L3
L3,L1,H2,L2,M1
H3,M1,L3,L3,BN
L3,L2,L1,L3,H3
L2,L3,L3,L3,L2
L2,L3,L3,L2,L1
H3,L2,H1,L1,L3
H3,L3,L2,BN,L3
H2,L2,M1,L3,H2
H1,H2,M1,L3,L3
H3,L1,L1,M1,H2
H2,H3,L2,M1,H3
H3,H2,L2,L1,L1
L2,L3,L2,L3,L2
L3,L1,H2,L2,L3
H2,H3,H1,L3,L3
M1,L1,H3,L3,L1
M1,L2,L3,L2,L3
H2,H1,H3,L1,L3
L3,GL,M1,L2,L2
L1,M1,L3,L1,L2
L3,L2,L2,L1,L3
L2,L1,L2,L1,H1
L1,L3,H3,L3,L3
L1,BN,L2,L1,L2
L2,H3,L3,L2,H3
L1,L3,L3,L2,L3
L2,L2,H2,L2,L3
L2,L3,M1,H2,M1
L1,M1,BN,L1,L3
L3,L2,L2,M1,L1
L1,L3,L2,L3,H2
M1,L2,L3,L3,L2
H3,L1,H3,L1,H3
L2,M1,H3,BN,L3
L2,L2,L3,M1,BN
L1,M1,H2,L3,L1
L3,L2,L2,L1,H3
L2,H3,H3,L2,L1
L3,H1,H2,L3,L3
L3,L3,M1,L2,H2
L2,H2,L2,L3,L3
L3,L1,H1,L1,H3
M1,L3,L3,L1,L3
M1,L2,H3,L3,L1
M1,L1,L1,M1,L3
L2,L3,L1,L1,BN
L2,M1,M1,L3,H2
L1,L2,L3,L1,L1
L2,M1,L3,H2,M1
H3,L1,H3,L2,H3
L2,L1,M1,L3,L1
L2,L2,H3,H3,L3
L2,H3,L1,L3,L3
L3,BN,L3,BN,L2
L3,M1,L3,M1,L2
L1,H1,L3,L3,L3
BN,L2,L2,L1,H3
L2,L3,L2,L2,L2
H2,H1,L3,L3,H2
L3,M1,L2,L3,M1
L3,L3,L2,H3,L3
M1,M1,L3,M1,L3
M1,L3,H2,L2,L1
L1,L2,BN,L3,H3
H2,L1,L2,L1,L1
L2,L1,L2,L2,H1
L2,L3,M1,M1,L1
H3,L2,L1,L1,L1
L2,L3,L2,L2,L2
H1,L2,L1,H2,L2
L2,L3,H1,L3,L2
L3,L3,M1,L2,H3
H3,L3,M1,L3,H2
L3,L2,L3,L1,L3
M1,L2,L2,L1,M1
L1,M1,L2,H2,L3
H2,H3,BN,H3,L1
L3,L2,L1,L3,M1
L1,L3,L2,L1,L1
H2,H2,L2,L3,L2
L3,L3,L3,L1,L3
L1,M1,L3,M1,L2
M1,L1,H2,L3,L3
L2,L3,H2,L1,L1
L3,L3,L1,L2,L2
L3,L1,H2,M1,L3
L1,L3,L1,L3,L1
H3,L1,L2,M1,L3
L3,L2,L2,BN,L3
L3,L2,H3,L2,BN
M1,L3,M1,M1,H1
L2,L2,H2,H3,M1
L1,L2,L2,H2,M1
L1,L2,L2,L3,L3
H3,L3,H2,L2,L3
H3,L3,L2,L2,L1
L1,M1,M1,H3,M1
BN,L2,L2,L3,L2
L2,L1,M1,L1,H3
L3,L1,H2,H3,H3
L1,H1,L1,L1,L1
H1,L3,L1,L3,L2
L3,H2,L2,L2,L2
H3,H1,L1,M1,L2
L3,M1,L2,H3,H3
L1,H1,H3,L2,L3
M1,M1,L2,L2,H2
M1,H1,L2,H3,L2
L1,H2,M1,L3,H3
BN,L2,H3,L2,M1
L1,H2,L2,H1,L1
L1,H3,H2,L3,L2
L3,L1,L2,L2,H3
L3,L3,L2,L1,H3
L3,L3,L2,L2,M1
L3,L3,L3,H3,M1
L1,M1,L2,L3,L1
H3,BN,M1,M1,L1
H3,L1,M1,L2,H1
L3,M1,L3,L3,L2
H3,L1,L3,L2,L3
L3,L3,L1,L3,L3
H3,L3,L2,L3,L1
L1,H2,H3,L2,L1
M1,H1,L3,L1,L2
L2,H2,L2,L1,L1
L3,H2,H3,L2,L1
H1,L1,L2,L3,H3
L1,L1,H2,L1,H3
L3,L2,L2,L2,L3
H3,L2,M1,BN,M1
M1,L3,L3,L3,BN
L2,L1,H1,L3,L1
L3,L3,L3,L3,M1
L1,M1,M1,L3,L1
M1,L2,L2,H1,L2
L2,L3,L3,H2,L1
H3,M1,L3,L3,H1
H3,L1,L3,L2,L3
H2,L1,H3,L3,L3
BN,L2,L3,L3,M1
L3,L3,L1,M1,L1
L1,M1,L1,L2,H3
M1,BN,L1,L1,L2
L1,L3,L2,L1,H3
H2,H2,L2,H3,M1
L2,L1,L2,M1,L2
L3,H3,L2,L1,M1
L1,L1,L3,M1,L1
H2,L3,L2,L1,M1
M1,L1,L2,L2,L1
L1,L2,L3,L2,L2
L3,L2,L3,H1,L1
L1,L3,L3,L1,L2
L3,H2,L1,L1,L1
L3,L1,M1,L3,L3
L2,M1,L1,L3,BN
L3,H3,L1,L2,L1
L2,L3,M1,L3,L1
L2,L3,H1,L1,L3
H2,L1,L3,L2,L2
L1,L1,L3,M1,H3
M1,L3,H3,L2,L2
H3,M1,L3,L3,L1
BN,L3,L2,H1,L1
L3,H2,M1,BN,M1
L2,L2,L2,L3,L3
H3,L2,H1,H2,L3
L2,L2,L2,L2,L1
L2,L1,L2,L3,H3
L2,L3,L3,M1,M1
M1,L1,L3,L1,L1
L2,M1,M1,H1,L2
L3,H2,L2,L2,L2
H3,L2,L3,L2,L3
M1,L2,L1,L1,L1
M1,L1,L2,L3,H2
L1,M1,L1,M1,L3
L3,M1,L1,L3,M1
L2,BN,L2,H1,BN
L1,L1,BN,H3,L1
L1,L2,L3,H3,L1
L3,M1,H3,L3,L2
L3,L1,L1,M1,H1
L2,M1,L2,L1,L1
H3,L1,L2,M1,H3
H1,L2,L3,L2,L1
L2,L1,L3,H2,L3
L3,L3,H3,L1,M1
H3,L1,L3,L2,L2
L3,L1,L2,M1,H2
L3,L3,M1,BN,BN
M1,M1,L3,M1,L2
L3,L2,BN,L1,L2
M1,L3,L2,L2,L3
H1,L1,L2,H1,L1
M1,L3,L2,L2,H2
H1,L2,H3,L2,L3
L2,L3,H2,L2,L3
H2,L2,L2,L1,L2
L2,L3,L1,M1,M1
H3,L1,L2,L3,H2
H1,L1,L2,L1,H3
L3,L3,L1,M1,H1
H1,H3,L3,L3,L1
L3,L3,L3,L1,H3
L2,L1,H2,L3,L3
L1,L1,L2,M1,L1
H3,L1,L2,H2,M1
M1,M1,L2,H3,L2
H1,L3,L1,L3,L1
L3,H2,L3,L2,M1
L2,L3,L3,L3,H2
L1,L3,M1,L1,H2
H2,L2,L1,L3,L3
L1,L2,L1,L1,M1
H3,L3,H3,L1,M1
L2,H2,L3,H2,H2
L1,L3,H3,L3,L1
L1,L1,L2,L3,L1
M1,H3,L1,L1,H1
L2,L1,L1,L1,L1
H3,L2,L2,L1,L1
L3,L1,L2,L3,L1
L1,L2,L3,H2,L2
L1,L3,BN,L1,L2
L3,M1,L3,M1,H3
M1,L1,L2,L2,L2
L3,L1,L3,L3,L1
L1,L1,L3,L3,L1
L1,L2,L1,L2,L1
L2,L2,L1,H3,L2
L2,L1,L1,L2,H3
M1,L2,L1,H1,L3
L2,L3,L1,L3,L2
L3,L2,L3,L3,L1
L3,L1,L2,L2,L2
L2,L2,L2,M1,L1
L2,L2,H3,L2,M1
M1,H3,H3,L2,L3
L3,H1,H3,L2,L2
L2,L2,L2,L2,H2
M1,H3,L2,L2,L2
H3,H1,H3,H3,L1
L2,L2,L1,L1,L2
L1,L1,H2,L2,L3
H3,L1,L2,L1,M1
H3,L3,L2,L3,M1
L3,L3,L2,L2,L1
L1,L2,H3,M1,L3
H1,M1,L1,H1,L2
H3,L2,H3,L2,L3
M1,L3,L2,L3,L2
L2,L1,L3,H3,L3
H2,L2,L1,L3,H3
H3,L1,L1,L2,L1
M1,L2,L3,L1,L1
L3,L1,L2,L3,H1
L3,L1,H1,L3,BN
L1,L3,L2,L2,L2
L3,H3,L1,M1,L3
L3,L2,H2,BN,L2
M1,L1,L2,H2,L2
L3,L3,H3,L2,L2
L2,H2,L2,L3,L3
L2,H3,L2,L1,M1
L2,L3,L3,L1,L1
L3,L1,L1,L3,L1
H1,L1,M1,L2,L1
L1,L3,L1,L1,H2
H2,L1,L3,L3,H3
L3,L2,L1,H2,L2
M1,H2,L3,L3,L1
L1,L1,M1,M1,L3
L1,L2,H3,L3,L3
H1,L1,H2,L1,L2
L2,L3,L2,L2,H1
L3,L2,L2,L1,M1
L3,H2,L3,BN,L3
L2,L3,L2,L3,L2
L1,H2,L2,L3,L3
M1,M1,H3,M1,L3
L1,L1,M1,M1,L1
L3,M1,H3,L2,L3
H2,H2,L3,H2,L2
M1,L3,H2,L3,L2
L2,L1,L1,H3,L2
H3,L3,H1,L2,L2
L2,L2,L2,M1,L1
L1,L1,L2,L3,L3
L3,L3,M1,L2,M1
L1,L3,L1,L2,L2
H1,H1,L1,L1,H2
H3,H2,L2,H2,H1
L3,M1,L3,M1,L1
H3,L1,M1,L1,H3
L2,L1,L1,L2,BN
H3,H1,BN,L1,L2
L3,L2,L1,L1,L2
H3,L2,M1,L2,M1
L1,L1,L2,BN,L1
L2,L2,L1,H2,H2
H2,M1,L1,H2,L3
L1,L2,L2,L2,H3
L3,L2,H2,L2,H1
L1,M1,H3,L2,L1
L2,L1,L3,H2,L3
M1,L2,L2,L2,L2
L2,H2,L3,L1,L3
L3,L2,BN,L1,L2
H2,L3,L2,L2,H2
L3,H2,L1,H3,L2
L3,L3,L3,L3,L3
M1,L1,H3,L3,H3
L1,L2,L3,M1,L2
H1,L3,L3,H3,L1
M1,L2,H1,H3,M1
L3,H3,L2,L1,L1
L3,L3,L1,L2,H2
L1,L3,L1,H3,H3
L2,L3,L3,L3,M1
M1,L3,L2,L3,L3
L2,L2,BN,BN,L1
L3,L3,H2,L2,L1
L3,L3,L3,L2,H1
L1,H3,L1,L1,H2
L3,M1,L3,M1,L2
L2,L3,GL,L1,L2
L1,H1,M1,BN,M1
M1,L2,H2,M1,L1
L2,L3,H3,M1,M1
M1,L3,L3,H1,H3
L3,L3,M1,H2,BN
L2,L3,L3,M1,H1
L1,L3,L2,M1,H2
L2,L2,L3,M1,M1
L1,L2,L3,L2,L1
BN,L1,L1,H2,H3
L2,H3,H3,L1,L2
H1,L1,H1,L3,L3
L1,L1,L2,L2,L2
L1,L3,L3,L1,H3
L2,H1,H3,L3,L1
L1,L2,H2,L1,L3
H3,H3,L1,L2,L3
H2,H2,L2,L3,BN
L3,H1,L1,H2,H1
L3,L1,L1,L1,L1
L3,L1,L1,L2,M1
L2,L1,L2,L3,H3
L3,L3,L1,L1,L2
L3,L3,L1,L1,H1
H2,L2,L2,L3,L2
L3,L1,M1,L1,L3
L1,L2,H3,L2,L2
L3,L1,L3,L1,L3
L3,L1,H3,H2,L3
L2,H1,L3,L3,L1
L1,H1,H3,L1,L1
H3,H2,L3,L2,BN
L2,L1,L3,L2,L3
L1,H3,L1,L3,H3
M1,L1,L2,L3,L2
M1,L3,L1,L2,H3
L1,H1,L2,L3,L2
H3,M1,L3,BN,H1
L2,L3,L3,L1,L1
BN,H3,L3,L2,H3
L3,L3,H3,L3,L3
H3,L3,M1,L2,M1
L2,H3,L2,M1,M1
L2,M1,H2,L2,L2
L1,L3,L3,M1,M1
M1,L2,L2,H3,H3
M1,H2,L3,L2,L1
L2,L3,H2,L1,L1
M1,L2,L3,L1,L2
L1,L2,L1,L3,L1
L1,L2,L3,L3,H3
L3,H2,L2,L3,L1
L3,L1,M1,L3,L3
L2,L3,M1,H3,H1
M1,L3,L2,L3,L3
BN,L2,L2,L1,L3
H3,L2,M1,L3,L2
L3,L1,L2,L2,M1
L2,H3,L2,H3,M1
L3,L2,M1,L2,L2
H3,L2,L2,H3,L1
H2,L3,L2,L3,H3
H3,M1,H2,H1,H3
H3,L2,H1,L2,H3
H3,L2,L3,L3,L3
L2,L3,L1,H3,L1
L3,L2,H2,M1,L2
L2,L1,L3,L2,L2
H3,L1,L2,L3,L2
M1,H2,L2,L3,L1
L3,L2,L3,L3,L1
L2,M1,L3,H3,L2
L3,L1,L3,L3,M1
L1,L1,L3,L2,L3
H1,L2,L3,L2,L1
L1,M1,L2,H3,L2
L2,M1,L1,L2,H3
L1,L1,L2,L3,H2
H3,H2,L2,L2,L2
L2,L2,L3,L3,H2
M1,L1,L3,H2,L3
L3,L2,H3,L2,L3
H2,H3,M1,H2,H3
H3,BN,L1,L3,L1
L3,H1,M1,L1,H3
L3,L1,L2,L2,H3
L3,L2,L3,BN,L2
M1,L1,L2,L3,L1
L2,L1,L3,L1,L2
L1,L1,L1,L2,BN
H3,M1,L3,L3,L2
H3,H1,L3,H1,L2
L1,L2,L3,L3,L3
L1,L3,L1,M1,L2
L3,L2,L3,M1,L3
L1,H3,M1,H2,L1
L2,L2,L3,L3,L3
L3,H1,M1,L3,L3
L3,L2,M1,L2,H2
M1,H2,M1,L3,H1
L2,L1,L2,L3,H3
L3,H3,M1,BN,L2
L2,L1,L3,L1,L3
L3,L2,L2,M1,L1
L3,L3,L2,L2,L2
H1,L2,H3,L2,M1
L1,L2,L2,L2,H1
L3,H3,L3,H3,L1
L3,L2,L2,L3,L2
L2,L2,L2,M1,L3
H3,L3,H2,L3,H3
L1,H3,M1,M1,L2
H1,H3,L2,L1,L3
L2,L2,H2,H1,H3
L3,BN,L2,L3,L2
BN,L1,L1,L2,H2
M1,L2,L2,L3,L2
L3,M1,L1,L2,L2
L1,H2,L1,M1,L2
M1,H3,H2,L3,BN
L2,L2,H1,M1,L3
L2,H3,M1,M1,L2
L2,L3,L1,L2,H3
L2,M1,L2,L3,L1
M1,H3,H2,BN,L2
L2,L2,L1,M1,H1
L2,L3,L3,M1,L1
L3,L2,L3,L2,L1
L1,M1,L3,H3,M1
L3,L2,M1,L3,H2
L2,M1,L2,L1,H2
L2,H3,L2,M1,L3
L1,L1,L2,L1,BN
H2,H3,L3,L3,L3
M1,L2,L2,L2,L2
L2,L1,L2,L1,H2
H3,L1,M1,L3,L3
M1,H3,H3,L2,L3
M1,M1,L1,H2,H1
L2,L2,H2,L3,L3
L1,H3,L2,L3,M1
L2,H3,H2,L3,L1
M1,M1,L3,L1,H3
L3,H3,H3,L3,L3
L2,L3,L1,L1,BN
BN,L1,L3,L2,L3
L1,M1,L1,L3,L1
L3,L1,L3,L1,M1
H3,L1,L2,L1,L3
L3,L3,L3,L2,L3
L2,L1,L2,H1,H2
L1,L2,M1,H3,H2
H1,L3,L3,H1,L2
H3,H2,H2,H3,H1
H1,L3,L1,L1,L3
L3,L3,L3,L2,L1
L3,L3,L3,H3,L2
H2,L2,BN,H2,L1
L2,L2,H1,L1,H3
L3,L3,H3,L2,L1
L2,H3,L3,L2,L3
H2,L1,L3,H1,L2
M1,L2,L3,H1,H3
L3,L1,L2,L3,L2
L3,H3,M1,L2,L2
H3,L1,L3,L3,L1
H2,L1,M1,H1,L1
H3,L1,H3,L2,L3
L2,L3,M1,L3,H2
M1,M1,L2,M1,L1
L3,H1,H2,L3,L2
L3,H2,L3,L3,H2
H2,L1,L1,H3,L1
H3,L1,L2,L1,H1
L3,L2,L2,L3,H2
L3,H3,H2,L1,L3
M1,L1,L2,H2,L1
L3,L2,L2,M1,H3
M1,L2,L3,L2,H3
L1,M1,L3,H1,H1
L2,L3,L1,L1,M1
M1,L1,L2,M1,L3
L1,L2,H2,M1,L2
L2,H3,L1,L2,L2
L2,H1,H3,L1,L2
L1,L3,M1,L2,M1
L2,L2,H3,M1,L1
L1,L3,L2,L1,L2
L2,M1,L3,L3,H1
L1,L3,L3,L2,L2
L3,H1,L2,M1,H3
L2,L3,H1,BN,L1
L3,L2,L1,L1,L2
L2,H3,L2,L2,L3
L1,L3,L3,M1,L1
H2,L1,L1,L2,L1
L3,H3,L2,L2,H2
L2,L2,L1,L3,L2
L1,L3,L1,L1,L2
L3,H1,L2,L1,H3
L2,L1,L3,L2,L3
H2,L1,L3,H3,M1
L3,BN,H3,M1,L1
L1,H2,L2,M1,L1
L2,L1,H3,L1,L3
L1,L1,L2,H2,L2
L1,L3,L3,L2,L3
L3,L1,L3,BN,M1
L1,L3,L2,L3,H1
M1,L3,L1,L3,L1
H2,L3,L2,L3,L1
L3,L1,M1,H2,L1
L2,H1,L2,L2,L1
L2,L3,L3,L1,H2
M1,L2,L3,L3,L2
H2,L3,L1,L1,L3
H2,H2,L3,L3,H3
L3,L2,L1,H2,H3
H3,L3,M1,H2,M1
L3,L3,L2,L2,L2
L2,L2,M1,M1,L1
L2,L1,L3,L2,M1
L1,L3,L2,L1,L2
L1,L1,H2,L2,L2
H3,L1,L2,L1,H3
L3,L3,L3,H3,L2
L3,L2,L1,L3,L1
L1,H2,L3,H2,H1
H2,L3,H2,L1,H3
L3,L1,L3,M1,BN
L2,L3,L2,M1,L1
L3,BN,H2,L3,M1
L3,H1,L2,L1,H3
L1,L2,M1,L3,L3
L2,L3,L2,L1,H1
L3,H3,L2,L1,L1
H2,L1,L1,H2,L2
L2,M1,L2,L1,H2
L1,L3,H1,M1,L2
L1,M1,L3,L3,L2
M1,L1,L2,L3,L1
L2,H2,L2,L2,L2
L3,L2,L2,L2,L1
L3,H1,L1,BN,L2
M1,H1,BN,L2,L3
L2,L3,H3,L1,L3
H3,H2,L2,H1,H1
L3,H3,L2,L3,M1
H3,L1,L1,L2,L3
L3,H3,L3,L3,L3
M1,L1,M1,BN,L1
L2,L3,H3,L2,L1
L3,L3,L1,L3,L3
L3,H3,L3,L3,L2
L3,L1,L2,H2,L1
L3,L1,H3,H2,L1
L1,L2,BN,H1,L1
L3,L1,L3,L3,L2
L2,L3,M1,M1,L1
L3,M1,H2,L2,L2
H3,L3,L1,L2,L1
H3,L2,L2,L2,M1
L3,L2,M1,H3,L1
L2,L2,M1,L2,L1
L3,L1,L1,L1,H2
H3,L1,L3,H1,H1
L2,L3,L1,L2,H2
L1,L1,H3,H2,H1
H3,M1,L1,L1,M1
L1,L3,L1,H2,L3
H2,L2,L2,BN,H2
M1,L2,L2,H2,L3
L1,M1,M1,L2,L3
H2,BN,L1,L1,L3
L1,L1,L1,L1,H3
L1,L1,H3,L2,M1
H1,L2,GL,L3,L3
L1,L3,L2,L3,H3
L3,M1,L2,M1,L1
H2,L2,L3,L2,L2
L1,M1,L3,L1,L1
M1,H1,H1,L2,L2
H3,H3,H3,L2,L3
L3,M1,BN,L2,H3
M1,BN,L2,L2,L3
M1,L1,L1,H2,H1
L3,M1,M1,L1,L1
L1,M1,L3,H3,L3
L2,L3,M1,L2,L1
H3,L3,L1,L2,M1
L1,L1,L3,L3,M1
H3,L2,L3,BN,BN
L2,L1,L3,L2,M1
L2,L2,H3,H3,L3
L2,L2,H3,H3,L2
L1,L1,L1,L2,L2
M1,L2,L1,L3,L1
H3,L1,L2,L3,L3
L3,L2,L3,L3,H1
L1,L1,L1,H3,BN
L1,L3,H1,L3,L3
M1,M1,H2,H3,L2
L3,L2,H3,L1,H3
L3,L1,L2,L2,H1
L1,L3,L2,L3,L3
L2,H1,L1,M1,L3
L3,L2,L2,H3,L2
L1,M1,L2,L1,L2
M1,H3,BN,M1,L1
L2,L1,L3,L3,L1
L2,M1,L1,L3,L1
L3,L3,L3,H1,L3
L2,L3,L1,L2,M1
H2,L1,H2,L1,L3
H1,L2,L2,M1,L2
L3,L1,H2,L3,L1
L1,M1,L2,L2,L3
M1,L3,GL,L3,M1
L2,L2,H3,L2,L2
L3,M1,L2,L3,M1
H1,L1,L2,M1,L1
L1,L2,L2,L2,L2
H3,L2,L3,L2,H3
H2,H2,BN,L2,H1
L1,L1,L1,L2,L1
L2,L2,H1,M1,L1
H2,L2,H2,M1,M1
H3,L1,L3,H3,H3
L2,L3,M1,L3,M1
L3,L1,L2,L2,L1
L2,L2,H2,H3,L1
M1,L3,H1,H3,L2
L1,L2,M1,L1,H3
M1,H3,H3,L2,L1
L2,L2,L3,L3,L1
L3,H2,L3,M1,L2
L1,L1,L1,M1,L3
L2,L2,L1,L1,L1
L2,L3,M1,L3,L3
M1,L2,BN,H1,M1
L3,L3,L1,H2,L1
L2,L3,L3,M1,H3
L2,H3,L2,M1,L1
H3,L2,H3,BN,L2
BN,L3,L3,M1,BN
L3,L3,L2,L3,L3
L2,H3,L3,L2,H2
L2,L2,L2,M1,H1
L2,L3,L2,L2,L3
H2,H3,M1,L3,L3
M1,L3,M1,L2,L2
L3,L3,H2,L3,H3
L3,L1,L1,L1,L1
L3,L3,L1,L3,BN
L3,M1,L3,H3,L2
L3,L3,L2,BN,L3
L2,L1,L2,L2,L3
L2,M1,H1,M1,L2
L2,L2,GL,H1,H3
L2,L1,L3,L3,L1
L3,L3,L1,M1,M1
L2,L3,L1,BN,L2
M1,H1,L1,M1,L3
L2,L1,L2,L3,L3
H3,H2,L1,L1,L1
L2,L1,H2,H2,H1
H3,L3,L2,H1,L3
L1,M1,L2,H2,H1
H1,H2,L3,H3,L2
H1,M1,L3,L1,BN
L2,L3,L2,H3,L2
L2,L1,M1,M1,L2
L2,H3,L3,L2,L2
L1,BN,BN,L1,L3
L3,L1,L3,L3,H3
L3,L2,L2,M1,L2
L3,H1,L2,L2,L2
L2,M1,L1,H2,M1
H1,L1,H2,L2,L2
H3,L2,L2,M1,BN
L3,L1,L3,L3,L2
L2,H3,H3,BN,M1
H2,M1,L1,L2,L2
L2,L3,L3,M1,L2
M1,L3,M1,H2,L2
H2,L2,L2,L2,H2
L1,H3,L2,L3,L3
L1,H3,L3,H1,H1
L3,L2,L1,M1,L3
L3,L3,L3,L3,M1
L3,L2,H1,L1,L3
L2,L1,L3,H1,H3
L2,H3,L2,L3,L1
L1,L3,L3,H3,L3
L3,L1,L3,L1,L1
L1,M1,L1,L2,L1
L2,L3,L1,H2,H3
L1,L2,M1,L3,L2
M1,H3,H3,L1,L3
L1,L1,H3,L1,L1
L2,L2,L2,H3,L1
M1,L3,L3,L1,L3
L2,L2,L2,M1,L1
L2,L1,L2,L1,H3
L3,L3,H1,L3,L3
L2,H3,H1,L3,L1
L3,H3,L3,L2,H1
L2,L3,L3,L2,L3
L2,H2,L1,H2,L3
L1,L2,L3,L1,L1
L1,H2,H3,L3,L3
L2,L3,L1,L2,H3
L2,H2,L2,L2,M1
L2,M1,L1,L2,M1
M1,L2,L1,L2,L1
L3,L1,L2,L3,L2
L1,L1,H1,L3,L3
L1,L2,H2,H2,H1
M1,L3,L1,L3,L1
L1,H1,L3,L1,L1
M1,H1,L2,L2,H1
L1,L2,L2,L2,L1
L2,M1,L1,L2,L3
L3,M1,H2,L3,L2
L3,L1,L3,L1,H1
L2,L3,M1,L2,L3
L3,L3,H3,L1,L1
L2,L3,L2,L3,L1
L2,BN,H2,M1,H3
H3,L1,L1,M1,L1
H3,L2,H1,H3,H3
L3,L2,H3,L2,H2
BN,L3,L2,M1,L2
M1,L2,L1,M1,L3
M1,L3,M1,H3,L3
L3,L1,L3,M1,M1
H3,L2,L1,L3,L2
L2,H3,L3,H2,M1
L2,H3,M1,BN,L3
BN,L1,H2,H1,L3
H2,L3,L1,M1,L1
L3,L3,L3,L2,L3
L3,L1,L2,L3,H3
H2,L2,L3,H3,L3
H2,M1,M1,L3,L2
M1,BN,H1,L2,L3
L2,L2,L1,L3,H3
L3,H2,L3,L1,L1
L1,L3,L3,L3,M1
M1,L2,L1,H1,L3
L1,L1,L2,L2,L3
L3,L3,M1,L2,L1
L2,L2,L3,L3,L2
L3,L1,BN,L3,M1
BN,H2,L2,M1,L3
L3,L2,L1,L3,L2
L1,L3,H3,L1,H3
L2,H3,H2,H2,L3
L3,L2,L2,L1,L2
H3,L3,H2,L3,L3
L3,L2,L2,L3,L2
H2,L1,L3,L3,BN
H3,L1,L3,L1,L2
L1,BN,L1,H3,L3
L3,L1,L1,M1,L3
L2,L1,L3,L3,L2
L3,L2,H3,L3,L1
L1,L3,L2,L3,L1
L2,L1,L1,L3,M1
M1,L2,H2,L1,L3
BN,L2,L1,L3,L1
L3,L2,M1,L1,M1
L1,L2,L2,L1,M1
M1,L2,L1,L3,L2
L2,H3,M1,L3,L2
L2,L2,L2,L1,M1
M1,H3,L2,H3,L2
L3,M1,L1,L3,L2
L2,L2,L1,L3,L1
L2,L1,L2,H2,L3
H1,H3,L1,H1,L1
L1,M1,L3,L1,H2
M1,L3,H2,L3,L2
L1,L1,L3,L2,H1
L2,L2,L1,H1,H3
L2,L3,M1,H3,H2
H1,BN,BN,L2,L2
L3,L1,H3,L2,L1
L2,L2,L3,L2,L1
BN,L3,L1,H3,L2
L2,H3,L3,L1,L2
H1,L1,L1,H2,L3
L2,H3,L1,H3,M1
M1,L1,M1,H1,H1
L3,L3,L3,L1,L3
M1,H2,L3,L2,L2
L2,L2,L3,L3,H3
M1,M1,L1,H1,L1
L2,L3,L3,L1,L3
L3,M1,L3,L3,H3
L2,M1,M1,H2,L1
L2,H1,H3,L3,L2
L3,M1,M1,L2,M1
M1,M1,M1,M1,L1
L3,L1,H1,H3,L3
H3,L3,H3,H3,L3
L2,L3,L1,L3,L3
L1,H3,L3,L2,L2
M1,H2,L2,M1,L2
L3,L3,H1,L1,L2
BN,L2,M1,BN,H1
L3,L3,L3,H3,H1
H3,L3,L2,L2,M1
L2,L1,L1,M1,L2
L3,M1,H2,L3,L2
L2,L1,L1,H3,H3
L3,L2,H1,L1,L1
H1,L2,M1,L3,M1
L3,L2,L3,L1,H2
L2,L3,M1,L2,L1
M1,L2,L2,L2,BN
L2,L1,H1,L1,L1
L2,L2,L3,L2,L1
L2,L2,L1,L3,L2
L3,H3,L3,L2,H3
L3,L1,L3,L3,L3
L1,L2,L1,L1,L3
H2,H3,BN,H2,L3
L3,L3,L2,L2,L1
L1,L3,L3,H3,H3
L3,L2,L1,M1,L3
H3,L2,L3,L3,L2
L3,L3,L2,L2,L3
L3,L1,L3,L3,H2
L3,L2,L1,L1,L1
L1,L1,L1,H2,L2
L1,H2,L3,L1,L1
M1,H2,L3,H3,H2
L3,L1,L3,L1,L3
L3,M1,L2,M1,L1
L3,L2,L3,L2,L2
L3,H1,L3,M1,L2
L2,H3,L3,L1,L3
L1,L1,L1,M1,M1
M1,L1,L2,L1,H1
L3,L3,L1,M1,L1
L2,L1,M1,L2,L1
L1,L1,M1,L2,H3
L1,H2,L1,L2,H3
L2,L2,M1,L2,H1
M1,L3,L3,H2,L1
L3,M1,L3,H1,L2
L2,H3,L3,L2,L2
L1,M1,L3,L1,L1
H3,L3,M1,L1,H3
L2,H3,M1,M1,L1
H1,L3,L2,L3,H2
L1,H1,L1,L2,L3
L3,L1,BN,L3,L3
M1,H3,H3,L2,L1
L3,BN,L3,L2,L1
BN,L3,L1,L2,H3
M1,L3,M1,H3,L3
L3,H2,M1,L3,L3
L3,L1,H3,L2,L1
L2,L1,L1,L1,M1
M1,M1,L1,L3,L3
L3,L3,L2,M1,L2
L1,L1,L2,L3,L1
L2,H1,L2,L3,L3
L2,L2,L3,L3,M1
L2,H3,L2,L3,L3
L2,H3,M1,L2,L3
L2,L3,L1,L3,L3
H3,BN,L2,L3,L3
L2,L2,L1,H3,H2
L2,L3,L2,L1,L3
L1,L1,L2,L2,L3
L2,L1,M1,L2,L3
H2,L3,L2,H2,L2
L2,L2,L3,L3,L2
H3,L3,L3,H3,L1
M1,L2,L1,H2,L2
L3,L3,L1,L3,H3
H3,L3,L1,L2,L2
L1,L3,H3,L2,M1
L2,M1,H3,L3,L2
L1,L3,L2,M1,L2
L2,H2,L3,L2,BN
L1,L3,H2,L1,L1
L3,L2,M1,L2,L3
L1,L3,L3,L2,L1
L2,L2,M1,H1,L1
H2,L2,M1,M1,H2
L3,H3,L2,H2,L3
L3,L2,L1,L2,L2
L2,M1,L2,L2,L1
L2,M1,M1,L1,H3
L3,L3,L3,L3,L1
L3,H2,H3,H2,L1
L3,M1,L3,BN,M1
L2,L3,M1,M1,H2
H3,L3,H1,M1,L2
L3,L2,L2,M1,L2
L2,L2,L2,L1,L2
H2,H2,H2,M1,L3
L1,M1,L3,L3,L2
L1,L3,L1,H2,M1
L3,L3,L1,L3,L3
L3,L3,L1,H3,L2
M1,H3,H3,L1,M1
L1,H3,L1,L3,L2
L1,L1,L1,L2,L2
L3,L3,L2,L2,L3
L1,H2,H3,M1,L3
L2,L1,L3,L1,L3
L3,M1,M1,H3,L3
M1,H3,L2,L2,H1
L3,L2,L3,L2,H1
H2,L2,L3,L3,M1
L3,L2,H3,L1,M1
L1,L3,L1,H3,L3
L1,L2,L2,H2,L3
L3,L1,L3,L3,L3
L2,L3,H3,L1,L2
L1,H2,L3,L1,L2
L3,M1,L3,H2,H2
L3,M1,L3,L3,L3
L1,M1,H1,M1,H1
L1,L1,L3,L3,H2
L2,M1,L3,BN,L2
L1,L3,M1,L3,L2
L1,L2,H2,M1,L1
M1,L3,L3,M1,H1
L3,L3,L3,L3,L2
L1,L1,L3,L2,L1
BN,BN,M1,L2,L2
L3,L3,L3,BN,L3
H3,H3,L3,H3,L1
L3,L1,L3,H3,L3
L1,L1,L3,L3,H3
L3,L1,L1,L3,L1
H1,L3,L1,L3,M1
H3,H1,L2,L3,L1
L3,L2,L2,L3,L3
H2,L1,H3,L1,L2
L1,M1,L3,L2,L1
H2,L2,M1,L2,L2
L3,M1,L2,L1,L3
H2,L2,BN,L1,L3
L2,H2,L3,L3,L1
H2,L2,L3,L1,L3
L2,M1,L1,H2,L3
L1,M1,H3,L3,L2
L2,L1,H2,L3,L1
M1,BN,H3,BN,M1
M1,L1,H3,L1,H3
L1,L1,L3,L2,L3
L2,L3,L1,L2,L3
L3,L2,L3,L3,L3
L3,L3,L2,L3,L3
L1,L2,L3,L1,L3
L1,H2,H2,H3,L1
L3,H3,M1,M1,L1
L1,H3,M1,L1,L2
L2,L1,L2,L1,L2
L1,H1,L3,L2,L3
L3,BN,H3,L2,M1
M1,L2,M1,L1,M1
L1,L1,H2,L3,L1
M1,L1,H2,L3,L3
BN,L2,M1,M1,L2
L3,M1,L1,L2,H2
H3,L1,L3,M1,H2
L3,H3,L3,L3,L2
H2,L2,L2,L1,H3
L2,L3,H3,L2,H2
L3,L3,BN,L2,L1
L1,BN,L1,H3,L3
M1,L1,L1,L3,H3
M1,L3,L1,M1,L3
M1,H2,L3,L3,M1
L3,M1,L2,L2,L3
L3,H2,L1,L1,L1
L1,H2,L1,L3,H1
L2,L3,M1,L2,L2
L1,L1,L3,H2,L1
H3,L1,L3,L2,H3
L2,L2,H3,H3,H2
L3,L2,M1,M1,L1
L1,L2,L1,L3,H1
L1,L1,L2,L3,L1
L2,L1,L3,L1,L3
L2,L3,L1,H1,L2
H3,L2,L2,L2,L1
L3,L3,M1,H2,L2
M1,H3,L3,L2,L1
L2,H3,L2,BN,L2
H2,L3,H3,L2,L3
L3,H3,H3,L1,L2
L2,M1,L1,L1,L2
L1,L2,L1,H1,L2
L2,L3,L1,L1,L1
M1,L2,L1,L3,M1
L1,L3,H3,L1,L1
L3,L3,H2,M1,H2
L2,L2,M1,BN,L3
L3,M1,H1,M1,M1
L2,L3,L1,L1,L1
L3,L2,L3,L1,L1
L2,GL,M1,H3,L3
L1,H3,L1,L1,L3
M1,M1,L3,L3,L1
H3,L2,L2,H2,M1
L1,L3,L3,L3,H2
H3,L2,L3,L3,L3
BN,L3,L1,L3,H1
L1,L1,BN,L3,L1
L2,H2,L3,BN,L3
M1,M1,H3,L3,H2
H1,L3,L3,H2,M1
L1,L3,H2,L2,L3
L1,H3,L2,M1,H2
L3,L3,L3,L3,H3
L3,L1,BN,L3,H3
L1,L1,L3,L2,L2
L1,L3,L3,M1,H2
L2,L3,H2,L3,L3
L3,BN,L3,L3,L3
H2,L3,L3,BN,L3
L1,L3,L2,L2,L1
H3,L1,L2,H2,L3
L3,H3,H3,L2,L3
H3,L3,H3,H1,GL
L3,L1,L2,L3,H3
L1,L3,L1,L2,L3
M1,M1,L1,L2,GL
L2,M1,L1,L3,L3
L3,M1,L1,L1,H1
L1,L2,M1,H2,L2
H1,M1,BN,M1,L1
H3,H3,H1,L2,L1
L2,L2,L2,M1,L1
L3,L2,L2,L2,L2
L3,L3,L2,L1,H3
H1,M1,H3,H2,M1
L3,H3,H3,L3,L1
M1,L1,L3,L3,L2
L1,H3,L3,L3,L1
H2,L3,L3,L3,L1
M1,L2,L3,L3,L3
L1,L3,H2,M1,L3
L2,H2,H3,L2,L2
L1,M1,M1,L2,L3
L3,L1,H3,M1,L2
H3,L2,L1,L2,L3
L2,L3,L3,H3,M1
L3,L2,L2,L1,L1
GL,L1,L3,M1,BN
M1,H1,BN,L1,L2
L3,L3,M1,L3,L2
H3,BN,L1,M1,L1
M1,H2,H2,L1,L3
L2,H2,L1,M1,L3
L1,L3,L2,M1,L3
L2,M1,L3,L3,M1
L3,L3,L2,L1,L1
H3,H1,L2,L3,L3
L1,GL,H2,L3,L2
L3,BN,L2,L3,H3
L2,M1,L1,L2,L2
L3,L1,L3,L3,L3
L3,L3,L3,L1,H3
H1,L2,H2,L1,L2
L1,L3,L1,H2,L3
L2,L3,L3,H1,L2
L2,L3,L1,H3,L2
H1,L2,M1,L1,H2
L2,L3,L3,H2,M1
L3,L3,L3,L1,L2
H1,L2,H3,L2,H1
L2,M1,L2,L2,L2
L2,L3,M1,L2,M1
L3,L2,L3,L3,H1
L1,L1,L3,L2,L3
M1,L3,L3,L3,L2
L2,L3,M1,L2,L1
M1,H2,L2,L1,GL
H3,L3,L1,H2,L3
L1,L2,M1,H2,L2
M1,L3,L2,H3,L2
L2,BN,L2,L2,H2
L1,M1,L1,M1,M1
L2,L1,L2,L3,L1
L1,M1,H3,L2,L1
L1,L2,M1,M1,L3
L2,H3,L2,H3,L2
L3,L1,M1,L2,L1
L2,L1,L3,L3,L3
L1,L1,L2,M1,L2
H2,L1,L1,L2,L1
L3,M1,L1,M1,L1
L3,L2,L1,L3,L3
H3,L1,L3,L3,H3
L2,M1,L3,L3,L1
H2,L2,L1,H2,L1
M1,L1,H3,L3,H3
L3,H2,L3,H2,L2
L3,L1,L2,L1,H2
M1,L3,L3,L3,L2
M1,L3,L3,L1,H1
M1,H2,L1,H1,H3
H1,M1,L1,L2,L1
H3,L2,L2,L1,L1
H3,L1,H1,M1,H2
L3,L2,L2,L3,L2
L1,M1,L3,H3,H2
L3,L2,L1,L3,L1
H3,L1,L1,L1,L1
M1,L1,L3,L2,H3
L2,H2,L3,BN,L3
M1,L3,L3,L1,L1
H2,L1,H2,L3,L1
H3,M1,L1,L3,L3
L1,L3,L2,L3,BN
M1,L1,L3,L1,H2
H1,L1,L1,H1,L2
L3,L3,M1,L2,L1
H2,L2,H3,L1,L3
L3,M1,H2,L2,M1
L3,L3,L2,L2,L2
L3,L2,L1,L3,M1
L1,L1,L3,L3,L1
L3,L1,L1,L3,L1
L1,L3,H3,L2,L2
H3,L1,L2,L1,L2
M1,L3,H3,L3,L1
L1,H2,L3,L2,L2
H3,H3,L2,L2,L1
H2,H3,M1,H3,H2
L3,L1,L2,H3,L3
L2,L2,L2,M1,L3
L2,H1,L1,H1,L2
L2,L3,L3,L2,L3
L1,L3,M1,L3,L2
L2,L1,L3,L3,L3
L3,L3,L1,L1,L1
L2,L3,M1,L3,L2
L1,H3,L1,H3,L1
L3,L3,L1,L3,L2
L1,L2,L2,M1,M1
L1,L3,L1,L2,L1
L3,L1,L3,L2,L2
L2,L1,L1,L2,H3
L3,L1,L3,L2,M1
L3,L3,M1,H1,H3
L1,L1,L1,L3,L2
H1,L1,L2,H2,L1
L3,L3,L3,L1,L1
L3,H2,L3,L2,L3
L1,H1,L1,L3,M1
H2,L3,L2,L3,L1
L3,L2,L3,M1,L2
L1,L3,L1,L1,L3
L2,M1,M1,H2,L1
L1,L3,L3,L1,L2
L3,L3,BN,M1,L2
L3,L3,L3,H3,L1
L1,H1,L3,L2,M1
H3,L3,H3,H1,L1
L3,H1,L2,L2,L1
L3,M1,L1,L3,L3
L2,L1,H3,BN,M1
L3,L3,H3,L2,M1
BN,M1,L1,L2,H2
L2,L3,L1,L3,L1
L3,H2,L1,L1,L3
L2,L3,L3,H1,L1
H1,H3,H3,H2,L1
L2,M1,L3,L2,L1
M1,L1,H3,L3,H3
L2,L2,L2,L3,L3
L3,H2,L2,L3,M1
L3,L2,L3,L3,L3
L3,M1,BN,L2,L3
L1,L1,H1,L1,BN
BN,L3,M1,L2,L2
L2,BN,L1,H3,L3
L1,L3,L2,M1,M1
L3,L1,L2,M1,L1
H2,L3,L1,L3,L2
H1,L2,L2,H3,L3
L1,H1,L2,L1,H2
L2,L3,L3,L3,M1
L2,H2,L2,L3,H1
L2,H2,L1,BN,L2
L3,L2,M1,M1,L2
L3,L3,BN,H2,L3
M1,L3,M1,M1,L2
L1,L3,H3,L2,GL
L3,BN,L1,L2,H3
H2,H3,L3,L1,H2
L1,L1,L2,H3,M1
H2,M1,L3,L1,L3
H3,L1,L1,L1,L2
H1,L3,L2,L3,L1
H1,M1,L3,H2,L2
L1,L3,L1,H3,H3
L2,H2,L2,L3,H3
M1,H1,L1,L3,BN
L3,GL,L2,H1,L2
L3,L3,M1,M1,L3
L3,L3,H2,L2,H2
L2,M1,H2,M1,L2
L1,L3,L3,H2,H3
H1,L1,L3,M1,L1
L2,L3,L3,L1,L2
H3,H2,L3,M1,L3
M1,L2,L3,H3,L2
L3,L1,L2,L1,L1
L3,H1,L2,L1,H3
L2,BN,L3,M1,H2
L3,H3,L2,M1,M1
L2,L3,H3,H3,H1
M1,L3,M1,L2,L1
BN,H2,L3,L3,H2
L2,M1,GL,H3,L2
L1,L2,L3,L3,H1
L2,L2,L3,M1,BN
L2,L3,L3,L3,M1
L1,M1,H3,L1,L2
H2,L3,L3,L1,H1
L1,L2,L3,BN,M1
BN,H3,H1,L3,L2
L2,L2,L2,L3,L1
L2,L3,H1,L3,L3
L3,L2,L3,L1,M1
H1,L2,L3,L3,L2
L2,L2,L2,L1,L1
L3,L3,L1,L2,H2
L2,L1,L1,M1,L1
L3,H3,BN,L1,M1
L3,L1,M1,L2,L1
L2,L2,H3,H2,L2
H1,L2,L2,L3,BN
L3,L1,L3,L1,M1
L2,L2,L3,L3,L3
H1,L1,L3,L1,L3
H3,L3,BN,M1,M1
L1,L2,L3,L3,H1
L2,M1,L1,L1,H1
H3,M1,L1,L2,H3
L2,L3,M1,H2,L1
L3,H2,H3,H3,L1
L1,L2,H3,L1,L2
L3,M1,L1,L1,H2
L1,L1,H3,L3,L3
L1,L3,L1,L1,M1
M1,L3,L2,H2,L3
M1,L1,L2,L2,BN
L2,H2,L1,L3,L3
L3,L1,H1,L3,L3
M1,M1,L1,L3,L1
H3,L2,L2,M1,H3
L3,L1,L3,L2,M1
H1,M1,L2,L1,L1
L3,L1,L1,M1,L3
L3,L3,L3,L1,L1
L2,L1,M1,L3,L3
L2,L1,L2,L3,L3
L2,L3,BN,L1,L1
L2,L3,L3,L1,L3
L1,H1,L3,M1,L3
L3,L1,L3,L1,L2
L3,L3,L2,H1,BN
L3,M1,L2,L3,L2
L3,L2,L2,L1,L3
H3,L3,L3,M1,M1
L2,L3,L3,L1,H3
L1,L2,L1,L1,L2
L1,L2,L2,H1,M1
L3,L3,H2,H2,BN
L1,L2,BN,L2,L3
H1,H1,L2,H3,L3
L1,H2,L1,M1,L1
L3,M1,L1,H3,L3
L3,L3,L1,L2,L3
H3,L2,M1,H2,L2
BN,M1,L3,L3,L1
M1,L1,H1,H3,L2
L3,L2,L3,L3,L3
L3,L1,L3,L2,M1
L3,L1,L3,L1,L2
L1,L2,L1,L1,M1
H1,L2,L3,L2,L3
L3,L3,M1,L2,L3
H3,L2,L1,H1,L3
H1,H3,L3,L3,M1
H3,M1,L3,M1,L2
L3,L1,M1,L2,L2
H1,L1,L3,M1,L1
M1,L3,L2,H2,M1
H3,L2,L1,L3,L1
L1,L3,L3,L3,L3
L3,H3,L2,L2,L2
L1,M1,H2,H3,L1
M1,L2,L1,H1,L3
L3,L2,H3,L2,L1
L2,L2,L1,H1,L3
L2,L1,L3,L3,L3
L3,M1,BN,L1,L1
L2,L3,H1,M1,H3
L2,L1,L2,BN,L2
L2,L1,L2,L3,L3
L3,H3,L3,M1,L2
L1,L2,L3,L3,L3
GL,L3,H2,L3,L1
L1,H1,L2,L1,L2
L1,L3,L3,L1,L2
L1,L1,L2,L3,L1
H2,M1,H2,H2,L3
L2,L3,L1,L2,L1
L1,L3,H2,L1,M1
L3,L3,L1,L2,H2
L3,L3,L1,BN,L3
L2,H3,H2,L3,H3
L3,L1,L1,L3,L3
L1,H2,L3,L2,H3
M1,L2,L1,L2,H2
L2,H3,L3,L3,H1
L1,L1,L2,H2,L2
L1,L1,L3,L1,L2
H1,L3,L1,H2,L2
H3,L3,M1,M1,L2
BN,L3,H2,L3,M1
L2,BN,L3,L3,L3
L1,H1,L1,M1,L3
H3,L1,L1,L2,M1
M1,L3,L2,H3,M1
L2,H2,H3,BN,L2
L1,L3,L1,H3,M1
L2,L3,L1,L2,L3
L3,L3,L2,L2,L3
L2,L3,L3,L3,M1
L2,L3,L2,M1,L3
L1,M1,L2,M1,L3
L1,M1,L1,L3,L2
L1,M1,L3,L2,L3
L3,L3,M1,L3,M1
M1,M1,H2,L3,M1
BN,L1,M1,L1,M1
L3,L2,H3,M1,L2
L3,BN,L2,M1,BN
L3,L2,H2,L2,L1
L1,L1,L2,L2,H1
L2,M1,L2,L2,L1
H1,L2,L3,L3,M1
L3,L3,L1,L3,L3
L1,L3,L3,L2,M1
L1,H3,L3,M1,H3
L2,M1,L2,M1,H3
L2,L2,L3,H3,L3
L2,L3,L3,M1,L3
L3,L2,L1,H3,L1
L1,H1,L1,M1,L2
H2,L2,L1,M1,L2
L1,L3,L3,L2,L1
H3,L2,H3,L3,H3
L3,M1,L2,L1,H1
M1,L3,L2,L2,L1
H2,M1,H3,M1,L3
M1,M1,L3,L1,H2
H3,H3,L1,L2,L3
L3,L3,H2,L1,L1
H2,L3,L3,L2,H3
M1,L1,L3,L3,L3
L1,L3,L2,GL,L3
M1,H3,L2,BN,L1
L3,M1,L2,L2,L1
L2,L3,L3,H2,L2
L2,M1,L2,M1,L2
L3,L3,BN,L3,L1
L1,L3,L2,L2,L2
L2,L1,L3,H1,L2
L2,H3,L2,L3,L1
L2,L2,L3,L1,L1
L2,L3,H1,L3,L3
L1,M1,L1,L2,BN
L1,L2,L1,M1,L2
L3,L2,L2,L3,H1
H3,L2,M1,L3,L1
L2,L2,M1,L1,L1
L3,L3,L3,L1,L1
L3,L1,L2,M1,L2
L3,L2,L2,H2,L2
L3,L1,L1,M1,L3
M1,M1,H3,L1,L1
H3,L1,L3,M1,M1
L1,L3,L1,H1,BN
L3,L1,L3,L3,H2
L3,H3,L3,L3,M1
L2,L2,L1,L3,L1
H2,M1,H2,L1,L3
L3,H1,L3,H1,H3
L2,L3,M1,H3,L3
L3,L3,L1,M1,L2
L3,BN,M1,H1,L3
L3,H2,L1,L2,H3
L2,L1,L3,L1,M1
L2,L2,H3,L2,M1
BN,H3,L1,H3,H2
H2,L2,L3,L3,L3
L1,L1,L3,H2,L2
M1,H3,H2,M1,L1
L3,M1,L1,L1,M1
M1,M1,L3,L2,L2
L1,L3,L3,L3,L2
L2,H3,H2,H2,L3
L1,H3,H3,L1,L1
L2,L1,H3,BN,L1
L3,L3,H1,L1,L1
H2,H3,L3,L2,L1
L2,M1,H3,L1,L3
L3,L3,L3,H3,L2
L3,L3,L1,L3,L2
L2,L1,M1,H3,L1
L3,L2,L3,L2,L2
L3,L2,L1,H2,M1
L1,M1,L3,L3,L3
L2,L1,L3,L2,M1
M1,L3,L1,BN,L1
L1,M1,L1,L2,L3
L2,L2,L3,L2,L3
L3,L2,L2,H1,L2
L2,H2,M1,L3,H2
L3,M1,L3,L3,M1
M1,L3,L1,M1,L2
H2,L1,L3,L1,L3
L2,L1,L3,L3,M1
L3,L1,L3,L1,H2
M1,H1,M1,H2,L2
L3,L3,BN,M1,H3
M1,L2,L3,L3,H1
H1,L1,L1,L1,M1
M1,H2,M1,H2,L3
L3,L2,L3,L3,M1
H2,L3,H3,L3,L2
L2,M1,L3,L3,L3
L2,H2,H3,L3,M1
L2,L1,H1,H1,M1
L3,L2,L1,L3,L3
L3,L3,L2,M1,L1
L2,H2,L3,L3,L3
M1,H1,L1,L2,M1
L3,L3,L3,L2,H2
L3,H3,L3,GL,H3
L2,L1,M1,L2,H2
L1,L3,L3,M1,L3
L1,L3,L2,L1,L3
H2,H2,L2,L2,L3
M1,L1,L2,L2,H3
L1,L1,H2,L3,H2
L3,L2,M1,L2,L2
M1,L1,L3,L1,H1
L3,L3,L3,L2,L2
H1,H2,L1,L1,L1
BN,L1,H3,H2,M1
L3,L3,L3,M1,L1
L3,L2,H3,L1,H3
L2,L3,L2,L2,L2
L3,L2,M1,H1,M1
L2,L3,L1,L3,L2
M1,L1,L2,L2,M1
M1,M1,H2,BN,L1
H2,L1,BN,L1,L1
H3,M1,L1,M1,L2
L3,L3,L3,M1,L3
BN,L1,L1,M1,L1
L1,H2,L3,H3,L1
L3,L2,L1,L3,L3
L1,L3,H3,L2,BN
L2,L2,M1,L3,H1
L1,L1,L1,L1,L3
L3,M1,L2,L1,H3
H3,H3,H2,L3,H3
L3,L2,H2,M1,L1
L3,L1,L1,H1,L2
L2,L2,L2,L1,L2
H3,L3,H2,L2,L1
L3,M1,L3,L3,L1
L1,L2,L2,L1,L1
L2,BN,L1,L3,L2
H1,H2,L3,L3,BN
M1,L3,L1,L2,L1
H3,L3,L2,L1,L1
L2,L3,M1,M1,L2
H3,L2,H3,H3,L2
L1,L3,L3,BN,H3
L2,L3,L2,L3,L2
L1,H3,H2,H1,H1
L2,L3,L2,L1,L2
L3,L3,L2,M1,H3
H3,L3,L1,L2,L1
M1,L1,L1,H1,L3
L3,L3,L3,M1,L2
L1,H2,H3,L3,L3
L3,L2,L2,L3,L2
H2,H3,L3,H3,L2
L3,L2,L3,L3,M1
H2,L3,M1,H2,L3
L3,L2,L3,H2,L1
L2,L3,M1,L3,L3
L3,L3,L2,L1,L3
L2,L2,H3,L3,L2
L2,L3,L1,H1,L3
H3,M1,H2,H3,L2
H3,L2,H2,L2,H2
L2,L2,L3,L2,H1
L1,L1,L1,L3,L1
L2,L1,H2,M1,L2
M1,L1,L3,H2,L2
L2,L2,M1,L2,L2
M1,H2,L2,L1,L3
L2,L3,L2,L2,L3
H2,M1,L2,L2,H3
H3,L3,L2,BN,M1
L2,H1,L3,L2,L3
L1,L3,L2,L3,L2
H2,L3,L2,L2,L1
H3,M1,H2,L2,M1
H3,H3,L3,L2,BN
L1,L3,M1,H2,L3
L3,L2,L1,H3,M1
H1,L1,H2,L2,M1
L1,L2,M1,L3,L1
L1,L3,H3,L1,L2
L2,M1,L2,L2,M1
M1,L2,H1,L3,L1
L1,L3,L2,H3,L1
H2,L3,L1,H2,L3
H1,H1,H1,L1,L2
H2,L1,L1,L3,L2
L1,M1,M1,L1,L3
L1,L1,L1,M1,L2
M1,L2,L2,L3,L2
M1,M1,L3,L1,L3
H3,H3,L1,M1,L2
H3,L3,H1,H1,L1
L3,M1,L2,L3,M1
L2,L2,H2,M1,BN
L3,L2,L1,H2,L3
L1,H2,L1,H3,L2
L2,H2,H2,H3,M1
L2,L1,L3,L3,L2
L1,M1,L2,L1,H2
L2,L3,M1,L3,L3
L2,BN,L1,L2,L3
L3,H3,H3,H3,H3
L3,L2,L2,L1,L2
BN,L3,L3,H2,L2
H3,L3,L1,BN,L2
L2,L1,L2,L3,L2
L2,H2,BN,L1,L1
H3,L3,L1,H2,L1
H3,H2,M1,L3,L3
L2,H3,L1,L3,L2
L2,L3,L1,H3,L1
H3,L2,L1,L2,H3
L2,L2,M1,H3,M1
L1,L1,L1,L3,L1
H3,L3,L1,H2,H3
L3,L3,L3,L3,L1
L3,L3,L2,L2,H2
L3,L1,L2,L2,L3
L1,L1,M1,H3,H2
M1,L3,H3,L3,L3
L1,H3,H2,L1,H3
H3,L3,L3,L2,L2
H2,H1,M1,L3,L3
L3,H1,L2,L3,M1
M1,L2,L3,BN,L2
L3,L1,M1,L1,L1
L2,BN,L2,L2,L2
H1,M1,L3,L3,L1
L1,L1,L3,L2,H3
M1,L3,M1,L3,L2
L1,M1,L3,L2,H1
L3,L3,L3,L3,H2
L1,L1,H1,L2,L3
L2,L2,L3,L3,L3
L2,L3,L3,L3,H3
L1,H1,L1,L3,L1
M1,L1,L3,H1,L2
L1,L2,L3,L1,L3
L2,L1,L3,L3,H3
L2,L2,L1,M1,L1
H1,M1,M1,L3,L2
L1,L3,L2,L1,L3
BN,BN,BN,L3,L3
H2,H3,L2,M1,L3
L2,L3,H1,H2,L2
H3,L2,L2,L1,L2
H3,L3,L3,L1,BN
L1,L2,H2,L3,L1
L2,H2,L1,H3,H3
L3,L2,L1,H3,L2
L3,L3,L1,L3,L3
L1,L1,M1,L3,L1
L1,L2,L1,M1,H2
L3,H3,H2,L3,L1
L3,BN,L3,L3,L3
H3,L3,H1,M1,H3
L2,L2,H3,L3,BN
L2,L3,L1,L3,H1
L3,L2,L3,H3,L3
L2,BN,L2,L2,L2
L2,L2,L2,L1,L3
L2,L2,M1,L2,H1
L1,L1,L3,BN,L2
L2,L3,L3,L2,H3
M1,L1,L3,L1,L1
L3,H2,L3,L1,H2
H1,L2,M1,H3,L1
L2,H3,L2,L1,M1
L2,H3,L1,L2,L2
BN,L3,L2,L1,H3
L1,H3,L2,M1,L3
H3,L1,L3,L2,L3
M1,L1,H3,L2,H1
L1,L1,L3,L3,L3
L2,H3,L2,L1,M1
L2,L1,L3,L3,L1
L1,L3,L2,L3,L2
L1,L3,L2,L3,M1
L3,H3,L2,L3,L1
L3,L3,L3,L2,H3
L3,M1,H3,L1,H1
M1,L1,L3,H2,H2
L3,M1,L1,H3,L3
M1,L1,M1,H1,H2
H3,H3,H2,M1,H3
L3,L2,L2,L1,L2
L3,H1,L3,L2,L2
L1,L1,L2,L2,L2
H2,L3,M1,L3,H1
L1,L3,L1,L1,H3
H1,BN,L2,L1,L3
M1,L3,L2,L1,L2
BN,L2,L3,L2,L1
L2,L2,L1,L1,L3
L1,L1,H1,M1,L1
M1,L3,H3,L3,L2
L3,L2,L2,L2,L1
M1,H3,H3,H3,L2
L3,L1,H1,H1,L3
L3,L3,L2,L1,L1
M1,L2,L3,L2,M1
M1,L1,L3,L1,L3
L3,L1,L3,L1,M1
L1,BN,L3,M1,H1
L3,L2,M1,L3,L1
L2,L1,L3,L3,L3
L1,L3,H1,H1,L3
L2,L2,H1,M1,H2
L3,L1,H2,L1,L2
H1,H3,L2,L3,L2
L2,M1,L3,H2,L3
M1,H1,L1,H2,H2
L1,L1,L3,H3,L2
L2,M1,L1,L3,L3
H3,H2,L2,L2,M1
L1,BN,H1,H1,H3
H3,L1,L3,L2,L1
L3,L3,L3,L2,L1
M1,L2,L1,H3,H3
L1,L2,L2,L2,L2
L2,H3,H3,H1,L1
L2,L2,L3,L3,M1
L2,L1,M1,L1,M1
L3,L2,H3,H3,H3
L3,L2,M1,L3,L2
L2,L1,H1,L2,L1
L3,H2,BN,L2,L1
L1,L1,L2,L3,H3
H2,M1,L3,L3,L2
M1,H3,L1,H3,L3
L2,L3,L2,L1,L2
L2,L3,L1,M1,H3
L2,L3,L3,L3,M1
L3,L3,L1,H3,L3
L2,L2,L2,L2,M1
H2,L1,L3,L3,L2
L2,L1,L1,H1,L3
H2,H3,L3,L1,H1
L1,L2,M1,M1,L3
L3,L2,H3,L1,L2
H3,L1,L2,L1,BN
M1,L2,L1,L2,L2
L2,M1,L2,L3,L3
L3,L3,L3,BN,L2
BN,H3,H3,L1,L2
M1,L3,M1,H3,M1
M1,L2,BN,L1,L3
M1,L1,L3,M1,L2
L2,L1,L2,L3,BN
L1,L2,L1,L2,L2
L3,L1,L1,H1,H1
L1,H2,H2,H3,L1
L1,L1,M1,L2,M1
L3,L3,L1,L2,H3
M1,M1,BN,M1,L3
H3,L2,H3,L3,L1
L2,L3,L3,L1,L3
M1,L2,L2,L2,L2
L2,L1,L1,H3,L3
L1,L2,L2,H3,L2
L2,M1,L1,L3,L3
GL,H3,H2,L1,H3
L3,H2,L3,L2,L2
L2,L3,L3,L3,L2
M1,M1,M1,H2,L2
M1,H3,L2,H1,L3
L3,L2,L3,L3,BN
L1,L3,L1,L2,L1
L3,L2,L1,L2,M1
L2,L2,L2,L3,H2
L2,L2,BN,L3,M1
L2,L3,L1,L2,L2
L1,L3,H3,L2,L2
L3,L2,L2,L2,H3
L3,L2,L1,L1,L2
L2,L1,L3,L3,M1
L2,L3,H2,L2,L3
H3,M1,L2,L1,L2
H2,BN,H3,L2,H3
H3,H1,H2,L1,L3
H3,L1,L1,L2,M1
H1,H3,L3,H3,L1
L3,L1,L3,L2,L2
L2,L3,L3,L1,L1
L2,M1,H1,H2,M1
L3,H3,H2,L3,BN
H3,L1,L1,H2,L1
L3,H3,H1,L3,L3
M1,L2,M1,H3,GL
L1,L3,L2,L1,L1
L3,BN,H3,L1,L3
L3,H3,H3,L2,L1
H1,L3,L3,L1,L2
L2,L3,L1,M1,L1
H2,M1,L3,M1,H1
L1,L2,L2,L3,H2
L3,H2,L1,M1,H1
H1,BN,L2,L2,L1
H1,L1,H3,L2,L3
L1,L1,M1,L2,L2
L3,L3,L1,BN,L2
L1,L2,M1,L2,GL
L3,L1,L3,L3,L3
L1,L1,L3,L1,H1
L3,L3,L3,L3,H3
BN,M1,L3,M1,H3
H3,L1,L1,M1,L2
L2,L1,M1,L2,L2
H3,L3,L2,L1,L3
L1,H2,M1,L2,L1
L1,H3,L1,H2,L2
L2,L1,L2,H3,M1
L3,L3,H2,L2,L2
L3,BN,L1,L1,L3
L3,L2,L3,L1,M1
H2,L3,H2,L3,L3
L1,M1,H1,BN,L1
L3,M1,M1,H1,L3
L2,L1,H3,L2,L3
L1,L1,L3,L2,H3
L3,L3,L3,L3,L2
L2,L1,L3,M1,L3
L3,L2,L2,L3,M1
L2,M1,L2,L2,M1
L3,L2,H2,L3,M1
L3,H1,L2,H2,L1
L3,L1,L2,GL,M1
L1,L3,L3,M1,L3
L3,L2,L2,L1,L2
L2,L2,H3,L2,L3
BN,L2,L3,H2,L1
L1,L2,M1,H1,L1
L2,H2,L1,H2,L1
L3,L3,L3,L1,L2
H3,L1,L2,L2,L1
M1,H2,L2,L3,H3
L3,L3,L1,L1,H3
L1,L3,L3,L3,L3
L2,M1,H1,M1,L1
H3,H2,L1,L1,L2
L2,L2,L1,L2,L2
H3,L2,L3,H3,L3
L2,BN,H1,L1,L1
L3,L3,L3,L3,L1
H3,M1,L2,L1,L3
H2,L3,H3,H3,BN
M1,L3,L1,H3,L2
L2,L3,L3,L2,M1
L3,L1,L2,L3,L1
M1,L3,L3,M1,M1
H3,L3,L3,M1,M1
BN,L2,L2,L3,H2
L1,H2,M1,L3,L3
L3,L3,L2,L2,H3
L3,L2,L2,L2,H2
L3,L3,L1,L3,M1
L2,L1,M1,H1,L1
L3,L3,L2,M1,H1
H2,H2,L1,L3,M1
L3,L1,L1,L3,L3
H2,L1,L2,L2,L1
H3,L2,H3,H1,L3
M1,L1,L2,L1,L1
L2,L2,M1,L3,L3
L3,H1,H2,L2,H1
H3,L3,L1,H1,L2
H2,L1,M1,H1,L1
H2,L2,M1,L3,L2
L1,L2,M1,H3,L2
M1,L1,M1,H3,L1
H3,L2,L1,L1,L2
L1,L3,L1,H2,L1
L2,H1,H1,L3,M1
L2,BN,L2,M1,L1
L1,L1,H2,L3,L1
H2,M1,L3,L3,L3
M1,L3,L1,L3,L2
H3,L3,L2,L3,L1
L3,L2,L1,L2,L2
L3,L2,BN,L2,L2
L2,M1,H3,L3,M1
L3,H2,L1,BN,H3
M1,BN,L1,L3,L2
BN,M1,L2,L3,M1
L1,L3,M1,H1,L2
H1,L2,L2,L1,L3
M1,L3,L2,L1,M1
L2,L3,H3,L1,L1
L2,L2,L3,L1,M1
L1,L2,L2,L2,M1
L1,L3,L3,L1,L2
L3,M1,L3,L3,L2
L3,M1,L3,L3,L1
M1,L3,L2,H3,L1
L2,L1,H3,L2,L3
L2,H2,L3,L1,L3
L2,L3,L2,L3,L3
L1,L1,H2,L2,L2
L1,L2,L1,H2,H3
L3,L3,L3,L3,H2
L1,L3,L2,M1,L2
L3,M1,L2,L3,L2
L2,L3,L2,L3,L2
L3,M1,M1,L2,L3
L2,L3,H1,L3,M1
L1,L3,L3,BN,L3
H2,L1,L1,M1,L1
L2,L3,L1,L3,L1
L1,L3,L2,L2,H2
L2,L1,L2,L2,H3
L2,L3,L1,L1,L3
L1,L2,L2,H3,L2
L2,L3,H3,H1,L2
L3,L1,L2,L3,L3
M1,L3,L3,BN,L2
L3,L1,M1,L1,L2
L2,L3,L1,L3,L2
L1,H1,L3,L2,L2
L1,L3,M1,L2,H3
L3,L1,L1,M1,L3
L3,L2,L3,H2,L3
L3,M1,L1,L2,L2
L2,L3,M1,L2,BN
L3,L2,L1,L2,L3
L1,L3,L2,L2,L3
L2,L1,L1,L2,L3
L1,M1,M1,L2,L3
H3,BN,M1,L3,M1
H2,L2,L1,H3,H1
L2,L2,L3,L3,H3
M1,M1,L2,L3,L2
L1,H1,L3,L2,L3
H2,L3,L3,L2,L2
L3,M1,L3,M1,L3
L3,H2,L2,H3,L3
L1,L3,L1,H2,H3
L3,L1,L3,L1,BN
L3,L1,M1,L3,L1
L3,M1,L2,L3,H3
L1,L3,M1,BN,L3
L1,H1,M1,M1,M1
BN,L1,L1,H2,L1
L3,L2,L1,L2,L3
H3,L3,L1,L3,L3
L2,L2,M1,M1,M1
L3,H3,L3,L3,H2
L3,M1,L2,H1,L2
L1,M1,L3,L2,L1
L3,L3,M1,L1,L1
H2,L1,M1,H2,L2
L2,H1,L1,L3,H2
H3,L3,L1,H1,L3
L2,M1,BN,H3,M1
BN,L1,L2,H3,L2
L3,M1,H2,M1,M1
L3,L2,L3,H3,L1
L1,L2,L1,L3,H2
M1,L3,H2,L1,H2
L2,L2,L2,L2,L2
L1,H3,L2,H1,H3
L2,M1,L1,L3,H1
L2,L1,L1,H2,H2
BN,H2,L2,L1,H2
L2,L2,L3,L3,L2
L1,L1,L1,L1,H3
L1,L2,L2,L2,L3
L2,L1,L3,L1,L3
L3,L3,L2,L1,H3
L3,L1,M1,L1,L2
L1,L2,L1,H1,L2
L2,M1,L2,L1,L3
L1,H3,L1,L1,H3
L1,L1,H2,L1,L3
BN,M1,L2,M1,L3
H3,M1,L1,L1,M1
L1,H3,L3,L2,L1
L2,L3,L3,M1,M1
H1,L3,H3,M1,H3
M1,L3,H1,L1,H2
H3,L3,M1,L2,L2
L2,L2,L1,L2,L2
L2,L2,L3,H3,L1
L1,L1,H1,H2,L1
L3,M1,L3,H1,L3
L3,L3,L1,L3,L2
M1,L3,L3,M1,L3
L3,L3,H3,L3,H3
L1,H2,H1,L2,L3
H1,L2,L2,H1,L1
L3,L2,L1,M1,L3
L1,H1,L2,L1,L2
L3,L1,H3,L2,L3
H2,L1,L2,L2,L1
H1,M1,L2,L2,L3
H3,M1,M1,L1,L1
L1,L3,L2,L1,L1
H3,BN,H2,H1,M1
H3,L2,H2,GL,L3
L1,L2,L3,L2,M1
L2,M1,BN,L3,L1
L3,M1,H1,H3,H3
L2,L3,L3,L2,H2
L2,H1,L2,L3,H2
H2,L3,L2,H2,L3
L2,M1,L1,L1,L1
L2,BN,L3,H2,L2
L2,M1,L1,L1,H3
L2,M1,H3,L3,H3
L1,L2,H2,L2,L1
H3,H2,L1,L3,L2
H2,H3,L3,L1,L2
L1,M1,H1,H3,L1
H2,L1,L1,H3,M1
M1,L3,L1,L2,L2
L2,H1,L1,L2,L3
H2,M1,L2,L3,L1
L3,L3,L1,M1,L3
L1,M1,L2,L2,M1
H2,L1,H3,H2,L1
M1,L2,L2,L2,L3
M1,L1,L3,L1,L2
L3,L2,L2,L3,L2
L3,L3,L2,L1,L2
L3,L3,L1,L3,L3
L2,M1,H2,L3,M1
L3,L3,L3,L3,M1
L3,M1,L3,L2,L2
L1,L2,L2,L1,L1
H3,L3,L1,H2,L3
L2,L1,L1,H2,H2
L2,L1,M1,L2,L2
L1,L2,L3,H3,L2
M1,M1,H1,L2,L1
L3,H3,L2,L1,L1
L2,L1,L3,H3,L1
L1,L1,L2,L3,L2
M1,L2,L2,L1,L2
M1,L1,L2,H3,H1
H3,H3,H3,L2,L1
L3,H3,L2,L1,L2
L3,M1,L1,H2,L2
M1,L3,H1,H3,BN
L3,H3,L2,H3,L3
BN,H1,M1,L3,L2
L1,L3,H1,H2,L1
L3,L3,L2,H1,M1
M1,BN,L1,H3,L3
H2,H2,L2,BN,L1
H2,L2,M1,L2,M1
M1,L3,M1,L3,L3
L3,L3,L1,L2,BN
H3,L2,L2,L3,H3
H2,L1,L1,L2,H1
M1,L3,M1,L3,L2
L1,L2,L2,L1,H2
L3,L2,L3,L3,L1
H3,BN,L3,L1,L3
L1,L3,L3,BN,L2
M1,L1,L1,L1,L1
L1,H3,M1,L2,L3
L3,H2,L1,M1,L1
L3,L2,GL,H3,H3
M1,H3,L2,L1,H3
L3,L3,L3,L2,L2
L3,L2,L2,L3,L3
L1,L1,M1,H2,L1
M1,H3,M1,L1,L2
L3,H3,L2,L3,L2
L1,L1,L3,L3,H3
L3,H1,L1,H3,L2
L1,L1,L1,L2,L1
H2,L1,L1,L2,L2
L2,L1,M1,H1,L2
L1,L3,M1,M1,L1
M1,H1,H3,L3,L2
M1,L1,L1,H2,M1
L1,L3,L3,L3,L2
L3,H2,H1,H1,L1
L1,M1,H2,L3,L3
L2,L3,L2,L1,L2
L3,L3,M1,L1,L1
L2,L1,L2,L2,L3
L1,L2,L1,H3,M1
L3,H2,L1,L1,L1
L1,L3,M1,L2,L1
L1,H3,L2,BN,M1
L1,M1,H3,L3,BN
BN,L2,H1,L2,L1
L1,H3,L1,H3,L2
L2,L1,L2,M1,H1
L3,L1,L3,H3,L3
M1,M1,M1,L1,L3
L3,BN,L3,L1,L3
L1,L3,L2,L2,L1
L3,L1,H2,L3,H1
L1,H3,H2,L2,H2
L3,H1,L1,L3,H1
L1,L2,L1,L3,L1
L1,L3,L3,L3,M1
H1,M1,BN,L1,M1
L3,L1,L1,L3,L2
M1,L1,L2,L3,H3
L1,L1,L1,L3,M1
M1,BN,L2,L3,L3
H2,L3,L1,H3,L1
H1,L2,H2,H3,H2
M1,H3,L1,L1,L3
L2,L2,L1,L3,L1
L1,L3,L2,M1,L3
H3,L2,L3,L3,H3
L2,L3,L2,L3,L2
H3,L3,L3,L3,L3
M1,M1,H3,L3,L3
L1,L2,L3,M1,H3
M1,L3,L2,H1,M1
L1,H3,L1,L3,L3
L1,H3,L1,L1,M1
L2,L3,L3,H2,L1
L2,L3,H2,L3,L1
H3,L3,H2,L3,L3
H3,L3,M1,H2,M1
L1,L1,L3,L1,L1
L3,L1,L1,L2,L3
L2,L3,L2,H1,L3
L1,L3,L3,L3,L2
H1,L2,H3,H3,L1
H3,L1,H3,L2,L1
L3,H3,L3,L1,L2
L3,L2,H3,BN,L3
L1,L3,L2,L1,L1
L2,M1,L1,L2,L2
L2,L3,L3,H2,L2
L1,L2,M1,L3,L2
M1,L3,L1,M1,L2
M1,H3,M1,L2,L1
L2,M1,L3,L1,L3
L3,L2,L1,BN,H3
L2,H2,L1,H2,L1
L2,L3,L3,L3,H2
L1,L2,L1,L1,L3
L2,L1,L1,L3,H2
H3,L2,L1,L2,L2
M1,H3,L2,L1,L1
L1,L2,L1,L3,H3
L3,L3,L2,L2,L3
M1,L3,H3,H2,H3
L1,M1,L1,M1,L3
L3,M1,L2,L1,L1
L1,H3,L1,L2,L2
L3,H2,L1,L3,L3
H2,L1,L1,L2,L3
M1,L2,H2,L1,L2
L3,H2,H2,L3,M1
L2,L3,L2,M1,L3
L2,L3,L2,H3,H3
L2,L1,H3,H2,L3
H3,L3,H2,L3,H3
M1,L3,M1,L2,L2
L2,L3,L2,L2,M1
M1,L3,L1,L2,GL
L3,L3,L2,H1,L3
L2,H3,L1,L3,M1
L1,M1,M1,M1,L3
H2,L2,M1,H2,L3
L1,L3,L2,H1,L1
L3,L2,L1,L2,L3
L2,L3,L1,BN,L2
L2,L3,L2,L2,L1
H2,H3,H2,H3,L2
L3,L1,L1,L2,M1
L1,L2,M1,L1,L3
M1,H2,H2,L1,H3
L3,L2,H2,M1,M1
M1,H2,M1,L2,H2
L3,L2,L3,L3,L2
H3,L2,L1,L1,L3
L2,L2,H2,H2,H3
L3,H2,L2,H3,L2
H2,M1,M1,BN,H2
L2,L1,L1,L3,L3
L2,H2,L2,L2,L2
L1,L2,M1,L2,H3
M1,L3,L1,L3,L2
H3,L2,L1,L3,L2
L3,H3,L3,M1,H2
BN,M1,L2,L1,M1
L3,L2,M1,L1,H2
H2,H1,M1,L1,L1
L2,L1,M1,L3,L1
L3,L2,BN,L2,L3
L2,L1,L1,H2,M1
L3,L3,L3,L2,M1
L2,L3,L3,M1,BN
H3,H1,L2,L3,H2
L2,H2,L1,H2,L2
H2,L1,L1,BN,L2
L2,M1,M1,M1,L2
M1,H3,H1,L2,BN
L2,L3,M1,L2,L1
L2,M1,L2,M1,L2
H3,L3,M1,H2,H1
L2,L3,H3,M1,M1
H1,H3,L3,L3,L2
L1,H3,L3,L3,L2
L3,L3,M1,H1,H2
H2,L3,L3,L2,L3
L3,L1,L2,L3,H1
L1,GL,H3,H2,L3
BN,M1,L3,L1,L3
H1,L3,L2,L1,L2
H2,L1,M1,L1,L2
L2,L2,M1,L3,L1
M1,L1,L3,L2,L2
L3,L1,L3,L1,L3
L1,M1,H3,L2,H2
M1,L3,L3,H3,L3
H2,L2,H2,M1,L1
M1,M1,L1,L3,L1
M1,M1,L1,L1,L2
L3,L3,L3,L1,L1
H3,L3,L2,L2,L1
M1,H2,L3,L3,H3
L1,L3,L2,L2,L3
H3,L2,L3,L3,H3
H3,L2,BN,H2,L2
M1,L2,L3,M1,L2
L3,BN,H3,L3,H2
M1,L2,L3,L2,L2
L3,L3,M1,L2,L2
L3,M1,L3,H3,L1
M1,L2,L2,L3,H3
L3,H2,L2,L2,L3
L2,L2,L3,BN,L1
BN,L3,L2,H1,L1
H3,L2,L3,M1,L1
L2,L3,M1,L2,L2
L3,L3,L3,L2,H3
H3,L3,BN,L2,L3
H3,L1,L2,L1,L3
M1,L3,H1,M1,L1
L1,L1,L2,H3,M1
L3,L2,L1,L1,L3
L2,L2,L1,L1,L1
L1,H3,L2,L1,H3
M1,L1,L1,H2,H3
L1,L1,H1,L3,L2
M1,L3,L3,L3,L2
H3,L1,M1,L2,H3
M1,L3,L1,H2,H3
L1,L2,L1,L1,L2
M1,L1,L2,L3,L3
L2,L2,L2,L1,L1
L2,L1,L1,L3,M1
L1,L3,L1,L2,L3
L2,M1,L1,L2,L3
L3,L2,BN,H1,M1
L3,L2,M1,L1,H2
H3,L1,L3,L1,L1
L1,L3,L3,H1,H3
L3,H2,L3,L3,BN
H1,L2,L1,L1,L2
L1,L1,L2,M1,H1
L2,L2,L1,H2,H1
L3,M1,L2,H1,H2
M1,H1,L3,L1,L2
L3,L1,H3,L3,L3
H2,L3,H3,L2,L1
L3,L2,H3,H1,L3
L1,H3,L2,M1,L2
L2,L1,L3,L3,L3
M1,L1,L3,H1,L2
L2,L3,L3,L3,M1
M1,L3,L1,L2,L1
L1,L3,L2,H2,L2
L3,M1,H3,M1,L1
L3,L1,M1,L2,L2
L3,H3,L1,L3,L3
H3,L2,L1,L1,H2
BN,L1,L2,L2,L3
M1,H3,L1,L2,L1
L3,L3,L2,L2,M1
L1,L3,L1,L2,L3
H2,L3,L1,L3,L3
L3,L1,L2,H3,L2
L2,M1,L3,L3,L2
L1,L2,L1,L1,L2
M1,L1,BN,M1,H3
L1,L1,L3,L1,L2
L3,L2,L3,M1,L1
L2,L3,L1,M1,H2
L1,L3,L2,L3,L3
L2,L2,L1,L3,L2
L3,L3,H2,L1,L3
L1,M1,L2,L2,H1
L2,H1,L1,L2,L3
L3,L3,L1,L1,L3
M1,H2,M1,M1,L1
L3,L3,L2,M1,M1
L1,L2,L2,L3,L1
M1,GL,L2,L1,L3
M1,L3,L3,L3,L2
L2,L2,L2,H1,H3
H3,H3,L1,H1,L3
L2,H3,L1,L3,M1
M1,H2,L3,L2,L3
M1,L3,L2,M1,L1
L2,M1,M1,M1,L3
H2,L3,H2,H2,H3
M1,L1,L2,H3,L3
M1,M1,L2,H1,H2
L1,L1,L1,L3,L1
M1,L2,H1,L2,L1
M1,L2,L3,L2,L2
L3,L2,L3,L3,H1
L3,L3,L3,L1,L3
H1,BN,M1,L3,L2
L2,H3,H2,H1,L2
H3,L3,L3,L2,L3
L3,L2,L1,L2,L2
L3,L3,L2,L1,L3
M1,H3,L1,H3,L2
L3,L2,L1,L3,L2
L2,L3,H3,L1,H2
L3,L3,L3,L2,H2
L3,M1,L2,L2,L3
M1,L1,L3,L2,BN
H1,H3,L2,M1,L1
H3,L1,L3,L3,M1
L3,L3,H3,L3,L2
L1,L1,L1,H3,L2
L2,L2,H3,L2,L3
L1,L2,L2,M1,H2
L2,M1,M1,GL,M1
L2,M1,L1,H2,L3
M1,L1,H3,L1,L2
L1,L3,M1,L3,H3
H3,L3,L1,L2,L2
L3,L2,L2,L1,L3
H3,H2,L2,L3,H3
M1,L2,L1,H1,L3
H3,H3,H2,H2,M1
L2,BN,L3,L1,L1
H1,L1,L3,L2,L2
M1,L3,L2,L1,L1
L3,L2,L1,L1,H3
M1,L2,L2,H3,L2
L2,L2,L3,L3,L1
L2,L3,L2,L2,M1
L3,L3,L3,L1,L3
L2,L2,L1,L1,L1
H3,M1,L3,L1,L1
L3,L3,L3,H3,L2
M1,L3,L2,L3,L3
L3,L1,M1,L3,L3
H2,L1,L3,H1,L3
H3,L1,L3,L1,L1
M1,L1,L3,H2,L2
H3,H3,BN,L1,H3
H3,L1,L1,M1,L2
L2,M1,H1,L3,L2
L3,H1,L3,L2,H3
H3,L3,L3,L2,L2
L2,L2,L1,L2,L2
L1,H3,M1,L1,L1
M1,M1,M1,L3,L1
L1,L2,H3,M1,L1
H3,L1,L1,L1,L2
L3,L3,H3,L2,M1
L2,M1,L1,M1,L2
M1,L2,L1,L3,L3
L2,H3,L2,L2,H3
L1,M1,L2,H3,H1
L3,H3,BN,L2,M1
L3,L2,L3,L3,L1
L3,L2,L3,M1,L1
H1,L2,H3,H3,L3
H1,L2,L1,BN,L1
M1,L3,H3,L2,L1
L1,L3,L2,M1,H1
GL,H2,L2,L2,H3
L1,L2,L3,L3,L2
H1,L2,H3,L2,L2
H3,H2,L2,L3,L3
L1,H2,H1,L3,L3
L1,L1,L2,L2,L2
L3,L3,L3,H1,H3
H3,L3,H2,M1,L2
H2,M1,BN,L1,M1
L2,L3,L1,L3,L3
L1,L3,L1,M1,H3
L2,L2,M1,L2,L3
L3,L2,L1,H3,L3
L1,L3,L1,BN,H1
L3,H1,L3,M1,M1
H2,M1,L3,L1,L3
L3,L1,L2,L3,L3
L2,L1,L2,H3,L3
L3,L3,L3,M1,L3
L2,L3,L2,L3,L2
L1,L2,L3,L3,L1
H1,L2,H1,H1,L1
L3,L1,L3,L1,H3
M1,L1,M1,L3,M1
M1,H1,L1,L3,M1
M1,H2,L3,L3,L2
H3,M1,H2,L2,H2
L3,L2,L1,L1,L2
L3,L1,L2,L2,L2
L2,L3,L2,L2,L3
L3,L3,L1,L1,L2
L1,H1,L2,L1,L1
L3,L3,L3,L2,L3
L3,M1,L3,L2,L2
L2,L1,L3,H3,L3
H3,L3,L1,L1,M1
L3,L2,L3,L2,L3
L3,M1,L1,L3,L3
L1,H3,L1,L3,L1
L1,L2,M1,L3,H3
H3,L2,L3,L2,L3
M1,L2,L3,L1,H2
L3,L1,L2,L2,L2
L2,L3,L1,L1,L1
H2,H1,L2,L2,L2
L3,M1,L3,M1,H1
M1,BN,L2,L2,L2
L2,L2,H3,L3,L2
L3,L3,BN,H3,L2
M1,H1,M1,L2,H2
L1,M1,L3,L3,L1
L2,L1,L3,M1,L1
L1,L2,L2,L2,L3
L3,M1,L2,L3,L1
L1,L2,H3,L3,L3
M1,L1,L1,H2,H1
L2,L2,L2,L3,L3
M1,L3,L3,L1,L3
H2,M1,M1,L1,L3
M1,L2,L2,M1,H3
H1,L3,L3,M1,M1
L3,L3,H3,M1,H3
L3,L3,L2,H3,L1
M1,L3,L2,L2,M1
M1,L1,L2,L3,L1
L1,L2,L3,H3,M1
L3,L2,M1,L1,H2
H2,L1,H2,L1,L2
BN,L3,L1,H2,L3
H2,L3,L2,L1,H3
L3,L3,L1,L3,L2
L3,L2,L3,L3,L2
L2,M1,L1,L2,L2
L2,L3,H2,L2,L2
M1,L1,L3,L3,L3
M1,M1,L3,L1,M1
H3,M1,M1,L1,L1
H1,H2,L3,M1,L3
M1,L2,BN,L1,M1
H1,M1,L3,L2,L1
H3,L3,L2,L3,H1
M1,L3,L3,H3,L2
L3,L1,H3,H3,L3
L1,H1,L2,L3,L3
H2,L2,M1,H1,M1
H1,L3,L1,H3,BN
L3,L3,L3,M1,L3
L2,L3,M1,L2,H3
L3,L2,L3,M1,L3
BN,M1,L2,BN,L1
L1,L2,M1,H1,L3
H3,L2,H2,L2,L1
H2,H3,L1,L1,GL
L2,L1,L3,L3,BN
L1,M1,M1,L2,M1
L2,L1,H2,L3,L3
H3,L2,M1,L3,H1
L3,L1,M1,L1,H2
L2,L2,L1,H2,H2
L1,L3,H2,L1,M1
L2,M1,H3,L3,L3
L3,L3,H3,L2,BN
L2,L2,M1,L2,L3
L2,L2,L1,L1,L3
L1,L3,L1,L3,H2
L3,L2,L1,H2,M1
M1,M1,L2,L2,H1
L2,L3,M1,L3,L3
L1,L1,L2,L3,L2
L1,L3,H3,L3,L1
L3,L1,L2,M1,L3
H3,L2,L3,M1,L1
M1,L1,L3,L2,L3
H2,L1,H3,L3,H3
L3,M1,H3,L1,M1
L2,L2,H2,L2,L3
L2,M1,M1,L1,L2
H3,L2,M1,L3,L1
L2,L3,L1,L1,M1
L1,L1,L3,H2,L2
L1,L3,L1,L3,L2
L3,H2,L1,L1,H3
L3,L2,H3,M1,H2
L2,BN,BN,L2,L2
L3,L2,L3,H3,H2
L3,H2,H3,M1,L2
L3,L2,L3,H3,L2
L2,L1,L1,L3,L3
L2,H3,L2,L3,L1
L3,H1,L3,L1,L2
L3,L1,M1,L1,L3
H3,M1,L3,L3,H1
L1,L2,L3,L2,L2
L2,H1,L2,L3,H2
L2,L2,L2,M1,L3
L2,H3,L3,L1,M1
M1,L3,L3,H3,L3
L1,L3,H3,H3,L3
H2,BN,L2,L3,L2
L1,L1,L3,BN,L2
H3,L1,L1,M1,L3
L2,L3,L3,L3,L1
L3,L1,L2,H2,L2
H3,L1,L2,L2,L3
L2,L3,L1,M1,L2
L3,L2,H2,M1,H1
L3,L2,H3,H3,L2
BN,L2,L2,L1,L3
H3,L2,L3,L1,M1
L2,L1,L2,L3,L2
M1,L2,H2,H2,H3
M1,H3,M1,L3,H2
L2,L2,L1,L3,L3
L3,H3,H1,L1,L3
L3,H2,M1,L2,H3
L2,H3,M1,M1,H1
BN,L2,H2,H3,GL
L1,M1,L3,BN,M1
L3,M1,L1,L2,M1
H3,L2,M1,L3,L3
H2,H3,L3,L2,H3
L3,M1,L1,L1,H1
L2,L3,L1,L3,L1
L3,M1,L3,L3,L2
H1,L2,L1,L2,L2
L3,L3,L2,L3,H1
L2,H1,L2,BN,L3
L2,M1,L3,H3,H3
H3,L3,L2,M1,L1
L3,H2,L1,M1,L3
L1,L2,L3,H3,L3
L2,L2,H1,L3,L2
L2,L3,L3,H2,L1
L2,L1,L3,L1,H3
L1,L1,L1,L1,H3
M1,L2,L3,L1,L2
L1,L1,L2,H3,L3
L2,H1,L1,M1,L1
L3,H3,L3,L3,L2
L2,M1,L2,H3,L3
L1,L2,L3,L3,L1
H1,M1,M1,L2,H3
L3,L2,H2,L2,L1
L3,L2,L3,L3,L3
L3,L3,M1,L2,H2
L2,L2,M1,L2,H3
L2,H3,L1,L1,L2
L3,L2,M1,L1,L1
L1,H3,H1,L2,L3
M1,L3,L2,H3,L3
L1,L1,L1,H3,BN
BN,M1,M1,L3,L2
H3,L3,M1,L2,L3
L2,L1,L1,L3,L3
L1,L3,L3,L1,L2
L2,H3,L2,L1,L3
M1,L1,BN,BN,L1
L2,L1,L2,L2,L2
L3,H1,L3,L2,H3
L1,L3,H3,L1,L1
H3,M1,H3,L2,L1
L1,L2,H1,M1,L3
H1,L1,L1,L2,L2
L1,H1,L2,M1,M1
M1,BN,M1,H1,L2
L3,L2,M1,L1,H2
L3,H3,H3,M1,L3
L3,L2,L1,L1,L1
H3,L3,L3,L3,BN
M1,L2,L2,L3,L3
H2,L3,M1,L2,L2
H3,M1,H2,L3,H3
H2,L1,L2,L2,L3
M1,L1,H2,L2,H2
L3,L3,L1,BN,L2
L3,L2,L1,H2,L1
H2,L3,L2,L1,H2
H2,L1,M1,L1,H3
L2,M1,L1,L1,H2
L1,L2,L1,L2,L1
L2,M1,M1,L1,L3
L2,L2,H2,L2,L3
L3,L1,L2,L1,L3
L3,H1,L2,M1,H2
L1,H2,L3,L2,H2
H2,L3,M1,L3,L3
L1,L1,L1,L2,BN
H3,M1,BN,H1,L2
M1,BN,L3,H3,L3
L3,M1,L2,L3,L1
L2,L1,L2,L1,H3
M1,M1,L1,L2,L2
L1,H2,L1,H3,H2
L1,L2,L1,H1,M1
L2,L1,L1,L2,L2
M1,L3,L1,H3,BN
H3,M1,M1,L2,L3
H3,M1,H2,L1,L1
H2,L2,L3,L1,L1
L2,L1,L2,L3,L2
L3,L3,L1,L2,L2
L3,H2,L2,L2,H3
H3,L2,L1,L2,L1
L2,H1,L2,L3,L3
L2,L3,M1,L2,H2
L1,L3,L1,L2,M1
H2,L1,L3,L2,L1
L2,L2,M1,L3,L3
L2,H3,H3,L3,L2
L2,L2,L1,L3,L1
H1,L1,M1,L1,L1
L1,L1,M1,L1,L1
L2,H2,L1,L2,L3
L3,M1,L1,H2,H3
L2,L1,L2,H3,L3
H2,L3,H1,H1,L2
L2,L3,L2,L1,M1
M1,L2,L2,L1,H3
L3,L1,L2,L1,L3
L2,L2,L1,H3,L2
L2,M1,L3,L2,M1
L2,L2,H3,M1,M1
M1,L1,H2,L1,L2
L1,BN,M1,L3,L3
L1,L1,L2,M1,L2
L3,L2,M1,L3,L2
L3,L1,M1,L1,H2
H2,L1,L3,L3,L3
M1,L1,L3,H1,L2
L2,H1,H3,L3,L3
H2,L1,M1,L3,L1
L2,L3,L2,H1,L2
H1,H3,L2,L1,L1
L1,H3,M1,H1,M1
H1,L2,L3,M1,M1
L3,L3,M1,H3,L3
L3,GL,H2,L3,L3
L1,L3,BN,H2,L2
L1,H2,L1,L1,L1
BN,L2,L1,L3,H2
L2,H3,M1,L2,L1
L2,L2,L1,M1,L2
M1,L2,L2,L3,BN
M1,L3,H1,L1,H2
L2,L1,L3,L3,H2
L3,L1,M1,H3,L3
L1,L2,L1,L2,L3
L3,M1,L3,L1,L2
L2,L2,M1,L2,H1
L3,L2,H2,H3,M1
L2,H2,L3,L3,L3
L3,L2,L3,L1,L3
L2,L3,L3,H3,L2
L1,L2,L3,BN,L2
H1,L1,L2,M1,L3
H2,L3,M1,L1,L3
L2,L3,L1,M1,L1
L2,L2,L2,L2,L2
M1,M1,L2,L2,L2
L3,H2,M1,M1,L3
H3,L2,H3,H2,L2
L2,L3,L3,M1,H2
H1,L1,M1,M1,L3
L3,L2,L2,L1,L1
L1,L1,L1,L2,L3
L1,L2,L1,L3,H3
M1,L3,H3,L2,H3
M1,M1,H1,L1,L2
L3,L1,M1,L3,BN
M1,L1,H2,M1,L1
M1,H3,M1,L3,L1
M1,L1,L3,M1,H2
L2,H3,L3,L3,H3
L2,L2,L1,BN,L3
L2,L1,L2,L1,L2
H3,L3,L1,M1,L1
L2,L2,L3,L3,L1
L2,L2,L3,L1,H2
L1,BN,L2,L3,L3
L3,H2,H3,L1,L2
L2,L2,L1,L1,H3
H3,L1,H1,BN,H1
H3,L1,L2,L2,L2
L3,H2,L2,L2,M1
H3,L1,L2,L1,L2
L1,L2,L2,L2,L3
L3,L1,H3,L2,L2
L3,L2,L1,L3,L1
L2,M1,L1,H3,L1
L1,L1,L2,L3,L3
H3,M1,L1,L1,H2
H3,H2,L3,BN,L2
L3,L1,H3,L2,L3
L1,L2,L1,L3,M1
L3,L1,L1,L3,L2
L2,L1,L2,L2,H1
L1,H3,L2,H3,M1
L1,H3,L3,L3,L3
H1,L3,H1,L3,M1
L2,L2,L3,L1,L1
H1,L1,H3,L3,L3
H3,H3,L1,L3,H2
L1,L3,H2,L1,L1
M1,L2,H2,L3,L2
H2,L2,L2,L3,L2
H1,L2,L1,H2,L3
H3,L2,L2,L2,H3
L3,L2,M1,L2,H2
L1,H1,L3,L2,L2
L3,L3,H1,L3,L1
M1,L2,L1,L2,L2
L3,L3,L3,M1,H3
L1,L2,L3,L1,L1
H3,H1,L2,L3,L2
H3,L1,L3,L3,L3
M1,H3,L1,L1,L1
L2,L1,L1,M1,M1
H3,L1,L1,L2,H1
L1,L3,L3,M1,M1
L1,L1,L2,L1,L2
H3,L1,M1,L2,L2
L3,L1,L1,L1,H3
L2,H2,H3,H2,H1
H1,L3,L2,L3,L1
H2,L3,L1,L2,L2
L2,L3,L2,M1,L2
H3,H2,L3,BN,L2
H2,L2,L3,M1,L2
L1,L2,L3,L1,H3
L3,L3,L3,L1,L1
L2,M1,L2,L3,L3
L3,H2,L3,L3,L3
L1,L3,L3,L3,L3
H1,L1,L3,L2,L3
L2,L2,L2,M1,L2
L3,L3,L1,H1,L1
L3,L3,L3,H3,L3
L1,H3,L2,H3,L1
M1,L3,L2,M1,L2
L1,L1,L2,M1,L2
H3,L1,L2,L1,H3
H1,L3,H3,M1,L1
L1,L1,L2,L3,L1
L3,L3,H3,L2,BN
L1,L1,M1,L3,L1
L3,L1,L1,L2,L3
H1,H1,L3,M1,L3
L1,L2,L1,L2,H3
BN,H3,L3,L1,L1
L3,L3,L3,L1,M1
L3,M1,L1,L2,L3
M1,M1,H2,L3,L2
H1,L3,L2,H1,M1
L2,H3,L1,L3,L1
M1,L1,L3,L2,H3
L3,L2,L1,H1,L1
L1,L2,L1,L1,L3
M1,L3,L2,L2,L3
L2,L2,L2,H3,M1
M1,H2,L1,H3,L2
L2,M1,M1,L1,M1
H3,L3,L2,L3,L2
L3,L3,M1,L2,L3
M1,H3,L3,L1,H3
M1,M1,L3,L2,H3
L2,L1,H1,M1,L3
L3,H3,L1,M1,L3
M1,L3,L3,L3,M1
L2,L3,H2,L1,L1
L1,H2,L2,H3,H2
L2,L1,L3,L2,M1
L3,H3,L3,M1,M1
L2,L3,L1,M1,H2
L2,L2,L3,L2,L3
M1,M1,L1,H2,L1
L2,L1,H2,H1,L1
M1,H1,L1,H3,L3
M1,M1,H2,L2,L3
L3,L3,BN,H2,L3
L3,M1,H3,L3,H2
L3,L2,M1,L3,BN
H2,L2,H3,H2,L2
L1,L3,L2,H2,M1
M1,M1,L1,BN,L1
L3,L2,L1,L1,L2
L2,L2,L1,L3,L3
L1,L1,L2,L3,L3
L3,M1,L1,L2,M1
H1,L1,L2,H1,H2
L3,L1,BN,H1,L1
M1,L3,H3,M1,M1
L2,L1,L2,L3,L1
M1,L3,L2,M1,L3
H1,L3,L2,L3,L3
L3,L3,M1,L1,L2
L3,L3,H3,H1,L3
L1,H3,M1,L1,L2
M1,L3,L2,L3,H3
L1,M1,L2,L2,L3
H2,L1,L3,L1,L2
L2,BN,L3,L1,L2
L1,H1,H3,L2,M1
L3,L3,L2,L3,L3
M1,H3,H1,H3,L2
L2,L3,L2,L3,M1
L2,L3,M1,L3,L3
L1,L2,L2,H1,L2
H3,L2,L1,L2,M1
L3,L3,H3,M1,M1
M1,H3,L1,L3,L2
L3,H3,L1,L3,L1
H1,L2,H3,L3,L2
H2,L3,L1,M1,L2
L1,H2,M1,L2,H3
L2,L3,M1,L1,L3
H2,L1,L1,L3,M1
L3,L1,L1,H2,L3
M1,L2,L3,L2,L1
M1,L1,L3,L1,L2
L2,M1,L2,L2,L1
L1,L1,L3,L1,L3
L1,L2,L3,BN,L3
H2,H2,L3,H3,L3
H1,L3,L2,L2,L1
H2,L3,BN,H2,H3
L2,L2,H3,L2,L1
H3,BN,M1,L1,L3
M1,L3,L2,L2,H2
L1,M1,L2,M1,H2
H2,L1,H1,M1,L3
L1,L2,L3,L1,L3
L1,L3,L2,H1,H3
H2,L3,L1,L1,M1
L2,L3,L1,L3,H3
L2,H2,M1,L3,L1
L3,BN,M1,L2,L1
L3,L2,H3,L1,L2
L2,L1,L1,L2,L1
BN,L2,H3,L1,L3
L3,L2,H2,M1,H2
L3,L2,M1,L2,L2
L3,L3,H3,L2,L2
H3,L3,L1,H2,L2
L3,M1,L1,L2,L3
M1,L3,L1,L1,L1
M1,L3,L3,L1,M1
M1,L1,M1,BN,L3
L1,L3,H3,M1,L1
L3,L2,L3,M1,L2
L3,L1,L1,M1,L2
M1,M1,L2,H3,L3
L3,M1,L3,H3,L2
L2,L3,M1,L2,L3
L3,H1,L3,L1,L2
M1,H3,L2,L1,L1
M1,H1,L1,GL,M1
L2,H3,M1,L1,L1
H2,M1,H2,L1,L3
H2,H1,L1,L2,L2
L3,M1,L2,H3,H2
L3,L2,H1,L2,H1
L1,L2,L1,L2,L3
L3,L3,L3,L2,L3
M1,H3,M1,L3,L2
BN,M1,L3,L3,H3
L3,H2,L1,L3,H3
M1,L2,L1,L2,L2
H3,L2,M1,L3,H1
L3,GL,H2,L2,M1
H2,H2,L3,L2,H2
H2,L2,M1,L3,M1
BN,L2,L1,L2,L2
H1,M1,L3,L1,M1
L2,L3,L1,L3,H2
H1,H2,L3,BN,L3
H2,L2,L2,H2,L2
L3,L2,L3,L2,M1
L3,L1,L2,L2,L3
L3,L2,H3,L3,M1
L3,H1,L1,L1,L1
H1,M1,L3,M1,L3
M1,L3,H3,L1,H3
M1,L1,L2,L3,L3
L2,L2,L3,L3,L2
L2,L1,L3,L3,L1
L3,L2,L1,M1,L1
L2,H3,L1,L2,L3
L3,L3,L1,M1,L2
L3,L1,L1,L3,H1
L3,L2,L1,H2,H2
L1,L2,L1,L1,L3
L3,L3,H3,H3,L2
L1,L2,L3,L2,L1
L3,H2,H3,L3,L1
L2,L3,H2,L3,L1
M1,M1,L1,H2,L2
L3,L1,H2,L3,L1
L2,L3,L1,M1,L3
L3,L1,L2,L3,L2
L1,L2,L3,M1,L3
L3,L2,H2,M1,H3
L2,L3,L2,L3,H3
L2,M1,H1,L2,L2
H2,L1,L3,L1,L2
L1,L3,L1,L3,L2
L3,L2,L2,L2,H2
L1,L2,M1,L1,L3
H3,L2,L3,L2,L3
L2,H3,L1,M1,L2
L3,L3,L3,L1,H3
L1,L3,L3,L3,M1
L2,M1,L3,L3,H1
L1,L1,L2,L3,L1
L2,L3,L2,L2,BN
M1,M1,L3,L2,M1
L3,M1,L2,L1,L3
L3,L3,M1,H3,L2
L2,M1,L3,M1,L3
L1,H2,L3,L2,L1
L3,H3,M1,L1,L1
L2,L2,M1,L3,H1
L3,L1,L3,M1,L3
L3,L3,L2,L1,L3
H3,L2,L2,M1,BN
L3,M1,H2,L3,L3
M1,L2,M1,H1,L3
H3,M1,BN,M1,M1
H1,L2,L2,L1,L2
L3,L1,L3,L3,L1
L1,L2,H3,H1,L2
L3,BN,L2,L1,L1
H3,L3,L2,L1,L3
L2,H1,M1,L1,L2
L2,L3,L1,L2,L3
L3,L3,L3,M1,L1
H2,H3,L3,L3,L1
L3,L2,L2,L1,L3
L3,L2,L2,L1,L3
L3,GL,H1,L1,L3
L3,L3,L2,H2,L1
L1,L1,L2,L3,L3
L2,L3,L1,L3,L1
L3,L3,L1,L1,L2
L2,L1,L3,L1,L2
L1,L3,L1,L3,L3
M1,M1,L2,L3,L2
L3,L1,L1,L2,L1
L2,L3,L2,H2,L2
L1,L2,H2,L2,H1
M1,L2,L2,L1,L3
L2,L3,H3,H2,L3
L1,L2,H3,L1,L1
M1,L1,L1,H2,L1
L2,L1,M1,M1,L2
H3,L1,L3,L3,L3
M1,L3,L3,L3,H3
L2,L3,L1,L3,H3
L2,L1,H3,H2,L2
H3,L2,L2,M1,L1
L2,L1,L2,L1,L2
M1,H3,H1,H3,L3
L2,L3,L1,L3,H3
H2,L3,BN,H3,L1
L1,L2,L3,L3,L2
M1,L1,L1,M1,H2
H2,M1,M1,L1,L3
H2,L3,L1,L2,BN
L1,H1,H1,L1,M1
L3,H2,H3,L3,L3
L3,H3,L2,L1,L1
L3,L3,L3,L1,L1
H3,L1,H3,L2,H2
L3,M1,L3,L3,L3
BN,H3,L3,H2,L2
M1,BN,L1,L1,L1
L3,L2,L3,L1,L2
L3,L1,M1,L3,H3
L2,H2,L2,M1,H2
L1,L2,BN,L3,L3
M1,L2,M1,L3,L3
L3,H3,L1,L1,L2
H3,L1,H3,L2,L1
L1,H3,M1,H3,L1
L3,L1,L3,M1,BN
L3,L2,L1,L1,L1
L3,M1,M1,L1,L2
L3,H3,L1,L2,M1
L3,H3,L1,L3,L2
H3,M1,H2,L3,L3
L3,L1,L1,L1,L1
L2,L2,L2,H3,L3
H1,H2,L3,M1,M1
H3,M1,L1,L2,L2
H3,L1,M1,L1,H1
M1,BN,L1,L2,L1
L3,L1,L3,L3,L2
L2,L2,H2,L3,H2
L3,L2,L3,H1,H1
L2,H1,M1,L3,L2
L2,L3,H2,H3,H3
L3,H3,H2,GL,H3
L1,L2,L1,L3,L3
L1,L2,M1,M1,H2
M1,M1,H3,L2,M1
L2,H1,L3,L3,H3
L1,L3,L3,L2,BN
L3,L3,M1,L2,L3
L1,H1,L3,L1,L2
L3,L2,L3,L2,L2
L3,L2,L1,L2,L1
L1,L3,H2,L2,L1
L2,L3,L3,L3,L2
L1,L1,L1,L1,L3
M1,M1,L2,L2,M1
L1,H2,L3,L3,M1
L2,L1,L2,L2,H3
L3,L2,H1,M1,M1
L2,M1,L2,H3,L1
H2,L3,L3,H2,L3
L3,L3,L1,L3,H3
L1,M1,L2,L1,M1
L3,L3,L1,M1,L2
H2,H1,L3,L1,L1
H1,L1,L1,L3,H3
H2,L1,M1,L2,H3
L1,M1,L3,L2,M1
M1,L1,L1,M1,L3
M1,H3,L3,H3,L3
L3,L1,H1,L2,M1
L1,L3,L2,L3,H1
H3,H3,L3,H3,M1
H3,L3,L2,L1,M1
L1,BN,H2,H1,L3
L1,L1,L2,L3,L3
L1,H1,H3,H3,L1
L3,L1,L1,L3,L3
H2,H3,L3,M1,M1
L1,L2,L2,L3,L2
L1,M1,L1,L3,H3
L2,L1,L1,L3,M1
H3,L1,L1,L1,L1
L2,L1,H2,L2,M1
L3,L3,L3,M1,L2
H2,H1,M1,L2,L1
L3,H3,L2,H3,L1
H2,H1,BN,M1,L3
L2,H2,L3,L2,L2
L3,L3,L2,M1,L3
L1,L2,M1,L2,L2
M1,L3,L3,H2,L1
L3,L2,H3,H3,L2
M1,H3,L2,H2,BN
L3,L3,L1,L2,H2
L2,L1,H2,L1,M1
H2,M1,L2,H2,L3
L2,L2,L3,BN,L2
H3,L1,L1,L3,L2
L2,L2,L2,M1,L2
L1,H1,L3,L1,L2
L2,L1,L1,M1,L3
L1,H3,L1,L3,L2
H1,L3,M1,L3,H3
H2,L2,H3,L1,M1
M1,H2,BN,BN,L1
H3,L2,H3,H2,L3
M1,L3,L2,L3,M1
L3,M1,L3,H3,H3
H2,L3,L2,L2,L1
M1,M1,L1,L3,L3
L1,H1,L1,L2,L2
H3,L1,M1,L2,L3
L3,L2,L2,L2,L3
L2,H2,L1,L2,M1
L1,L3,L2,M1,L3
M1,L1,H3,H2,L2
L3,L3,H3,H3,L1
L1,L3,L3,H1,L2
L2,BN,H3,H3,L1
L2,M1,L1,H3,M1
L1,H2,M1,M1,L2
L2,L3,L3,L3,L2
L1,L3,L1,L2,L1
H2,L1,L1,L2,L3
M1,L1,L3,L1,L1
L2,M1,H2,H2,L1
L1,L3,H2,H1,L3
L3,L3,L1,L3,L2
L2,L2,BN,L2,H2
H1,M1,L1,H1,H3
L2,L1,L3,L3,BN
M1,L2,L2,L1,L2
L2,L3,L3,L1,L2
L3,BN,H3,L1,L1
H1,M1,L3,M1,L3
L3,H2,H3,L1,L2
L1,H2,L1,L2,L1
L2,M1,L3,L2,L3
H3,L3,H2,L2,L2
L3,H3,H3,L2,L2
L1,L3,L1,H1,M1
M1,H3,L3,L2,L3
M1,L3,M1,M1,L1
L1,H2,M1,L2,L3
L2,L1,M1,L2,L1
L2,H2,H3,L2,L2
L1,M1,BN,L3,L3
L2,L2,H1,L3,L3
L3,L1,L2,L3,M1
H2,L1,L3,H1,L1
L3,M1,L1,L2,H3
L1,L2,L1,L2,L2
L3,L3,H3,L1,L3
L3,L2,L2,GL,L3
L1,L2,L2,L1,L2
L3,L3,L2,L2,M1
M1,H3,L3,L3,L1
M1,H3,L3,L2,L2
L1,M1,L2,L3,L3
H2,L1,H3,L2,L1
M1,L2,L1,L3,H3
L1,M1,L3,L3,L2
M1,L2,L3,H3,L3
L3,H1,L2,L3,L3
L1,L1,L3,M1,M1
L1,H3,L3,L3,L2
L2,L2,H2,H2,L2
L2,BN,H3,L2,M1
L2,L3,L2,L1,L1
L2,L3,L3,L2,L1
L1,L1,M1,L2,L1
H3,H2,L2,L3,L2
L1,L1,L2,M1,L2
M1,M1,L3,M1,L1
L1,L3,L3,L3,L3
H2,M1,L1,L1,L1
L1,L3,H2,L2,M1
L3,L2,L3,L3,L2
L3,L1,H3,L1,H2
L3,L3,L3,L3,H2
L3,H3,L1,L1,L1
L2,L3,H3,L2,L2
L2,M1,L1,L2,M1
L3,H1,M1,L3,M1
L3,M1,M1,L3,H3
L1,M1,H3,M1,L3
L3,L2,H3,L3,L3
H2,H2,M1,L2,L1
L1,L3,H3,L2,H2
L2,H3,L3,L2,L1
L3,L1,L3,L1,M1
L2,H3,H1,L3,L1
H3,BN,L2,L1,L3
L3,L2,L2,L2,L1
L2,H2,L1,L1,M1
L3,L1,L2,L3,M1
L3,L3,M1,L2,L1
L2,M1,L2,L3,M1
H2,L3,L3,L1,L1
M1,L3,M1,H3,M1
L3,L1,L2,L1,L3
L1,L2,L2,L2,L1
H3,L2,L1,L1,L3
L3,M1,L1,L2,BN
L1,H2,L1,L1,L3
L1,BN,L3,M1,L2
L1,M1,L3,L1,H1
L1,H3,L3,L3,L3
M1,L1,L1,M1,M1
L1,H1,L2,H3,L3
L2,L3,GL,L3,L1
L3,L1,L3,L1,H1
L2,L2,L2,L1,H3
BN,L3,BN,H1,H1
L1,H3,L1,L2,M1
L2,M1,H3,H2,L1
H3,L3,L3,L1,H2
L1,L3,H1,L3,H2
L3,M1,L3,L1,L1
L2,M1,L2,M1,L1
L1,H2,L3,L1,H2
L1,H1,L3,L2,L3
L3,H3,L1,H3,H3
M1,H3,L2,L2,H3
M1,L3,L3,M1,L2
H3,H2,H3,L1,H3
L3,L1,L2,L3,L3
M1,H2,L2,L1,H3
M1,L3,L2,L3,H3
H3,BN,H3,L2,L3
L2,L2,L2,H2,H3
L2,L3,L2,L2,L3
L2,H1,L1,M1,L2
L1,M1,L3,L1,L1
M1,L2,H2,M1,BN
GL,L3,L2,L1,H3
H3,L1,H3,L1,L2
L3,L1,L2,L2,L3
L1,L2,L3,L1,H3
H1,H3,L1,H3,H2
L3,L1,H3,L2,H2
L2,GL,L2,L1,L2
L1,H3,L2,H2,L2
H2,L1,H3,L3,L3
L1,L2,L3,H2,L3
M1,L3,L2,H3,M1
L2,H2,L1,L2,L3
H2,L3,L1,L3,M1
M1,M1,L3,L2,H3
L3,H2,L2,H2,L3
L2,M1,L3,H2,M1
L2,L1,L2,L2,L1
H3,M1,H2,L1,L2
L3,M1,H3,L3,L1
L3,L2,H3,L3,L2
L2,H3,L1,M1,L1
L2,H3,H3,H2,L3
BN,H2,M1,M1,L2
L1,L3,M1,L3,M1
L1,L3,H2,L2,H3
L2,H2,M1,L2,L1
H3,L2,M1,L2,L1
L2,L2,H2,L1,L3
H3,M1,L2,L1,L3
H1,L3,M1,H1,M1
L1,L3,M1,L1,M1
L1,L2,M1,L1,L3
L1,M1,L2,H1,L2
L1,L3,L3,L1,L1
L3,M1,L1,L1,H3
M1,H1,L1,L3,L1
L3,H2,L3,H3,L3
L3,L1,L3,M1,L2
L2,H3,L3,L2,L2
H1,L2,M1,L3,M1
L3,L1,H1,L3,M1
L3,H1,L3,L3,L3
L3,L3,L3,L3,L2
L3,L1,H3,L1,L3
H3,L2,L1,M1,L3
L2,L2,H1,H3,H3
H2,H2,M1,M1,L3
L2,H3,L2,L2,L3
H2,H3,L1,L2,H3
L2,L2,L2,L3,H2
L2,H3,M1,L1,L1
L2,H1,M1,L2,L1
M1,L1,L2,L2,M1
L2,L2,L3,L2,L1
L3,L3,L2,L3,L3
L3,L2,L3,L1,H3
L2,H3,M1,L2,L1
H2,L3,H2,L2,L2
L3,L2,L3,L1,L2
M1,M1,M1,L2,L1
L2,H3,L3,L2,L1
H3,M1,L2,L1,L2
L3,L1,L1,L3,L3
M1,H3,L3,L2,L1
L1,L2,L3,L3,L3
H3,L1,H3,BN,L1
H1,L1,L3,L3,L2
L3,M1,L3,L1,L2
L3,L1,L1,L2,L2
BN,L2,H3,H1,L1
H1,H3,H2,L3,L3
H2,L1,L2,H1,L2
M1,L3,L3,L3,M1
H3,L2,H1,L2,M1
L3,L3,H2,L2,L1
L1,L3,L3,M1,M1
H2,L3,L1,L3,BN
H2,L2,L3,L2,L2
L1,L1,L2,L3,L3
L2,H3,L2,L3,M1
H3,L1,L3,L3,L1
L1,L2,L2,L3,M1
L2,L3,L1,L3,L2
L2,L2,L3,L1,L1
BN,L3,L2,L3,L1
L3,L1,H1,L2,L1
H1,L3,L3,H2,L2
L2,H3,H3,L3,H1
L1,L1,L3,L1,H2
L1,L1,M1,L2,BN
L1,L1,L2,L3,L1
L1,L1,L2,H2,L2
L2,L2,L3,L3,L1
L3,L2,M1,L2,H3
H2,L3,L3,L3,L2
GL,L2,L1,L1,L3
L3,BN,L1,L1,L2
H3,L3,L3,L3,H3
L3,L2,L1,L2,H2
L1,L3,L3,L1,L3
L3,L1,L2,H2,L3
M1,L2,L2,L2,L3
L1,L3,H3,L1,L3
L3,L2,L3,H3,L3
L1,H2,L3,M1,BN
M1,L3,L3,M1,L3
L2,L2,L2,L2,H2
L2,L1,H2,L3,L3
BN,H3,L3,M1,M1
M1,L1,H2,GL,L3
H3,L3,L3,M1,L3
L1,L3,L3,L3,H3
L1,L2,L1,L1,L3
H2,L1,M1,L2,L1
L2,L3,L2,H2,L2
L3,L1,M1,L1,L2
L1,H3,L3,L1,L2
L3,M1,L1,BN,H3
L2,BN,L1,L2,BN
L1,M1,H2,H2,M1
L2,L2,L2,M1,L2
L2,H1,L3,M1,L3
M1,L3,L3,L2,H1
L2,BN,L1,L1,H1
L3,L1,H2,L3,H2
L3,L1,L1,L3,M1
L2,L1,BN,L2,L2
L3,M1,M1,L1,L2
L1,L2,L2,L2,L3
L2,H1,M1,L1,L3
M1,L3,H3,L1,L1
H3,L1,L3,L3,L1
L1,H2,M1,L3,L1
L2,L2,L1,H3,L3
BN,L2,H1,L2,L1
L1,BN,M1,L3,H2
M1,L2,L2,L2,L3
L3,L1,M1,L3,L2
L2,L2,M1,L3,M1
L2,L3,L2,L3,M1
H1,L3,L1,L3,L2
L1,L2,L1,H1,M1
L1,BN,H2,L3,L1
L3,L2,M1,M1,L2
L1,L3,L3,L3,L2
L2,H2,L2,H3,M1
M1,M1,L2,L3,M1
H2,H3,L3,M1,H2
L3,M1,L1,L3,L3
L1,L3,BN,L1,L3
H1,L3,H3,L3,L1
M1,L2,L3,L2,L1
H2,H1,L1,L1,H3
H1,H3,L2,L2,L3
H1,L3,L3,L2,L3
L2,L2,H1,M1,L3
L3,H3,L2,L1,L3
L3,L2,H2,H2,H1
M1,L1,L3,L2,L1
L1,H2,L1,L1,L1
L1,L3,L3,L3,L2
L2,L1,L2,M1,L2
L3,L3,L1,H3,H2
M1,H1,M1,L1,M1
L3,L3,M1,M1,L2
L3,L2,H3,M1,L2
L1,H2,M1,L3,L3
H3,L1,L3,L1,L3
M1,L2,L2,L1,L3
H3,L3,M1,L2,L3
L1,L1,M1,L3,L3
L3,L2,L1,L1,H3
L3,L1,H3,H2,L3
L3,M1,L2,L3,L3
L2,L3,M1,L2,L2
L3,L3,M1,L1,L3
L2,H3,H2,L2,M1
L2,H3,L3,L1,M1
L3,H2,L1,L3,H3
L2,L2,M1,L2,L2
L1,H2,H2,H3,H3
L2,H3,BN,L2,BN
GL,H3,M1,L2,L3
L2,L1,L2,L1,M1
L2,M1,H3,L1,L2
L3,M1,H3,L3,L3
L1,H3,L1,H1,M1
L1,L1,M1,L3,H3
L2,L2,L3,L2,L3
L1,H3,M1,L1,L3
L2,L1,M1,L2,L3
L3,L3,M1,L3,L3
BN,L2,M1,L1,L3
H3,L2,L3,L2,L3
H1,M1,M1,H1,H1
L1,L3,L1,H1,L1
M1,L3,H2,L2,L3
L3,H2,L3,M1,M1
L2,L2,H2,L1,H1
H3,L3,H1,L1,L1
L3,L1,H3,H3,L2
L2,L2,H3,L1,L1
L1,L3,L2,L3,H1
L3,L3,H2,L3,L3
L2,L3,L2,L1,L2
BN,L2,L3,L1,H3
L2,H3,H2,L1,L1
M1,H3,L1,M1,L3
L2,H1,L2,L2,L3
M1,L3,L3,L2,H1
L3,L3,L3,L2,L2
H1,L2,H2,L1,L3
BN,M1,L2,L2,H3
H2,L1,H2,L3,L3
L2,L3,L3,H1,L3
H3,M1,H3,L2,L3
L2,L1,H2,H2,H2
L3,L2,L1,BN,L1
GL,L3,L2,L2,L3
L3,H1,L2,H2,L3
H2,L1,L1,H2,H3
L1,L1,L3,L3,M1
L1,L3,L2,L3,M1
L2,L2,L3,L2,L3
M1,L3,H1,L1,L2
H3,H3,H2,L3,M1
L2,L1,M1,L2,L1
L2,M1,L2,L3,L1
L2,L3,H1,H1,H1
L3,L2,L3,L2,L3
L2,L3,L3,L1,BN
BN,L2,L3,L1,H2
L3,L2,L2,H3,L3
M1,H2,L1,L1,M1
L2,L1,M1,L1,L1
L1,L2,H1,L1,H3
L2,L1,H3,H2,H2
L1,L2,M1,L3,L3
L2,H3,M1,L2,L1
M1,L3,L2,M1,M1
L3,L3,H2,L1,H3
L1,L2,M1,L2,L3
M1,L2,L1,L2,L2
L3,H3,L3,L1,M1
L3,L2,L3,L2,L3
H3,L2,L1,H2,H1
L3,L3,H2,L3,H3
H2,L3,M1,L1,GL
L1,H2,H3,L2,H2
L2,L1,M1,H3,L2
H3,L3,M1,H1,L2
L1,H3,H2,H2,H1
L1,H1,H3,M1,L3
L3,H1,L2,L1,L3
M1,L3,L2,L3,H2
L3,L3,L1,L3,L3
L2,H1,M1,L3,H2
L1,L1,M1,L3,H2
L2,L3,L3,L2,L3
L3,M1,L3,H3,L3
L3,L1,L3,BN,BN
H3,L1,L2,M1,M1
L3,L3,H2,H2,H3
H2,L3,L3,L2,L3
L2,L3,H1,M1,L1
H2,L2,H3,L2,L3
H1,L2,L2,BN,L3
H3,L1,L2,H2,L1
H3,BN,H3,L1,L3
L2,L1,L3,L2,L1
L3,H2,M1,L2,M1
H2,L2,L1,L1,L2
L2,L1,H2,L2,M1
M1,L2,H1,L2,H1
L1,M1,L1,L2,H3
H3,L3,H2,L3,H3
H1,L3,L3,L1,H1
L2,L3,H2,L3,H3
M1,H3,H3,L2,L3
H2,H1,L3,L2,L1
L2,L2,L3,L2,H2
L2,L2,L3,L3,L1
L3,L2,L3,BN,L3
L2,L1,H3,L2,L1
H3,H2,L2,L2,L2
L3,L3,L2,L3,H1
H3,L3,M1,L3,M1
H2,L1,L3,L2,L1
L3,L2,L2,L2,L2
L3,L2,L1,L3,L3
L1,H3,H3,L2,L3
H3,L3,L3,M1,L2
L1,L3,L3,L2,L1
L3,L1,L2,L1,L3
H3,M1,L3,L2,H1
L2,L2,L1,M1,L3
L3,M1,H2,L1,L2
L3,BN,L1,M1,L1
L1,M1,H2,L2,H3
BN,M1,L1,H1,L2
L3,L1,L1,L2,H3
M1,M1,H3,L1,M1
L3,L3,L3,H2,L3
L3,L3,L2,M1,H1
L3,L3,GL,L1,L2
M1,L2,H3,L3,L2
M1,L2,L3,H3,M1
L3,H2,H2,L3,L3
L2,M1,H2,L2,L3
L3,L1,L2,L1,M1
L1,H2,M1,L3,H2
M1,L2,L1,H3,H1
H3,L3,L3,L2,L2
L3,M1,H2,H2,L3
L3,H3,L2,H2,L1
M1,H1,M1,M1,L2
H3,H1,L3,L3,L2
L3,L1,BN,L1,L1
L2,L1,H2,H2,L1
L3,L1,M1,L3,L2
L2,L2,L2,L1,H2
L2,L1,L3,L1,L1
L3,L3,M1,L1,L1
M1,H1,L3,H2,H2
L2,M1,H1,L2,BN
L3,L3,L1,L3,L2
L2,H1,L3,L1,L2
H3,L2,L3,H1,L1
M1,BN,H2,H3,L2
L2,L1,M1,M1,L1
H2,L3,L3,L3,M1
M1,H1,L3,L2,H2
L3,L1,L2,L2,L3
L3,L3,L2,L2,L3
L2,L3,L2,L1,H2
L1,L2,L1,L1,H2
M1,M1,BN,L2,L2
M1,H1,L2,L3,H2
BN,L1,L2,L2,L1
L3,L3,L3,M1,L1
L2,L2,L2,BN,BN
L3,L3,L3,H2,M1
L3,L1,L1,H3,H2
L1,H1,H2,H1,L2
M1,L1,H3,L2,M1
M1,L2,L2,L2,L1
L1,M1,L3,L2,M1
H2,H3,L2,L1,L1
M1,L3,L2,H2,L2
H3,L3,L1,L3,L1
H3,L3,L1,L1,L2
L3,L2,L3,L1,L3
L2,H3,H1,H3,H3
M1,L2,L2,L2,L3
L3,H3,L3,H2,M1
L3,L1,H3,M1,H2
BN,BN,L3,M1,L3
M1,L2,H2,L3,L3
L1,M1,H3,L1,L2
L2,L3,L1,L2,L3
H3,L2,H3,L2,L3
L3,L2,L3,L3,L3
L3,L1,BN,L2,L2
M1,L2,L1,L3,L3
L2,L3,L2,L1,L1
L3,M1,L1,L1,L3
M1,L2,L3,L2,L2
L1,L2,L3,H3,L3
BN,L2,H3,BN,L1
L2,L2,H1,L3,L2
H3,L2,H3,H1,M1
L2,L3,L1,L2,L1
L2,L2,H3,M1,L2
L2,L1,L2,M1,L3
L2,L1,L3,L3,L3
L3,H3,H3,L2,L2
L2,L3,L1,L3,L3
L1,L1,L3,L2,L2
L2,M1,H1,L3,L2
L1,L1,H3,L2,L3
L1,L2,L1,L3,L3
L2,H1,L2,M1,GL
H1,H3,L3,L3,L2
BN,M1,L3,L3,L3
H2,H3,L2,L3,M1
L1,M1,M1,H1,L2
L2,L3,M1,M1,M1
M1,L1,H3,L2,L2
L2,L1,L1,L3,L2
L3,L1,M1,H3,H2
M1,L2,L2,M1,M1
M1,L2,L3,L3,L3
L1,L2,L2,H3,L1
H2,L3,L2,M1,M1
L2,L3,L1,H3,L1
H2,L3,L3,L1,L2
L3,L3,H2,L2,L1
L3,L3,L3,L3,L2
H2,L1,M1,L3,M1
M1,H2,L3,M1,L1
L3,L3,L1,L3,L2
L3,L3,L1,L1,L1
H3,BN,L2,L2,H3
M1,L3,H2,H2,L1
H1,L3,H2,H3,GL
M1,L3,L2,M1,L2
L2,L3,H3,L3,L3
L1,M1,M1,L3,L3
H3,L3,L3,H3,L3
L2,L3,L2,L2,L1
L3,M1,L1,L3,L3
BN,L3,H1,L1,L2
L1,L1,L3,L1,M1
L3,H2,L3,L1,L1
L2,M1,M1,H1,L2
H3,L3,L2,L1,H1
L1,L1,M1,L3,L1
L1,BN,L3,L2,L1
M1,M1,H2,L3,H1
H3,L3,M1,H1,L1
M1,H1,L3,H2,L3
L3,L1,M1,L2,GL
H2,M1,M1,L3,L2
L2,L1,L1,L1,M1
L2,L1,L3,L2,M1
L1,L2,L2,L2,L3
L3,H3,L1,M1,L2
L2,H3,H2,L3,L3
L2,L1,L2,L2,L1
L1,L1,H2,L3,L2
L3,L3,H3,M1,L2
L1,BN,H3,L1,L2
BN,L3,L3,H3,H3
L1,L3,L1,L1,L1
L1,L2,L3,M1,H1
M1,H3,L2,H3,L3
L3,L3,M1,L2,H1
H2,M1,L3,L1,M1
L1,H3,L3,L3,L3
L1,GL,M1,H2,M1
L2,BN,L1,L1,L2
L1,H1,M1,L1,BN
BN,L2,L1,L3,L3
L3,L3,M1,L1,H2
M1,L3,L1,L1,L2
L1,L3,H3,L3,L3
L2,L2,L3,L3,M1
M1,L3,L2,M1,L3
H3,L3,L3,L1,L3
L1,H3,L3,L3,H2
H3,L2,L2,H2,M1
L1,L3,L3,H2,H1
M1,H2,H3,L2,L2
H3,BN,H3,L2,H2
L3,M1,L2,L3,L3
L3,H1,L2,BN,BN
H2,H1,H3,L1,L3
L1,L3,L3,L1,L1
H3,L2,L1,M1,L1
M1,M1,L2,L2,L2
L3,L3,L3,M1,L3
H1,L1,L3,H3,H2
L1,H3,M1,L2,L1
H1,L1,L3,L3,H2
L3,H1,L3,L3,L2
GL,L2,L1,M1,L3
L2,L3,L3,L2,H1
L1,L1,L2,L3,L2
H3,M1,L2,L1,BN
L1,L1,M1,M1,L1
H1,L3,L3,L2,H1
M1,M1,L2,H1,H2
M1,L1,M1,L1,L1
L2,L2,L2,L2,L2
L3,L2,M1,L2,L2
L3,L1,H3,L3,L3
L2,H1,L3,BN,L3
L3,L2,H1,L1,H3
L2,M1,L2,M1,L3
H3,L2,L2,L2,L2
L3,H3,L1,L2,L2
M1,L3,L1,L2,L2
L2,L3,L1,L2,L1
L2,L1,L2,H2,L2
L3,H3,H3,L3,H1
L1,L2,H3,H3,L1
M1,L2,L2,L3,M1
L1,H3,L2,L2,H3
H3,L1,L1,L3,M1
L2,L1,M1,H2,BN
L1,H3,L1,L1,H1
L2,L2,L1,L1,L1
L3,L1,H3,L1,M1
M1,L3,L1,M1,L3
M1,L2,L3,M1,L3
H3,L2,H1,L2,L1
H3,L2,L2,L1,L1
H3,L2,L1,L2,M1
H2,L3,L1,L3,H3
L3,L3,L1,L2,M1
L1,L3,L3,M1,H2
H3,L2,M1,H3,M1
H3,M1,H2,L1,H3
L2,L2,L3,L1,L3
H3,H3,L1,L1,L2
L3,L2,H1,H2,L2
L1,L1,L1,H3,L2
L3,L3,M1,M1,M1
L1,L3,L3,H3,L3
BN,L2,L1,GL,M1
L1,M1,L3,M1,L2
L2,L2,L2,L1,L3
L3,M1,L2,BN,L1
L1,L3,L1,L3,L3
L1,L2,M1,M1,L1
L2,L3,H3,L1,M1
L2,L1,L3,L2,L1
L2,L2,L2,L3,L2
L1,L1,L3,L1,L3
L2,L1,L3,L1,L3
BN,M1,M1,H3,L1
H3,L3,H2,L3,H3
L1,L3,M1,L3,H1
L1,M1,L2,L2,L2
L2,M1,L1,M1,L3
L1,L2,L3,L3,L2
L2,L2,M1,H1,L2
L2,M1,L3,M1,L1
H1,M1,L2,L2,L3
L3,H1,L3,L1,L2
L2,L1,H2,L2,L1
L3,M1,L3,L1,L3
L1,L2,L1,L2,L1
L2,L3,BN,L1,L2
L3,L3,L3,L2,L3
L2,H2,H1,L3,H1
L2,L3,L3,L1,L3
H3,M1,L3,L3,L1
H2,L3,L1,GL,L3
M1,L2,H1,M1,L1
M1,M1,M1,L3,L3
L2,L1,L3,L1,L2
L2,H3,M1,H2,M1
L3,L2,H1,M1,H1
L3,L2,L1,L2,M1
H3,H2,H1,L3,L2
M1,L3,L1,L1,H2
H2,L2,H2,H1,H1
L2,L3,H2,L3,L1
L2,L2,H2,M1,L1
L3,L3,H2,L1,L1
M1,H2,H1,H3,L2
H2,L3,L2,L1,M1
M1,L2,L3,L3,L1
L1,L2,L1,L2,H2
L2,H3,H3,L2,L1
H3,L2,L3,H2,L3
L2,M1,L2,L1,L3
L1,L3,L1,L2,M1
L3,L2,H1,L3,L1
L2,L1,M1,L3,L3
L1,L2,L2,H2,L1
L3,L3,L3,L1,M1
H3,M1,L3,H3,L3
L1,L3,L2,L1,M1
L2,L1,L2,L1,H2
L3,L2,H3,L1,L2
L3,L2,L2,L1,L1
L2,L2,L3,L3,BN
L2,H2,L1,H2,L3
M1,H2,H1,L1,L3
L2,L1,L1,L3,M1
M1,M1,L2,H2,L3
L3,L3,M1,L3,L1
L3,L3,BN,L2,L2
L2,L2,L3,L3,H1
L3,L2,L3,H2,L2
L3,L3,L2,L2,L2
L3,L2,L3,L3,L2
L1,H3,L2,L2,L1
L2,L2,L2,L3,M1
L3,L3,H2,L3,L2
L3,L3,L2,M1,L3
H3,L2,M1,L1,M1
L1,H2,L1,H1,H2
H2,L2,L1,H1,L1
H2,L1,L1,L2,L1
L1,L3,L3,L3,L1
L3,L2,M1,H3,L3
M1,L3,H3,M1,BN
L2,L3,L2,L2,L2
L3,M1,L2,L3,H3
L2,M1,L2,M1,L3
M1,M1,H3,L2,L1
L3,L3,H2,M1,L2
L3,H3,M1,L3,M1
H2,GL,H1,M1,H3
L1,M1,L1,L3,H1
L3,L2,L3,L2,M1
L3,L3,L1,L3,L3
L1,H2,L3,L3,L3
L1,M1,L3,L1,L2
L3,L1,L2,M1,L3
M1,BN,M1,L3,GL
L2,L1,L2,L1,M1
H1,H1,H1,H1,L1
H1,L2,H1,L3,L3
L1,H1,L1,H1,L1
BN,L3,M1,M1,L2
L2,L1,H2,M1,BN
L2,L1,M1,L3,H3
L2,H3,H2,H2,L1
M1,L3,L3,M1,L2
L3,L3,M1,L2,L1
H3,L1,L1,L1,M1
L2,M1,L1,M1,L3
BN,H3,L3,L2,L1
L1,L2,H2,H2,L2
H2,L2,H3,L3,L2
M1,L1,M1,H3,L2
L2,L3,H1,L1,H3
L1,M1,L2,L2,L3
M1,L1,L2,M1,L3
M1,L2,L3,M1,M1
H2,L2,L2,BN,L1
H1,L3,L2,L3,L1
L2,L3,L1,L1,H3
L1,L1,M1,L2,H1
M1,L2,L2,H3,L2
L1,L2,H2,L3,M1
L2,L3,M1,L2,L2
L3,L3,L3,L3,M1
L3,H1,L1,L3,L2
L3,L2,L2,L1,L2
L1,L2,H2,L1,H3
L3,L3,L1,H3,L2
M1,L1,L2,L3,H2
L2,L2,L1,H1,L2
L2,L1,L3,H3,L1
H1,L3,L2,L2,L2
L2,L3,L2,L1,L1
BN,L1,H1,M1,H1
L2,L1,M1,L1,L2
M1,M1,L2,L1,H2
L3,L1,L1,L3,H3
L2,L3,L3,M1,L1
L3,L1,L1,L1,L3
L2,H3,L1,H2,L1
L3,H1,M1,H1,L3
L3,L2,L2,L1,L3
L2,L3,L3,L1,L3
L1,H2,L1,L2,M1
L1,M1,L2,M1,L3
BN,L1,L2,M1,H1
L3,L2,L2,L1,L3
L1,BN,H3,L2,H3
L3,H1,L1,L3,H3
L3,L2,L3,L3,L3
L2,L2,H3,L1,M1
M1,H3,L2,L3,L2
H1,H2,H3,L2,L3
L3,H3,M1,L3,L1
L2,L1,L1,L2,L1
L2,L1,BN,L2,L3
L2,L2,L2,L1,H2
L1,L1,L3,M1,M1
H3,L2,L2,M1,H2
M1,L2,L3,L2,L3
L2,L1,L1,L3,L3
L3,L3,L2,L2,L3
L3,H2,L3,H2,L3
L3,L1,H3,M1,L2
L3,L3,L1,L1,L3
H1,L3,H2,GL,L1
BN,M1,L2,L1,M1
L1,L3,L1,L1,L2
H1,L1,L1,M1,L3
L2,L3,L1,L1,H3
M1,L3,M1,L2,L2
H3,L1,H3,L3,L1
L1,L2,L3,L2,M1
L2,L2,L3,H2,L3
L2,L1,L2,M1,L3
M1,L3,L2,M1,M1
L3,BN,L1,L1,L2
L3,H1,M1,L1,M1
L2,L1,H3,H3,H3
L2,L2,M1,L3,L2
L3,H3,H1,BN,L1
H2,M1,H3,L3,L1
H3,H1,L2,L2,M1
L2,M1,L2,H2,L3
L3,L2,L1,L1,L1
H3,L2,L3,L2,L3
L3,H2,M1,L2,L2
L1,L1,L2,L1,L3
L1,L1,L2,L1,L1
L1,M1,L2,L1,L1
H3,L3,L3,M1,L3
L1,L1,L2,L3,M1
L1,L1,L1,L1,L3
L3,L1,M1,L3,L2
H1,BN,M1,L1,H2
L2,L3,H3,L3,L2
L3,L3,L3,L2,H3
L1,L3,M1,M1,M1
L3,M1,M1,L3,M1
L1,H3,BN,L3,H3
L3,L3,H3,L1,L2
H2,L3,L3,L1,L3
L2,L1,L2,H2,H2
L3,H1,M1,L1,L1
L2,L3,M1,H3,H3
L3,L3,M1,L1,L2
L3,L2,L2,L2,L3
L1,L3,L3,L3,L2
L1,L2,L3,L3,M1
L2,L3,H1,H1,L1
L1,L3,L3,M1,L2
L2,L2,L1,L2,L2
L1,L1,L2,L2,L1
L1,L3,L2,H2,L3
L2,L3,M1,H3,L2
L1,L3,L2,H1,L2
L2,H1,H1,L2,L3
L1,H1,L3,L3,H1
L3,L3,L3,L2,H2
L1,L3,L3,L2,H1
L3,H3,H1,L1,L2
H2,L2,L3,BN,L3
L1,L1,H3,H2,L3
L3,L2,L3,H2,L1
L2,L2,L2,L2,L3
L2,L1,L3,L3,L3
L3,H2,H3,L3,L1
H1,M1,L2,L3,L3
H2,H2,M1,L3,M1
L2,L2,L2,L2,L2
L2,L1,H3,L2,H3
L2,H2,L1,L1,L1
L2,L3,M1,L1,L3
L1,L2,L2,L2,L1
H2,L1,L2,M1,L3
L1,L2,L2,L3,H3
L3,H2,L3,L2,L2
L2,L3,H2,L1,L3
M1,L3,M1,L1,M1
M1,L2,L3,L2,L3
M1,M1,L2,L1,M1
L1,M1,L3,L3,L3
M1,M1,H1,L2,L1
L2,L3,L1,M1,L3
L2,L3,L3,H2,H3
M1,L3,L3,M1,L3
M1,L3,H1,H3,L2
L3,M1,H3,L1,L1
L2,L3,L1,L3,L1
L2,L2,L1,H1,H3
H2,H2,L3,H3,L1
L3,L3,L1,L1,L2
L3,H2,H2,L1,L1
L1,L1,H3,H1,L3
L2,L1,L2,L2,L1
L2,L3,L3,L3,L1
L2,H2,L3,M1,M1
L1,H2,L1,M1,L1
L3,L2,L1,L2,L3
L2,L3,L1,L3,L1
H3,L3,M1,L3,L2
L2,L2,L3,L3,L3
L1,BN,H2,H3,L2
L1,H1,L3,L2,L1
L3,L1,L3,L2,L1
L2,H1,L1,H2,L2
L3,L2,M1,L3,L1
M1,L3,BN,H2,L3
L1,M1,L3,L2,H2
L1,L2,L3,L2,H2
L1,M1,L2,H2,L1
L1,L2,L3,M1,L3
L1,M1,L1,L3,L1
L2,H2,L3,L3,M1
H3,L3,BN,L2,H3
M1,L1,L3,L3,L2
M1,L3,L1,M1,L2
L1,BN,L2,L2,L1
L3,H3,H3,L3,L2
L3,L2,M1,L2,L3
L2,L1,M1,M1,L3
L3,H1,L2,L2,L3
L1,H1,L3,H3,L3
L1,L3,H3,L2,L2
H2,L1,L3,L2,H2
M1,M1,L1,L3,L3
M1,L3,M1,L2,H3
L3,BN,L1,H1,L2
M1,L3,L1,L2,M1
L2,L1,H3,L1,L2
L3,H3,M1,L1,M1
L3,M1,H2,L1,H1
L2,L3,L1,H2,M1
L2,H3,L2,H2,H3
L1,M1,L3,L2,BN
BN,L2,L2,L3,L2
H3,L3,L3,L3,L2
L2,L2,L2,L3,L2
L1,L3,H3,L2,L3
L2,H1,L1,L2,H2
H3,L2,L3,L2,M1
M1,L3,H2,L3,L1
L1,L3,H3,L2,M1
L3,H1,H2,H3,M1
L2,L2,H3,L1,L3
L2,L2,M1,L3,L2
H3,L2,H2,H2,M1
M1,M1,L1,L1,L2
L1,L1,L2,L2,L2
L3,L1,L3,L3,H3
L2,L1,L1,L1,M1
BN,H3,H2,L1,L1
H3,L3,M1,M1,L2
H3,L2,L3,L3,L1
H3,H1,L3,L2,M1
L3,L2,H2,L3,M1
L2,L2,L3,L1,L3
L2,H2,M1,L2,M1
M1,L2,L2,H3,M1
M1,L3,L3,L2,L1
L3,L1,L1,M1,L2
L3,L2,BN,H1,L3
L1,L2,H3,H3,H2
L1,L1,H3,L1,L3
L2,M1,M1,H2,BN
M1,H3,L3,L2,L2
L3,L2,L2,L3,L1
H2,H1,L3,L3,L3
L3,H3,L3,L2,L3
H1,H3,L1,L3,L2
H2,L1,L2,H2,L1
L1,H3,H3,L2,M1
H3,L3,L2,L2,L1
L2,L3,H3,L2,L2
L3,M1,L1,L2,H3
L3,L1,L2,L1,L3
L3,M1,M1,M1,L1
L1,L2,L3,L2,L3
L3,M1,L2,L3,H2
L2,H1,H1,L1,L3
L1,L1,L1,L3,L3
M1,L1,H3,L1,H1
H2,H2,L3,L1,M1
L1,L1,L3,L2,L3
L1,L2,L1,L1,H3
L1,L1,H1,H2,M1
L2,L2,L3,BN,H3
M1,L2,L2,L2,L3
L2,M1,L2,H3,H1
L2,L3,L3,M1,L1
L2,L3,L2,L3,L2
M1,L1,L1,L3,L1
BN,L1,L3,M1,H2
L1,L3,L3,L2,H2
H2,L1,L2,L1,L1
H2,L2,L2,L2,L2
M1,L2,H3,L1,L3
L1,H3,M1,L2,L2
M1,L2,L3,L2,L1
H3,L2,L2,L1,L3
L3,L2,H2,L3,H1
H2,M1,L2,L2,L3
H3,L2,L1,L3,L3
L2,L1,H3,L3,L1
L3,L3,L3,L3,L1
L1,H3,M1,H3,L2
L2,L3,L3,L3,L1
L1,L2,M1,L1,L1
L1,L2,L1,H3,L3
L1,L3,H3,L1,L2
H3,H3,L2,L3,L2
L1,L2,L3,L2,L3
L1,H1,L1,L3,L2
L3,M1,BN,L2,L2
L3,H3,L3,L1,L2
M1,L1,L1,L3,L3
L3,M1,L3,L1,L1
L1,H3,H1,L3,M1
M1,L1,L3,L3,L1
H1,H2,M1,M1,L3
L1,H3,L3,BN,L1
L2,L3,L2,M1,L1
H3,L1,H3,L2,H1
L1,L3,M1,L3,L1
L1,L2,L2,L3,L1
H3,L2,L3,L2,L1
L1,H2,L3,L1,L3
L2,L2,L3,L1,L2
L2,L2,L1,L3,L1
L2,L3,L3,L3,H3
H1,L1,L1,H1,L2
M1,M1,M1,H2,M1
L1,L1,H3,L2,L2
H2,BN,L2,L3,L2
L2,L3,L1,L1,L1
M1,L1,L2,M1,L3
L2,M1,L2,L2,L1
L3,H3,L1,L2,L1
L2,M1,M1,L3,L1
H3,L3,H2,L3,L3
L3,M1,L1,L2,L2
L3,L2,L3,L3,L3
H2,L2,L3,H3,L3
L2,H1,L3,L3,M1
H3,H2,L3,L3,H3
L3,H2,L1,H3,L3
L2,H2,H3,L3,L1
H2,L1,L2,L2,L3
L1,L1,L1,L3,L1
L3,L2,L1,H2,L2
L1,M1,L3,M1,M1
L2,L1,L3,H1,L1
H3,L3,L2,L2,L2
L2,H3,L2,L1,L2
L3,L3,L2,L2,M1
L3,L2,L1,M1,L3
M1,BN,L1,L1,H1
H2,H2,L3,L3,L3
L1,L1,H1,H3,L3
L1,L1,L1,H2,L3
H3,M1,M1,L3,H3
H1,L1,L2,L2,L2
H2,H2,L3,L3,L3
H3,L2,L3,L2,L1
L1,L3,L3,L3,L3
L3,H3,M1,L3,L1
L1,H3,L3,M1,L2
H3,M1,M1,L2,M1
L1,L2,BN,L2,L1
M1,L2,H3,BN,L3
L3,L3,H3,L2,L2
L1,L1,L1,H1,L2
L3,L3,M1,M1,L3
L3,L2,L2,L2,L3
L2,L3,L3,L3,L1
L2,L2,L1,L2,M1
L1,H3,L3,BN,L1
L2,L1,L3,H2,L2
M1,L3,L1,L2,M1
L3,L2,GL,H2,H3
L1,L2,H2,L3,L3
H2,L1,L1,L3,L3
L3,H1,H2,L1,H3
L3,M1,L3,L2,L1
L2,H2,L3,L1,H2
M1,L2,L2,L1,M1
L1,H1,L2,L1,L3
H3,H1,L2,L3,L2
L3,L2,H2,L2,L1
L1,L3,L2,L3,L3
L2,H3,L3,L1,M1
M1,H1,M1,L1,L1
L2,M1,BN,M1,H3
L3,H3,L2,L1,L3
L2,M1,L2,H1,L2
L3,L2,L3,L3,L1
H2,M1,L1,M1,L3
L3,L2,L2,L3,L3
M1,L1,L3,H3,H2
L3,L3,L2,L1,H1
H3,H2,L1,L3,L3
M1,H2,L3,H3,M1
L3,H3,L2,H2,L3
M1,L2,M1,L1,L2
L3,L3,H3,H3,L1
L3,H2,L3,L1,L1
L3,L1,L1,H2,L3
L2,M1,M1,M1,L1
H3,L1,H1,L2,L1
M1,M1,H1,BN,H1
H2,L1,M1,H3,L1
M1,L1,H1,H1,M1
L2,M1,H2,L3,L2
L2,L1,L3,L1,H3
L3,L2,L1,L3,L2
L1,H2,L3,L3,H3
L3,M1,M1,L1,L3
L2,L2,L1,L1,L3
L1,M1,L1,H3,L3
L3,M1,L1,M1,L1
L2,H3,L3,L3,L3
M1,BN,L3,L2,L3
L3,L2,M1,L3,L3
M1,M1,L1,L3,L3
M1,H2,L2,L1,L3
H1,L3,M1,BN,L1
L3,L1,L2,L1,BN
H2,L3,H2,M1,L3
L1,H3,H2,H1,H2
L1,L2,H3,L3,L1
L2,L1,L2,L3,L3
L2,M1,M1,H2,M1
H1,L3,L3,L3,L1
L2,L3,H3,L1,H2
L3,L2,L1,L3,H3
M1,L2,L2,L3,L3
L3,M1,L1,BN,H3
L3,L2,H3,M1,L2
L1,BN,L1,L3,L1
H2,L3,L2,H2,L3
L3,L2,L1,L1,L2
L2,M1,L3,L3,L2
L3,H1,H1,H1,BN
M1,L3,L2,L2,L2
L2,L3,L2,L1,L3
L1,L2,M1,L2,L3
L1,L2,L3,L2,L3
L3,L3,L1,L3,L3
H2,L3,M1,L3,L3
L3,L1,L1,M1,L3
L3,H3,L3,L2,L1
M1,L2,L1,L2,L2
H2,M1,L2,L2,M1
H3,H2,L3,L2,H3
L2,L3,L2,L2,L2
M1,L3,L2,H1,L2
L2,L2,L3,L3,L1
L3,L2,L3,H3,H2
L2,BN,L1,L2,L1
H3,L3,L1,M1,L2
H3,L3,L2,L3,L1
L1,M1,L2,L2,L3
H3,L2,L1,H2,M1
L1,L3,L3,H3,L2
M1,H3,H3,L2,BN
L2,L3,BN,L3,H2
H2,L2,L3,L1,L3
L2,H1,L2,L1,M1
L2,L1,L2,L2,L2
M1,M1,L3,L3,L3
L3,L3,L3,H3,L3
L3,L2,L2,L2,L3
L3,L2,L2,L2,H1
L3,L3,L3,M1,H3
L2,L3,L2,L2,M1
M1,L2,M1,L1,L2
H2,L2,L3,M1,BN
M1,H3,M1,L3,L3
L2,L1,L2,L2,L1
L1,L1,H3,L2,H3
L3,L1,H1,H3,L1
L3,L3,L1,L3,L3
L1,M1,L2,L2,M1
L3,L3,H1,L3,L3
L3,L3,L1,H2,L1
L3,L2,H1,H3,L1
L2,M1,M1,H1,L1
L3,L3,L1,M1,L3
L1,H2,H1,L3,L3
L3,L1,L3,L2,L3
L2,M1,M1,M1,L3
M1,L2,L3,H2,L1
H3,H1,L1,L3,L2
L1,L1,L2,H3,L1
H3,H2,L3,M1,L2
L3,L2,M1,L1,L1
L2,BN,L2,M1,L3
M1,H2,L2,M1,L2
L3,H2,L1,H1,H1
BN,L3,L1,H3,L3
L3,L1,L1,L2,L1
L3,L1,L2,M1,L2
M1,L3,L1,L3,L1
L3,M1,H2,L3,L2
L2,L3,H3,L1,M1
L3,H3,H3,M1,H1
H1,L3,L1,L3,M1
H3,L1,L2,L2,L3
H2,M1,L3,BN,H3
M1,L3,L3,L3,H2
H1,L1,L2,L3,L3
L2,L1,L3,L2,L3
L2,L3,L1,H3,H2
L2,L1,L1,L3,H3
L2,L2,L3,M1,BN
H1,M1,H3,L3,L2
M1,L1,L3,BN,L3
M1,H3,H3,H3,H3
L1,M1,L3,H3,L2
H3,L3,H2,H1,L2
BN,L2,L2,H1,L2
L2,L2,L2,L2,M1
L1,L3,L2,L2,H1
H3,L2,L2,L1,L2
H3,L2,M1,H3,L2
L1,L1,M1,L1,M1
L2,H3,L2,H2,H2
H3,L1,H2,M1,L1
L3,L1,BN,L2,L1
L1,L1,L2,L2,M1
M1,M1,H1,L2,L1
H2,H2,L3,M1,H3
L1,L1,L3,L2,L1
L2,L1,L1,M1,M1
L3,L1,L3,L3,L3
L3,L3,L1,L1,L1
L2,H2,M1,L3,M1
H1,L1,L1,L3,L3
L1,L3,L1,H3,L3
L3,L1,L3,H3,L2
M1,L3,H3,L2,L2
L1,H2,H3,M1,L3
H3,M1,L1,L2,L2
L2,L3,L3,L1,L2
L1,L3,L1,L2,L2
L2,L3,H1,H2,L3
L2,M1,M1,M1,H1
L1,BN,L1,L2,L3
L3,M1,L3,L1,L1
L3,L3,L2,L3,L1
L3,M1,M1,L3,H3
L2,L2,L1,L3,L3
L1,L1,L2,H2,H3
L1,M1,H3,L2,L2
L1,M1,L1,L2,H2
L3,L2,L3,L3,L2
L3,L3,M1,H3,M1
L3,L3,L2,L2,L3
L2,L1,L1,L2,L1
L1,L3,L2,L1,H2
L2,L3,L3,L1,L3
H3,L3,L1,L1,L2
H3,H1,H2,L3,L3
L3,L3,M1,L2,L2
L2,L1,L3,L2,L3
L3,L2,M1,L1,L2
L2,L2,H2,L3,L3
L3,H3,H2,H1,L2
M1,H3,L1,L2,L3
L1,H1,H3,L2,M1
L1,H2,L1,L3,L1
L3,L2,L3,L2,H3
H2,L3,L2,M1,L1
L3,H3,L3,M1,M1
H1,L2,L3,M1,M1
M1,L1,H1,L3,L2
L2,L1,L1,L1,M1
L3,L2,H3,H3,L2
L2,L1,L1,H1,H3
L1,H2,L3,L2,L3
L1,M1,L1,L2,M1
L3,L3,M1,H1,H3
L3,L3,M1,L2,M1
L3,L2,L3,L3,H2
L1,L3,L2,L2,H3
M1,L2,H2,L3,L2
L2,L1,L1,L1,L1
H3,L3,M1,M1,L3
M1,H1,L1,L2,M1
H3,L1,L3,L1,L3
L2,L3,M1,L2,L2
L2,L3,H3,L1,H2
L1,L2,L3,L3,L3
L2,L2,H2,L2,L1
H1,H3,L2,L3,L3
L3,L3,M1,L2,L1
M1,L1,H3,L3,L2
L3,L2,L2,BN,H1
L3,H3,H2,H2,M1
M1,M1,H3,H3,L2
L2,L2,L3,L1,L2
L1,H2,L3,L1,L1
L3,L3,L2,L1,M1
BN,M1,H3,L1,BN
L2,M1,L2,L1,L1
H1,M1,L1,L3,L2
L1,L1,L3,L3,L1
L2,H3,H3,H3,H1
L3,M1,L2,L2,H3
H3,H3,L2,M1,L2
L3,L2,L2,L2,M1
L3,L2,L1,L3,L1
L2,M1,M1,L2,L2
L1,L2,L1,H2,H2
L2,L1,M1,L1,L2
L2,L2,M1,H2,L3
L3,L2,H3,L3,L1
L2,L3,H2,L3,L3
L3,L3,L2,L3,L1
L3,L2,L3,L1,M1
L3,L3,L3,L3,L3
L3,L1,L2,M1,H3
M1,L1,L2,L1,L2
L3,L1,H3,M1,L1
L2,L3,L2,M1,L2
L1,L2,L2,L3,L2
L1,L3,L3,H3,L1
L2,H3,L2,L2,M1
L3,M1,L2,H2,M1
L1,H3,H3,H2,L1
L3,H3,L1,L2,H3
L3,M1,L2,M1,L3
L3,L2,L1,L2,L1
H2,L1,M1,H1,H1
L1,H3,H2,H2,L2
L1,L2,L3,L1,L3
L1,L1,BN,L2,L3
L3,L2,H3,L1,L3
L3,M1,L3,L3,H3
H1,L3,L1,L1,H1
L2,H1,L3,L2,L1
L2,M1,L3,H2,L1
H2,L1,L3,L2,L2
L1,L2,L1,M1,BN
L1,L1,L3,L3,M1
L2,H3,L2,L3,L2
L3,L1,L1,L3,L3
M1,H3,M1,L3,L2
L1,L2,L1,L2,L3
L2,M1,M1,H2,L1
H1,M1,L3,L3,H3
L3,L1,H3,L2,L2
L2,H3,L2,H3,L3
H3,L1,L1,L2,M1
L2,L1,L2,M1,L1
L1,L3,H2,L3,M1
H1,H3,M1,L3,L1
H2,M1,L1,L3,L2
L2,L3,L2,L3,L1
H2,L1,L2,M1,L3
L1,L1,L3,M1,M1
L1,L3,H2,H1,L1
L1,L2,M1,M1,L2
M1,L3,BN,L3,H3
L3,L2,L3,H3,L3
L1,L3,L2,L3,H3
L1,L1,L1,L1,H3
L2,BN,L3,L3,H3
L1,M1,L1,L3,L1
H1,L3,H1,L2,H3
L2,H1,L3,L1,M1
BN,L1,L2,L2,H2
L1,L3,L2,L2,L3
L2,L3,H1,L3,L1
L2,L3,L3,H1,M1
L2,L2,L2,L2,L1
M1,BN,BN,L3,L3
H2,L3,L1,H2,H1
H1,L2,L2,L3,H2
L1,H3,L3,L3,H3
L1,M1,M1,L2,L1
H2,M1,M1,H2,H2
L3,L1,BN,H3,L2
L2,L2,L3,M1,M1
L3,H2,L3,L3,L1
L2,M1,L3,H2,M1
L2,L2,L3,L2,H1
L1,L3,M1,L1,H1
M1,L3,M1,L2,H3
L1,M1,L2,M1,H3
L2,L2,L3,L1,L1
L3,M1,L1,L3,L3
L2,H1,L3,M1,L3
L2,L3,L3,L2,H1
L3,L2,L2,L3,M1
L1,L1,H2,L1,L1
H2,L1,L2,H3,M1
L2,L3,L1,L1,L1
H2,L1,L3,L3,L1
L1,L2,L1,H2,H2
M1,M1,L1,L3,L3
L3,L3,L2,L2,H3
L1,L1,H3,H1,L3
H3,H3,L3,L2,H1
L1,M1,L3,L1,M1
L2,L1,L1,L3,H2
L1,L1,L2,M1,L2
L1,BN,L3,L1,M1
M1,L2,L1,L3,L2
L2,L3,L3,L1,L3
L3,L2,H2,M1,L1
L3,L2,L2,L1,L3
L2,L1,H2,M1,L3
H2,L3,L1,H1,H3
M1,L3,L2,H2,L2
H3,L1,L1,L2,L1
L2,L1,L3,H3,L3
L2,H2,L3,L2,M1
L2,L3,M1,M1,L1
L2,M1,M1,L3,H2
H3,L3,M1,L1,H1
L1,L1,L2,L3,L1
L3,L2,L1,H1,M1
L2,L1,BN,L2,L2
L3,L3,L3,H3,H1
M1,L3,L2,L3,M1
L2,L2,L1,L2,L1
L3,L3,L3,L2,L2
L1,H2,L3,M1,L1
M1,BN,L3,M1,BN
L1,L2,M1,M1,M1
L1,L2,L1,L2,L3
L2,M1,M1,M1,L2
L3,H2,L1,L1,M1
L1,L2,L2,M1,L3
L2,L1,H1,L2,L2
L3,L3,M1,L1,H3
L3,L1,L1,L2,L2
H2,L2,L1,M1,L2
L2,L3,L2,H3,L2
L1,L3,M1,L3,H3
M1,L1,L3,L2,M1
L1,L2,L1,M1,L3
L3,L3,H3,L1,L1
L2,L3,L2,BN,H1
L1,L3,M1,L3,L1
L3,L3,L1,M1,BN
L1,BN,L3,L3,L2
L1,M1,H2,L1,L1
H3,M1,L2,M1,L3
L3,L3,M1,L3,L2
L1,H1,H2,L3,L2
H2,L2,H2,L1,H3
L3,L2,H2,H3,M1
M1,L1,M1,L3,H3
L2,L1,H3,M1,L2
L1,L2,L1,H2,BN
H2,L3,L1,L3,L1
M1,L1,L2,L2,L1
L2,L3,H2,L1,L3
L3,M1,H1,L1,L2
L1,H3,L2,L3,L3
L2,L1,L1,H1,L3
L3,H1,M1,H2,L1
H2,L3,L2,M1,L3
L1,L3,L3,L1,L2
L2,H1,H3,H3,L3
L1,L3,H3,H3,L1
L2,H2,L1,H2,L3
H3,H1,L2,L1,L3
BN,L1,M1,L2,L3
L3,M1,L2,M1,L1
H2,L1,L2,L2,L1
L2,H1,L2,L3,H3
L1,L3,L1,L3,L3
L3,L2,L3,L1,L3
L2,L1,L3,H2,H3
L3,L3,L3,L1,L3
L1,L1,H1,M1,L2
M1,M1,L3,L2,H2
H3,L2,H3,L2,L2
L3,L2,L2,H2,L1
L1,L3,L1,L2,L3
L3,H3,M1,M1,L3
L3,L2,L2,L1,BN
L1,H3,L3,L2,H1
L1,L2,H2,M1,L2
M1,L2,L3,M1,L2
H1,H3,L2,M1,L1
M1,L3,L3,M1,L1
H3,L3,L1,L1,L2
L2,L2,L1,L2,H1
L2,H3,M1,M1,L1
L1,L3,L2,L1,L3
H3,L1,BN,L1,M1
H2,M1,M1,M1,L1
H3,L2,M1,L1,L2
H3,L2,L2,L1,L1
H3,L2,L3,H3,L1
L3,H2,L3,L3,H3
L2,L1,L2,L3,L2
L2,H3,L2,L3,L2
L3,L1,M1,L1,L1
M1,H2,M1,L3,L1
L2,L2,H2,L1,L2
L3,BN,M1,L1,L2
H2,L3,L1,L2,L3
L1,H3,L3,L1,M1
L1,L2,L3,L2,H2
H3,M1,L1,L1,H2
L3,L2,L2,L3,L1
L3,L3,L3,L2,L3
L2,M1,L3,M1,H3
L2,H3,L3,L3,H2
L3,L2,L2,H2,L1
L3,L3,L2,L1,L1
M1,L2,L3,M1,L1
L3,L1,M1,H3,H3
L3,H2,L3,L3,H2
H2,L2,L1,L3,H2
L3,L2,L1,L3,M1
H2,L3,L3,H2,L2
L3,H3,L2,L3,M1
L2,M1,L3,L1,L2
H2,H3,H3,M1,L3
L2,L1,M1,H2,L1
L3,L1,L3,L2,M1
M1,M1,L3,H2,L3
L1,L1,BN,L3,L2
L2,L2,L2,L3,L3
L3,L2,H2,L3,M1
L2,L3,M1,H2,L1
M1,L2,L1,L3,L2
L3,BN,L2,H3,H1
L2,L1,L3,H3,L2
L3,L1,H3,M1,L1
L3,L3,L3,H2,L3
H2,L3,L1,H1,L3
L2,L3,L2,L3,L3
L1,L1,H3,L1,L1
L2,L1,L1,H1,L1
L1,L3,M1,L1,L2
L1,H2,L2,L3,L2
M1,L2,L3,L2,L3
L1,L3,L3,L2,L3
H3,BN,BN,L2,M1
H3,L3,L2,L1,H2
L1,L2,L3,L3,L2
L1,H2,H2,L3,BN
L1,M1,L2,L2,H1
L2,M1,L1,H1,L2
L3,L1,H3,L1,H3
H1,L2,H2,H3,L2
L2,L1,L2,L1,H1
M1,L1,L3,H3,L3
M1,M1,L2,L1,M1
M1,H1,L2,L2,M1
L3,H3,H1,M1,H3
L1,L1,H1,L3,M1
L2,M1,L3,L3,L2
H1,L3,L1,M1,L3
L3,L1,L3,L2,L1
L2,L2,M1,L3,L3
H1,L3,H3,L3,BN
L1,H3,M1,L3,L2
M1,H1,L3,L2,L3
H1,L1,M1,L3,L3
H1,BN,L2,L1,M1
H3,L2,H3,L3,L2
L3,L2,M1,L3,L3
L3,L1,L2,L2,H3
L1,L2,L3,L3,L3
M1,L3,L1,H3,L2
M1,L2,H3,L3,L1
M1,BN,L2,L2,M1
L1,L2,L1,H3,L3
L2,L1,M1,L3,L3
L2,L1,L2,L3,L2
L1,L1,L1,L2,L2
L1,H1,M1,L3,L1
L1,BN,H2,L1,L1
L1,L3,H3,L1,H2
L3,H2,H1,L3,L3
L1,L3,L2,L2,L2
H1,L3,L1,L1,H2
L2,H2,M1,L3,M1
L2,L1,L2,H2,L3
L3,L3,L1,L2,L3
L2,L3,H2,M1,L1
L3,H3,H3,H3,M1
H3,M1,M1,L1,L3
H3,L3,L3,L1,L3
M1,M1,L3,BN,H2
L3,M1,L1,L3,L2
L1,L2,M1,M1,L3
L2,H3,L1,H2,L2
L3,L1,M1,L2,L1
L1,L3,M1,H1,L3
H3,L3,H3,L1,L2
H3,L1,L3,M1,L3
M1,L3,L1,L3,L2
BN,L2,L1,L2,L2
L3,L2,H3,L2,L2
H2,M1,L3,L2,M1
L2,L3,L2,M1,L2
L3,M1,M1,L3,L3
H3,L3,H3,BN,L3
H3,L1,L3,L1,H1
M1,M1,L3,L2,L1
L2,L2,L2,L3,L1
L3,H3,M1,L1,L2
H2,L3,L2,H1,L1
L1,L2,L3,L2,L1
L2,L1,L3,L3,L2
L1,L2,H1,L1,H2
M1,L2,L2,L2,M1
L2,L1,L3,L3,L1
M1,L3,L2,L1,L2
H1,H3,L1,L3,L1
M1,L1,L1,L1,L1
M1,L3,L2,L2,L2
L3,L3,L3,M1,L3
H3,L2,L1,L1,L2
L2,H3,L2,L1,L2
L2,L1,L2,L2,L2
L3,L1,L2,H3,H3
L2,L2,M1,L2,L1
M1,L3,H2,L2,L3
L1,L3,L2,L2,L3
L3,H3,L1,L3,M1
H3,L2,L2,L1,M1
L3,H3,L3,L3,L3
L3,L3,L1,L3,L3
L2,L2,L2,M1,L3
L3,L1,H3,M1,H3
H2,M1,BN,M1,M1
H3,L3,L3,L2,L3
GL,H3,L1,L1,L1
L1,H1,L2,M1,H2
L3,L1,L2,L2,H3
L1,L3,L3,M1,L3
H3,L3,L2,M1,L3
L1,H3,M1,L2,M1
M1,L2,BN,M1,L3
L1,L1,M1,L3,L2
L3,L1,H2,L3,L2
L3,L1,L1,M1,L2
L3,L2,H3,L1,L2
M1,M1,M1,H3,H2
H1,M1,L2,L3,L3
L1,L2,M1,H3,L1
L1,L1,BN,L1,M1
L3,L3,L1,L1,H2
H3,L2,L1,L1,L1
L3,H1,L3,L3,H2
H2,M1,L2,L2,L1
H2,L2,H3,L1,L3
H1,L2,H2,L3,L3
L2,H2,H1,L3,L3
L3,L3,BN,M1,L3
L3,L2,M1,BN,M1
M1,L3,L2,L3,L3
L3,L1,L1,H3,L2
H3,L1,L1,L1,H1
H2,L2,L1,H3,L2
H2,L2,L2,L1,L2
M1,BN,L1,L3,L2
BN,L2,H2,M1,M1
L1,L2,L2,L2,H2
L3,L2,L2,H3,L2
L2,L3,L2,H1,M1
L2,L2,L1,L1,H3
L2,H2,L3,L1,H2
L2,H3,L3,L3,L3
L1,M1,L2,L3,L2
L3,L2,GL,BN,L2
H2,L1,L2,L3,M1
L2,H2,L2,L2,M1
L2,L2,L1,H2,L3
L1,L1,L3,L1,L2
L2,L2,M1,H2,H2
L3,L2,M1,H3,L2
L3,L3,H3,H2,M1
L3,L1,M1,L2,H3
L3,L2,L1,L3,L1
L3,H2,L3,L3,M1
L2,H2,L2,L3,L1
H3,L2,L2,L1,H3
L1,L1,L3,L3,M1
BN,L3,H2,M1,H3
L3,L1,L2,M1,L1
L2,H2,M1,L2,L2
L1,L3,L2,L1,H1
H3,M1,L2,L1,L1
L3,L3,L3,L3,M1
L3,L1,L2,L3,H3
H2,M1,L1,L1,L1
L1,H2,L1,H1,H2
L1,L2,H2,L3,L3
L3,H3,H3,L3,L1
H2,L2,H3,L1,L3
H2,L3,L1,L1,H3
L1,L3,L2,M1,H2
L3,L3,L1,M1,L1
H3,L2,L3,L1,L2
L1,H3,L2,L1,L3
L3,L3,L2,L3,L2
M1,L2,L1,L2,L3
H2,H3,L2,L3,L3
L2,L1,L3,H3,L3
L2,L2,L2,L3,L2
H2,L2,L2,L1,L3
L3,H2,H3,L3,L3
L3,BN,H3,BN,L3
M1,L1,H2,L1,L2
L1,H2,L3,L3,L1
L2,L2,L3,M1,L3
L3,M1,L3,M1,L3
L2,H2,L3,L2,H2
M1,M1,L2,L3,L3
L2,H3,L2,H1,L3
L2,L1,L1,H3,H3
M1,BN,H2,L1,H2
L2,H3,H1,H3,H2
BN,M1,L3,H3,L3
M1,L3,L3,L2,L2
H3,L3,L2,L1,L2
L3,H1,H2,L2,H3
L1,M1,L2,L2,L1
L3,H3,L2,H2,L1
L2,L2,L2,M1,L2
H3,M1,L3,L1,L1
M1,H2,L1,M1,L1
L2,L3,H2,H2,L2
L1,L1,L2,H2,L3
L2,L3,H3,L2,L2
H2,H2,L2,L2,M1
L1,L3,L2,H3,L2
L2,H1,H3,L2,L2
L1,H3,H2,L2,L3
L2,M1,L3,L3,L3
M1,L1,H2,L1,L2
M1,M1,M1,L2,M1
L3,H2,L2,L2,L3
M1,L2,L2,L3,H2
L1,M1,L2,L3,L2
M1,L2,L1,L2,L1
L2,L2,M1,L3,L2
L3,M1,L2,L2,L1
L2,L1,H3,L2,L2
L2,L3,L3,L2,L2
L1,L2,L2,BN,L2
H1,M1,H1,H2,H3
H3,L3,L2,L2,L2
L2,L1,H3,L1,L3
L1,L3,L2,L2,L3
L1,L1,L1,L3,L3
L3,H1,L1,L1,L2
L1,L3,L2,BN,L1
L1,L1,L3,H3,L1
M1,L3,H2,H3,M1
L3,H3,L2,L3,M1
L2,M1,L3,L3,H3
L1,H3,M1,L2,L2
L3,M1,H2,L2,M1
L3,H2,L2,L3,H2
L1,M1,M1,L2,M1
H2,L1,L1,H3,L3
H3,BN,H2,L1,H2
M1,L3,L1,L3,H1
L1,H3,H1,L1,L2
M1,L1,L1,L2,L2
L2,L2,L1,L1,L3
L2,L1,M1,L3,L1
H1,L2,L1,H2,L1
L1,H3,L3,L1,L2
L2,L1,L1,L1,L1
L2,L2,L1,L1,L3
L3,M1,L1,L3,M1
M1,M1,L1,L3,L2
L1,M1,L3,H3,L3
L2,L3,L1,L2,L3
L2,L2,BN,H3,L2
L1,L1,L1,BN,L2
L2,H3,M1,L2,L2
H3,L3,H2,L1,L1
L1,M1,L1,L1,M1
L1,L1,L1,L1,L1
M1,L1,L3,H3,L1
H2,H3,H2,H1,L1
L3,L3,L3,H3,M1
BN,L2,L1,L2,L1
M1,L1,L2,L3,H3
GL,L1,H2,L1,BN
M1,H3,M1,H3,L1
M1,L1,L1,L2,L2
M1,L1,H2,H3,M1
H2,GL,L1,L2,L1
H3,M1,L2,L3,L3
L3,H1,L3,L2,L2
L2,L2,H2,L3,L3
L2,L1,L1,L1,M1
L2,L3,L2,L2,H3
L1,L3,L3,L2,H1
H1,BN,L2,L2,L2
H3,L2,L2,L1,L3
BN,L2,L1,L3,L3
L2,L3,H3,H3,M1
L2,L2,L2,L1,L1
L3,L3,L1,L2,H3
M1,L3,BN,H3,L1
L2,H2,H3,H3,L3
H3,L1,H2,L3,M1
L3,L3,L2,L2,L2
H2,L1,M1,H3,L2
L2,L3,M1,L1,H3
L2,L2,L1,L2,L2
H1,H2,L1,H3,L3
L3,L2,H2,M1,H2
H3,L1,H3,L3,L3
L1,L1,M1,L3,L2
H2,M1,L3,L3,L1
L1,L2,L1,L2,L3
L3,L3,L3,L1,L3
L2,L1,H1,L1,L1
L2,L2,L2,GL,L3
BN,L2,L1,L1,L1
H3,L1,L1,L3,L3
M1,H3,H2,L2,BN
L2,L2,L1,L1,M1
H2,H3,L1,L2,L3
H2,L2,L3,H3,H3
L3,L1,M1,L2,L1
L2,L1,L1,L3,L3
H1,M1,L3,L2,L2
L3,L3,L3,H2,L2
L2,M1,L2,L2,L1
L3,M1,L1,H1,L1
L1,L3,H1,L2,L3
H2,H1,L2,H3,L3
M1,L2,M1,L2,L1
H3,H3,M1,H1,H3
L1,H2,L3,L1,M1
L1,H3,H3,L1,L2
M1,L2,L1,L1,M1
H1,L2,L1,L2,L1
L1,BN,L2,L1,L2
L1,H3,L3,H3,H2
H3,H2,L2,H3,L3
H3,L3,L3,L3,L2
L1,M1,BN,M1,L2
L3,L2,L3,M1,L3
M1,L2,L3,H3,L3
L2,L2,L3,L1,M1
L2,BN,H1,H1,L1
M1,H3,L3,H3,L3
L2,M1,L3,L2,L2
L2,L3,H2,M1,L3
M1,L2,L1,L3,H3
H3,L3,H3,H2,L2
L3,L1,L2,L2,L1
L3,L3,H3,L2,L1
L3,L3,H2,L3,H1
L2,L1,L2,L3,L2
M1,L2,L2,H2,L3
H2,H3,L1,L3,L3
L3,L3,H2,L3,H2
H1,L2,H3,M1,L1
H1,L1,H1,M1,L2
L2,H3,L3,L3,L2
L3,M1,L3,L1,L2
L1,L1,M1,L1,L2
L2,L1,L1,M1,L3
H3,L3,H3,L2,L2
L1,M1,L3,M1,L1
L1,L3,L1,H3,H1
M1,L2,L3,H3,L2
M1,L3,L3,L2,H3
H1,L1,L1,H2,L1
L1,H3,L3,L3,L1
M1,H2,L1,H2,L1
H2,L1,M1,L3,H1
L2,L3,L2,M1,L1
L2,H3,L1,L1,GL
H2,L3,H1,L1,L2
L3,L3,L2,L3,BN
H2,BN,L3,L3,H1
H2,L1,H2,L1,L3
M1,L2,L3,L2,L3
M1,L2,L3,L3,L2
L2,L2,L2,L3,L2
L2,L2,L2,M1,H3
H1,M1,L3,H3,L2
BN,H3,L2,L2,L2
L1,BN,L1,L3,M1
L3,L3,L1,L1,H1
H3,M1,H2,L1,M1
L3,L3,L3,L3,L3
L2,H3,L2,L3,H3
L3,L1,L1,BN,L2
L2,L2,H2,L3,BN
L2,L3,L2,H2,L3
L3,BN,L1,L2,L3
L2,L2,H3,H3,M1
L1,L2,H1,M1,L3
L3,L2,L1,H1,M1
L2,M1,L3,L1,L1
L3,L2,H3,L2,L3
H3,L3,H3,L2,L3
L2,H3,L3,L1,L3
BN,L1,L3,L1,L3
H2,L2,L1,L3,L2
M1,H1,L3,L2,H3
L1,H3,L3,L2,L3
L3,L3,L3,M1,L3
M1,L1,H3,L3,L2
L3,M1,M1,L2,L1
L2,M1,L2,L1,L3
L1,L2,H2,L2,L2
L3,L2,L2,L3,L2
L3,L2,H3,L2,L2
L1,L2,L1,L1,L2
M1,H3,M1,L3,M1
H2,L1,L1,L2,L3
M1,H3,L3,H3,L2
L2,L1,L2,BN,L1
H3,L3,L3,H3,L3
L3,L2,L2,L3,H3
H3,L1,L3,L3,H2
H2,L3,L1,L1,L3
H3,L3,M1,M1,H2
L2,L2,H3,M1,M1
L3,L1,L1,L3,L1
L1,M1,L1,L2,L3
L3,L3,M1,H1,L3
L1,L1,H2,H1,M1
H3,L1,H3,L1,L1
L3,M1,L2,M1,L1
H2,H3,L1,L1,M1
L1,L3,L3,L1,L3
L1,L1,L1,H3,L1
L3,L1,H3,L3,L3
L1,L2,L2,H3,M1
H2,M1,H1,L1,H3
L3,L2,L3,L1,H3
M1,M1,L1,L1,L3
L1,H2,M1,BN,L2
L1,H3,L1,L3,L2
H3,M1,H3,L1,L1
L2,L1,L2,L3,H1
L2,BN,H3,M1,M1
L2,L1,H2,M1,H1
L2,L3,GL,L2,M1
L1,L2,L3,H2,M1
H1,M1,L2,H3,L1
L2,H3,L3,L3,M1
H3,L2,L3,H3,H2
H3,H1,L2,H2,L1
L3,H1,L1,M1,H3
L1,L1,H1,L1,H2
M1,L3,M1,L2,L3
H2,L3,L2,L2,L3
H2,L3,M1,L3,H2
L3,H2,L2,L3,L1
L3,L2,H3,L3,L1
M1,L1,L3,H1,L1
L1,L2,L2,H3,H3
H3,H3,L1,L2,H2
L3,H3,L3,L2,L1
L1,M1,H2,L1,L3
M1,L3,L2,L3,M1
L3,L3,M1,L2,L2
L2,L2,L1,H3,L1
H3,L1,L3,H1,L1
L2,L2,L3,L1,H1
L2,L1,L3,L3,BN
L3,L1,L1,L3,H1
L2,BN,BN,BN,L2
L2,L3,L1,L1,L1
L2,M1,M1,L1,L1
L1,L3,L3,H3,L3
L2,H3,H1,L2,L2
L2,L3,L3,L1,L1
L1,L1,L1,L1,L2
L2,L2,L1,M1,L2
L3,L1,L3,H2,L3
H3,L2,M1,L3,L2
L1,M1,H1,L3,L1
L1,L1,L3,L1,L2
L2,H3,L2,L2,L2
L2,L1,H3,L2,H3
L2,M1,L3,L3,M1
L3,L2,H2,L3,L1
L3,L1,L3,L3,H3
L2,M1,L2,L2,H2
L3,L2,H2,L2,L2
L1,L2,L3,L3,L3
M1,L3,L3,M1,H2
L2,L2,M1,L1,L2
M1,H3,M1,L2,H2
L2,L2,L1,H3,L3
L2,M1,L1,H3,L1
H1,L3,L3,L3,L2
H2,H1,H1,L3,L2
L1,L1,L3,L1,H1
L3,L1,L3,L1,L2
L2,H3,L2,L2,L1
L2,L1,H3,H1,L1
M1,L2,L1,L2,L2
BN,L3,H2,L3,L1
H2,L2,L3,L1,L2
L2,L2,M1,L3,L2
L2,L3,L2,L3,L1
L3,H3,M1,M1,M1
L2,H3,M1,L1,L2
L2,L1,M1,L2,L3
L3,M1,H1,L1,L3
L2,BN,L2,L2,H3
L3,L3,L3,BN,L1
L2,L2,L3,L3,H2
L3,H3,M1,L3,H3
L3,L3,L3,M1,M1
BN,M1,L3,L1,L1
L1,BN,M1,M1,H2
L2,L1,L1,L2,L2
L2,L1,L3,L2,H3
H1,L1,L1,L1,M1
H2,H2,L1,L2,L2
L2,H2,L2,L1,H1
H3,L3,M1,L1,M1
L1,L2,L3,L3,L3
L3,L3,H2,H1,L2
L3,L3,L2,L1,L2
M1,M1,L2,L1,L1
H3,L3,L1,L3,H1
BN,L3,H2,H3,L3
L2,L3,L1,H2,L2
L1,L2,M1,H2,H3
H2,L3,L2,L2,L3
L1,L2,L2,L2,H1
L1,L1,M1,H2,L1
H2,L2,H1,H3,L1
H2,L2,L2,L3,L2
L3,H3,L2,L1,M1
H3,L3,L3,L1,BN
L3,L1,BN,H3,L1
L2,L3,H3,L3,L2
L2,L3,L1,M1,L3
L3,L1,H1,H1,H1
H3,L1,M1,L2,H2
L2,L2,L3,L1,L2
L1,GL,L3,L1,L3
L1,L2,L2,L2,L3
L1,H2,L3,M1,L2
M1,BN,M1,M1,H3
H3,L1,H3,L2,L3
L1,L2,H2,H2,L3
L2,L2,M1,M1,L2
H3,L2,H2,L1,L2
L2,L2,L1,M1,H2
M1,L1,L3,L3,BN
L1,M1,L2,H1,L3
L3,L1,L2,M1,L1
H3,L1,L1,H1,H3
BN,L2,L1,H3,L2
L2,L1,H3,H3,L3
M1,L1,L2,H3,H2
H2,H2,L2,L3,L3
L3,M1,L2,H3,L3
L2,M1,L3,L1,L3
M1,H3,M1,L1,L1
L2,BN,BN,L1,L3
L3,H1,L2,H2,M1
H2,H2,M1,M1,L3
M1,L3,L2,L3,L3
H1,L2,L3,H2,L2
M1,L3,L1,L2,L1
L2,M1,L2,L1,L2
L2,H1,L2,L3,L2
L1,L2,L3,H3,L1
M1,L2,L3,L3,L3
L3,L1,M1,H3,L3
L3,L2,M1,L3,H2
L2,L2,L2,L1,L2
L1,M1,H3,L2,M1
L3,L1,L1,L3,L2
H2,L1,L1,L2,BN
L1,L1,H1,L3,L1
L3,L2,L3,L1,L3
L1,L3,M1,L3,L3
H1,L1,H2,L1,L3
M1,BN,L3,L3,L1
L3,L1,L3,L3,L2
L2,L1,L2,M1,L2
BN,L2,L2,H2,L2
L1,L2,L2,M1,L2
L3,M1,L3,H2,L2
L3,L1,L3,L3,H3
H3,H3,M1,L2,H3
L1,L2,L1,L3,L1
H2,M1,H1,L3,H3
H3,L3,L1,H3,L2
L3,L1,L3,L3,L2
L1,M1,L3,L2,L1
L1,L3,M1,L2,L1
L1,L3,L2,L2,M1
L1,L3,H3,L2,L2
L1,L3,H2,H1,BN
L2,L1,L2,L1,L1
L2,M1,L1,H1,L1
H2,BN,L3,L1,H2
L3,L3,L1,L1,L1
BN,H3,L2,L1,L3
L3,L3,L3,L3,L2
L3,L3,L3,L1,L3
M1,L3,L3,L2,BN
M1,L2,H3,L3,H2
L3,L2,L3,L3,L1
M1,M1,L1,L1,L2
M1,L2,L3,L1,L3
L2,L3,H1,M1,L2
L1,L2,L2,L2,L1
L1,H2,H2,L3,L1
L2,L2,H1,L1,L2
L3,H1,L3,M1,M1
L3,L1,H3,L2,L1
L2,L1,L3,L2,H1
H1,M1,L2,L3,H2
L1,L3,L3,L1,L3
L2,H2,H2,L1,L2
M1,BN,L3,H2,H3
L3,L1,H1,L1,L2
L3,L1,L3,L2,M1
L1,L2,L3,L1,L2
L2,L3,L2,L3,L1
L3,L3,L3,L2,H2
L1,L2,L2,L2,H1
L1,L2,H3,M1,L3
L3,L3,L3,H2,H3
H2,L3,L1,H2,L3
L2,L1,H3,L1,L3
H2,L2,L1,L2,L2
L2,L3,L2,L1,L3
H2,L1,L2,L2,L2
L3,L1,L3,L2,L1
L3,L2,H3,L3,M1
H2,M1,L3,L3,H2
H3,L2,M1,L1,L1
L3,L3,L3,H2,L2
L1,L3,L1,H3,L2
M1,H3,L2,BN,L2
L3,L1,L3,M1,L1
H1,M1,L3,L2,BN
M1,H3,L3,M1,L2
H2,L1,L2,L2,L3
H2,L2,L1,H3,L2
H1,L1,L3,H2,L1
M1,L1,L1,L2,H3
L2,L3,H3,H3,L3
H1,L1,L2,H2,L3
H2,H1,L1,H2,L3
H3,L2,L2,L3,L1
L1,M1,M1,L3,L3
L2,H2,L2,L3,L2
L3,L3,L2,L2,H3
L1,L2,L2,L3,M1
L3,H2,L3,L1,L3
L2,L2,M1,L3,L2
L2,GL,L1,M1,M1
L3,M1,M1,M1,H2
L2,L1,L2,L3,L1
L1,L3,L1,L1,M1
M1,M1,L1,L2,L1
H2,H3,L3,L3,L3
L3,L1,H1,L2,L1
M1,M1,H2,M1,L2
L3,L3,L3,L3,L3
L3,L3,L1,L2,M1
L3,H3,L1,M1,L1
L3,L2,H3,M1,L2
H3,M1,H1,L2,L3
L1,L2,H3,L3,M1
L1,L2,L3,GL,L1
L2,H1,L3,M1,H1
BN,L3,H1,L1,L1
L1,L1,L3,M1,M1
M1,H2,L2,L2,L3
H2,L3,L2,L3,L2
H1,L1,L2,L1,L2
L2,L2,H1,L1,L1
L3,M1,L1,L3,L2
L2,L3,L3,L3,L2
L3,L3,H1,L3,H3
L2,L1,H2,L3,L1
L1,H2,L3,L2,M1
L2,L1,M1,L1,L1
L1,H1,M1,L1,L1
L1,L3,L1,L2,L3
L3,H1,L1,M1,L3
L3,L3,L3,M1,H2
H3,M1,L3,L2,H3
L2,L2,L2,H1,L3
L2,H3,L3,L2,L1
H1,L3,H1,H2,H3
H3,L2,H3,L2,L1
M1,H3,L1,L2,L2
L3,L2,L1,L1,L3
L3,L1,M1,L3,M1
M1,H3,L3,L2,H2
L1,L3,L1,L2,H3
L3,H2,L2,L2,L3
H3,L1,L3,L1,M1
L1,M1,H3,L2,H3
L1,L2,L2,L3,L2
L3,M1,L3,L2,L2
L2,L3,L2,L2,L2
L3,L2,L3,L2,L3
H2,L1,L3,L1,L1
L2,L3,L3,H3,L2
L1,M1,L2,M1,H3
H3,L1,L3,H1,L3
L3,M1,L2,L2,H3
H3,M1,L2,L1,L2
H1,L2,L2,L1,L3
H3,L1,L2,L2,H2
L2,L1,L3,L2,H2
H2,H3,L3,L3,L1
L2,L2,L1,M1,M1
L3,M1,L2,L1,L3
L3,M1,L2,L3,H3
L3,H2,H2,L1,L1
L2,L3,H3,H3,L1
L3,M1,L3,L1,BN
H3,H2,H3,L2,H3
L2,H1,M1,L3,H2
L3,L2,M1,L2,L1
H3,BN,H1,L2,L2
L3,L2,L2,L2,H3
H3,L2,L2,L1,H3
L1,L1,L3,L3,L2
L3,L2,H3,L1,L2
M1,L3,L1,L3,L1
L1,L1,L1,L2,L2
M1,L1,H3,L1,L1
L1,L3,L3,L1,L2
L1,L1,L2,L2,L2
H2,M1,L3,L3,L2
L2,L3,M1,M1,L2
L1,H3,L3,L3,L3
L1,L1,L2,L3,H1
L2,L3,M1,H2,L1
L3,L2,L3,M1,L2
L1,L2,L3,H3,L2
L1,L1,L3,M1,H3
L3,L2,L1,L1,M1
L3,BN,L2,L2,H3
L2,L1,H2,H1,L1
L1,L1,L2,L3,L1
H3,M1,L2,H3,H2
H2,M1,L2,L2,L3
L2,L2,L3,L3,H1
L1,H3,L2,M1,H2
M1,M1,L3,L2,L1
L2,BN,L3,BN,M1
L3,L2,M1,L3,L3
L2,L2,L3,M1,L2
L3,L3,L3,L1,L3
H3,L2,M1,L1,L3
H2,M1,H3,L3,L3
L1,L2,M1,L2,H3
L1,L2,H2,L3,L1
M1,M1,L1,L2,H1
BN,M1,L3,H2,L1
L1,L3,H3,H2,L1
L1,L3,L3,L3,L3
L3,L1,M1,L2,L3
M1,L3,L1,L3,M1
L2,L2,L3,L3,L2
L3,L3,L3,L3,L3
L1,L3,L3,H1,H1
M1,L2,L2,L1,L2
M1,L1,L2,L1,L3
H3,L2,H3,L3,L2
L1,L3,L3,L1,L3
L1,L3,L2,L3,H1
L1,L1,L2,L1,L1
L2,M1,BN,L2,M1
L1,L2,L1,L3,M1
L3,M1,L2,L3,M1
L3,H2,H2,L2,BN
H3,L1,L1,BN,M1
L1,L1,L3,L3,L3
L2,H3,L1,L2,L3
L1,L3,L3,H2,H2
L1,L1,L1,H3,L3
L2,L2,L2,L3,L3
M1,M1,L2,L1,M1
H3,L1,L3,M1,H3
H1,L3,M1,L2,H3
H3,L3,L2,L3,M1
L1,M1,M1,M1,L3
L1,L3,H3,M1,H2
L1,L1,L2,H3,M1
M1,H1,L1,L2,L3
L3,L3,H2,M1,L2
M1,M1,L2,L3,L3
M1,L2,M1,H3,L2
L3,L2,L2,H2,M1
L3,M1,L3,H1,L2
L1,L2,M1,H2,M1
BN,L3,H2,H2,L1
L1,L2,L3,M1,L2
M1,L2,L3,L3,L2
L3,H2,M1,M1,M1
L2,L1,L1,L2,L2
L1,BN,L1,BN,L3
H3,L2,L1,H1,L1
H3,M1,L3,L2,L1
H3,L1,H3,L2,L3
M1,H2,L3,L3,L1
L1,L2,L2,L1,L2
H1,L2,H3,L3,BN
L3,L1,H2,L2,L1
L3,L3,L2,L2,L1
L3,M1,M1,H3,L1
L1,L2,L2,H3,M1
L2,L1,H3,M1,L2
L1,L1,L1,L1,L1
M1,L2,L3,L3,L3
BN,BN,L1,L3,H2
L3,L2,L3,L1,H1
M1,L3,L2,L3,H2
L2,H2,H2,L3,L2
L2,H3,L3,L3,M1
L1,L3,L2,L3,H2
M1,L2,L3,H3,L3
L3,M1,L1,L3,L1
M1,L2,L3,H3,L3
L3,M1,L3,L2,H3
L2,H2,L2,L3,L3
L2,L3,M1,H2,L1
H1,H3,H3,M1,L3
H2,L3,M1,L1,M1
L3,L1,M1,L3,L3
H2,L2,L2,L3,M1
L3,L2,L1,L1,L3
L2,H2,L3,L2,L2
L2,M1,M1,L1,L3
H3,L2,L1,L1,M1
L2,BN,L3,L3,L1
L3,H1,H3,L2,M1
L3,L1,L2,H1,L1
H2,H2,H3,L2,BN
M1,H1,L3,L1,M1
L1,H1,H3,L2,L2
L1,L2,M1,L3,M1
L2,L3,M1,L2,L1
L3,L1,M1,L3,H2
L1,L1,L1,L3,L1
L3,L2,L3,L3,L2
L3,L2,BN,H3,L2
L2,L3,L2,L1,L2
H3,L3,L3,L2,L2
H2,L3,H2,L1,L2
L1,L2,L2,L3,L3
L3,M1,H2,L2,L3
H3,H3,L2,L1,M1
BN,L3,H3,L2,L2
L3,L2,H3,L3,L2
M1,L2,L1,M1,L1
L2,L3,L3,H3,L1
H2,H2,H1,L2,L1
L3,L3,L1,L3,L2
L3,L2,M1,L2,L3
L3,H3,L3,L3,L2
L3,L1,L3,H3,H2
L3,L3,H2,L1,L3
M1,L3,L3,H1,L1
L3,L2,L1,L3,M1
L2,M1,L3,L3,M1
BN,M1,L2,L1,L2
L3,H3,L3,L1,L3
L1,L2,L3,H3,L1
L3,L2,H3,L3,H3
H1,M1,M1,BN,L1
L3,L3,L2,L2,L2
L2,L1,L1,H2,L3
L2,M1,L2,L3,L1
L1,L1,M1,H1,L3
M1,H2,L2,H3,L3
H1,L3,L3,L2,H2
L1,L2,H2,L1,L2
H3,M1,L2,L3,L1
L2,L2,M1,M1,L2
L1,L3,L1,L2,M1
L1,L3,L2,L1,M1
L2,L3,L1,M1,L2
L1,L1,H3,L3,L1
L3,L3,BN,M1,L2
L2,H3,L2,M1,L1
L3,L1,L3,L3,L3
L1,L3,L2,L3,L3
H1,H2,L1,L1,H3
H3,L3,L1,H3,M1
H1,L3,L3,L3,L1
L2,L3,M1,L1,L3
H3,H3,L3,L1,L3
L2,L2,M1,H2,M1
BN,L2,L3,L1,L2
M1,L1,L3,L3,L1
M1,L3,L1,H2,L2
H2,L3,L2,H1,H2
L1,H2,M1,BN,L3
L3,H2,L2,H1,L3
L2,L3,H2,M1,L3
M1,L1,L3,L3,L2
L1,L3,L3,M1,L1
M1,M1,L1,L1,L2
L1,L2,H2,H3,L3
L2,L2,H3,M1,M1
H3,L1,H3,H1,L3
L2,L2,L2,L2,BN
L3,L2,H1,M1,H2
H3,L1,H3,L3,L3
L2,L1,L3,L3,L2
L1,H2,L1,L1,L2
L3,L1,M1,L1,L1
L1,M1,L2,M1,M1
L1,L3,L3,L3,L1
L1,L2,L2,M1,L3
L2,L1,L1,L3,L1
L2,M1,L1,L3,H2
L3,L2,H2,L2,L1
L2,M1,L1,H3,L2
L2,L1,L1,H2,L2
L2,L3,H3,L2,H2
L3,H3,H3,L3,L1
H1,M1,L3,L1,L3
M1,L1,H3,L1,L1
L3,L3,L3,L1,BN
L2,L1,L2,L3,L2
L2,L3,L1,L3,L3
L1,H3,L1,L2,L1
L3,M1,L2,L3,L1
L3,L3,L3,L2,L2
L2,L1,L3,L2,L1
L1,L1,L2,L3,L3
L2,L2,L3,L2,M1
H1,L1,L2,L1,L1
H2,H1,L3,L3,L3
H3,M1,H3,H2,L2
H3,L1,BN,L1,L2
H1,H3,H3,H1,L3
L3,L2,H2,H1,L3
H3,H3,L2,H3,L3
L1,L2,H1,L1,L1
BN,L2,L1,H2,L1
H3,H2,L1,L3,H2
L1,H3,M1,L2,L1
L1,L1,GL,L3,L2
L1,L2,L2,L1,L3
L1,M1,L3,H2,L3
L2,H2,H1,BN,L3
L1,L1,L2,L3,L1
L2,L1,H3,L3,BN
M1,L2,L2,L2,L1
L2,L1,H3,H2,M1
H3,L2,L2,H1,L3
L2,H2,L3,L1,H3
H2,L2,L3,M1,L1
H2,L2,L1,M1,L3
M1,L2,L1,L3,L3
L3,L2,M1,M1,M1
BN,L2,L1,L3,L1
L1,H3,H3,L2,M1
H3,M1,L1,L3,L2
L1,H2,L1,L3,L2
M1,L1,M1,L2,L2
L1,L2,L2,L2,L3
L2,L1,L1,L3,L2
L1,L3,L3,H1,L3
H2,H3,L2,L3,H3
H3,M1,L1,L3,L2
L1,M1,L2,L1,L1
L1,L3,H1,H3,L3
M1,L3,L2,L1,H3
L3,L2,L1,L2,L3
L3,L1,H2,M1,L1
L3,M1,H3,L2,L2
L1,H2,L1,L2,L1
L3,L3,H2,L2,H3
L2,L2,L1,L3,M1
L2,L1,L1,L2,L2
L2,L3,L3,BN,L1
L1,M1,L2,L2,H2
L3,BN,L3,H1,L3
L1,L1,H2,M1,L1
L3,L1,L1,M1,L3
L2,H3,L1,L2,H3
L1,L3,L3,L2,L3
L2,L1,L3,M1,L2
L3,H3,L2,H2,L3
L2,M1,L2,H3,L3
M1,M1,L3,L2,L3
L3,L3,H3,M1,M1
L3,L1,L2,H2,H1
H3,H2,L1,H3,L3
M1,L1,H3,L2,H2
L1,L3,L1,L2,H3
H1,H3,L3,L2,L3
H1,L1,L2,H2,H1
L3,L3,H3,L3,L1
H3,M1,L1,L2,H3
L1,L2,L3,H3,H2
L3,L3,H3,L2,BN
L3,GL,L3,L3,L1
L1,L1,L2,M1,H3
H3,L2,L3,H3,L1
L2,L2,L1,L2,L2
L2,L3,H1,L3,L2
L3,L3,L1,M1,L3
H1,L3,L2,L1,H2
L1,L3,M1,L2,M1
L1,L3,L1,L3,L3
L2,M1,H3,L2,L1
L2,M1,L3,L1,L3
L3,L3,L1,L3,L2
M1,L2,L1,H3,L2
L1,L2,L3,L2,M1
M1,H3,H3,L1,L3
H1,M1,L1,L2,L2
L2,L2,L3,L3,L2
L1,L1,L1,L3,L3
L3,L1,H3,L1,M1
M1,M1,L2,L3,L2
M1,L1,L1,H1,L3
H2,L3,H2,L1,L3
L3,M1,GL,H3,L2
M1,L3,L2,M1,L3
L1,M1,H1,L2,L1
L3,L1,L2,L2,L1
BN,H3,L3,H2,L2
L3,L1,H1,H1,L2
H2,L1,L3,L1,L3
M1,L2,L1,M1,H3
L3,L1,H3,L2,H2
L1,M1,H2,L2,L1
H1,H3,L1,L1,L1
L3,H2,L2,L1,H2
L3,L1,L3,M1,H2
H3,L2,L3,BN,M1
H3,M1,L1,L1,L3
L3,H3,L3,L3,L3
H2,L3,L1,L2,H2
M1,L3,L2,H2,L1
L1,L3,L3,L2,H3
M1,H1,L2,L2,L2
M1,L1,L3,L1,L2
H3,L3,L1,L3,L1
H1,H2,L1,BN,L3
L2,L2,M1,L3,L1
L1,H3,H2,L3,L3
L2,M1,M1,L2,L3
L3,M1,L3,L2,M1
H3,H3,L3,M1,H1
H3,M1,M1,M1,L3
H3,L3,H2,H3,L2
L1,H1,H2,L3,H2
H1,L1,L2,L2,L2
L2,L1,L1,L3,L3
L1,H3,L3,M1,L3
L3,H3,L1,L1,L3
H1,H3,L1,L1,M1
M1,M1,L3,M1,M1
L2,L2,L2,L2,L2
L1,L2,H1,L2,H3
L2,H3,M1,H3,L1
L1,M1,L3,L2,L3
H3,L1,L3,L2,L1
L3,H3,BN,M1,H3
L3,L1,L2,L2,BN
L3,BN,L3,L1,H1
L2,M1,H2,H3,L1
L3,M1,L3,H1,H2
L1,L3,H3,H2,M1
H3,H3,M1,H2,L2
L1,H3,L2,L1,L1
L1,H3,L2,H3,L3
H3,L1,L2,H1,L3
L3,H3,L3,M1,L2
M1,L2,L1,L1,L2
L2,L2,M1,L3,L1
L1,H2,L2,L3,L1
L3,L1,H3,L1,L3
L3,H3,M1,M1,H3
L3,L3,L2,L2,L3
L3,L3,L3,H1,L3
M1,BN,L3,M1,M1
M1,L1,H1,L2,L2
L2,M1,H3,L3,L2
L1,L3,H3,M1,M1
L2,L2,L3,L1,L1
L1,M1,L1,L1,L3
L3,M1,L2,M1,L2
L3,L3,L2,L2,L2
L1,L2,L3,H3,BN
L1,L2,L1,M1,L3
L3,L3,L3,L3,L2
L3,L2,M1,L3,L3
M1,L3,L1,L2,H2
H3,L3,L2,M1,L1
L2,L3,BN,L1,L2
L1,M1,H3,L3,M1
L2,L1,L1,L3,L3
M1,H3,M1,H2,H3
L2,L2,L1,L1,BN
M1,L1,M1,L1,M1
L1,L3,M1,L3,M1
M1,L2,L1,L3,L1
L2,M1,M1,L1,H3
L3,L3,M1,L1,M1
H3,H3,H1,M1,L2
BN,H2,L1,L1,H3
L2,L3,L2,L3,L2
L1,L3,L1,M1,M1
H3,L3,L1,H3,L1
L3,H3,L1,L2,L1
M1,L2,L3,L2,BN
H3,L3,M1,L3,L2
L2,L3,L3,L2,H3
M1,H2,L2,L2,L2
M1,L3,L3,L3,H3
L3,L3,L2,L3,L2
L3,L3,M1,L3,L3
L2,L2,L3,L3,L2
L3,L1,L2,H1,M1
L2,L2,L1,H3,H2
L3,L1,L3,H3,M1
H1,L2,H2,L3,L2
L3,M1,L3,L1,H1
L3,L1,L2,L1,L3
H1,L2,L2,L3,L2
L2,L1,M1,L3,H2
L3,L3,L1,L2,L2
L1,L2,H2,L3,L2
L3,BN,M1,L2,L2
L1,M1,L3,H1,L3
L1,L2,L2,L2,L2
L1,L1,L2,L3,L1
L2,L1,L1,H2,L3
L2,L1,L2,L3,L1
L1,L1,H2,L3,M1
L1,H2,H2,L3,M1
L2,L2,L1,H1,L1
L2,L3,L3,L2,L1
H2,M1,L2,L2,L2
L1,BN,L2,M1,L1
H3,M1,H3,H1,H2
L1,L3,L3,H3,L2
L2,M1,L2,L3,L3
L2,L3,H1,L3,H1
L2,M1,L1,L1,L1
L3,L1,L3,L1,M1
H3,H3,M1,M1,L1
L3,L2,L3,L1,H3
L3,L3,L2,H3,L2
L3,L2,H2,M1,L1
BN,M1,M1,L3,M1
L3,L2,L1,L1,H3
L2,L3,L2,H2,L2
L1,H2,L3,M1,L3
L1,L2,H3,L1,H2
L1,L3,L1,H3,H2
L3,M1,L1,L3,L2
L1,H3,L2,L3,L3
L1,BN,H3,L2,L3
BN,L2,L1,M1,H3
M1,H2,L3,L3,L3
L2,L2,L1,H3,M1
L3,L2,L2,L2,L3
L2,H3,L1,M1,M1
H2,L2,H2,L2,H2
L2,L3,L2,L3,H3
M1,L1,H3,L3,L3
L3,H1,L3,H3,H1
L2,L1,L3,L3,L3
H1,L3,H3,L1,L1
L1,M1,L2,H2,L3
L2,L3,H1,L2,L1
L1,H3,L2,L1,H2
L1,M1,H2,L3,M1
L3,L3,L1,L3,L1
L1,L1,M1,L2,H3
L3,M1,L1,H3,L2
L2,L3,H3,H2,L3
L1,L2,L2,H3,H3
BN,H3,L2,H1,L3
H3,M1,M1,L1,L2
L2,L3,H2,L3,L2
H1,L2,H3,H3,L1
GL,H2,H3,L1,H3
M1,L3,L1,H1,L3
L2,L1,L3,L1,L1
L1,H3,L3,L1,M1
L3,L1,H2,L2,H3
L2,L3,L3,L3,L1
L1,L3,L3,L3,M1
M1,L3,L2,L1,L1
L1,L3,L3,H3,M1
L3,L2,L1,L3,L3
L3,L1,L2,M1,L1
L2,L2,H3,L2,L3
H2,L2,M1,L2,L1
H3,H2,M1,L3,L3
M1,L1,L3,L3,L1
M1,L2,H1,L2,L3
L3,L2,M1,L2,L1
L2,L1,L3,M1,L2
M1,L3,L1,L1,M1
L2,L1,M1,L1,L2
L1,H1,L3,H3,L1
M1,L1,M1,M1,H3
M1,L1,L1,L1,L2
L2,H3,H3,L2,L3
L1,M1,L1,H1,L3
L3,L3,L3,M1,L2
L2,L3,L2,L1,L2
H3,L2,GL,L1,BN
H2,L2,L2,H3,L2
L2,L3,L2,M1,M1
L1,H2,BN,L2,L2
L2,L1,L1,H3,L3
L2,L3,L2,L2,L3
M1,L2,L1,L2,L3
L3,L1,L2,L2,H2
L3,H3,L2,L2,H3
M1,L2,H3,L2,M1
L3,H3,L2,L1,M1
L2,H2,L3,H3,L3
L3,L3,M1,L1,M1
L1,L2,L1,L3,L1
L1,L3,L2,H3,M1
L2,M1,H2,BN,L2
H3,L3,L3,L1,M1
L2,L3,L2,L3,L1
L2,L2,L3,H3,L3
L2,L3,L2,L1,H2
L1,M1,L3,L1,L3
BN,H3,L3,L3,L2
L1,L3,H1,L3,L3
H1,L1,L2,M1,M1
L2,M1,H1,L3,L3
L3,L2,H3,L3,H2
M1,L2,L2,L2,M1
L2,L1,M1,M1,L3
L1,L3,L3,M1,BN
L3,H1,L1,L2,L1
L2,M1,H3,L1,H3
H1,H2,L3,L2,L2
BN,L1,H3,M1,L2
L3,L1,L2,L2,M1
L2,L3,L2,L1,L1
L2,L3,L1,L1,L3
L2,L3,M1,L3,M1
M1,L2,H2,L3,L2
L1,L1,L3,L2,L1
L3,M1,L1,BN,L2
M1,H3,M1,L3,L1
H3,L2,L1,L3,M1
L1,L3,L2,H3,L1
L3,H2,H2,M1,L1
L1,M1,M1,H1,L1
L2,L3,L3,L1,L3
GL,L3,H1,L1,L2
L1,L3,L1,L1,L2
M1,BN,M1,L3,L2
L1,H3,L2,L1,L1
L1,H3,L2,L2,H3
L2,M1,M1,L3,L3
L1,L2,H3,L3,L3
M1,H1,L3,L3,BN
L2,L2,L1,L3,L1
L1,L2,M1,L1,L3
H3,L3,L3,L3,M1
L3,L3,H3,L3,L3
L2,H1,GL,H3,L3
H3,L3,M1,L1,L2
H3,BN,H1,L3,L3
H3,L1,L1,M1,L2
L3,L2,H1,L3,L3
H2,L3,L3,L1,L2
L2,L3,L1,L1,L3
BN,L2,L1,L1,M1
L2,H2,L3,M1,L3
L3,L3,L3,L2,L1
L1,H3,L3,M1,H2
L3,L3,L3,L1,M1
H3,L2,H3,L2,L2
L1,H1,L1,H3,L2
L3,L3,BN,L1,M1
L1,L3,L2,H1,L1
L1,H1,L2,BN,L2
L1,L3,L1,M1,M1
L2,L3,L3,L1,GL
H3,H1,M1,L1,L3
L1,M1,L1,M1,L1
L3,L3,L2,L3,H3
M1,M1,H1,L3,L3
H2,L3,H1,H1,L1
L2,L2,L2,L2,H3
H1,H3,L1,L1,L3
H1,H3,L3,L1,H3
M1,L2,L1,L2,L2
H1,L1,H3,L2,H3
H3,L1,L3,L1,M1
L2,L3,H3,H2,M1
L3,M1,H3,H2,L2
L3,L3,L3,L3,L1
L1,M1,H3,H2,H2
L1,L3,L2,L1,L1
L1,L1,GL,L2,L3
M1,L3,L2,M1,H1
L1,H3,L1,L3,L2
L2,L3,L1,L1,L2
L2,M1,L2,L2,L3
L1,M1,L2,M1,L1
L1,H2,L2,L2,L3
H3,H2,L3,H2,L2
L3,L2,L3,L2,L1
L1,M1,H2,L2,H3
L3,L1,L2,BN,L2
L2,L2,H3,L1,L2
L2,BN,L3,M1,L2
L1,M1,L2,L2,H3
L1,L1,L2,L2,L1
L2,L3,H2,H3,L2
L1,L2,H1,L2,L3
M1,L3,L3,L2,L1
L3,L3,L2,L1,L3
L2,BN,L2,L3,L2
H2,H2,L1,L2,L3
M1,H3,L3,H1,L3
M1,L3,L2,L3,L3
L3,L1,BN,H2,L3
L2,L3,L2,H1,L1
L1,L1,L1,L3,L3
M1,L3,M1,L2,H2
H1,L3,L1,L1,H1
L2,L2,L3,L2,L2
H2,L3,L3,L3,L2
L2,M1,L3,L2,L1
H2,L2,L2,L1,M1
L3,M1,L3,BN,M1
BN,L3,BN,L1,H1
L1,H3,H2,H1,L3
L2,H2,H3,L3,L1
L2,H3,L3,L1,L3
L3,L2,L1,L1,L2
L1,L1,L2,L2,L1
M1,L2,H3,L3,L3
L2,H2,L3,L1,L1
L3,L3,L2,L2,L1
L3,H3,L3,H2,L1
H3,H3,L3,M1,L1
L2,L3,L2,H3,L2
L2,M1,L3,H1,BN
H3,H3,L1,L2,H1
L1,M1,H2,L3,H1
L3,H3,L1,L3,M1
L3,L1,L2,L3,H2
L1,H2,L2,L1,H3
H3,L3,L2,M1,L1
L1,BN,H3,L2,M1
L1,M1,H3,L2,L3
L2,L2,L2,BN,H3
L2,M1,M1,L2,L1
L2,M1,L2,L2,L2
L2,L1,L1,L3,L3
L3,L3,L3,H2,L3
H1,L3,L3,M1,L2
L2,L3,M1,M1,H2
L3,H2,H3,L1,L3
L3,M1,BN,L2,L3
L1,L1,H3,M1,L2
L3,L3,L3,L3,H1
L1,M1,L2,L1,M1
L2,L3,L3,L1,L3
L3,L3,L2,H2,M1
L3,L1,L1,L1,H1
L3,H1,H3,L1,BN
L2,L1,L3,L3,L2
L2,L2,H3,L1,L3
H1,L1,L1,H3,L3
H1,M1,L3,L1,L3
L2,L3,M1,H2,L3
L1,L1,H1,M1,L2
L3,M1,H2,L1,H2
L1,M1,L1,L2,M1
H1,L1,L1,H3,H2
L1,L3,L3,L1,L3
L3,L2,M1,L3,L1
L1,M1,L2,L2,L3
H3,L3,L3,M1,L1
H2,L3,L3,L1,M1
L2,L1,L2,L2,L3
M1,L1,L1,L2,L2
H3,L1,L3,L2,H3
L3,L3,H2,L3,L3
L3,L3,L2,M1,M1
L2,L3,L2,H3,M1
L3,H3,L1,H2,L2
L3,L2,M1,L2,L1
L3,L2,L3,L3,L3
L3,L2,L3,L1,H2
H3,L2,M1,L3,L2
L1,BN,L3,M1,L1
L1,L3,L3,L3,L2
L1,L1,L1,L3,L1
L3,M1,L2,M1,L1
L1,L3,L3,L3,L3
L3,H1,H3,L1,M1
L1,L3,L3,L2,M1
L3,M1,H2,L2,H1
L1,L3,L3,H2,L3
L3,L3,L1,L1,M1
L1,L1,H2,L2,L1
L2,L1,L3,L2,L1
M1,H2,L2,M1,L2
H2,H3,L3,L3,H3
L2,L3,L1,H1,H1
L1,L3,L1,M1,M1
M1,H3,BN,L3,M1
L3,L2,L2,H1,L3
H2,L2,H1,L1,M1
L2,L2,H3,L3,L1
L3,L1,L2,BN,L2
L3,L3,L3,H2,L2
H3,BN,L2,M1,L3
L1,L3,L1,L2,L3
L1,L3,L2,H1,H2
L3,L3,H2,H3,L2
L2,L1,L3,M1,L3
L3,L2,L1,M1,M1
L1,L3,L2,L3,H1
L1,H2,M1,H2,L2
L2,L1,M1,L3,L3
L3,H3,L1,L2,M1
L2,L3,L1,M1,L2
L3,L3,L1,H3,L1
H1,L1,L3,L2,H2
L2,L3,L1,H1,L2
L2,L3,L1,L2,H2
M1,L1,M1,L2,L2
L1,L3,H3,M1,L2
L3,L3,L3,L2,L1
H3,L2,L3,M1,L1
L2,L3,M1,H3,L1
L2,M1,L1,L2,L1
L1,L2,L3,L1,L3
L3,M1,L1,H3,L1
L1,L2,H1,L3,H3
H2,L1,H2,H1,L3
L3,L1,L2,L2,L3
M1,L1,L3,H2,M1
L1,L3,L3,L2,L2
L1,L3,L2,L3,L1
L2,L3,L1,BN,L1
L1,H2,L3,L2,L3
L1,L2,H3,H3,H2
H3,L1,L3,H2,L3
L3,L1,L3,M1,L1
L2,M1,L2,M1,M1
L3,L3,H3,L1,H2
L1,H2,M1,L3,L3
L3,H3,L2,L2,L1
H3,H2,H2,L1,L2
L3,L3,L3,M1,H2
L3,L2,L3,L1,L3
L1,L2,L3,H2,L2
L2,L1,L1,L2,L2
L2,M1,H3,L1,L3
L3,L2,L3,M1,H1
L3,L3,H2,L3,L2
H3,M1,H1,L2,L1
H3,L2,H3,L1,L3
L3,L3,L1,L2,L2
L3,M1,L3,H1,L2
L3,L1,L2,M1,H3
H2,L2,L3,L3,L3
BN,H3,L3,L3,L2
H3,L3,H2,L2,L2
L2,L3,L3,L1,L2
L2,L2,L3,L3,L3
L1,L3,L1,BN,L1
L3,L3,H1,M1,L3
BN,L1,L1,L3,L2
L3,H1,L3,L1,L3
H3,L2,L1,H1,L3
H2,L2,L3,H1,L3
L1,L1,L1,L1,L3
L1,L3,BN,L3,L2
L2,L3,L3,L3,L2
L3,H3,L3,L2,L1
M1,H1,M1,L1,L1
H3,H1,L3,L2,L2
L3,L3,L2,H1,L3
L2,H3,L3,M1,L2
L3,BN,L3,M1,M1
L1,H2,L1,L2,H3
L2,L2,L3,L3,L3
BN,L1,L1,L2,H1
L3,L2,H3,L3,L3
L1,H3,L1,L2,L3
L3,L1,H2,H3,L3
L2,M1,L1,L1,H2
L2,H3,H3,L2,L3
L3,L2,L3,H3,L2
H1,L3,L2,L1,L2
L3,L1,L2,L3,L3
H2,M1,L3,L2,L2
M1,H1,L1,L1,L2
L3,M1,L1,L3,H2
H3,L1,H1,L1,L1
M1,BN,L2,L3,L3
L2,M1,H1,M1,L3
H3,H1,L2,L2,L3
L3,L1,L3,L1,L2
L2,L2,M1,L3,M1
L1,L1,L2,L2,L1
H1,L3,L3,L3,L1
GL,L3,M1,L1,L3
M1,H2,L2,H1,L1
L3,L2,H2,L1,L3
L2,L3,L1,H3,L2
L1,L2,L3,M1,M1
L1,L3,L1,L2,L3
M1,L2,L2,L3,L1
L3,L1,L1,M1,L3
L3,L1,BN,L3,L1
L2,M1,L3,L1,H3
M1,H1,L2,L2,H2
H3,L3,L2,L2,L1
L3,H3,L2,L3,L2
L3,L2,L2,L2,L3
L2,H3,L2,L1,M1
H1,L1,L2,L2,L2
L2,L2,L3,L2,L1
L3,L3,M1,L2,L3
L1,H2,L3,H2,L2
L2,H3,H2,L3,H2
L2,H3,H3,L3,L3
L3,L3,M1,BN,L1
L3,L1,M1,H1,L3
M1,H2,H1,L2,L3
L3,L2,BN,H3,L1
L3,L2,L2,L2,L2
L1,H2,L3,L3,H3
H1,M1,H3,L1,L1
L2,H3,M1,H3,L2
L2,H3,L3,L2,L1
H2,L1,L1,H3,H2
L2,L2,L3,L1,H2
L3,BN,L1,L1,L2
L3,L1,L1,M1,L2
L2,L3,L2,L2,L3
M1,H2,M1,L3,L2
L3,L3,M1,H1,L3
H3,L3,M1,L1,L3
BN,L1,L2,L3,L1
L3,L3,L3,H2,L3
L3,H1,L3,M1,L1
L2,L3,L1,H2,L2
L3,H1,L2,L1,L1
L3,L3,M1,L3,L3
H3,H3,L2,L1,H3
H2,H1,H1,L2,L1
L2,L3,M1,L1,H2
L1,L2,L1,L3,M1
L3,L1,M1,M1,M1
L2,M1,L1,M1,H1
M1,L2,M1,M1,H1
M1,M1,L2,L2,H3
L3,L3,H3,H2,M1
H2,H2,GL,L3,M1
L1,L2,L2,H1,L2
L3,L3,M1,L3,L3
H2,L2,L2,M1,H1
H2,H3,L3,L3,L1
L1,L2,H1,L3,H3
L1,L1,L2,L1,H1
H3,H3,H1,L2,L3
M1,H2,L2,L3,H1
H2,L1,H3,L1,M1
L2,L2,M1,M1,M1
H3,L3,L2,M1,H3
L3,M1,L2,L1,L2
H1,H1,L2,L3,H3
L3,L3,L3,L3,L2
L1,L2,L3,L3,L3
H3,L3,L2,L3,L1
L1,L2,L3,L1,L2
M1,L1,L3,L1,L3
L2,L1,L2,L1,L2
L2,L2,M1,L3,L2
L1,L3,L3,H1,L3
L1,L2,M1,L1,L2
L3,L2,H2,L2,L2
M1,L2,L2,L1,M1
L1,L1,H3,L3,L3
L2,M1,L1,L3,H2
M1,H2,L3,L3,L1
H3,L2,L3,H3,L3
M1,L2,L2,L3,L2
L2,L1,L3,H1,L3
M1,L3,L2,M1,L2
L3,L1,L1,L3,L2
L2,L1,L3,L3,L3
H3,L2,L1,L2,L3
M1,L1,L1,H2,H2
L2,M1,M1,L2,L3
H3,H3,L3,L3,M1
BN,L1,L2,H3,L1
L3,L3,H2,L2,L2
L3,M1,L2,L1,L1
H2,L3,L3,L3,L2
L3,H1,H3,BN,L2
H2,L1,L1,L3,L2
L3,H3,L3,L1,L1
L2,L2,L2,L3,L2
L2,L1,H2,H2,L2
L1,L2,M1,H3,L3
L3,M1,H3,L2,L2
L2,L3,H3,H1,L3
L3,L1,M1,L3,L1
M1,L2,L1,M1,L3
L1,L3,M1,L2,L3
H3,L1,H1,L3,L1
L3,L1,L3,L3,L3
L2,H3,L2,L1,L2
L1,M1,L3,L1,L3
M1,L1,L1,L2,M1
L3,L1,L3,M1,L3
M1,L3,L2,L3,L2
L2,L3,H3,L3,H2
L1,L2,M1,L2,L1
L1,L2,H2,H3,M1
L3,L1,L2,BN,H1
H2,L2,L1,L3,L2
L1,H1,L2,L3,L3
L1,L1,L2,L1,L1
L3,M1,M1,L3,L2
L2,L2,H3,GL,M1
H3,L1,L3,L3,L3
H1,H2,L1,L1,H3
L2,L2,L3,M1,L2
L2,L1,L2,H2,M1
L1,M1,L2,M1,L3
L3,L1,L3,H2,L3
L3,L3,L2,L1,L3
L1,L2,L2,L1,L1
L1,L1,L2,L1,L2
H1,L3,L1,H2,M1
H2,L3,L1,L2,M1
L1,L3,H1,L3,L1
M1,H1,L1,BN,L1
L1,L2,L2,L3,L2
L1,H3,L2,M1,M1
L3,GL,L3,L2,BN
L3,M1,L3,L2,L1
L2,H3,M1,M1,L3
L2,L1,M1,L1,L2
L2,L3,L3,L3,H1
H3,L1,BN,L2,L3
L3,M1,L3,L2,L3
L3,L2,L2,M1,H3
H3,L3,L2,L1,L3
H3,L3,L1,L1,L3
H2,M1,L2,H1,H1
L2,L3,L2,L2,L3
L1,L2,L1,L2,BN
L1,L2,BN,H2,L3
L3,L1,L1,L3,L2
L1,L3,L2,M1,L3
L3,L1,L3,L2,H1
L1,H2,L1,L2,H1
H3,L1,L1,H2,L1
L3,L2,L3,M1,L3
H2,M1,L3,M1,L3
L2,L1,H2,H3,M1
L3,L1,M1,L3,L3
H2,L2,M1,L1,M1
L2,L3,L1,L3,L1
L3,L3,H2,L3,H3
H3,L3,M1,L3,M1
BN,L3,H3,L1,L3
H2,L1,L3,L1,H1
L3,L1,L2,L1,H3
L2,L3,L3,L3,L3
L2,L2,H3,L1,L3
H2,M1,L1,H3,L2
L3,L2,H3,L2,M1
L1,L2,L2,H2,H3
L3,L3,L2,H3,L2
L3,L3,H3,L3,L1
L2,M1,L2,M1,L3
L1,M1,L1,L1,L3
H2,L1,L3,H3,L1
L1,L3,L1,M1,M1
L3,M1,L3,L3,L2
L2,L3,L3,L1,L1
L2,H1,H2,L3,L2
L1,L3,L1,H2,L2
L3,L2,L1,L2,L1
L2,H2,L3,H2,L2
L1,H2,H1,L3,L1
L2,L3,H2,BN,L2
L3,H1,L2,H2,L1
H1,L2,M1,L2,L2
L1,L2,H1,L1,L2
M1,L3,H3,H2,L2
M1,L1,H2,L3,L3
H3,L2,L2,L3,L1
L1,L3,L1,M1,L2
L2,L1,L3,L3,BN
L1,H1,L3,L2,M1
L3,L2,L3,L3,H3
L2,L1,H3,H3,M1
L3,H3,L2,M1,L2
L3,L3,H1,L1,H3
L1,H1,H3,L3,L3
L2,L2,L2,L3,M1
L3,H3,L3,L1,H1
L1,H2,BN,L1,L3
BN,L2,L1,L3,H3
L3,M1,H1,L3,M1
L3,L2,L3,L3,L1
H3,L3,L2,L1,L1
H3,L2,L1,L3,L3
L3,M1,M1,L2,L2
M1,H3,L3,L1,M1
M1,H3,L1,L2,L3
L1,L3,H3,L3,L1
L2,H2,L3,L1,L3
L1,H1,H2,H1,L2
M1,L3,L3,L3,M1
L2,L1,M1,H2,L1
L3,M1,L3,L3,M1
L1,H1,L1,L3,BN
L3,L2,M1,H1,L1
L3,M1,L2,L3,L3
L2,M1,H3,L3,L1
L1,L3,L1,L1,L2
L3,L1,L1,L3,L2
L3,M1,L2,H2,L2
L3,L1,L2,L3,H3
H3,L3,H2,M1,BN
L2,M1,H2,L2,L2
H1,BN,L1,L3,L1
L1,L3,L3,L3,L1
L2,M1,L2,H3,H2
L3,L2,L2,L2,L1
L2,L3,L1,BN,H3
L3,H1,L3,M1,M1
L2,M1,M1,L2,H2
L1,L3,H2,H3,L3
L2,H1,L3,L3,H1
L3,L1,H3,L3,M1
H1,L3,M1,L2,L3
L1,H3,L2,L3,L2
H1,L2,L2,L3,L3
L3,M1,M1,L2,L3
M1,H3,M1,M1,L2
H2,L1,L2,L2,L1
L1,L2,L2,H3,H3
L3,BN,L3,M1,H3
L1,L2,BN,L2,H3
L3,L1,M1,L3,L1
L1,L2,M1,M1,H3
L2,L2,L3,L1,L1
BN,L2,L3,L2,M1
H1,L1,L1,GL,L2
L3,L1,L3,L2,L2
L3,BN,BN,L3,M1
L3,M1,L3,L3,H3
L1,L1,L1,M1,L3
L2,H3,M1,L2,L2
L1,M1,H3,L1,L2
L2,H1,L3,H3,L2
L2,L3,L2,L3,L2
H1,L2,L3,L1,L3
H3,H2,L1,BN,L2
M1,L2,L1,M1,M1
L1,L3,L1,H3,M1
L1,H1,L3,L1,M1
L1,L2,L3,L3,L2
L3,L1,L3,L2,L2
L2,L2,L3,L1,L3
L1,L3,L3,L1,L1
L2,H2,H1,L3,L2
L3,L1,L1,L3,L3
M1,M1,L1,L1,L3
M1,M1,L3,L1,L1
L2,L3,L1,M1,M1
H2,L1,H3,H2,L2
L3,L2,L2,L1,L1
L1,L3,H3,H1,M1
L1,L2,H2,L3,H3
L3,M1,L2,L3,M1
L1,M1,L1,L2,H1
L2,L3,L2,L2,L3
H2,H3,L1,M1,L1
L3,L2,M1,L2,L1
H1,L3,L3,L3,L3
BN,L3,L3,L2,L2
L1,L3,L3,L2,L3
L3,M1,L1,L2,L2
L2,L2,L1,BN,L3
L2,L2,L1,L1,L3
L3,L1,L1,L2,L2
L1,BN,L2,L2,L2
L2,L1,L2,L1,L3
L3,M1,L1,L3,L3
H3,L3,L3,L3,L1
M1,L2,L2,L2,M1
L1,L3,M1,L2,L2
L3,L2,L3,L3,L2
H3,M1,L2,L3,L1
H1,L1,L2,M1,BN
L3,H1,L3,L3,L2
L3,L1,L3,L3,L1
L3,L1,BN,L2,L2
L2,L3,H3,M1,L1
L1,L2,M1,L1,H2
L3,BN,L1,L3,H3
L1,L2,H3,M1,L1
M1,M1,L3,L3,GL
L2,H3,H1,L3,L3
M1,L3,H2,L2,L3
L1,L2,L1,L3,L3
L2,L3,L3,L3,H3
H3,L2,M1,L1,H1
L3,L3,L1,L3,H3
L3,L3,L2,H1,L2
H3,M1,L2,H1,L1
L2,L3,L2,L3,L2
M1,L1,L1,H3,H2
H3,H2,L3,L2,L3
H3,H3,M1,L3,L3
L1,M1,M1,M1,L2
M1,L3,L2,L3,M1
L3,H3,L3,H3,L3
BN,L3,L1,L1,L1
M1,M1,L3,M1,H1
M1,L3,L2,L2,H2
M1,L3,H1,L2,L2
H1,L3,L2,L1,L3
L3,L2,H3,L1,L3
H2,H1,L1,L1,L1
L1,L3,L1,M1,L1
L1,M1,M1,L3,H3
L1,H1,L3,M1,L3
L2,H3,L1,M1,H2
H3,H3,L3,H1,M1
L3,H2,M1,M1,L1
H3,L1,L3,L1,L2
L3,M1,L1,L1,L2
L2,L3,L3,L2,L2
H3,L2,H2,H2,M1
L1,H1,L2,L2,H2
L3,L2,L3,H3,L2
BN,L3,L3,H2,M1
H3,L2,L3,L3,L2
L1,L2,L3,H2,H3
L2,L1,L3,M1,BN
M1,L1,L2,L3,L1
L3,L2,L1,M1,M1
L2,M1,L2,L2,L2
H3,BN,L1,L2,L3
M1,H2,H3,L2,L3
M1,L1,M1,L2,H1
L2,H1,M1,L2,L3
L3,L2,M1,L2,L2
BN,L1,L3,H1,L2
H1,BN,H3,H2,L2
L2,H1,L2,L2,L1
L2,L1,L3,H3,L3
L3,L3,BN,H2,L1
L3,L3,H3,M1,L3
L3,L2,M1,L1,H1
L3,L3,H3,M1,L2
L3,L3,L3,BN,L2
L2,L2,L2,H3,M1
L1,L2,L2,L1,L2
L1,L2,H1,L2,M1
L2,M1,L3,L3,L2
L1,L3,M1,L2,L3
M1,L2,H2,H3,L1
L2,L1,L3,BN,H1
L2,L2,L2,L3,H2
L3,L1,BN,L1,M1
L3,M1,L3,L2,L1
BN,L2,H2,L3,L3
L1,H3,L1,L2,L3
L1,L2,L3,L1,H3
H3,L2,L3,H1,L1
L1,L2,L2,L2,L2
L3,L2,L1,L2,L2
H3,M1,L2,L1,BN
L2,H3,L2,M1,L1
L2,H1,H2,L3,L3
L1,M1,L3,H2,L2
H3,L1,L3,M1,L3
H3,L2,L1,H3,L2
L1,L1,M1,M1,L3
M1,L3,L3,L1,M1
L2,H3,L3,M1,H1
BN,L3,H3,L1,L3
L3,H3,L1,L2,L3
M1,L2,H2,H2,L2
L1,M1,H1,H3,L1
L2,L1,L2,L1,L1
H1,L1,L2,H3,L1
L1,L3,H2,L1,L2
L1,L1,H3,L2,H2
L1,H1,L2,M1,H3
L2,L3,L2,H2,L2
H3,L1,L1,L2,L1
BN,M1,L2,L2,L1
L3,H3,L2,H1,H3
L1,M1,L3,L2,L1
M1,L1,L2,L1,H2
H1,L1,M1,H3,L3
L2,L3,L3,L3,H1
L3,L3,L2,H2,H3
L1,H1,L2,L3,H1
L3,M1,M1,L3,L3
L3,H1,L1,L1,L1
L2,M1,L3,L1,L1
L2,H2,M1,H3,L3
M1,H3,L2,L2,L3
L1,L1,L3,M1,L1
L3,L3,M1,M1,H2
L3,L1,L2,L1,L1
L2,M1,H2,L1,L3
L2,L3,L1,H2,L3
L3,L2,BN,L3,H1
H1,H3,H3,H3,L1
L1,L2,M1,L3,L1
M1,L3,L1,L2,L3
L2,M1,M1,L3,L3
L1,L1,L3,L2,L3
L2,L3,M1,H3,L1
L2,H3,L1,H3,L3
L3,H1,M1,H2,L1
L1,L3,L1,BN,M1
H3,L1,L2,L2,H1
L3,L1,L2,M1,H3
H3,L3,H2,L3,M1
M1,L3,L2,L1,L2
H2,L3,L3,L2,L2
M1,L2,M1,L2,L2
L2,L1,L3,H3,L1
L2,L3,L3,L1,L1
L2,M1,M1,BN,L2
L2,H2,L2,L3,L1
L1,L3,L3,H2,L2
M1,H2,BN,L2,M1
L1,M1,L3,M1,L2
L3,M1,L2,L2,L2
M1,H1,H3,L1,L1
L2,L2,L3,M1,L1
H1,BN,L2,H2,L2
L1,L3,L2,L3,L3
H2,H2,L2,L1,L3
L3,L3,M1,H2,L3
L2,H3,H3,M1,L1
M1,L3,L3,L3,H3
L2,H1,L2,L3,H3
M1,L3,L1,H2,H1
L3,L3,L3,L3,L1
L2,L2,BN,L2,H2
H2,L1,H3,L3,L2
L2,L2,M1,L3,L1
L2,H3,L1,H3,L1
L3,L1,L1,L2,L1
L2,L3,L3,L1,L3
L3,L3,L1,L1,L2
L2,L2,H3,L3,H3
H1,M1,H2,L1,L1
H2,L3,L2,L1,L2
L2,H2,H2,H3,L1
L2,H3,L2,L2,L3
L1,H3,M1,L2,L1
L1,L2,L3,L2,BN
BN,L1,H3,L3,L1
L1,L1,M1,M1,H3
L3,L3,L2,H2,L3
L3,L2,L3,H3,H2
H1,H3,L3,L1,H3
L1,L1,H3,M1,BN
L2,M1,H1,H2,L3
L3,L3,L2,H2,M1
L3,L1,L3,M1,L1
L3,M1,M1,L3,H2
L1,H2,H3,M1,L3
H2,L3,L3,L2,L2
L1,L3,L3,L2,L2
H2,H3,L2,L2,L1
BN,H2,L2,L3,L3
L2,M1,BN,L2,H2
L3,L3,L1,H1,L2
L1,L2,L2,L2,L2
L3,L3,L3,M1,L2
L2,BN,L1,M1,L1
L3,L3,M1,BN,L1
L3,M1,L1,H3,L1
L3,L1,L3,L1,M1
H2,L2,L2,L1,L1
L2,H3,H2,L3,L2
L2,BN,H3,M1,L3
L3,L3,M1,M1,H2
L3,L3,L3,L3,L2
M1,M1,L3,L1,M1
M1,M1,H1,L2,L1
L3,L2,H1,M1,L1
L3,L3,H1,L1,H1
M1,L2,H3,L2,L3
L2,L2,L3,H3,L2
H2,H1,L1,L3,L3
L2,L3,L2,M1,M1
L2,L2,L3,L3,H2
H3,M1,L3,L3,L1
L3,L2,M1,L3,M1
L3,L3,L2,L1,L1
M1,L2,L2,M1,M1
L2,L1,L3,M1,L2
L1,L2,M1,L2,L3
L3,M1,L3,L3,H2
H1,BN,L1,L2,L3
L2,L2,L1,H3,L2
H3,H3,L3,BN,H3
M1,L3,L3,L3,L1
L1,L2,L2,L3,H3
L3,L1,H1,L1,L3
L1,H2,H2,L1,L3
L3,M1,L1,L3,L1
L2,M1,L1,L1,L3
L3,L2,L2,L1,H1
H1,L3,L3,L3,L1
H3,L3,H1,L3,L3
L2,L1,L3,H2,L3
M1,BN,H3,H1,H1
M1,L3,H2,L1,M1
H3,H3,H3,H3,L1
M1,L1,L3,L3,L3
L2,L1,BN,H1,L3
L2,L2,L2,L3,L1
H1,L1,L2,L1,M1
H1,L1,M1,L1,H1
L1,L3,L2,L2,L2
L1,H2,M1,H2,L2
M1,L3,L2,L2,L1
L3,L2,L2,M1,L2
M1,L2,M1,L3,L1
H2,L2,L2,L3,L1
H1,H2,L2,L2,H2
H3,L1,H3,L2,L3
L3,L2,H1,L3,L1
L2,H1,L1,L3,H1
BN,H2,L2,L1,H1
L3,M1,H3,L1,L2
L2,L2,L2,L3,L3
L2,H2,H1,L1,M1
M1,L1,L2,L3,L3
H3,L3,L3,L3,M1
M1,L3,L2,L2,L2
L1,L1,H1,L1,L2
L1,L1,L3,H3,BN
L2,L3,L3,H2,L2
L3,H2,L3,BN,L1
L3,H1,H1,L3,H2
L2,L2,L2,L2,H3
L3,H3,L1,L2,L1
L2,L1,L3,H3,L1
L3,L3,L3,H3,L3
L3,L3,H3,L1,M1
M1,L3,L2,L2,H2
L3,L3,L3,L2,L2
L2,H3,L1,M1,L2
H1,L3,L3,H3,L1
L3,L3,L3,L3,L3
L1,L2,L2,H3,L3
L1,L3,BN,L2,GL
L2,L3,L3,M1,L3
M1,L3,L2,L1,L1
L1,L3,L1,M1,L3
L1,L2,L3,L3,L2
L2,L1,L1,L1,L3
L2,L1,H1,L2,L2
M1,H1,H3,BN,H3
M1,L3,L1,H2,H1
L2,L1,H3,L2,H3
M1,L3,L1,L2,L3
H3,L3,H3,L1,L2
L3,L3,M1,H3,L1
H2,L2,L2,L1,L2
L3,L3,L1,L3,L3
H1,H3,L1,M1,L1
L2,L2,BN,L3,L3
L2,L1,H3,L3,L2
L3,L1,M1,L2,L2
L1,L3,H1,L1,M1
L3,L1,L3,L1,H3
L2,L3,M1,L3,L2
L3,L2,L1,H3,L3
M1,L3,L1,L2,L3
L3,L2,L2,H2,L1
L2,L1,L2,L1,H2
H2,L1,L2,L2,H2
BN,L1,H3,L1,H1
M1,H2,BN,H2,L1
L1,L1,M1,L2,M1
L1,H3,L3,L3,L2
L2,L2,H3,L2,L1
H3,L3,L2,L3,L3
L3,L3,L2,L1,L3
L3,M1,L2,L2,L1
L2,L2,L2,L3,L2
L1,L1,H3,L2,L3
L2,H2,L3,H3,M1
H1,L1,L1,H1,BN
L3,H3,M1,L3,L3
L3,L3,H3,H2,L2
H3,L2,L1,L2,L1
M1,M1,L1,L2,L1
L3,M1,L2,H2,L2
L1,H3,L2,L2,L3
H3,M1,L2,L1,L3
H3,L1,M1,BN,L1
L2,L1,H2,L2,L2
H1,H3,L3,L3,L1
H3,L3,L1,M1,L1
L3,H1,L3,M1,L3
L1,L3,L3,L3,M1
M1,H3,L1,L1,M1
L3,H3,L2,L3,M1
L1,L1,L1,L3,L2
BN,M1,H1,L3,L3
H1,L3,M1,L2,L2
L3,L3,M1,L2,L3
H3,L3,L3,L2,L3
L1,H2,L1,L2,H1
L1,L2,L3,M1,L2
L1,H2,GL,H2,H3
M1,H1,L3,H3,L2
L2,L2,L1,L3,L3
M1,L1,M1,L3,L2
L3,L2,L3,L3,H1
L1,L1,L2,L1,H2
M1,L3,L2,L1,H3
L3,L2,M1,L3,L3
L3,L2,H3,L1,L2
M1,H3,L3,L3,L3
L3,H2,L3,H3,L1
L1,H3,L3,L1,M1
M1,L3,L3,L2,L2
L1,L2,L3,L1,L2
BN,M1,L2,L1,L3
L1,M1,L3,L1,L2
M1,L3,L2,L3,M1
L2,H2,L3,L1,L3
L2,L1,L3,L2,L2
L1,H2,H3,L2,H2
H3,M1,L2,L3,L2
L2,H2,L2,L3,L1
L2,M1,L2,L3,H3
L1,M1,L2,L3,M1
BN,L1,M1,L3,L1
L1,L2,L1,M1,L3
H2,L2,L3,L3,H2
L1,L3,GL,H1,M1
M1,H3,L1,L1,L1
L1,H2,M1,L1,H3
BN,M1,M1,L2,H1
L2,L3,L2,H1,L1
L1,M1,L3,L3,L1
L2,M1,L3,M1,L3
L1,BN,L1,BN,L3
L1,L2,L2,L3,L2
L1,L1,L2,L1,L3
L3,L3,L2,L2,BN
L2,L3,L1,L2,H1
L2,L2,L3,L1,L1
L1,H2,L3,L2,H1
L3,L2,L2,M1,H3
H3,L2,L3,M1,L1
L3,H1,H1,L3,L3
L2,L1,L1,M1,H3
L1,M1,H3,L1,L1
L2,L3,M1,L3,L3
M1,H3,L3,H1,L1
L2,H3,H3,L3,L3
L3,L2,H2,H3,H3
M1,L1,L2,L1,L2
L3,L2,L3,L3,L2
L2,L1,L2,H1,L2
L2,M1,M1,L1,L2
L3,L1,L2,L1,L3
M1,L3,M1,L2,L3
L3,L1,H2,L2,H2
H3,L1,M1,L3,M1
L2,H2,L2,L1,L1
L3,L3,GL,L3,M1
L3,L2,L3,L1,L3
L1,L2,L3,M1,H2
L1,L2,L2,H3,L3
H1,L2,L3,L3,H2
L3,M1,H1,GL,L3
H3,L3,L3,L3,L1
L1,L1,H2,L3,L1
L3,L2,L2,H3,L3
L1,L2,L2,L2,M1
L3,H3,L1,L3,L3
L3,L1,L3,L3,L2
L1,L1,M1,H3,L1
L3,L1,H3,L2,L1
H2,L3,L3,L2,L3
L1,L2,M1,L2,L3
H1,M1,H3,H3,H3
L2,M1,L2,L3,L2
GL,L3,L3,M1,L3
L2,L2,L1,L2,M1
L2,H1,M1,L1,L3
M1,M1,L2,H2,L1
L1,L1,L1,L2,L3
L3,L3,H1,L2,L1
L3,L3,L2,H3,L2
L1,L3,M1,H3,L3
L1,L3,H1,L1,L1
L1,L1,L3,L3,H2
L2,BN,M1,L3,M1
L2,L2,L3,L2,H3
L1,L2,L2,H2,L2
L3,H2,L1,L3,L2
M1,M1,L2,L3,L2
BN,L1,L1,L3,H1
L3,L2,L3,L3,L3
L2,L1,H3,L1,L3
H2,M1,L1,L1,L1
L2,L1,H2,L2,L3
L1,L2,L3,H3,H3
L3,H3,M1,L2,M1
L1,L1,L2,M1,L1
L3,L3,H2,L3,M1
L3,M1,L2,L3,L2
BN,L2,L2,H3,L3
M1,L1,L2,L3,L1
H3,L2,L1,L3,L3
L3,L2,L2,L3,L3
L3,M1,L2,L3,L2
H1,L3,L3,M1,M1
L3,L3,L2,L3,H3
H3,L1,L1,L1,BN
BN,H2,L1,H1,L2
L2,H1,H3,L3,L1
L2,L2,L3,L1,L3
L1,M1,L3,L3,L2
L3,H3,L3,L2,H3
H2,L2,L2,H1,L1
L2,L2,L3,L2,L1
BN,L3,H3,H1,M1
L3,L2,L2,L1,H2
L1,L1,L3,L1,L2
L1,L1,M1,L3,L3
L2,L1,L1,L3,L2
L3,L2,H3,L3,L1
L3,M1,L3,L2,L1
M1,L1,L3,H2,M1
L2,L3,L1,BN,L3
M1,L3,L2,H3,L2
H3,L3,L3,L1,L3
L3,L1,L2,L2,H2
L2,M1,L3,L1,H2
L3,M1,L1,L3,H3
H2,L3,H3,L3,L1
M1,M1,L1,H2,L2
M1,L1,L2,L2,H1
L3,M1,L3,H1,L3
L2,L2,L1,H3,M1
L1,L2,H3,L3,L3
L1,L1,L2,L1,H3
M1,L1,L1,L1,L2
M1,M1,H1,M1,L2
L3,L1,L1,H3,L2
H3,L1,BN,L2,H3
H1,L2,L3,L2,L2
M1,L3,L3,L3,M1
H2,L3,L1,H3,L1
M1,L3,L3,L3,M1
L3,L1,L1,M1,L3
M1,M1,L3,M1,L1
L3,BN,M1,L3,H3
L1,L2,L1,L2,L2
L2,L3,L2,M1,H3
L3,H1,L3,M1,H1
H2,L3,L2,H3,L1
H3,M1,H2,L1,L3
M1,H1,H2,M1,L2
H2,L3,M1,L3,H2
L3,L1,L3,L3,L3
L1,L1,H1,L1,L3
L3,L2,H3,M1,M1
H2,L2,M1,L3,L2
L3,L2,H3,L2,L1
L2,L2,L2,H3,H1
L1,L2,L1,L3,M1
M1,L1,M1,H1,H2
L3,L1,L1,H2,L3
L3,M1,L2,L3,L3
L2,L1,L2,L3,L3
L2,L3,L3,L1,L3
L2,H3,L1,L1,L2
L3,L3,L2,L2,L2
L1,L3,L1,L3,H3
H2,H1,L2,L3,L2
L3,L1,H3,L3,M1
H3,L2,H3,L3,L1
M1,M1,L3,L1,L3
L1,BN,L3,L3,L3
L1,L3,L3,L2,M1
L2,M1,L3,L2,M1
L1,L2,L3,GL,H2
L3,L2,H2,L2,L2
M1,L3,H3,L3,M1
L2,L2,BN,L1,L1
H3,L2,L2,L1,L1
L2,L1,L1,L1,L3
L1,M1,M1,L2,L1
H3,M1,L3,BN,L3
L3,M1,L1,M1,L3
L2,L3,BN,L1,L1
L2,H1,L2,H2,L3
L1,H2,L1,L3,L2
M1,L3,L1,L1,H3
L3,L3,L3,L3,L3
L2,L2,L3,L2,L3
M1,M1,L2,L3,H3
M1,L3,L2,M1,L1
L3,M1,M1,L2,L2
H3,L2,L2,H1,L2
L1,L2,H1,L2,L1
L2,L1,L3,GL,H3
L2,L1,H1,L3,M1
L3,L2,H2,L3,H3
L3,L1,M1,L1,L1
L1,L1,H3,L1,M1
L3,L3,H1,H2,M1
M1,M1,L1,H3,H2
L2,L3,L1,L3,L1
L1,L3,L2,L3,L3
M1,L3,BN,L2,L1
L3,H3,L3,L1,H2
H2,L2,H3,L2,L2
L3,L1,L1,L2,L1
L1,L2,L1,H1,L2
L2,L1,M1,M1,M1
L2,L3,L2,L3,L3
BN,L3,L2,L3,L2
L2,L2,L3,L3,L2
H3,L1,L2,L1,L1
L2,L2,L2,H2,L2
M1,L1,L1,H3,L1
M1,H1,L2,L3,L3
L1,H3,L2,M1,L2
M1,H2,L3,L3,L3
L2,L2,L3,L2,L2
L3,L1,L3,L3,L2
M1,L1,M1,L1,H3
H3,L2,H1,L3,L2
L2,H1,M1,H3,M1
L3,BN,M1,M1,H2
L1,L1,L3,L1,M1
L1,L3,M1,L3,L2
L2,L1,L1,L2,L2
H2,L1,L1,L3,L3
L2,L1,M1,L3,L2
L2,L2,L3,H3,L3
H2,L2,M1,L1,M1
L2,M1,M1,L1,L1
H3,L3,L2,L3,L3
L3,L2,L3,M1,L2
L3,L3,L2,L3,L3
H2,H2,L1,H2,L2
L1,L1,M1,L2,M1
L3,L2,L1,L2,L3
H2,H3,L1,M1,L1
H3,L2,M1,H2,L3
M1,L1,L1,H3,BN
L3,L2,L2,L3,L1
L1,M1,L3,L2,L3
L2,L2,H3,L1,M1
L3,L2,H2,L1,L3
H3,M1,H2,L1,L2
H3,H3,L1,L2,L3
L2,M1,L3,L1,L3
L1,L3,H2,BN,H3
H3,L3,L1,L1,L3
L2,H3,L3,H3,L1
L3,L3,L3,L2,H1
L1,L3,L1,M1,L3
L3,L1,L1,L2,L2
L1,H3,L3,L2,L2
L3,BN,L2,L3,L3
L1,L2,L1,L1,M1
H3,M1,L2,H3,H2
L3,L2,L3,M1,L1
L2,L1,L3,L2,L3
L3,L1,H3,L2,L3
H3,L3,H2,L1,L2
L2,H2,L2,L2,H3
H2,L1,L3,L2,BN
L1,L2,M1,M1,H3
M1,L2,L2,L3,H2
L2,H3,M1,L3,L3
L3,L2,L2,L2,M1
H3,L2,L3,L3,L1
L1,L1,L1,H2,M1
L1,H1,L3,L1,L2
L3,H3,M1,M1,H3
L3,M1,L1,L3,H3
L3,H1,L2,H3,M1
L2,L1,L3,L3,L2
M1,L3,L2,L1,L3
L2,M1,L2,L3,L1
L1,L2,L2,L1,L2
H3,L2,L1,H3,L3
H2,M1,L2,L2,L2
L3,L2,L2,H3,L2
H1,L2,M1,L1,H3
L1,L3,L3,M1,L1
L1,H1,L3,M1,L3
L1,M1,L1,L3,L3
L2,L2,H3,L1,H3
L3,L2,H2,L1,BN
L2,L1,L1,L1,H3
M1,H2,L2,M1,L2
L1,L2,L2,L3,L2
H3,L2,L3,BN,L1
L1,H2,L2,L3,L1
L3,L3,L3,H2,L1
L2,GL,H2,H2,L2
M1,M1,L2,L2,M1
M1,L1,BN,L2,L3
L3,H1,H3,L3,L3
H1,L1,H2,L2,M1
L1,L1,L2,L3,L1
H2,L3,H3,L2,L1
L3,L1,L3,H1,L2
L2,L2,L2,L2,L3
L3,L3,BN,L3,H1
H3,L1,L3,L3,L2
H2,L3,H2,M1,L1
L1,L1,M1,L2,L3
L2,H3,H3,L1,L1
L2,L1,L3,L1,L2
L3,L2,H2,L3,M1
L2,H1,H2,L3,L3
H1,L2,L3,L3,L2
M1,L2,M1,L3,L2
L1,L2,H2,L2,L3
L2,L3,M1,H1,L1
L3,L1,L1,H3,M1
H1,L1,L1,L3,H3
L3,L3,H3,L2,L3
H2,M1,L3,L3,L1
L3,L3,H3,L1,L3
L1,L2,L3,H2,L3
L2,H2,L3,L2,L2
M1,L1,L3,L2,L3
M1,L2,M1,M1,L2
L2,L3,H3,H2,L1
L2,M1,H1,M1,L3
M1,L3,L2,L1,M1
L2,H3,L1,H1,L1
L1,L2,L1,M1,L2
M1,L2,M1,L1,L3
L1,M1,L2,L2,L2
L3,L1,H3,L3,L1
H2,H1,H3,M1,L1
BN,L2,M1,L1,L2
L1,L3,M1,L1,L2
L3,L2,H3,M1,H2
L2,L2,L1,L3,L1
H2,L1,L3,L3,L1
L1,L2,M1,L3,L1
L1,L1,L1,H1,L2
H3,H3,L1,M1,L2
M1,L3,L3,L1,L3
L2,H3,H2,L2,L2
M1,H2,M1,M1,L3
H1,M1,L2,L3,H1
L2,L1,L2,L3,M1
M1,H3,L3,L1,L2
L1,L3,H2,M1,L2
M1,H3,L2,L2,L3
L1,L2,H1,H3,L2
M1,L1,H3,L1,H2
H3,H3,L3,H1,H3
H3,H2,H1,L1,L3
L2,L2,H3,L2,BN
M1,L3,L3,BN,H2
L3,M1,H3,H1,L2
L3,L3,BN,M1,M1
L3,L2,L3,L3,L1
H3,L2,L2,H3,L3
L1,L3,L3,M1,L1
L1,L3,H3,L1,M1
H2,M1,L2,M1,L1
L2,BN,M1,H3,L2
L2,L3,M1,L3,M1
L1,M1,L3,H1,M1
L3,M1,H3,L1,L3
L3,M1,L3,L1,M1
L2,L2,L2,L1,M1
H3,H1,M1,L2,L3
L2,L2,H1,L3,M1
L3,L2,L1,L1,H3
H2,L3,L3,L1,H3
L3,L1,H1,L2,L1
H3,H1,L3,L2,L2
M1,L2,L2,L3,L3
L2,L1,L3,H1,H3
L2,L1,H1,H3,L3
L1,H3,L2,L2,L1
L2,L1,L1,L3,L1
M1,H1,H1,H1,L1
L1,H2,H1,L3,H1
L1,L1,L3,L1,H1
L3,L3,L1,L1,L1
L1,L1,L1,L3,L3
L2,L1,L3,L3,L2
H3,BN,L1,H3,L3
L2,L2,L2,L1,H1
L3,M1,M1,L3,H1
L3,L1,L2,L3,L3
H3,L1,L3,L1,L3
M1,M1,L1,L1,GL
H2,GL,H2,L3,L2
H3,L2,H2,H2,L2
M1,L3,L1,L2,M1
L3,H1,M1,L3,H3
L3,L1,H2,M1,L1
L3,L2,L2,L2,L1
L1,L2,L2,L3,H3
L1,L1,L2,L3,GL
L2,L3,L2,L2,L2
L1,L3,L2,L3,L1
M1,L3,L2,L3,H2
L2,L2,L2,BN,L1
L3,L1,L3,M1,H1
L3,H3,L1,M1,H3
BN,H1,H3,L3,H2
L2,L2,L2,GL,L2
L1,L2,H1,H3,H3
M1,M1,H2,H1,L3
L3,L2,M1,L3,M1
L2,L3,L1,M1,M1
L1,M1,L3,H3,L3
H2,L1,L2,L2,L3
L3,L1,M1,L1,L2
L1,L1,L2,H3,L3
M1,H3,L1,L1,L3
L2,L3,M1,L2,M1
L2,L1,M1,M1,L1
M1,L2,L3,M1,M1
L2,L2,M1,L1,H3
H1,BN,L2,H1,H3
L2,L3,L3,L3,L1
L1,H1,BN,L2,L1
L3,L2,L1,L2,L3
H2,L2,L3,L3,H2
L2,L2,H2,L1,H2
L3,L3,L1,L2,H3
H2,H3,M1,M1,L3
L2,H3,M1,L1,H3
L2,H3,L3,L3,L3
L2,L2,L3,H2,L1
BN,L1,L3,BN,L3
L1,L3,H1,L3,L1
M1,H3,H3,L3,H3
L2,BN,L3,H3,L1
L1,H2,L1,L3,L3
M1,L3,L3,L2,L3
H3,L2,L2,L2,M1
H2,L1,H3,H2,L3
L1,L1,L2,H2,L1
H1,L2,L1,L2,L3
M1,L3,L3,L1,L3
L2,L1,M1,L3,L2
L1,H2,L3,L2,H2
M1,M1,M1,L3,L3
L3,M1,L3,L2,M1
L3,BN,H3,L2,L2
H3,L3,L3,H3,M1
L2,L2,L3,H3,L3
H1,L3,L3,BN,H2
L1,L2,L3,H2,H3
M1,L2,H3,L3,M1
H3,L2,L1,H2,L3
L3,L2,L3,M1,H2
L2,BN,L3,H2,L3
M1,M1,H2,L3,H1
L3,L2,M1,L3,L3
H2,H2,L3,H2,L1
L1,L1,L3,L1,L2
L2,L2,H2,L3,L3
H1,H3,L3,L2,L3
H2,M1,M1,H1,BN
L3,L2,L3,L2,L3
H2,L1,L1,L1,L3
L2,L2,L2,L3,L3
L1,L3,L2,L2,L2
L3,L1,M1,L2,H2
L1,L2,L3,L1,H3
L1,L3,L1,GL,M1
L1,L2,L2,L3,H2
L1,L1,L2,BN,H2
BN,M1,L1,L1,L2
M1,L2,H1,L1,L3
L1,M1,L3,L2,M1
L2,L1,L2,L2,H3
L2,L3,L2,L3,M1
BN,L3,L1,L1,L3
M1,M1,L2,H3,L2
H3,L3,L1,L1,L3
H3,BN,H2,L1,L1
L3,L1,M1,L1,L3
L1,L1,L2,L3,H3
L1,L2,L2,L3,L1
M1,H3,H3,L2,L2
L2,L1,L1,H1,L3
M1,L3,L3,L2,M1
L2,H1,M1,L2,H2
L3,L2,H3,M1,BN
H3,L1,L1,L2,L2
L3,L1,M1,M1,L3
L2,L2,L3,L2,L2
L3,L2,L2,M1,L3
L2,L3,L2,H1,L1
L2,L1,L1,H1,L2
L3,M1,L2,L1,M1
L2,L3,L3,L3,M1
M1,L2,L2,L1,L1
L3,L3,H2,L3,L1
L3,L3,L1,M1,L3
L1,H3,L3,L1,L1
L1,BN,L1,L2,M1
H3,H1,H3,L3,L1
L3,L2,H2,L2,L3
L3,L1,L1,L2,H3
L3,L2,H2,L2,L3
M1,BN,L2,M1,L3
M1,L2,L2,BN,L2
L1,H3,M1,L2,L2
L3,H1,L2,L3,L1
L3,L3,L1,L3,L2
H3,L2,L2,L2,L1
M1,L2,L3,L2,L3
L2,M1,L3,L2,L3
H3,L1,H2,L3,M1
H2,BN,L3,L3,H3
M1,L3,L1,L1,L2
L1,L1,L3,L1,L2
L1,L2,L1,H2,H1
L3,H2,L2,L2,H1
L1,L3,L2,L1,M1
BN,L3,H1,L2,H3
L3,L2,L2,M1,H2
M1,L2,L1,L1,L1
H3,L2,L1,GL,L2
H3,L3,L3,M1,L3
M1,L2,M1,L1,M1
L2,L3,L1,L3,L2
L2,L3,M1,L3,BN
L2,L2,L3,L1,L2
L2,L2,L1,L2,L1
M1,M1,L3,L1,L3
H3,L2,H2,M1,H2
BN,H2,L2,L2,L1
L3,L3,L2,M1,L3
L3,M1,H3,L3,L3
M1,L3,H2,L2,L2
L2,L3,GL,L3,H2
L3,H1,L3,L1,L2
L3,M1,L3,H2,BN
H2,L1,H3,L3,H3
L2,L2,L3,L1,M1
L1,M1,L2,L1,L2
L2,L2,L1,L2,H2
L2,H2,L2,H3,L1
L3,M1,H3,BN,H2
L2,L2,H3,L3,H1
L2,L3,L1,L2,L3
L2,M1,L2,L2,L1
H1,L3,L1,L3,L1
L1,L1,L1,L3,L1
L2,L3,L3,L1,L2
H3,L2,M1,L3,L2
L3,L3,L2,H3,L1
L2,H3,L2,L2,L2
L1,L2,L2,H1,L2
L2,L1,L3,BN,H3
H2,L1,M1,L2,L3
L3,M1,L2,M1,H2
L1,L2,L3,L2,L2
L3,L2,L3,L3,H3
H1,L2,M1,L2,BN
L2,M1,L2,L2,L1
L3,L1,H2,M1,M1
L3,H1,L3,L2,H2
H3,L3,L2,L1,L3
L1,M1,L2,L1,L3
H3,L3,M1,L2,H2
L3,L1,L2,H3,BN
L3,L1,L2,M1,L2
L3,L1,L1,L1,L2
L2,M1,L1,L2,M1
L3,L1,L2,L1,L2
L1,M1,L2,L1,L3
L3,M1,M1,M1,L3
L2,M1,L2,M1,L3
L2,H2,L1,M1,M1
M1,L3,L2,L1,L1
L3,M1,H3,L3,L3
L3,L2,L2,L3,L2
L3,L2,M1,L3,H3
L1,L2,L3,L1,L1
L1,M1,M1,L3,L3
L3,H3,H3,L2,BN
H3,BN,L3,L3,L3
L2,H3,H1,L3,L1
L1,H1,L1,L3,L1
L3,L1,L2,H3,M1
H3,L2,L3,L3,H2
H3,H3,L1,L3,L2
M1,L1,H3,L3,L3
L2,L1,M1,L1,L3
BN,H1,M1,BN,H1
L3,L2,L1,L1,H3
H1,L3,L3,L1,H3
L3,L1,L3,L2,M1
L1,L1,L1,L3,L1
L2,H3,L2,L3,L2
L3,L3,L2,L3,L2
GL,M1,M1,L2,M1
L2,H2,L2,L3,L3
L2,L1,L2,L2,H3
L2,M1,L3,H3,L3
H3,L3,M1,M1,L3
L1,BN,M1,M1,H1
L3,M1,H3,H2,L1
L3,M1,L2,L1,L1
L3,H1,L2,L3,L3
L1,L1,L2,L2,L2
L3,M1,H1,H1,L1
H1,L3,M1,L2,L1
H3,L1,BN,L2,L3
L2,L2,H2,L3,L2
L2,L1,L1,H2,L3
L3,L1,L2,L2,H3
H2,L1,L1,L3,L3
L2,L1,L3,H2,L2
H3,L2,M1,H2,L3
L3,H3,H1,M1,L2
L3,L3,M1,L2,H3
L2,H3,L2,M1,H3
H3,L1,H1,L3,L1
L1,L1,L1,L3,L1
L2,L2,L1,L2,M1
H2,L1,L1,M1,L2
L2,M1,L2,L3,L2
H2,L2,L2,L1,H3
L3,H2,L1,L1,L2
M1,L3,L2,M1,L2
L2,M1,L2,L1,L3
M1,H3,L2,L3,L1
H2,L2,L1,L1,L2
M1,H3,L3,L3,L2
M1,L1,L1,L1,L3
H1,H2,H3,L1,M1
L1,M1,H2,L3,M1
H3,L2,L3,L1,BN
H3,L3,L1,L1,L3
L1,H3,H2,L2,L1
M1,L1,L1,L1,H3
L2,H2,L3,L2,M1
L3,L1,H3,L2,L2
BN,L3,L1,L3,L2
M1,L3,L3,L1,H1
L2,H2,L3,L3,L1
L1,H2,L1,H3,L2
L2,L1,H2,L2,L3
L3,M1,BN,L3,L1
L1,L2,L3,L3,M1
L2,L3,H3,L3,L2
L1,L3,L3,L1,L1
H3,L3,H3,L3,L2
L1,H3,L3,L2,L3
L3,L2,L3,L2,M1
L3,L2,L3,L3,L3
L3,L1,L3,L1,M1
M1,L2,L2,H3,L3
L1,GL,L3,L3,L1
L2,L2,L2,M1,L3
L1,L2,L2,H3,L2
H2,L2,H2,L2,L2
L3,L1,L2,L3,L3
L2,L2,L2,L3,L3
M1,L3,L3,L3,H2
L3,L1,L3,M1,M1
L2,M1,H2,L1,M1
H2,L1,L3,L2,H3
L3,L1,L3,H2,L3
H2,L2,L2,L1,L3
H2,L2,M1,L3,L2
L1,L3,L3,L3,L1
BN,M1,BN,L3,H3
L2,L3,L2,L1,L1
L1,M1,L1,L3,H2
H3,L2,M1,L1,L3
L2,L3,M1,L2,L2
M1,L2,L3,L3,L2
L2,H3,L1,L3,L2
L2,L3,L3,L1,H3
H3,L1,L2,L3,M1
L1,BN,L1,L1,L2
L1,L1,L3,BN,L3
L3,L2,H2,L1,L3
M1,L1,L1,L3,M1
L3,L3,L1,H1,L3
L2,H2,H1,L3,L1
L2,L3,L3,L2,H2
L3,L3,L2,M1,L2
L3,L2,L2,L2,L2
L1,H3,L1,L2,L1
L1,L1,L1,L2,BN
L2,L3,L2,L3,L2
H1,L1,L3,M1,L1
L3,H1,L2,L3,L1
L3,L2,L3,L2,L2
L2,H3,L2,M1,L3
H2,L3,BN,M1,L2
H3,H1,L1,H3,L2
L3,L2,M1,L2,L3
M1,BN,H3,L2,GL
L2,L3,H3,L1,M1
L3,L1,H1,M1,M1
L1,H3,L1,L2,H2
M1,H2,L3,L3,H3
L3,H3,H3,L3,L2
L1,L1,L2,L1,H2
BN,L3,L3,L2,L1
L3,L2,L2,L1,H3
L1,L3,M1,L1,M1
L2,H3,L3,L2,L1
H3,L3,L3,M1,L3
M1,L1,H3,L1,L2
L2,L3,L2,L3,L1
M1,L2,L3,H2,H3
H1,H2,L1,L3,L1
L3,L2,H3,L3,L1
L2,M1,L2,M1,H3
L1,L2,L3,L1,L2
L1,L2,M1,M1,M1
M1,BN,L2,L1,L2
M1,L2,H3,L3,M1
H2,L2,L2,L2,H2
L1,L3,H3,L2,L2
H3,M1,BN,H2,H3
H1,L3,L1,H3,L2
L2,L3,L1,L2,L2
L1,L3,L2,M1,H2
L2,L3,M1,L2,L3
H2,H3,L2,L3,L2
L3,L1,L2,L2,H2
L1,L2,M1,L3,L3
L1,L2,M1,H1,H2
L2,L1,M1,H1,L2
L1,H3,L2,L2,L3
L3,H2,L3,L2,L3
H3,L3,H2,L3,L3
L1,H3,H2,L3,L1
BN,L1,L3,L3,M1
H1,H1,H1,H3,H1
M1,L3,H3,L2,L3
L3,L2,H3,L1,H2
GL,M1,L2,L3,M1
L2,L3,L1,H1,M1
M1,H3,L3,H3,L3
L3,L3,L1,L1,H1
L1,H2,M1,L2,L2
L3,H3,L1,H3,L2
M1,M1,L3,L2,M1
H1,H3,L2,M1,L1
L2,M1,L1,L3,L1
H3,L2,H2,L2,L3
L1,L3,L2,L2,L3
L2,L2,L2,BN,H2
L2,H3,L3,L2,L2
H2,L1,L1,L3,L3
L3,L1,L3,L1,L1
L2,M1,L3,H3,L1
L2,M1,L1,L2,L3
L3,L1,M1,L3,M1
L1,L2,H2,L1,L1
L2,L3,L3,L1,L3
L1,L1,M1,L3,L3
L3,L3,H3,L2,L3
H3,L3,L2,H2,L3
L1,L1,L3,L2,H1
L1,L3,H2,L3,M1
L1,L3,L1,L2,L2
L1,L2,L1,L3,L2
L3,L3,L2,L2,L3
H2,L2,L1,L1,L3
H2,L3,L2,H3,H3
L3,L1,H3,H3,L2
L3,H2,L1,M1,L3
L3,L3,M1,L3,BN
L1,BN,L2,L3,L3
L1,L3,L1,L2,L3
M1,L3,L3,L2,H2
L3,L1,L3,L3,H1
H3,L1,L3,M1,L3
L3,L2,H1,H3,L2
H1,L3,L3,L3,L2
L2,L3,L2,L3,H3
M1,L3,H3,L1,H1
M1,L3,L1,L3,M1
L3,L3,L2,L3,L3
L1,L3,L3,L1,H1
L3,H1,L2,H3,L1
H2,M1,H2,L3,L2
BN,L2,L1,H3,L1
L2,L2,L3,L3,L3
H2,L2,BN,L1,H1
M1,L3,H3,H2,L3
L3,H2,L1,L2,M1
L3,H1,M1,L1,L1
M1,H1,L2,L2,L3
L1,L2,L1,L3,H3
L3,L3,L1,L3,L1
L1,M1,L1,L2,M1
L1,H2,L2,H3,L1
L3,H3,L3,L2,H3
L3,L1,L2,L2,L2
H3,L1,M1,M1,H1
L3,L3,M1,L3,H2
L1,L1,L3,L1,L1
L2,L3,H1,L3,H1
L1,L2,L3,L3,H3
L2,L3,M1,L2,L2
L2,H2,L1,L3,M1
M1,H3,L3,H1,L2
L3,L3,M1,L2,M1
L1,L3,L1,M1,GL
M1,L2,H1,L3,L2
L3,M1,H1,H3,L3
L2,L1,L3,H1,M1
L3,M1,L1,L1,L3
BN,L2,H3,L3,H1
L1,L3,L3,H3,H2
L2,M1,L2,L2,L3
H2,L1,H3,L1,L2
H2,L1,H3,L1,L1
L2,H3,L1,M1,L2
M1,BN,L3,L2,L3
L2,M1,L1,L3,L3
H2,L3,M1,H2,M1
M1,L2,L2,L1,L3
L1,M1,H2,L1,H3
L1,L3,H2,H3,L3
L2,L1,L2,L1,M1
L2,L3,H1,H2,L1
M1,L2,L3,L1,H3
L1,L3,BN,L1,L1
L1,M1,L1,M1,M1
M1,M1,L2,L1,L1
BN,L3,L2,L3,M1
H3,H3,L3,L3,L2
H3,H3,L2,L3,L3
H3,M1,H1,L1,L1
L3,L3,L2,H3,BN
M1,L2,H1,L3,H1
BN,L3,H3,L3,L3
M1,L2,H2,L3,M1
L3,H3,L2,L2,L1
M1,L3,L3,L1,H3
M1,H2,L3,L1,M1
L2,M1,L1,L2,M1
L3,L2,M1,L3,L2
L2,M1,H3,L1,H1
L3,M1,H3,L1,BN
L2,L1,L2,L2,H2
L2,M1,H2,H2,M1
L2,L1,L3,H3,L3
L1,L3,L1,M1,H3
L2,L2,M1,M1,M1
BN,L1,L3,L3,L3
L3,L1,BN,L2,M1
L3,L3,L1,BN,H2
H3,H2,L3,L3,L2
L1,H1,L1,L2,L3
L3,L2,L1,L2,M1
M1,L1,L1,H3,M1
L1,L3,H1,H3,L3
H2,L2,H3,H3,H2
L1,L2,L3,H1,H2
L3,L1,H2,H2,L1
L3,L3,L1,H1,L2
M1,L1,L2,H1,L3
L3,H2,M1,L1,M1
L3,L3,L3,L2,L1
L1,L2,L2,L3,H2
L3,L3,L3,H2,M1
M1,H3,L3,M1,GL
L3,L2,L1,BN,L3
H1,L2,L3,H2,L2
L3,H2,L2,L3,L3
H3,L2,M1,L1,H2
M1,L1,H3,H2,L2
L1,L1,L1,L1,L2
M1,L1,L3,M1,H2
L2,M1,M1,L3,L3
L1,L1,L2,H2,L2
L3,M1,H2,H2,L1
L2,L2,M1,L3,L1
L3,H1,H3,M1,L2
L2,L3,L2,L3,BN
L3,L3,L3,H1,L1
L3,L3,L3,BN,H3
L2,L2,L3,L1,H3
H3,H3,L2,M1,L1
L3,L2,L1,L3,L1
H1,L2,H3,L2,M1
H3,L2,L1,H2,L3
L1,L1,H1,H2,L3
L2,H3,L2,M1,L3
L2,H3,L3,BN,L2
H2,L2,L3,H3,L3
H2,M1,M1,L3,H3
M1,L3,H3,L1,L2
L2,M1,L1,L2,L1
L2,L1,H3,L3,M1
L1,M1,BN,L1,H3
L3,M1,L1,M1,L3
H3,L3,L3,M1,M1
L2,L2,H2,L3,L3
L3,H3,L3,BN,H1
H2,L2,L2,L2,L3
L3,H3,L3,L1,L2
L2,L1,L1,L2,L3
L2,L2,BN,L3,L1
L3,L3,L1,L2,M1
L3,L2,L3,L2,L2
L2,L1,H3,M1,L2
L3,L3,L1,L1,M1
L1,L2,H3,L2,L2
L3,L1,L3,L2,L2
H3,L3,L1,L1,L2
L2,M1,L2,L1,L1
M1,H2,L2,L2,L1
L3,H2,L1,L1,H3
L2,L2,L3,L2,L1
H3,L3,L2,H3,L2
H3,H2,L1,L3,L1
L3,L3,L1,L1,L3
L3,H3,H1,L2,L3
L1,L3,L3,H1,L2
L1,L3,H1,L3,L3
L3,H3,L3,H3,L1
M1,L3,L1,L1,H3
L3,L1,L1,L3,L3
H3,M1,L1,H2,H3
L1,H3,L2,L1,M1
L3,L2,L2,L3,M1
L2,M1,H3,L2,L3
L3,L3,M1,L2,L1
L3,M1,L3,L3,L2
L3,L3,H3,H2,M1
H2,L3,L2,M1,L3
M1,BN,L1,M1,L1
L3,L3,H2,H2,L2
M1,L3,L1,H3,L3
L3,L2,L3,L2,L3
H2,L3,H3,M1,L3
L1,L3,L1,H3,L2
H2,H3,M1,M1,L3
L2,L3,L3,L1,L3
L3,L3,L2,L2,L3
M1,H3,M1,H1,L2
L3,M1,L3,H1,H1
L2,L1,H1,L1,H2
L1,L2,L2,M1,L1
L2,L3,L1,L3,H3
L2,M1,L3,L1,H1
L2,L3,L1,M1,M1
L2,L3,L1,L3,H3
H2,H3,M1,L2,L2
H2,BN,L1,H1,M1
H1,L2,L1,L2,L3
L3,L3,L3,H1,L1
H2,M1,L2,M1,L1
H1,H3,L2,L1,L2
L3,L3,L1,L3,H3
L1,L1,H2,L2,H3
L2,M1,L1,L1,H3
L3,M1,H3,L2,H2
L3,L2,L1,L3,L1
L3,L3,L1,L1,H3
H3,H3,L1,L2,L1
H2,H3,H2,L2,L2
H1,L3,L2,L2,L2
H3,L3,L2,L1,L2
L2,L2,L3,L3,L2
H2,L1,H1,M1,L3
H3,L2,M1,L3,L1
L2,L2,M1,M1,L2
M1,H2,L2,L3,H3
L2,H3,L1,L3,L2
H1,H2,L3,H3,BN
L3,L3,L2,L1,L3
L1,BN,H3,L3,L3
L2,L1,L2,H3,L2
L3,H2,H2,H3,M1
M1,L3,M1,L3,L1
M1,L3,H2,L2,L1
L3,M1,H3,L1,L3
L1,L3,L2,L1,L2
H3,L1,H2,L2,L2
L2,H3,H1,L2,L3
L2,L3,L1,L2,L2
H3,L2,M1,L3,L2
H1,L1,L2,L2,L3
L3,BN,L3,L3,L3
H1,L3,L3,L2,L2
L3,H3,L1,L2,L1
L2,H2,L3,H3,L3
L2,H2,L2,L3,L1
L2,L2,H2,L2,M1
L3,L3,L1,M1,L1
H1,L1,L1,L3,L2
L1,L3,H3,M1,L1
L3,L3,M1,M1,H2
L1,L2,L3,H2,L2
BN,H3,L1,L3,L2
L1,L2,M1,L2,L1
L1,L3,M1,L3,L3
L1,L2,L1,L3,M1
M1,L3,L3,L2,H2
L3,H3,L1,M1,L2
M1,H2,L3,L2,L1
L2,L3,L3,L2,L3
L3,L1,L3,L3,H2
L1,M1,L2,H1,L2
H2,L2,H2,H3,H3
L1,H1,L1,H2,L2
L1,L1,H1,L2,L3
H3,L3,L2,L1,L3
H3,L3,M1,H3,H2
L2,H2,L3,M1,L2
L2,L1,L1,H2,L2
H2,L3,H3,L2,L1
L3,L3,L2,L2,L1
L2,L3,H2,L3,L2
L1,L2,L2,M1,H3
L2,L2,H1,L1,L1
L3,L3,L2,L3,L3
H2,M1,M1,H2,L1
L1,L1,L1,BN,L3
L1,M1,H2,H2,L3
L1,L3,L2,L1,H2
GL,M1,L1,H3,L1
L2,L1,H3,M1,L1
L1,L2,L3,M1,H2
L2,H2,L1,L1,H3
L3,L3,L1,L1,L2
L2,L1,L1,L1,L3
L3,L2,L1,L3,L2
L2,L1,L3,L1,L3
M1,L3,L1,L2,L3
H1,H2,L3,L2,L3
H3,M1,M1,M1,L2
L3,L1,L2,L1,L2
L2,H2,L3,M1,L1
M1,L2,L2,L1,L2
H1,L2,L2,L3,L2
L2,L2,L1,H2,L2
L1,M1,L3,L3,H1
L2,L2,H1,L3,L3
H3,L3,L1,H3,L1
L3,H2,BN,L3,L2
L3,L2,L1,H1,L3
L1,H3,L1,H2,L2
M1,L2,M1,H1,H2
H2,H3,L2,L3,L3
L2,L2,L2,H3,L1
L3,H2,L1,M1,L2
L2,L2,M1,L1,L3
L3,L3,L2,H2,M1
H1,L2,L2,L3,L1
L3,L3,L3,L1,L1
L3,H2,H1,H3,L2
L3,L2,M1,L2,L1
H1,L2,H1,L3,BN
L2,L3,L2,M1,L2
L3,L3,H2,L1,H3
L1,H1,L3,L2,H2
L3,L2,H2,M1,L3
L3,L2,M1,L1,H3
L3,H3,H3,L2,L3
L2,L2,M1,M1,L3
H3,L1,BN,L3,L1
L3,L2,M1,M1,L2
L2,L2,L1,L3,L3
L2,L3,L3,L2,L2
L2,L3,L1,L2,M1
L3,BN,L1,L1,L2
L2,H2,H2,M1,BN
L2,H2,H3,L3,L1
L3,L1,L2,L3,H3
L2,L1,M1,BN,L3
L1,L1,L1,L3,M1
H2,M1,L3,L3,L2
L1,L3,L1,L2,L2
L3,L3,L2,M1,L2
L2,L3,H1,L2,L1
L1,H3,L3,L1,L2
L1,H2,M1,L1,H3
L1,H2,L2,L1,L3
L1,L2,L3,L2,H2
L1,H3,L2,L1,H3
L3,GL,L3,L3,L1
L3,L1,M1,L1,L1
L3,L2,H2,L3,H3
L2,M1,L2,L2,L3
L1,L3,BN,L2,L2
M1,L1,H1,L3,L3
L3,H1,M1,L3,H1
L3,L2,L1,L1,L3
L3,H1,H3,L1,L3
H3,H3,H2,L3,M1
H1,H2,L3,H3,L2
L1,L2,M1,L2,M1
H3,L2,H3,L2,L3
L3,L3,L1,L2,L1
L1,L3,BN,L1,L1
L3,L1,L1,L2,L1
H3,L3,H3,H3,M1
M1,H1,L3,L3,L2
L1,L1,L3,M1,L3
BN,H3,L2,L3,L2
L1,M1,L1,L3,L2
L3,L1,L3,M1,L1
H3,L2,L1,M1,L1
L3,L2,L3,H2,L2
H2,M1,L3,L3,L3
M1,L1,L3,L2,H1
L1,M1,L2,H3,H3
L2,L1,H3,L2,L3
L1,H2,L2,L3,L1
H2,L3,L1,H1,L2
L2,L3,L3,H2,L1
L2,L3,L3,L3,BN
L3,L3,L2,L1,L1
L2,BN,H3,M1,L1
L1,M1,L1,L3,M1
L3,L3,L1,L3,L3
M1,L3,L3,L3,L2
L3,H2,L2,L1,L3
L3,M1,L3,L3,L1
L2,L1,L2,M1,H2
L1,L1,L2,L2,L2
H3,L3,M1,H3,L1
M1,L3,L1,L1,L3
M1,M1,H2,L1,L1
L3,L1,L3,L3,L1
M1,L2,L1,H1,L2
L3,L3,L3,L2,L1
H1,H1,L2,L3,H1
L1,M1,H2,L3,L3
L3,L3,L1,L1,L1
L2,L3,L3,BN,H2
L3,L2,L3,L1,L3
L1,L3,M1,L3,L3
L1,L2,L2,H3,L2
H1,L1,L3,H3,L3
L1,L3,L1,L2,L3
L3,H3,M1,M1,M1
L1,L3,L2,M1,L2
L1,L2,H2,M1,L1
H2,L2,H3,H2,L3
L1,L3,L1,H2,L1
L2,L1,L2,H2,L1
L3,M1,L2,L2,L3
L2,L2,L2,L3,L3
L2,L2,L2,H1,H2
H3,L3,L3,L3,M1
L3,L2,L2,L2,L2
L3,L2,L2,H2,L2
L3,L3,L1,L3,L1
M1,L1,L2,L3,L3
H3,H2,H3,H3,L1
M1,L3,H3,L1,L3
L2,L1,L2,BN,M1
L1,L2,L1,L3,H3
L2,L1,L1,M1,L1
L1,L2,H2,L2,H3
M1,L3,H2,L3,L2
L3,L1,L3,L2,M1
L2,L3,L2,L3,L3
L1,M1,L3,H3,L1
L3,L3,L2,L1,L1
L3,L3,H1,H3,L1
L3,H3,H1,M1,L2
L2,H1,M1,L2,L1
M1,L2,L1,L1,M1
BN,H3,L3,L2,L3
L2,M1,L3,L2,H1
L3,L2,L3,L3,L2
H3,L3,L3,L2,L3
H1,L2,M1,H3,L2
L1,L2,L2,L1,L2
H3,BN,L2,L3,M1
L3,L2,H3,L2,M1
L1,L1,L2,H3,M1
L2,L1,L2,L3,M1
M1,L2,L1,L1,L3
L3,H3,H3,M1,L1
M1,L1,L1,L2,L2
L2,H2,L2,H3,L1
H1,H2,H1,L2,L2
H1,L1,H2,L3,M1
M1,H2,L1,L1,M1
M1,L1,L1,L2,L1
L3,L1,H1,L3,L2
L2,L2,L2,L2,L1
L3,L2,M1,L1,GL
BN,L3,L2,L3,M1
L2,L2,L2,M1,M1
H1,M1,M1,L3,L2
L1,L1,L1,L3,L2
L1,M1,L1,M1,M1
L1,L3,H1,BN,H2
L2,H3,L2,H1,L3
L2,L3,L3,L3,L3
L2,M1,H2,L1,H2
M1,L1,L1,L1,M1
H1,L2,L3,L3,L1
H3,H1,L1,L1,L3
L3,H3,L2,L1,L1
M1,L2,L3,M1,L1
L1,L1,L2,H3,M1
L1,H3,H3,H3,L3
L1,L2,M1,L3,L1
L1,L3,L2,L1,L3
L3,L1,L1,H2,L2
H1,L1,L3,M1,L3
L2,H2,L1,L2,L1
M1,M1,L3,L3,L2
H2,L3,H3,M1,L3
L3,L2,H3,M1,H1
L3,L3,BN,BN,H2
L1,L1,H2,L1,L1
L3,L2,L3,L1,L2
M1,L3,L1,M1,L1
H3,M1,L2,H3,L2
H2,L1,H3,L2,L1
M1,L1,L3,L1,H2
L2,L3,L3,L1,L3
H1,L3,L1,L3,L3
H2,L2,H3,BN,L1
L3,L2,M1,L3,L3
M1,H2,L1,H3,L3
L2,M1,H2,L2,M1
H2,H3,L3,L1,L2
L2,H3,BN,H2,L2
M1,L2,H1,H2,L2
L3,L2,L3,L3,H1
L2,H2,L3,L1,L2
M1,L3,L3,BN,L3
L3,L1,L3,H3,M1
H2,L1,L2,H3,L2
L2,M1,L1,L1,L2
L3,M1,L3,L3,H1
H1,L2,L3,H3,L1
L3,M1,M1,L3,H3
L2,L2,H3,L1,L3
M1,H3,L2,L2,L2
L1,L2,L1,L2,L2
L3,H2,M1,H2,H3
L3,L3,M1,L2,L3
L2,H2,L1,L1,L3
L3,L1,L2,L3,M1
L3,L3,H2,L3,BN
L3,L3,L2,L2,M1
L2,L2,L2,L1,L2
L2,L1,L2,H1,L1
L2,L3,M1,H2,L3
L2,H1,L2,H2,L3
L1,L1,M1,L3,L2
L1,H2,M1,L3,L2
L2,L1,L1,L3,L2
H3,L2,M1,L1,L3
L3,L1,L2,L3,L2
L3,L2,H2,L1,L2
L3,H3,L3,L3,L1
M1,L1,L3,L3,L2
H2,L2,BN,M1,L3
L3,BN,L2,BN,L1
H3,L3,L1,H1,L1
L2,H3,L2,L1,L2
L1,L2,H3,L1,L1
L1,L3,H3,L2,L1
L2,M1,H2,L3,H2
H3,M1,L1,L1,H2
L1,L3,L2,L3,L2
L3,L3,L3,L1,L1
L3,L2,M1,M1,L1
L2,L3,M1,H3,L2
H3,M1,L3,L2,L2
H2,L1,H2,L2,L3
L2,M1,L1,L1,M1
L1,L1,H3,L2,L3
L1,L2,L2,M1,M1
H1,L1,H2,BN,L3
L3,L3,L3,L1,L3
M1,L3,L1,M1,H3
H3,L2,L2,L2,M1
L1,H1,H2,L1,H2
L2,L2,GL,L3,L1
H3,L1,L3,H2,M1
M1,L2,L1,L1,L1
L3,L1,M1,H1,M1
H1,L3,L3,L3,L2
L1,L2,H3,L1,L2
L2,H3,L2,L3,M1
L3,H2,L1,BN,L2
L3,L3,L3,L1,M1
H3,L1,M1,L3,L3
L1,L1,L2,L3,L3
H3,L2,L1,L2,L3
L1,L2,H2,L2,M1
L3,L3,L1,L1,M1
H3,L2,M1,L3,M1
H3,M1,L1,L3,L3
H3,L1,L3,L3,BN
L2,L3,L1,L2,L2
M1,L1,L2,L3,L2
L2,H1,M1,L2,L3
H2,L3,L2,H1,H3
M1,BN,L3,L1,H3
L2,M1,L3,H3,L3
L1,L2,L3,L3,L1
M1,L3,M1,L2,M1
M1,M1,M1,BN,L3
L1,L1,H2,L2,L1
H2,H3,H3,L1,L3
L1,L3,H1,M1,H1
L1,L3,M1,L2,L2
L3,H3,L3,L1,BN
L1,L1,L3,H3,L2
H3,L1,L3,L1,M1
L2,BN,L1,L2,L3
L3,M1,L2,M1,L1
M1,L2,L1,H3,L1
L2,L3,L2,H1,L2
L1,L1,L3,L1,L3
H2,L2,H2,L3,H2
M1,M1,L1,L1,L2
BN,L2,M1,L2,L2
L2,L2,L1,L1,L1
L2,L2,L2,L2,L1
L3,H1,M1,L2,L1
L2,L3,M1,L3,L2
L3,L3,L1,H3,L3
H2,L1,M1,L3,H2
L2,L2,L3,M1,M1
L2,L3,M1,L3,L3
L2,L1,L1,L3,L3
L1,L1,L3,L2,M1
H3,L2,BN,L2,L2
H3,BN,L1,L1,H1
L3,L3,H3,L2,L3
L3,L1,L2,L3,L1
L1,L2,M1,L3,L3
H1,L2,L2,L3,L3
L3,L1,L3,L2,M1
L3,L1,M1,L1,M1
L2,L1,M1,BN,H3
H1,H2,L2,L1,L3
H2,L1,L2,L2,L2
L3,L3,M1,L2,L2
M1,L2,H3,GL,H3
L2,M1,L2,L1,M1
M1,L2,L2,L1,L1
L1,L3,L1,L3,H3
L3,L3,GL,L3,L3
L2,BN,L3,BN,L2
L1,L3,L3,L2,L2
L2,H3,M1,L1,L1
L3,L3,L3,L3,L2
L3,M1,L3,L2,M1
L1,L1,L1,L1,L3
L3,L2,M1,H2,H3
L2,H2,M1,L3,L3
L1,L2,M1,H3,L2
M1,L3,L1,L2,M1
L2,L2,L1,L3,H2
L3,H1,L3,L2,H1
L2,L2,L2,M1,M1
M1,H3,L3,L3,H3
M1,L1,H3,L2,L1
M1,L2,L3,L3,M1
L1,H3,L3,L2,L3
H2,L1,L3,L2,L3
L2,L1,L3,L3,L1
L2,L3,M1,H2,L1
H3,L3,L3,L1,H3
L3,H3,BN,L3,L2
L2,M1,L3,L1,L1
H1,M1,L2,L3,L1
L2,L2,H1,L3,L1
L3,M1,L1,L1,L2
L3,L3,L2,L3,L2
M1,L3,H3,H1,L3
L1,L3,L2,M1,L3
L3,L2,L2,L3,L2
H3,L3,H2,L1,H2
L3,L1,L3,L1,L2
L1,BN,L1,L3,L3
H2,L3,M1,M1,L3
L2,L2,L3,L2,L3
H3,H3,L3,L1,H3
L1,L1,L2,L1,L2
L3,L2,H1,L1,M1
M1,L1,H2,L3,H2
L3,L3,L3,L2,L2
L1,BN,L3,L3,L1
M1,L2,M1,L3,L2
L1,L2,L2,L2,L1
L3,L1,L3,L2,L2
M1,L2,L3,H2,H3
L3,M1,L2,L3,H1
H3,L1,M1,L2,L2
L3,L3,H1,L1,L1
H2,H2,L1,L3,L2
L3,H1,BN,L2,L1
M1,L1,L1,H2,L2
L1,H1,M1,H1,L3
L2,M1,L1,L2,M1
L3,H2,H2,L1,L1
L1,M1,L1,M1,L2
H3,M1,L3,M1,H3
L2,L1,H3,L1,H2
L2,L3,H3,H2,L3
BN,L1,L1,L3,L2
H2,H3,L1,L2,H3
L2,BN,M1,L1,L2
M1,H2,L2,L1,L1
L1,L2,M1,L1,L3
H2,L2,L3,L3,L3
L3,H1,L2,BN,H1
L3,L1,L3,L2,BN
L2,L2,H1,L1,M1
L2,L2,L1,L3,H3
L3,L3,M1,L2,L1
L2,L3,L1,L2,H1
H3,L1,L3,H2,L3
L3,H3,L1,M1,H1
H3,L3,L3,L1,L2
L1,M1,L2,L2,H3
L2,L1,M1,L3,H1
H3,L2,H3,M1,L2
L2,L1,L3,L2,L3
L3,L2,L2,H2,L1
L2,H3,H1,L3,L1
L2,M1,M1,L1,L3
L3,L2,L1,L1,L3
L2,M1,BN,L2,H2
L2,L2,L3,L3,L3
M1,L3,L1,L3,L3
L2,L2,L2,BN,H2
M1,L3,L3,L1,L1
L3,M1,L3,L2,M1
L3,M1,L1,L3,L2
L3,L3,GL,L1,M1
L1,M1,L3,L3,L1
L2,L1,H1,H2,L2
H1,H3,L2,H1,L1
L3,L1,H3,M1,L3
M1,L1,L1,M1,L2
L3,L1,L2,L1,H1
H1,L2,BN,L1,L3
H3,M1,H2,L2,M1
M1,L3,L1,BN,H2
L1,L3,L3,L1,L3
H3,H3,H3,M1,M1
L2,L3,H1,L3,L2
H3,L2,L3,L3,L2
L2,L3,L1,L2,L3
L1,L2,M1,L3,L1
L1,L1,L1,L1,L1
L3,L2,L1,L1,M1
L3,L2,H1,L2,L3
L1,M1,L2,L1,L3
M1,L2,L1,L3,L2
L2,M1,L1,L1,L2
L2,M1,L1,L3,L1
H2,L2,L2,L1,L2
L2,L3,L1,H3,L1
L1,BN,L1,L3,L2
L1,L1,L3,M1,L3
L2,L2,L3,H2,L2
BN,L2,M1,M1,L2
L2,L3,L2,L3,L3
L3,L3,L2,M1,BN
M1,L1,M1,H3,L2
L2,L2,L3,L3,L1
L2,L3,L3,BN,L2
L1,L1,L1,L2,L2
M1,L3,L2,L2,L1
L1,H3,L1,M1,L3
L2,L1,L1,M1,L2
L3,L3,H3,M1,M1
L3,L3,M1,L1,L3
L2,H2,L1,L3,BN
H2,L2,M1,H3,H2
L3,H3,L1,L1,L2
L2,L3,M1,H1,H1
L2,L1,L3,L3,L3
L1,M1,L3,M1,H3
L3,M1,H2,M1,H2
L3,H3,H1,L1,L2
L2,L3,L1,H2,M1
H3,BN,L3,L2,M1
L3,H3,H2,L2,L1
H3,L3,H3,L1,L1
L3,L1,L3,M1,L2
L1,H3,L2,L3,L2
H3,L3,H3,M1,L1
BN,H2,L2,L2,L2
H2,M1,L2,L3,L1
L1,L3,L1,L3,L2
L3,L2,L3,H2,M1
L2,L3,H3,H2,BN
L2,L1,L1,L2,L3
M1,L1,L2,L3,L2
L3,L3,M1,L3,H2
L2,L3,L1,L2,L3
L3,H1,M1,L3,L1
M1,L3,L3,M1,M1
L1,L1,L3,H3,L3
L1,L3,L1,L1,L2
L2,L2,L3,M1,L2
L3,L1,L3,L1,L2
L2,L2,L1,H3,L2
L3,L3,L2,M1,L1
L1,L3,L3,M1,M1
L3,M1,L1,L2,H3
M1,L1,M1,L1,H2
L3,L2,L2,L2,L2
H3,H3,L3,L1,M1
L3,L2,H2,H3,L3
L3,L2,L1,H2,L2
L2,L3,L3,L3,L3
L1,M1,L3,L1,L3
H1,M1,M1,L3,L2
H1,L1,H3,L3,L2
L1,L1,L2,L2,M1
BN,L3,M1,L2,L2
L3,L2,L3,L2,L3
L1,M1,L2,H2,L3
L1,L2,M1,H2,L1
L1,L2,L2,L3,L2
L2,L1,H1,L3,L3
L2,L1,L1,H3,L3
L3,H3,L3,H2,H2
L2,H2,L1,M1,L2
M1,L3,H2,M1,H3
L1,L3,BN,L2,L2
L3,L3,H3,L1,L1
L2,L1,L1,L1,L3
L2,L1,L3,L1,L1
L3,L1,H2,H2,H2
M1,L3,L1,L3,M1
L2,L3,L1,L2,L3
H3,L1,L3,L1,L1
L3,L1,L2,L3,L2
L3,L3,M1,H3,H3
H2,L2,L1,M1,M1
L1,L2,L2,L3,BN
L1,H3,H3,L3,M1
M1,H2,M1,L1,L2
H2,L3,L3,H2,L3
H3,L2,L2,L1,L3
M1,L1,L3,L1,L3
L1,L3,L2,M1,M1
L2,M1,L2,M1,H1
L1,BN,M1,L2,L2
L1,L2,L1,L3,L2
L1,L3,L3,L1,L1
L2,M1,L2,L3,M1
H1,M1,L1,L2,H2
L2,H2,L2,H2,GL
M1,L3,H1,H3,L2
L1,L2,L1,L2,L1
H1,L3,L3,M1,L1
L3,H2,H3,H2,L1
L3,L2,H3,L3,L1
L2,L3,L2,L2,L3
L3,L3,L1,BN,L3
L2,M1,L3,L2,L1
L1,L2,L2,L3,L2
H3,L1,L3,L2,L3
L3,M1,L1,L2,L3
M1,M1,H2,L3,L3
M1,L2,H3,L2,L3
M1,L1,M1,L3,L1
L2,H2,M1,L1,L1
L3,L2,L2,H2,M1
L2,M1,L3,H3,L3
L3,L1,M1,H3,L2
L3,L2,H2,L1,L1
L3,BN,L3,H3,L1
L2,H3,L2,L3,L3
H2,L2,L2,L3,H3
L1,H3,L3,L3,L3
L2,M1,M1,M1,L2
L3,L2,M1,L1,L3
L3,L2,L1,L2,L2
L2,H3,L3,L1,L3
H3,L2,L3,L2,L3
L2,L3,L3,H3,L3
L2,L2,M1,L2,H2
L3,L1,L2,L2,L2
L3,H3,H3,L2,H3
L2,L3,L2,M1,L1
H2,H3,H3,L3,H2
L3,H1,L2,H3,L3
M1,L2,H3,H1,L2
H3,L3,H1,L3,L2
M1,L2,L3,L2,L1
L1,L3,L3,M1,L2
L2,L3,M1,L2,M1
L3,L1,L3,L1,L2
H2,M1,M1,L1,L1
H1,H1,L2,L2,M1
L2,L3,L2,L1,M1
L1,H1,H3,L3,L1
H2,L3,M1,BN,L3
L2,M1,L3,M1,L2
M1,L1,H3,L1,H3
L3,L2,L1,L1,M1
L2,BN,M1,H3,H3
L3,H2,L2,L3,H1
L2,L2,L3,H2,M1
H3,L1,L2,L3,L1
L3,M1,L3,L2,L3
L3,L1,H3,M1,H1
H3,L1,M1,L3,H2
L3,L3,H2,L2,L3
L3,L3,H3,L2,L2
L2,BN,L2,M1,L3
M1,H1,L2,H1,H3
H1,H2,M1,BN,H2
L3,L3,L3,M1,L2
H1,L1,H3,L3,L2
M1,L3,L3,L3,L3
L3,L3,L2,L1,L1
L3,H2,L3,H3,L3
L1,L3,H3,H2,H2
L3,L1,L3,H3,L1
H1,L3,M1,L1,L3
H3,L1,L1,L3,M1
L1,H1,L2,L3,L2
H3,L2,L3,H2,L2
M1,L3,L2,L2,M1
H2,H3,BN,H2,L2
L3,L2,L1,L1,M1
H3,M1,L3,L2,L2
L3,H1,L1,M1,H2
L3,L3,L3,L3,H3
M1,L2,L1,BN,L2
L1,H3,L2,H2,L1
L1,L1,H3,L3,L2
L2,M1,L1,M1,H3
L3,M1,L2,L2,L3
L3,L2,H2,H3,L1
M1,L1,L3,L3,L1
L2,H2,L2,L1,L3
L3,H2,L1,L1,L1
H3,L1,L2,L2,H3
L3,H2,L2,L2,L3
L3,L3,L1,L1,L3
H2,L1,L3,M1,L3
H2,H3,H2,L3,L3
L2,L1,L1,L2,L3
L1,L3,H3,L2,H1
L1,L3,M1,L3,H3
L2,M1,L2,H1,L2
L2,L1,L2,BN,L2
L3,H2,L1,L1,H3
M1,L1,L3,H2,H1
L3,L2,L3,L2,L2
L3,L3,H1,L2,M1
L2,M1,L3,M1,L2
L1,L3,BN,L1,L2
L1,L1,L2,H3,L3
M1,L1,H2,L2,L3
L2,L2,H3,L3,L1
H3,L3,L2,H2,L3
L3,L1,L3,M1,L3
H1,L3,L3,M1,L2
GL,L3,H1,L3,L2
M1,L1,L1,H2,M1
M1,L2,L3,L3,H2
L1,L1,L2,L2,L3
L3,L3,L3,H2,M1
BN,L3,L1,M1,L2
H2,H3,L1,L3,M1
H3,L1,L3,H2,L1
H2,M1,H3,L3,H1
L2,L1,H3,L1,M1
L3,L3,M1,L2,L2
L3,L2,M1,L2,L3
M1,L3,L1,L3,M1
L3,L1,L1,BN,M1
L3,M1,BN,L1,L2
L3,L3,L1,H1,L2
L3,L3,L2,L1,BN
L1,L2,L2,L2,L1
L3,L3,H2,L2,L3
H2,L1,L1,L1,H1
L1,L3,H1,L2,H1
L2,L3,L3,H3,L1
L2,L2,M1,H2,L1
L3,L3,L2,L2,L1
L1,L1,L1,L2,L3
L3,L3,M1,L1,L2
L1,L2,M1,L2,H2
L2,BN,H2,L3,M1
L3,M1,L2,L3,L3
BN,L2,H2,L3,L2
H3,L3,L3,L2,L2
M1,L1,L1,L2,H3
L3,L3,H1,L2,H2
L1,L3,L2,M1,L1
L1,L2,L2,M1,L3
H3,M1,L1,L2,L2
L2,L3,H2,L3,L3
L3,L3,L1,M1,L1
M1,L1,L3,M1,L3
H1,L2,L2,L1,L2
L3,L2,L3,L1,L3
L1,H2,L1,L1,L2
L1,L3,L2,L1,L3
L2,M1,L2,L2,M1
L3,L1,H2,BN,L2
M1,L3,L1,L2,L1
L1,L1,H1,H3,L3
L2,H3,L2,H2,L2
L3,L3,L1,L2,L3
H3,L1,L1,L3,L2
L2,L1,L3,M1,L1
H3,L3,L1,L3,L2
L2,L2,H1,H1,L1
M1,H1,L1,L3,L2
L2,L2,L2,L3,L3
L3,H3,L3,L1,L1
L2,M1,L1,L3,L2
L3,L3,L1,H2,L3
M1,H2,M1,L3,L2
M1,L3,L1,H3,L2
L1,H3,M1,L1,L3
L2,L1,L1,L1,L2
H2,L2,L1,L3,L2
H1,L3,L1,M1,L3
BN,L3,L3,L3,M1
L3,L3,L2,L2,L1
L1,H2,H1,L3,L2
L2,L2,L1,L1,M1
H3,L3,L1,M1,M1
L3,L1,M1,L3,L3
H3,H2,H1,L2,L3
L3,M1,M1,L1,L3
L1,L2,M1,H3,M1
L1,H3,M1,H3,L3
H3,H3,L1,L1,H1
M1,H2,L3,M1,M1
H3,L1,M1,L1,L2
L1,L2,L1,H3,L2
H3,M1,L2,BN,H3
L1,L2,L1,M1,H2
M1,L1,L1,L2,L1
L1,L1,L3,L1,L3
H3,L2,L3,L2,L2
L2,L1,L2,L1,M1
M1,L3,L2,L3,H2
L2,L3,L2,M1,L1
L2,L3,L2,L3,M1
L2,M1,GL,L1,M1
L1,L1,L2,L3,H1
L1,L3,L3,M1,L2
H2,H3,L1,L3,H2
L3,L3,M1,L3,L3
H1,L3,L3,L3,H2
L1,L2,H3,L3,L3
L2,M1,L1,M1,L2
L2,L2,L3,L3,H2
H2,BN,L2,L3,L2
L2,L1,L2,L2,L3
L1,L1,L1,L1,L3
L3,L1,L1,H2,M1
L2,H2,M1,L3,H1
H3,L2,L3,M1,L1
L1,L3,M1,H3,L1
L3,L3,H3,M1,L3
L3,M1,L1,L2,H3
H2,L1,L2,L3,H3
L1,L3,H2,L3,L2
M1,H3,L3,H2,L2
L3,L2,L3,L2,L2
M1,L1,L1,L3,H3
L3,M1,M1,M1,L1
L3,L1,M1,L3,L2
L2,H2,H3,H3,L2
L3,L2,L2,L3,L2
L3,L2,L3,H1,M1
L3,H3,L1,L2,H3
L3,L2,L1,BN,L3
L2,L1,L2,L1,L2
H1,L1,L2,L2,H3
L2,H3,L3,M1,L3
H2,L3,H3,L1,L3
M1,L2,L2,L2,L2
L3,L2,H3,L3,L3
L2,L3,H3,H2,L3
L1,H2,L3,H3,L2
M1,M1,L3,L2,L3
L2,L3,L2,L1,L3
H2,L1,L3,M1,L2
H3,L2,H3,M1,L3
M1,M1,L2,L1,H3
L1,L1,L3,L1,H1
H2,L3,M1,L2,L3
L3,L3,L2,L1,L3
H2,BN,L2,H3,L1
M1,L3,L3,L3,L2
L3,L2,H2,H1,H3
L2,L2,L2,L1,L3
L2,L3,M1,L3,L3
L2,M1,H1,M1,H1
H1,L3,L1,H1,L2
M1,L2,L2,M1,L2
L3,L2,L2,L2,L3
L1,L3,H3,M1,L1
L1,L1,L3,L1,L3
H2,L3,L3,M1,M1
L3,L1,L1,L1,L3
L1,L3,L3,L3,L2
H3,L2,L2,L1,L2
L3,L2,H2,L3,L3
M1,L2,L2,H3,H2
L3,H3,H1,L2,L1
H3,L3,M1,L1,L1
L3,L3,L1,M1,L3
L3,L2,H2,L3,L3
H3,M1,H1,L1,L2
M1,L1,M1,L1,L2
H2,L2,L2,L3,H1
M1,L2,BN,M1,L1
L2,L1,M1,L3,H2
L2,M1,L2,L3,BN
L1,L1,L3,L2,L2
L3,BN,L1,L1,H2
H2,H3,L3,H3,L1
L2,L3,L2,H1,L3
H2,L1,L3,BN,L1
L2,L1,H3,H2,L2
M1,L3,L1,L2,H1
L3,L1,L2,L1,L3
M1,L1,L3,L3,M1
L3,H2,L1,L3,L3
L3,L1,BN,L3,L3
H3,H2,L3,L1,H1
L3,L3,M1,L2,L3
L1,L2,H1,H3,L1
H3,L1,L1,H3,L2
L3,L1,H3,L2,L2
L1,L3,L1,L2,L2
L2,L2,L3,L1,L3
L3,BN,L3,M1,H3
M1,L3,H3,L2,L1
L2,L3,H2,L2,L2
L3,L2,L2,L3,L2
L3,L3,L1,L3,L2
L1,M1,L1,L1,H3
H2,L3,L1,H3,BN
L2,M1,L2,L3,L3
H2,L1,L2,M1,L2
M1,L1,H2,M1,L3
M1,L2,L2,H1,L2
H3,L3,L1,L1,L2
L3,L2,M1,L3,H3
H1,H1,L3,L1,L1
L2,M1,L2,L2,L3
L3,L2,H3,L2,H3
L2,L1,L2,L3,L3
L2,L2,L2,L1,H3
L2,H1,L3,L3,L2
L2,L2,L2,L3,L2
L3,L1,L1,H2,L1
H2,L2,M1,BN,L1
L3,L1,H3,L1,BN
L3,H1,L3,L2,L3
H1,L3,L1,L2,H3
L2,L2,L3,H2,H1
M1,M1,L3,H3,M1
H3,L3,L2,L2,L1
L1,H2,M1,L1,L2
L3,L2,L1,H2,L3
L3,H2,H3,L2,L1
H1,L1,L1,L3,L2
L2,L3,L1,M1,L3
L2,L1,L1,L3,L3
L2,L2,M1,H2,L2
L2,H1,L1,L3,H3
L3,L2,H1,L1,M1
L1,L3,L2,L1,H3
L3,L2,L3,L1,L3
L1,L3,L3,L2,M1
L3,H1,L1,L3,L3
L2,L2,L2,L3,M1
L1,M1,L1,L1,L2
L2,H1,H3,L1,L3
L1,M1,L2,H3,H1
L2,L3,L1,L3,L1
L2,L3,L1,L2,L3
L1,L2,L1,L3,M1
M1,M1,H1,H2,H3
L2,L3,L2,L1,L1
M1,L3,L2,M1,L3
L1,L3,L1,L1,L1
BN,M1,L1,L3,L1
L3,H3,L1,L3,H3
L1,L3,L1,L3,L3
L2,L3,L3,H2,H1
L1,L1,L1,H1,L2
M1,L2,L2,H3,L1
H2,L2,H1,L1,L1
L3,L3,L2,L2,H3
L3,L2,L2,H3,H3
L1,L1,L3,L1,H2
L2,M1,H3,L3,L2
L3,H1,L2,L3,L3
L1,BN,H3,H1,L3
M1,L2,M1,L1,L3
L3,L1,H1,L2,H3
M1,H3,L3,M1,L1
H3,M1,M1,L3,L1
L3,L2,L2,L2,H3
L2,L3,L1,H3,H2
L3,H3,H1,M1,M1
L3,L2,L1,L3,L2
L1,L1,L1,L1,M1
L2,L3,L2,H3,H2
M1,BN,L2,H3,L2
L3,H3,H3,H1,L1
L3,L1,L2,L2,L1
L3,L2,L1,H3,H2
H3,M1,L1,M1,H2
L2,L1,L3,H2,L2
L2,L2,L2,L2,L1
L3,L2,L2,H2,H2
M1,L2,L3,L1,L1
M1,L1,L2,L2,M1
H3,L3,L1,L2,L3
L2,L3,M1,L3,H3
L2,L2,L3,L3,L2
L2,L3,L3,L3,L3
L3,L2,H2,M1,L3
L2,M1,L2,L2,H2
H3,L3,H1,L1,L1
M1,L1,L2,L2,L3
L2,L3,L1,L3,H1
L2,L3,L1,L2,L1
L1,L3,L3,M1,L2
L1,M1,L1,H2,L2
H3,L2,L1,M1,L1
L3,L1,M1,M1,L2
L3,M1,L3,L1,L1
L2,L3,L2,L2,L2
H1,L1,H2,L1,L3
L1,L1,L2,L1,L2
L1,L1,H2,L2,L2
L1,L1,L1,L1,L1
H1,L3,L3,L2,H3
H2,H3,H3,L2,L2
L2,H2,L3,H3,H2
L3,M1,L1,L3,L1
H3,L2,L1,L2,L1
L1,L1,L1,L2,L1
L2,M1,H2,H2,L2
H3,H3,L3,H3,M1
L3,H3,L1,L3,M1
M1,L1,M1,L1,L3
H3,L1,L2,L2,BN
L2,H1,L3,M1,M1
L3,L3,M1,L2,L2
M1,L2,H3,L3,H2
M1,L2,L1,L1,L3
L3,L3,L2,M1,H3
L2,L2,L2,L1,L2
L2,H2,H1,L2,H1
H1,M1,L3,L1,M1
L1,L3,L3,L2,H3
H1,L3,L1,M1,L2
L3,L2,L3,L2,L1
L3,L2,H3,M1,L1
L1,L3,L2,L2,L3
L3,L1,L2,L2,BN
H3,L3,L2,L2,L2
L1,L3,H3,H1,H2
M1,L3,L3,H1,L1
L1,L3,BN,M1,L1
L3,L2,H3,L3,M1
L3,L3,L3,L2,L2
M1,L2,L3,L3,L2
L1,L2,L3,H2,L2
L1,L3,L1,H2,BN
L3,L1,H3,L1,L1
L3,L3,L1,H3,L3
L3,H3,L1,BN,L2
L2,H2,L3,H1,L2
H2,L1,L3,L3,L1
L3,L1,L1,H1,H3
M1,M1,L1,L1,L1
L3,L3,L3,L2,H3
L3,M1,L2,L2,L1
L3,H3,L1,L1,M1
L1,L2,L3,L2,L2
M1,L2,L3,M1,L3
M1,L1,L3,M1,L2
L3,L2,L2,L3,H2
M1,L3,L3,L3,L1
H3,L3,M1,L1,M1
L1,L2,H2,L3,L3
L2,L1,L3,L3,L1
L2,H3,L2,L1,L2
L2,L2,L2,L1,L2
L2,L3,L1,L3,L3
L3,L2,M1,L2,L1
L2,L3,L3,L1,L3
L2,M1,L3,L1,M1
L1,L1,L2,L3,M1
M1,L1,L3,L1,L2
L2,M1,L3,BN,M1
L3,L1,M1,L1,L3
L2,L2,H1,L1,L1
L2,M1,H2,L2,L2
L3,L2,L2,L3,H2
H2,H3,L3,L1,L2
L2,H3,L1,L2,BN
M1,L2,L1,M1,M1
L1,L1,H3,L1,L3
L2,H2,L3,H2,L1
M1,L1,M1,L2,L3
L2,H2,M1,L2,L3
H1,H3,H2,L1,L2
L1,L2,H1,H3,L2
L2,M1,H1,L1,L1
H2,L3,L3,L2,L2
L1,L3,M1,H2,L2
H2,M1,L3,H3,L3
L2,H3,L3,L2,L3
L2,L1,L1,M1,L2
H3,L1,H3,H3,L3
M1,BN,L2,L1,M1
L2,H3,H1,L1,L3
L2,L2,H1,L3,L2
L1,L3,L3,L3,L3
L2,L2,M1,L2,L2
L1,H3,L1,L3,L2
L2,H1,H3,L1,L3
L3,L1,M1,L3,L3
L3,L3,H3,L1,L3
L2,H3,H3,L2,L3
M1,L3,H3,L3,L1
L2,L1,H1,L3,M1
L1,BN,L1,L3,H3
H3,L3,L2,M1,L2
L1,M1,H3,L2,L1
L2,GL,H1,BN,L2
L3,L1,L2,H3,L3
L3,L3,L3,L2,L2
L2,L3,L1,L3,L3
L2,L1,L2,L3,L1
H1,L3,H2,L3,H3
L2,L1,L1,L1,L1
BN,L2,M1,L2,L1
H2,M1,L2,BN,L3
H2,L1,L1,M1,L1
H2,M1,L3,L1,BN
L3,H2,L2,M1,L2
L3,L3,L2,H3,M1
L3,L1,L1,L1,L1
L3,H3,L1,L2,H2
L3,L3,L3,H3,L1
H3,L2,BN,M1,L2
L3,L3,M1,L1,M1
L2,L2,L2,H1,L3
L3,L3,M1,M1,L1
H2,L2,L1,M1,H3
L3,H1,L3,L3,L3
M1,M1,L3,H2,L3
L3,L3,L1,L1,L2
L3,L2,L1,L3,L1
L3,L2,L3,L1,L1
L3,H3,L3,L3,L3
L3,L1,H3,L2,L3
M1,M1,L3,BN,L2
L2,M1,L2,L3,L3
L3,L3,L1,H2,M1
L1,L2,L1,H1,L3
M1,BN,L2,L3,H2
L3,L2,H2,H2,M1
H1,L2,L2,L2,H2
L2,L3,L3,L1,M1
L1,L3,L2,L2,M1
H1,L2,L3,BN,M1
M1,BN,M1,L1,L2
H3,M1,M1,L3,L3
L1,L3,M1,L2,L3
L3,M1,L1,L1,H2
L1,L3,L2,L3,H2
L3,L3,L1,L3,H3
L2,L2,L3,M1,L2
L1,M1,L3,L3,H3
H2,H2,L2,L1,H1
L3,H3,L2,L3,L2
L3,L1,L1,L3,L2
L3,H1,L3,L1,H1
M1,H2,L2,H3,L3
L1,L1,L3,L1,BN
L1,H2,M1,M1,L1
L2,L2,H1,L2,GL
H1,L1,L1,H2,L1
L3,L2,BN,L3,L1
M1,M1,H3,L3,L3
L2,L2,L2,L1,L3
L3,M1,L2,L3,H2
L2,L2,L3,L1,M1
H3,L3,L1,L3,M1
L2,M1,L2,L3,L1
L1,M1,L3,L3,M1
H1,L1,L2,L3,L3
L2,L3,H3,L3,H3
L3,L3,L3,M1,H2
L1,L3,L3,L1,H1
L2,H3,H3,M1,H2
L3,L3,H1,L2,L2
L2,L1,M1,L2,BN
L2,L1,L3,L2,M1
H1,L2,L1,M1,M1
L3,L3,M1,M1,L2
L3,L1,L3,L2,L3
M1,L3,L2,L3,M1
L2,L3,L1,M1,L1
L1,L3,L3,L3,L3
M1,L3,H2,BN,M1
H1,L3,L1,L1,L3
H3,L2,H2,M1,L2
L3,H2,L3,L3,H1
M1,L1,L1,L1,L3
H3,L2,L3,L3,H2
L1,L2,H2,L1,L1
H2,H2,BN,L1,L1
L1,L1,M1,H3,L2
L1,L1,L3,L2,H2
H1,L1,L3,L3,L3
L3,L3,L2,M1,M1
L1,L3,L1,L2,H3
L3,L2,L1,H2,L3
L3,L3,BN,M1,H3
M1,L1,L3,L2,L1
L1,L3,H2,L1,L2
L1,L2,M1,L3,L3
L2,H2,L1,L2,L2
H2,L2,L1,L3,L3
L2,L2,L3,L1,L1
L2,L2,H2,L3,H1
H2,H2,L2,L1,L3
L2,L3,H3,L1,L2
H2,L2,M1,L3,L2
L2,L1,L1,H3,H2
H3,L1,L3,H3,M1
L1,L2,L2,L2,L1
L3,H3,H3,H3,L3
L3,M1,L3,L3,M1
L3,L1,L1,L2,L3
M1,L2,L3,L1,H1
BN,M1,L2,H1,L1
L2,H2,H1,L3,H3
H1,L1,L3,L3,L1
L1,L3,L2,L3,L1
L2,L1,H3,L3,H3
M1,L3,L2,M1,M1
L3,L3,H3,H3,H3
M1,L2,L3,H1,H3
L3,M1,M1,L1,L2
L2,H1,L1,H2,L3
L1,L3,H3,L2,L1
H2,H2,H1,L2,H1
L1,L2,H2,M1,L1
L3,L2,L1,L3,L3
M1,M1,L3,L3,L1
L1,L3,M1,L2,L1
L1,H1,M1,L3,H3
L1,L3,L3,L3,H1
M1,L2,L2,L2,H2
BN,L3,L3,H3,M1
L1,L3,H1,H3,M1
H3,L1,L1,H2,L2
L2,H3,L2,H2,L3
L1,H3,H1,L2,H2
M1,H2,H3,BN,L2
L1,L3,M1,L1,L2
L3,H3,M1,L3,L2
L3,L3,L2,L1,H2
L1,L1,L1,L3,H2
L1,M1,L2,L2,L1
L3,H1,H2,M1,L3
L2,H1,L2,L3,H3
L2,H1,L1,L3,L3
BN,H1,H3,L2,H3
L3,L1,M1,L1,H2
H3,L1,L1,L1,L3
L3,L2,M1,H1,L3
L1,H2,L3,L2,L1
L3,L1,L1,L1,L1
H3,H3,L2,L2,BN
H3,L1,H3,L2,L1
L3,H2,L2,L3,L3
M1,L2,M1,H3,L1
H3,L3,L1,H3,L1
M1,H2,L2,M1,L1
L3,H2,L2,M1,M1
L1,L1,L1,M1,L2
M1,L3,L3,H3,L3
H2,BN,L1,L3,L3
H2,M1,L3,L2,L2
L3,L2,L2,L2,L2
H2,M1,L2,L3,H3
H1,L2,L3,L2,L3
L2,L1,L2,L2,H1
H3,L3,H3,L1,L1
L3,L3,H3,L1,H3
L3,H3,H3,L1,M1
L2,L2,L2,L1,L2
L1,L3,M1,L1,L2
L3,M1,L2,L3,L1
L2,L3,L3,L2,M1
L1,L1,L3,L1,L3
L3,L2,L2,L3,L2
GL,L1,H2,H3,L2
L3,L3,L2,H2,L3
H3,L3,L2,L3,L1
H1,H3,L1,BN,L3
M1,M1,L2,L2,BN
H3,M1,L2,L3,H3
L3,H3,L3,L2,M1
L1,H3,L3,L3,L1
L1,L1,H2,M1,L2
L1,H2,L2,L3,H3
L2,L2,L2,L3,L3
H3,L1,M1,H3,H3
L2,L3,H3,L3,L2
L2,H1,L1,L2,L1
L3,L1,L1,L3,L3
L1,L1,L1,GL,H3
L2,H2,L2,L1,L2
L1,L3,L3,BN,L3
L3,H3,H1,L3,L2
L1,L2,M1,L2,L2
L1,L2,L1,L2,L3
L1,L2,H3,H3,H1
H2,L2,L1,L1,L2
L3,L1,L1,L3,M1
L1,L3,L1,L3,L1
L2,L2,L3,H1,L3
M1,H1,BN,H1,L1
L3,L1,L2,L3,M1
L3,L2,L2,L2,L1
H3,L2,L2,L2,L2
M1,M1,L2,H3,L3
L2,H3,L1,L1,H1
L2,L1,L3,L2,L2
L2,H3,L3,L3,L3
L3,H1,L1,L3,L3
L1,M1,L3,L3,L2
H3,L1,L1,BN,L1
M1,M1,H2,L1,L1
L3,H3,L1,L1,L2
L1,M1,H3,L3,L3
L1,L1,L1,L2,L3
H3,H3,L1,L2,L2
L3,L1,L3,L1,H3
L3,L1,H2,L2,L1
L2,L3,H3,H3,L3
L3,L1,L3,L3,L2
L3,L1,L3,BN,BN
L3,L2,L2,L2,H3
L3,L1,L1,L1,L1
L3,L1,H1,L3,L1
H1,L1,L1,L3,L3
L2,BN,L1,L3,L3
L3,L1,L1,M1,L3
L2,L1,H3,L2,L3
L3,L1,H1,L3,L2
L2,L2,L1,H3,L1
H2,L2,H3,L3,H2
H3,L3,L1,L2,L1
M1,L1,L3,L3,H1
L2,L1,L3,M1,H3
L3,L3,L1,L3,L1
H3,L1,L3,L2,L2
H3,L2,L3,L1,L3
L1,L3,M1,BN,L1
H3,M1,L3,L3,L2
H3,L3,L3,L3,L2
L2,H3,H1,H3,M1
L1,L2,L1,L1,L2
M1,L2,L2,L2,L2
L2,M1,L3,M1,H3
L2,L1,M1,M1,L3
L1,L2,L3,L3,L3
H3,L2,H3,L2,L1
L1,L3,H3,L1,L1
H3,H3,L1,L1,M1
L3,L3,L2,L1,L2
L3,L2,H1,H3,L2
L3,H3,L3,L3,L2
H3,L2,H3,L3,L1
L3,L2,H2,L2,L3
L3,M1,M1,L3,L2
L3,L3,H2,L3,M1
L3,M1,M1,L2,L2
H3,L3,L2,L3,L2
L2,L3,L1,L2,H3
L2,L3,L3,L2,L2
H2,H2,L3,L2,H2
L3,L2,L3,H2,M1
L1,L1,L2,M1,L3
H2,L2,H2,L3,L1
M1,L2,L3,H3,H3
L3,L3,M1,L2,L1
H3,M1,L2,L3,H2
L2,L1,GL,L2,L1
L3,L2,H3,L2,L2
L2,GL,L3,L1,L2
L3,L1,L3,L1,L1
H1,L1,L3,H2,L3
GL,L1,L3,L1,L2
L3,L1,L3,L2,L2
L3,H3,L3,L1,L1
L3,M1,L2,L3,L3
L2,L1,L2,H2,L3
L3,H3,L1,H1,H3
L2,L2,H1,H3,H3
L1,H3,L1,L2,M1
L2,L2,L2,H2,L3
L2,L1,L2,H2,BN
L2,H1,L2,L3,L2
L1,M1,L3,M1,L1
L2,H3,H1,L2,L2
L1,H1,L2,L3,M1
H2,L1,L2,L1,L2
L3,M1,M1,L3,H3
L3,L3,L2,L3,L1
L3,L1,L3,L3,L2
H3,L3,H3,L1,M1
H2,H3,L2,L2,L2
M1,L2,L1,M1,L2
L2,L3,L3,L2,H1
L2,H2,H1,L3,H2
L3,M1,M1,H2,M1
L2,L1,L2,L3,H3
M1,L3,M1,L2,L3
H3,H1,L1,L3,L2
M1,L1,L3,L3,L3
L3,H3,L1,H2,L2
H3,L2,L2,H2,M1
H2,L1,H1,BN,H2
M1,L1,L1,L2,L3
L3,M1,L2,L1,L3
H1,L1,H3,L1,L1
GL,L1,M1,L1,L2
M1,M1,M1,H3,L1
L1,BN,L2,L2,H2
M1,L2,L1,L2,L3
L3,H3,M1,M1,H3
H2,H1,M1,H2,L1
H2,L3,M1,L3,L3
L2,L3,L3,L1,L1
L3,L3,H2,M1,L3
L1,H2,M1,L2,M1
L3,L3,H2,M1,L2
L3,L2,L1,L3,L2
L1,L1,L3,L2,H3
L1,L2,L3,L2,L1
M1,L3,L2,L1,L1
L1,BN,L3,L2,M1
M1,L3,M1,H1,L3
L2,M1,L2,H2,H2
GL,L3,L1,L2,L2
L3,M1,L2,L3,H1
M1,H2,L3,L2,L1
L3,L1,H1,L3,L1
H3,BN,BN,L3,L2
L2,L1,L2,L2,L3
L2,L3,L1,L3,H2
H2,M1,M1,L2,L1
M1,L1,L3,M1,L1
M1,L2,L1,H3,M1
L2,M1,L1,L2,L1
L3,H3,L2,L3,M1
L1,L1,L2,H1,L3
L1,H1,L2,M1,H3
L3,BN,L3,L1,L1
L3,L2,M1,M1,L3
L1,L3,L2,H3,L2
L3,L2,L2,H2,H3
L3,L3,L2,L2,L3
L3,H3,L3,L3,H3
L2,H3,L2,L2,M1
L1,H3,L3,L1,L3
H2,L3,L1,H2,H2
H2,L1,M1,L3,M1
L1,L2,M1,L1,BN
BN,L3,L3,L2,L2
H3,H1,M1,M1,L2
L3,H3,L2,L2,L3
L3,L3,L3,H2,L1
L2,L1,L3,L2,M1
L1,L1,L2,L1,L1
L2,M1,L3,L2,M1
H1,L2,H2,L3,BN
L2,L3,H3,L2,H3
L3,L3,L1,L3,H1
L2,BN,L3,L2,M1
L3,H2,L1,L3,L2
L1,L3,L3,L1,L1
H1,L1,M1,L3,L2
BN,L2,L3,H3,L2
M1,L3,H1,L1,H2
L2,M1,L1,L1,H2
L2,L3,M1,H3,M1
M1,L1,L2,L1,H2
L1,L1,L1,L3,L3
M1,L2,L3,L2,L2
L1,L2,M1,L2,L1
L1,L1,M1,L1,L1
H1,L3,L1,L3,L2
H1,H2,L3,L1,L2
L2,L3,L2,L2,L1
L1,L1,L2,H1,L3
L1,L3,M1,M1,M1
L2,L3,L2,M1,L3
H3,L1,L1,L1,H3
L2,H2,L3,L3,L3
L1,L2,L3,H3,L3
L3,BN,L1,L3,L1
L2,H1,L1,M1,L3
L1,L2,L3,L3,L2
H2,L3,L1,L3,L1
L2,L3,L2,L2,H2
L2,M1,H2,BN,L2
L2,L1,L3,H2,L2
H3,H2,L3,H3,BN
M1,M1,L2,H3,H2
L3,H2,L3,H3,L1
L1,M1,L3,L2,L2
GL,L3,L3,L2,L2
L2,L3,L1,H3,L3
H3,L3,L2,L3,BN
L1,L2,BN,L1,L1
L3,L2,L1,L2,L3
L2,L3,H2,L3,H1
H2,L3,L3,L3,L2
H3,L3,L3,L3,L2
L1,L2,H3,H3,H2
L1,L2,L1,L3,L3
L1,L2,L3,M1,L1
M1,M1,L1,L3,M1
L3,H2,H2,M1,L1
L3,L2,M1,H1,H2
H3,H1,M1,L3,L2
L1,M1,H2,L3,L1
L1,L1,H3,H1,L3
H2,BN,L1,L1,L3
L3,L1,L2,L2,L1
L1,L3,BN,L1,M1
L3,L3,M1,L1,BN
H1,L1,L2,L1,M1
L2,L2,L2,L3,L1
L3,M1,M1,L2,L1
H3,BN,L3,H1,L2
L2,L3,L1,L3,L3
L2,L1,L2,M1,L1
L3,L1,L1,L1,M1
L1,L3,L3,L1,L3
H1,L1,H3,BN,L1
L3,M1,L1,L2,L2
BN,L2,H3,L1,H1
L1,L3,L3,H2,H1
H2,L3,H3,L3,L3
H3,L3,L3,L2,M1
L2,L2,M1,M1,L3
L2,L2,L1,M1,L3
BN,L1,H1,L2,L3
L1,L1,M1,L3,H3
H2,M1,L2,H3,L1
L3,L1,L1,H3,H3
L3,H3,L2,L1,L3
L1,M1,M1,L1,BN
M1,L2,L3,M1,H2
L3,H3,M1,L3,H3
L3,H2,L2,L2,L3
L1,L3,L1,L1,L2
L3,M1,H3,L3,L2
M1,L1,L3,L2,L1
L2,H3,L2,L2,M1
L1,L1,L1,H2,L2
L3,L2,H3,L3,L2
GL,L1,L3,L3,L1
L3,L1,L2,H1,L3
L1,L2,L1,L2,L3
L3,H3,L2,M1,L2
L1,L3,L2,M1,L3
L1,L1,L3,L2,L2
H3,H3,L2,L1,L3
H1,H3,M1,L2,H3
L2,M1,H3,L3,L1
L3,H2,L3,L3,L2
L3,H3,L2,L1,L2
L3,BN,L2,L2,M1
L3,M1,L1,L2,L2
L3,L3,M1,L2,H3
H1,L3,L3,L3,L1
L2,M1,H3,L2,L2
L2,L2,M1,M1,H1
L1,H3,L3,L2,M1
L1,L3,L2,L1,M1
L1,L3,L1,H2,L3
L2,M1,L2,L3,L1
L1,L1,L3,L2,L3
L3,L3,L3,H2,L3
L2,L3,H2,M1,L2
L3,H2,L3,L3,L2
H2,H2,L1,L1,L3
L2,H2,L3,L2,L1
H2,L1,L1,H3,L3
M1,L3,L2,L2,L2
H1,L1,H3,H2,M1
L1,L1,H1,L3,H2
L3,L2,H3,BN,H3
L3,H1,BN,H2,L3
L3,L2,L1,L1,L2
L2,H3,L1,L3,L2
L2,L3,L1,H3,H3
H2,L2,H3,H3,L2
L1,L3,L2,L3,L1
L3,L1,L1,L3,L3
L1,L2,L2,H3,L1
L3,L2,H3,BN,BN
M1,L3,L1,L1,L3
L2,L1,L3,L2,L3
L3,M1,M1,H1,L1
L3,H3,L3,L2,L2
M1,L3,L2,L3,L1
L3,L2,L2,L2,L1
L2,L2,L2,L3,L3
H2,L1,L2,L3,L3
L1,L1,L3,L2,L1
L1,L2,L3,L2,L1
L3,M1,L3,L1,H2
L3,L3,L1,L1,M1
L1,L1,L1,L2,L3
L2,L3,L1,L3,L1
L3,H3,M1,L3,L3
L3,H1,L2,L3,L1
L1,L2,L2,L3,L3
L3,H2,H3,L2,M1
L2,M1,H3,L3,L3
M1,L2,L2,L2,L2
BN,M1,L3,M1,H3
M1,L2,H1,H2,L2
M1,L3,L1,L1,H3
M1,L3,L1,L2,L3
L1,L2,L2,H3,L1
L3,L1,L3,H1,L1
H3,L2,L3,M1,H3
L1,L3,L2,L1,L1
L1,L1,L3,M1,L3
L3,L3,M1,L2,L2
L1,H2,L3,L2,BN
L3,M1,M1,L1,M1
L3,H2,H3,L1,L2
M1,L2,L3,H3,L2
H2,M1,H1,L2,M1
L3,H3,L3,H3,H3
L3,L1,L3,H3,L2
M1,L1,H1,L3,H3
L3,L1,L1,M1,H1
L1,L2,L2,H3,L2
L1,L3,L3,L2,H1
L1,L2,L1,L3,M1
L1,L3,L3,L1,L3
L2,BN,L1,M1,L2
L1,L3,L3,L3,M1
M1,L1,L2,L2,M1
L2,L3,L2,BN,L2
L1,L3,H2,GL,L3
H3,L3,M1,L1,H3
BN,H3,L3,L3,L2
H3,H3,L1,H3,H1
L3,M1,L3,H1,L2
L1,M1,H2,L1,L3
L3,M1,L3,L1,H3
L3,L3,L3,BN,L1
L1,H2,L3,L2,L3
L3,L1,L2,H3,H1
H1,M1,L1,M1,M1
L1,L2,L2,L1,L2
H3,BN,L2,L3,BN
M1,H3,L2,L2,L3
L1,L1,H3,M1,L3
L3,L3,L3,L1,M1
L1,L3,L3,L1,L1
M1,L3,L3,L1,H2
H1,L3,L3,H3,H3
L2,L3,L1,M1,L1
L3,L3,L1,H1,L2
L3,M1,L3,L1,L2
M1,L2,H2,M1,M1
L2,L1,L3,L2,L3
L1,L2,M1,L2,L3
L2,L3,L3,L1,H3
L1,L3,H3,H3,H2
L2,L2,L2,M1,L1
L3,L3,L2,L1,L1
M1,L2,L3,H3,L3
M1,H3,L2,M1,L1
H1,BN,L1,M1,L2
H3,H3,L3,M1,H1
H1,H3,L3,L1,L2
L3,H3,L1,L3,M1
L2,M1,H2,L3,L1
L2,L2,L2,L2,H3
L3,H3,H2,M1,L3
L3,L2,L1,L2,M1
L2,M1,H1,L1,L2
M1,H3,L2,L2,BN
L1,L1,H2,L2,L3
H1,H1,L2,L1,M1
L1,L3,L2,H1,L2
L2,M1,L2,H1,L2
L2,L1,M1,H1,L2
L2,L3,L1,H3,L1
M1,L2,L2,L1,L1
L2,M1,L1,L1,H3
L3,L2,M1,L1,L2
L2,L3,L1,L2,H3
L1,L1,H2,L2,L3
L3,L2,M1,L1,L2
H2,L3,L2,L1,L1
M1,L3,L3,M1,L3
L2,L1,M1,L1,M1
M1,H1,L1,H3,L1
H2,M1,H3,BN,M1
L3,L2,H1,L2,L2
M1,L2,L2,M1,H3
L1,H3,L2,M1,L2
L3,L2,L1,L2,M1
L3,L3,BN,L2,L3
L2,L2,L2,L3,L1
H3,M1,H2,L1,L3
M1,H1,L3,L2,L2
H3,L3,L2,L3,L2
H3,L3,L3,L1,L3
M1,L1,L1,H2,L2
L2,L3,M1,L1,M1
L2,M1,M1,L3,L3
L2,L3,M1,L2,L3
L2,H2,L2,L2,BN
L2,H2,L1,L1,L3
L2,H3,L3,L3,L1
M1,L3,H3,L3,L1
L2,H1,L2,H2,H2
L3,L2,L3,L2,L3
L3,L1,L1,H3,H1
L2,H3,M1,L2,L2
L3,L3,L1,L3,L1
L1,L3,L3,H2,L1
M1,L2,L3,L3,H2
L3,L1,L3,H3,L3
L1,H1,H2,H2,L2
L3,M1,L3,L1,L3
L2,L3,L1,L1,M1
L2,M1,M1,L3,L1
L2,L3,M1,H2,BN
H2,BN,L1,L2,L3
L2,H2,L2,H2,L3
L2,M1,M1,L1,L3
L2,L3,L2,L3,H3
BN,M1,L3,L3,L1
L3,L3,L3,L2,L2
L2,H2,L3,H3,L3
L3,L2,L2,L1,L2
L1,H3,BN,L3,L1
L3,L1,L1,L1,L3
L3,L1,L2,L1,L1
L2,L3,H3,L1,H3
L3,L2,L1,L3,L1
L3,L3,L2,L1,H2
L1,M1,L2,M1,L1
L3,H1,H3,H1,L3
H3,L3,L1,L2,M1
L2,L1,L3,L3,H2
L3,L2,L3,L1,L3
L1,L3,L3,L2,L2
L1,L3,L3,M1,L3
H2,L3,L2,L1,L2
L3,L1,M1,H2,L2
L3,L1,L3,L2,L3
L1,M1,H3,M1,L2
L2,L1,M1,H3,L2
L3,L1,L2,M1,M1
M1,L2,L1,L1,GL
M1,H2,L3,L1,M1
L2,L1,L3,L2,H3
L2,L1,H3,H3,L2
L1,L3,H3,L2,H1
M1,M1,L3,L3,L1
H3,H3,L1,L3,M1
L3,L3,L3,H3,M1
M1,L1,L3,M1,L2
H1,M1,L1,H3,H1
L1,L2,L1,H2,M1
L1,M1,L2,H3,L3
M1,L1,L3,L1,L3
H2,L1,L1,BN,L3
L3,H1,L2,L2,L2
L3,L1,L1,H2,L3
H1,L1,L3,H3,L1
L3,L3,M1,M1,M1
H1,L1,BN,L3,L3
L1,L3,L2,L1,M1
H3,H2,L1,H2,BN
L3,L2,L1,H1,L2
L1,GL,L3,L1,H2
L1,BN,L3,L3,L1
L1,L3,L2,M1,M1
L2,L1,H2,L2,L3
M1,L3,H2,L1,L2
M1,L1,H2,L3,H3
L2,L2,L2,H3,L1
L1,L2,L3,H3,M1
L3,BN,L2,M1,H3
L1,L1,H3,L3,L3
L1,L1,M1,L3,H3
H1,L3,L2,L2,L2
L3,L2,L2,L3,L3
L1,L2,H2,L3,H3
L3,L2,L1,GL,M1
H1,L3,L1,L3,L3
L1,L2,L3,L1,BN
M1,H3,H1,L1,L3
M1,L1,L2,H2,L3
BN,L1,L3,L2,L2
M1,L2,L2,L1,L1
L1,L3,L1,H1,L1
L3,L1,L2,H3,L2
L3,M1,L1,H3,M1
L3,L1,H3,H3,L2
H2,L3,H2,H3,L1
L2,L2,L3,L2,L3
L3,H3,L1,L3,L1
L1,L2,H3,L2,M1
BN,H3,L2,L3,H3
H3,L3,H2,L2,M1
L2,L1,H1,L2,L3
L2,L2,L3,L1,M1
L3,L2,L2,L2,L2
L3,L2,M1,M1,L2
M1,L3,L3,H3,L3
L1,M1,L3,L3,L2
L3,BN,L3,L1,H3
H3,L3,H3,BN,L3
M1,L3,L1,L3,L2
L3,H2,L2,M1,BN
H3,H2,L2,M1,L3
L1,H3,H2,M1,H2
L3,L3,L2,L2,H3
L2,L1,L2,L3,L3
H2,L2,L3,L2,L1
H3,L2,L2,M1,L1
L3,L3,L3,L2,M1
L2,L2,L2,L3,L2
L2,L3,M1,L3,L1
L3,L3,L2,H3,L3
L3,L3,M1,H1,BN
L1,L1,L3,H2,L2
H3,H2,L3,H3,L2
L2,L2,M1,H3,M1
L3,L3,M1,L2,L2
H3,H2,L3,H3,L3
L2,H1,L3,L3,L3
L1,L3,L1,L3,L3
H3,H3,L3,L3,L3
L3,L3,L3,L2,L1
L1,H1,L3,H3,H1
L1,L2,L1,M1,L2
L2,L3,L3,H2,L3
L1,L2,L2,L3,L2
L1,L1,L1,H2,H2
L2,M1,H3,L3,L1
L3,L2,L2,L2,L2
L3,L1,L2,L2,H3
M1,L2,BN,L2,M1
L2,L2,H3,L3,L3
H1,L3,H3,L2,L2
L2,M1,L3,L2,M1
M1,H2,L1,L2,L3
L3,L1,L1,M1,M1
L2,L3,L1,L3,L1
L2,L2,L2,L3,L1
L3,H2,M1,L3,L2
H2,L1,L1,L3,L3
L3,L2,L3,L2,L3
L3,L1,H3,L3,H1
L1,L3,L3,H2,L3
L2,L3,L3,L3,L2
L2,L2,L1,L1,L3
L1,L2,L3,H3,H3
M1,L3,L1,H1,L3
L1,H3,BN,L2,H2
L1,L3,L3,L2,L2
H2,L2,H3,L3,L2
L3,L3,L1,L3,L3
L1,L1,L3,L2,H1
BN,L1,L3,L1,L2
H3,BN,L3,M1,H1
L2,L2,H3,L2,H1
H3,L3,M1,H3,L2
H3,H3,L3,L2,L3
L1,L1,H2,M1,L1
L1,H2,M1,L2,L1
L3,L2,L1,L3,L3
L2,H3,L2,L1,L1
H2,L1,L1,H3,L3
L3,H1,L2,L1,L2
L1,L2,L1,BN,H3
L3,H3,L2,L3,L3
M1,L3,L2,L1,M1
L3,L1,M1,L1,L1
L3,M1,M1,H3,L2
L1,L1,L2,L1,H2
L3,L3,L2,L1,H2
L3,H3,M1,H3,L3
L1,L1,L1,L2,L3
H3,L3,L3,L2,L3
L2,L1,L1,L3,L2
BN,L3,L3,L1,L3
H2,L1,L2,M1,M1
L2,L3,H1,L3,L2
H1,H3,M1,H1,L1
L3,L3,H2,H3,H2
L1,L3,L3,L2,L3
L2,L1,L2,L3,L3
L3,H2,L1,L3,H2
L2,L1,M1,H2,L3
L3,L3,H3,L1,L2
L2,H3,H2,L1,M1
L1,L1,L1,L2,L2
L2,L1,L2,L1,BN
L1,M1,H3,L3,L1
L3,H3,L1,H3,L2
L1,L3,M1,L3,L2
L2,L1,L3,H1,L3
H2,L2,L3,L2,L3
L2,L2,L2,L2,L3
L1,M1,L2,L1,L2
H3,L3,L2,L1,L2
L3,L1,M1,L1,L3
M1,L3,M1,L2,L2
L1,M1,L2,H2,H1
M1,H1,L2,H2,L2
L3,L1,L1,L2,L1
L2,L3,L3,M1,M1
M1,L1,M1,L3,L1
H3,L2,GL,H2,M1
L2,L1,L2,BN,L3
L3,L1,L1,H3,L1
L1,L3,L2,L1,L3
L3,L1,L2,L2,L2
H2,L3,L2,M1,L2
M1,L2,L3,H2,L1
L3,L1,L3,M1,L3
H2,H3,L3,H2,L2
L1,L2,M1,L2,L2
L3,L1,M1,L1,L3
L2,M1,L3,H3,L3
H2,L1,GL,H1,L3
L3,L1,H2,L3,L2
L2,L3,L1,L2,H3
L2,M1,H2,L3,L2
L1,L2,L2,M1,BN
L2,M1,L1,M1,H2
H3,L2,L3,L3,H3
H1,M1,H2,L3,M1
H3,L3,L1,L2,L1
L3,L2,L3,L2,H2
L2,L3,L2,M1,L3
M1,L2,M1,H1,L2
M1,L3,L1,L1,L1
L2,L1,L2,L3,H3
L3,M1,L2,L1,H2
L1,L2,L3,L3,H3
L2,L2,H2,L1,L1
H3,L2,L2,H1,L3
L2,L1,M1,M1,H3
H2,L2,L1,L1,L1
BN,L2,L2,L2,L1
L3,L1,GL,L2,H3
M1,L1,L2,L1,L3
H2,L2,M1,L2,M1
L3,H1,L3,L1,L2
L2,L1,H3,L2,L1
L2,M1,L2,L3,L3
L1,L3,L2,L3,M1
L2,L3,M1,L3,L3
L1,L3,L3,H2,L2
L1,L2,H3,L1,L1
L1,L2,L1,M1,L1
L1,L2,L3,M1,L1
M1,M1,H1,M1,L3
L2,L1,L2,H2,L2
M1,M1,L3,L1,L1
L2,L3,L1,H2,L2
L3,H3,M1,L2,L2
M1,L3,H3,H3,L3
L2,L1,L1,L3,H1
L3,L3,L2,H2,H3
L3,L2,BN,H3,H3
L1,L2,L1,L1,L2
M1,L3,L2,L1,H3
L1,L3,L2,M1,L2
L3,H1,L3,L1,L1
H1,L1,L3,L2,L2
L3,L2,M1,L1,L3
M1,L3,L3,L1,L3
M1,BN,M1,L1,L1
L1,L3,L1,L3,L2
H3,L2,M1,L2,M1
M1,L1,M1,L3,L1
H2,L2,H2,H3,M1
H3,L3,L1,L2,L1
L2,L3,H2,H3,L2
H2,L2,H2,H3,M1
H3,H2,H3,H1,H1
L3,L2,H3,M1,M1
L2,L3,L2,L2,L2
H2,M1,M1,L1,L1
H3,L3,H1,L1,L3
BN,L2,L3,L2,L3
H2,BN,L3,H2,L2
L3,H1,L3,M1,H3
L2,L1,H2,M1,L3
L1,L3,M1,H1,L3
L3,L2,L3,L1,H3
L3,L3,L3,H3,H2
L3,H2,L2,L3,H2
L2,L2,L2,M1,L2
L2,L2,L3,L1,L1
M1,L3,M1,M1,H1
L1,L2,L3,L1,L2
L1,L1,H3,L1,M1
L2,H3,L1,L2,L3
L3,L2,L1,L2,L3
L1,L3,M1,M1,L1
L3,L1,M1,M1,L2
M1,H2,L3,M1,L2
L1,M1,L1,M1,L3
L1,L3,L1,H1,L3
H3,L1,M1,L1,L3
H2,M1,L3,M1,L3
BN,L3,L1,H2,L3
L1,H2,L1,L2,L3
L2,L2,L3,H2,L3
L3,L2,L2,H1,L3
L2,L3,L3,L3,L1
L1,L2,L3,L2,L1
L2,L1,L2,M1,L2
L1,H3,L2,L1,H2
L2,H1,H2,L3,H3
L2,L2,L3,L3,L3
L1,M1,L2,L2,H2
L3,M1,H3,L2,M1
L1,L3,L2,L2,H2
L1,L3,M1,L3,L3
BN,L2,L1,L1,H3
H3,H1,L3,L3,H3
H3,L1,L1,M1,L1
M1,L3,L2,L3,M1
M1,H2,L3,H2,BN
H3,L3,BN,L2,L2
BN,L2,H1,L1,L2
H2,L3,L3,L3,L2
L3,L3,L2,L3,L2
L2,L2,L2,L2,M1
L1,L2,M1,L3,H2
M1,H3,H1,L1,L2
L2,L1,M1,H3,L2
M1,L2,L2,H3,H3
L2,M1,H2,H3,BN
L2,L1,L1,L2,H3
L3,L2,M1,M1,L2
L2,L3,L2,BN,H1
L3,H2,L2,M1,L3
L1,L2,L3,L2,H2
L2,M1,M1,L2,L2
L3,L2,H3,L2,L1
L3,L2,H3,H3,L1
L1,L3,L3,L1,H1
H2,H2,L3,L2,H3
L3,M1,L1,L3,H2
M1,L3,L1,H3,H3
L1,L3,L1,M1,H2
BN,H2,L2,L3,L3
H2,L1,L3,M1,L1
M1,M1,L2,L1,L3
H1,L2,M1,L2,H3
M1,M1,H2,L1,L2
H2,H2,M1,L3,M1
L3,L2,L3,M1,M1
BN,L3,L2,H2,H3
H1,H2,L1,H3,L2
H1,L1,L2,L3,L1
L3,L3,L2,L2,L2
L1,L1,L2,L3,M1
H3,L3,L1,M1,L2
L3,L2,L2,L1,L2
L3,H3,L3,M1,M1
L2,H2,L2,H2,H2
L1,L3,L3,L2,M1
L1,L3,L3,L3,M1
L1,M1,L2,L1,L3
L3,H3,H2,M1,L2
L3,L3,L2,L3,H3
H1,L3,BN,M1,H3
L2,L2,L1,L1,M1
L3,L2,H2,L1,L3
L2,M1,L2,H2,H2
H2,L2,L3,L1,H3
L3,L3,L2,L3,L1
M1,M1,L2,L1,M1
M1,H3,H3,L1,L2
L3,L3,L3,L2,L1
M1,H3,L2,L3,L1
H3,H3,L3,H3,H1
L2,L3,H2,L2,L2
H2,L1,L2,H3,L2
L3,L2,L2,L2,H2
L1,M1,L2,L2,M1
H1,L3,L2,L1,L3
M1,L2,L1,L1,L2
L3,L1,M1,L1,H3
M1,L2,L3,H3,L3
L1,M1,L2,H1,BN
H3,L2,L2,L3,L1
L2,L2,M1,L1,H3
H1,H1,L1,L2,H3
L2,L1,M1,L2,L2
M1,L3,L1,M1,H1
L3,M1,L3,L3,L3
M1,L3,H3,L3,H3
M1,L3,L3,L1,L2
H3,H1,L3,L2,H1
H3,L3,H3,L2,L1
L3,L3,L2,L1,L2
H3,L1,M1,L1,L2
M1,M1,L1,L2,L1
L3,H3,M1,L3,L3
L3,H3,L1,L2,L2
M1,L2,H2,L2,L2
M1,L2,L1,H3,H2
L3,L1,H2,L1,H1
L3,L2,L2,L3,L1
H3,L1,L2,L2,L2
L1,L3,L3,L3,H1
L2,L1,M1,L1,H3
H3,L1,H1,M1,H1
L2,L1,H2,L1,M1
L1,L2,M1,H3,M1
L1,BN,L3,H3,H3
H3,H1,L2,L3,L2
L2,L3,M1,H3,L3
H2,L2,H3,L2,L2
L3,L1,L2,L1,L3
M1,L2,M1,H1,L2
L2,M1,M1,L3,L3
M1,L1,L2,L3,L1
H3,H2,M1,BN,L1
M1,L1,M1,L3,M1
L2,L2,L3,H1,M1
L3,L1,L3,L3,H3
L3,L1,L2,L2,H1
L3,L1,M1,H2,BN
L2,H1,L2,H2,L3
L3,L1,L2,L2,L2
M1,L2,H2,H2,L3
H3,L1,M1,H3,L1
M1,L3,L3,L3,H2
L1,H2,L3,L2,L1
L2,L1,L1,L3,H3
L2,H1,L2,L1,L3
L1,BN,L3,H2,BN
L3,L1,L1,L2,L1
L3,L3,BN,M1,L1
L1,GL,H1,L1,L1
L3,L2,L1,BN,H2
H1,L1,L3,H3,L1
L2,L2,L3,L1,L3
L1,L2,L3,L2,H3
BN,L3,L1,H1,L3
H1,M1,L2,M1,M1
L3,M1,H3,H2,H2
H3,L1,M1,BN,L3
H3,L2,L1,L1,L3
L1,H2,M1,H2,L1
M1,L2,L3,L1,L1
L1,L1,L1,GL,L2
L1,L2,M1,M1,L1
L2,L1,L1,L3,H1
H3,L2,BN,L2,L2
L1,L2,H1,L1,M1
L1,H2,L2,L2,L1
H2,M1,M1,BN,H2
H1,L3,L2,L1,L2
M1,L2,L2,L3,L1
L2,L3,L3,M1,M1
L3,H2,M1,M1,H3
L3,L2,L3,L2,L3
M1,L1,L1,M1,L3
L1,L2,H2,H3,L2
L2,L3,L2,L2,L3
L1,L2,L3,L3,L3
L3,L3,L3,M1,BN
H2,L3,L2,L2,H2
M1,M1,H1,L2,L2
L3,H2,L2,L3,L3
H3,L3,H3,L2,L1
H2,BN,L3,M1,H2
L2,H2,L3,M1,L3
L2,L1,BN,M1,L3
M1,H3,L2,L2,H3
M1,L1,L3,L3,L2
L2,L3,L1,M1,L3
L1,M1,L1,L3,H1
L2,L2,M1,L2,L1
M1,L1,H1,H1,L2
M1,L1,BN,L3,L1
M1,L2,H3,L3,L3
H3,L1,L2,BN,L2
L2,L3,L2,L1,L2
L3,L3,L3,L3,L1
L2,M1,L1,L1,M1
L1,M1,M1,L2,L3
L2,BN,L1,L2,H1
L2,H3,L1,L2,L3
L1,L2,L2,L3,L1
L2,L2,H2,L3,M1
M1,H3,L1,H2,M1
L3,L1,L1,H1,L1
M1,L3,L1,M1,L2
H3,H2,L2,L3,H2
L2,L3,L1,L3,L3
L1,L2,M1,L1,L2
L3,H2,L3,L2,M1
L1,L1,L3,L3,L3
L1,H1,L3,L3,L2
L1,L1,L3,L3,BN
L2,H3,L1,H3,H1
H3,L2,L1,L3,L1
L1,L2,L2,L2,H2
L1,L1,L2,L3,L3
L1,M1,H2,BN,M1
L1,M1,L1,L1,L1
L1,L1,L3,H3,L1
L1,L1,L2,L2,L1
L2,L1,M1,H1,L1
L3,L2,L1,M1,L2
M1,L1,H1,L3,L1
L2,L3,L1,M1,L2
L1,M1,L3,L1,L2
M1,L1,L2,L1,L2
M1,L2,L3,L2,L1
H2,H2,L3,L1,L1
L1,L3,L2,L2,L2
L1,L1,L3,L2,L3
L3,BN,L1,L1,L3
H1,L3,L3,L2,L3
L1,H1,L2,L2,L3
L3,L2,H3,BN,L1
BN,L1,L2,L3,L3
L1,L2,H3,H3,L3
L2,L1,H3,L3,L3
L1,L1,L3,L2,M1
H1,L3,L2,M1,L3
L3,H3,M1,L2,L1
L1,L2,L1,L1,L1
M1,L1,L1,L3,L2
H1,L1,L3,L3,L2
L2,L3,L1,L3,L1
L2,L2,H2,L3,L1
L3,L3,H1,H2,BN
L3,L3,L1,M1,L1
L1,H2,L2,L2,H1
BN,L2,GL,L3,L3
L2,L1,L1,M1,L2
L2,L1,L2,L1,L3
L3,H2,L1,H2,L3
L1,L2,H1,L3,L1
H3,L2,L3,L2,L3
L3,L2,L1,L3,BN
L2,L2,L3,L2,L3
M1,L3,L1,L2,H2
M1,L3,L3,L1,L1
L1,L1,L2,L2,L1
L1,H3,L3,H1,L1
L1,L3,L3,L3,L3
H3,L1,M1,L3,L2
BN,H3,H3,L3,M1
L1,L3,L2,L1,L3
L2,L1,M1,L2,L3
L2,L1,L2,M1,L2
L3,L2,L3,H3,M1
L1,M1,L2,L2,L3
M1,L2,L1,L2,L3
L1,H2,L3,L1,L2
L2,L2,L2,M1,L1
L3,L2,L2,L1,L3
BN,H2,L3,L3,H3
M1,L1,L2,L1,M1
L1,L1,L1,M1,H1
L3,H3,L2,L1,L1
L2,H2,L2,L3,BN
L3,L1,L2,H3,L1
M1,L2,L2,H2,L3
L3,L2,L2,L2,L2
H2,L1,L2,BN,L3
BN,L1,H3,L2,H3
L3,L2,L1,L3,L1
L2,L1,BN,L3,H2
M1,L2,L1,L1,L2
M1,L1,H3,L3,L3
L1,L1,H3,L2,H1
L2,L1,L1,L1,L3
L2,H2,M1,L3,L2
L2,M1,L3,M1,M1
H3,L1,L3,H3,L1
M1,L3,L2,L2,L1
H1,L3,L3,M1,L3
L3,L3,H3,L2,L3
M1,L1,L2,L2,M1
M1,L3,M1,H3,L1
L3,L1,L3,L2,M1
H3,H2,H1,L2,L3
M1,M1,L2,L1,L3
L2,L3,BN,BN,L2
L1,L2,L2,L2,L1
H3,L2,L3,L1,M1
L2,L2,L3,H1,L1
L1,L2,L3,L3,L3
L3,L1,L2,L2,H1
H3,H2,L1,L3,L2
L3,L2,H1,L2,L2
H1,H3,L2,BN,L2
L1,L3,L2,L3,H2
L2,L1,L2,L3,M1
L1,L2,L2,L1,L3
M1,L1,L3,L3,L2
L1,L1,L1,L3,L1
L3,M1,H3,L1,L2
L2,M1,L1,L3,L2
L1,L3,L3,L3,H3
H1,L3,L3,H1,L2
L1,L3,L1,L3,H2
BN,L1,L2,L1,H2
H3,L3,L3,BN,L3
L2,M1,L3,M1,H2
L2,L2,H2,L3,L1
L2,L1,BN,H3,L3
L3,L2,L2,L3,L3
L3,L2,L3,L1,L3
H2,L2,H2,L2,L3
L2,L3,L3,L2,L3
L1,L1,H2,H3,L1
L3,M1,M1,L3,L2
L3,L3,H2,L3,BN
L2,L1,M1,H2,H2
L1,L3,L3,L3,L3
H2,L3,L2,H3,H1
H3,M1,BN,H2,L1
L2,L2,M1,L1,L2
L3,L3,M1,L1,L3
L1,L1,L3,H3,L1
L2,L1,H2,L2,H1
GL,L2,M1,L3,H3
L3,L1,L1,L2,L2
H1,L3,H3,L1,L3
L3,L3,L3,L1,M1
M1,M1,L3,L2,L1
L3,H3,L3,L2,L1
L2,L3,L3,M1,H3
L2,L3,L3,L1,L3
L1,L1,M1,L1,L2
L3,L2,L2,H3,L3
L1,L1,L2,M1,L2
L3,L3,M1,H3,L2
L2,L3,H2,L1,M1
L3,H2,L3,L2,L3
L2,L3,L2,L2,M1
H3,H3,L1,H3,L1
L2,H2,L2,H2,L3
L1,BN,L1,L3,M1
L1,H3,M1,L3,L1
L2,L2,L2,H3,L1
H2,L2,L2,L1,H1
L2,L2,L2,L2,L3
H2,L2,L1,M1,H3
L3,L2,H2,M1,H1
H3,M1,L3,L1,H3
H3,L1,L2,H3,L2
L2,L3,H3,L1,M1
L1,L2,L3,M1,L2
L2,L3,L3,L3,L3
M1,L1,L3,L3,L2
BN,L2,L2,H1,L2
M1,H1,H1,H3,L2
L2,L1,L2,BN,L2
L3,L2,M1,H1,H1
L1,L2,L3,L1,L2
L3,L2,L3,L1,L1
L1,L3,L1,L2,M1
M1,L2,H2,L2,L2
L2,L1,L3,H1,L2
H2,H3,L1,L3,L1
L3,BN,M1,M1,L3
L3,L3,M1,M1,L1
L1,L3,L3,L2,L1
L2,M1,H1,L1,L1
L1,H2,L1,L3,L2
L3,M1,L3,M1,H3
L2,M1,H2,H3,L3
H1,L1,H2,L1,L3
L2,H2,M1,H1,L2
H2,L3,M1,L3,L2
H3,L2,L2,H3,BN
L3,L1,L1,L2,L1
L1,M1,L2,L2,H3
L1,L2,L2,L1,L3
L2,L1,H1,L1,L2
L1,M1,L2,M1,L3
H2,L3,L3,H3,L3
L2,H3,L2,L1,L2
L1,M1,L3,L3,M1
H1,L3,BN,M1,L1
BN,L2,M1,H1,L1
L1,M1,L2,L2,L2
L3,L1,L1,L3,L2
L1,L3,L2,H3,L3
L2,L2,L3,L2,L2
L3,H3,L2,L1,L1
L3,L1,L3,L2,L3
H1,L2,L1,L2,H2
L1,L3,M1,BN,L3
L3,L2,L1,L2,L1
L1,L3,L3,L3,L1
L3,H1,H2,H2,L3
M1,H2,L1,L2,H1
L2,L3,L1,L1,H2
L3,L2,L1,L2,H3
L2,H2,M1,M1,L3
L1,L3,L3,L1,L3
H2,L2,H3,M1,H3
H3,L2,L3,L3,L1
L2,L1,H2,L1,L3
M1,L3,L2,L2,L2
L3,H1,L3,L1,L3
L1,L1,L1,H2,L1
H2,H1,M1,L1,L2
H3,L1,H1,L3,L1
L3,H3,L3,L3,L1
H3,L3,L2,L3,L3
M1,H1,L3,L1,L2
L2,H1,L3,L2,M1
L2,L2,M1,M1,H1
L1,H1,M1,L2,L3
L2,M1,H1,L2,H3
H1,L1,H2,L2,H2
BN,L1,M1,L3,H1
M1,L1,L3,H3,L1
L3,L3,L3,L3,L2
GL,M1,L3,H1,L3
L2,L1,M1,L3,L1
L1,L1,M1,H3,H1
L3,L3,L3,M1,L3
L1,M1,H3,BN,H1
L1,L1,GL,M1,M1
L2,L3,L3,L2,M1
L2,L3,L1,L2,H1
L2,H2,L1,H1,L1
L3,H2,L1,M1,L3
L3,L2,L1,L1,L2
L2,H3,M1,L3,L2
L1,H3,L2,L2,L1
H2,L1,L2,L2,M1
L1,M1,L1,M1,L2
L3,M1,L3,L2,H3
L2,M1,L1,L3,L3
L2,M1,L3,H3,L2
H2,L2,L3,L3,L3
L2,L2,M1,H3,L3
L1,L2,L3,L2,L3
L2,H3,L2,BN,L1
L2,L3,L3,H3,L1
L3,L3,L3,L2,L2
L3,L3,L2,H2,L3
BN,L2,L3,M1,M1
M1,L3,L1,L2,L2
L2,H3,L1,L1,M1
L3,L3,L1,L1,L2
L3,L3,L3,H2,L2
M1,L3,L2,L2,H2
H3,L1,L3,L1,L2
H1,L1,L2,L1,L2
M1,L1,L3,M1,L2
L3,L2,H3,L3,L3
BN,L1,H3,H2,L2
L2,L2,L2,L3,L3
L1,L1,L1,L2,L3
L1,L1,L1,L3,L3
M1,L2,L2,H2,L3
M1,GL,M1,L1,L3
L1,L3,BN,L1,L3
L2,L2,M1,L2,L1
M1,L3,L3,L3,M1
L1,L1,L3,H2,L3
L2,H3,M1,L3,L2
L3,M1,L3,L2,L3
L3,L1,L2,L3,L2
L1,L2,L1,H2,L2
L1,M1,L2,H2,L3
L3,L3,M1,L3,L2
L1,L2,BN,L3,L1
L2,H3,L2,L2,L2
M1,M1,L3,M1,L1
L1,L3,H1,L3,L3
L3,L3,L2,BN,M1
L2,L2,L3,H3,H2
M1,M1,H3,M1,L3
L2,L3,L3,L3,L2
L2,L3,L3,L2,L1
H3,H3,L1,H2,BN
H3,L2,L3,H3,L1
L2,L3,L3,H1,M1
L2,L1,M1,L3,L2
L2,L3,BN,L3,L1
L3,L3,H3,L1,H3
L2,L2,L3,H3,L3
L1,L3,L1,L1,L3
L2,H2,L1,H2,L3
L2,L1,L2,L2,L1
L1,L2,H3,H2,L1
L2,L2,L1,H1,L3
M1,L2,L2,L1,L2
L1,H3,H3,L3,H1
M1,H2,L1,M1,M1
L3,L3,L1,H3,M1
L3,L1,L1,L3,M1
L2,M1,L2,M1,L2
L3,M1,L3,L1,L2
L2,L1,L2,L2,H3
L2,L1,L2,L3,L3
H1,H3,H2,L3,L1
L2,M1,H1,L3,L3
L2,L3,L3,L2,L3
L3,L1,H3,M1,M1
L3,L3,L2,M1,H3
L2,L1,L2,L3,L1
L3,L3,L3,M1,L1
L1,L2,M1,H1,H2
L3,L1,L3,L3,L3
L3,L1,L3,L2,H3
M1,M1,M1,L3,L3
L2,L2,L3,H2,L3
BN,L1,L3,L2,L1
H2,L1,L3,L1,L2
L2,M1,L3,L1,L2
H2,L1,M1,M1,M1
H1,L3,H3,L2,M1
L1,H2,L3,L3,L3
M1,H1,H3,H2,L1
L1,M1,L1,L3,L3
H2,H3,L2,L2,L3
M1,L2,M1,L1,L3
M1,L1,L3,H3,L3
L2,L1,M1,L2,H3
M1,H3,L2,L2,M1
L1,L3,L2,L2,L2
L3,L2,H2,H3,L2
L1,L2,L1,L2,L2
L2,H3,L1,L1,L3
M1,M1,L2,L3,H1
L1,L1,M1,M1,L2
M1,M1,M1,L2,L3
M1,L3,L2,BN,L3
L2,L1,L1,M1,L2
L1,M1,L3,L1,L1
L2,H1,L2,M1,M1
M1,L1,L1,L1,H2
L1,H2,H1,M1,L1
L3,H3,L1,L2,L1
L1,L2,L2,L3,L3
M1,L3,M1,H3,M1
L1,H3,L1,L3,L2
L2,L1,L2,H2,L1
BN,L1,H2,L2,L3
L2,L2,L2,H3,L3
M1,L2,M1,L2,L2
L2,H3,M1,M1,H2
H3,L1,L3,H3,L3
L2,H1,L3,L3,L1
H3,H1,H3,L3,M1
H2,L2,L3,L1,L3
L2,L3,M1,H2,L1
L1,L1,M1,L3,L3
M1,L3,L3,L2,L1
L1,L2,M1,L3,H3
L1,H3,L3,L2,H1
M1,L3,M1,L3,L1
M1,M1,L3,L3,L1
L1,L3,L1,L3,H2
L3,H3,H3,H2,L3
M1,M1,H2,L2,L3
L2,L3,L2,L3,M1
M1,H1,L2,BN,H3
L3,M1,H3,L1,L2
L1,M1,L2,L3,M1
H3,L2,L2,M1,L2
H1,L1,BN,L2,H3
L2,L2,L2,L2,L2
M1,L2,M1,H2,L3
L1,M1,L3,H1,L2
L3,L3,L1,L1,L3
L1,L3,H2,L2,L3
H2,M1,L2,H3,L3
L1,H3,M1,L1,L2
M1,L3,L1,L2,M1
M1,L2,L1,L3,L1
L3,BN,L3,L2,M1
L1,L1,L3,M1,L2
H3,L2,M1,L3,L2
H2,L3,H2,L3,H3
L2,H2,L1,L3,L3
L3,M1,H2,L2,L3
L3,L3,L2,L2,L1
L3,M1,L3,H2,M1
L2,L1,H3,L1,L2
L1,L2,L2,L3,H3
L1,L3,L1,M1,M1
L2,L2,L2,L3,L3
L1,L3,M1,H3,L3
M1,L2,L1,BN,L3
M1,BN,L3,L2,L3
L1,L3,L3,L1,L2
H1,L2,L2,L2,L3
L2,L1,H2,L3,L3
M1,L1,L1,L2,L1
L2,L3,L3,M1,L2
L3,H1,H2,L2,L2
L3,H3,L2,L3,M1
L3,L2,H2,H3,L2
L1,L1,L1,H1,H2
L1,L3,L3,L2,M1
H2,L3,H1,H2,H1
L1,L1,L1,M1,L3
L3,L2,M1,L1,L2
L3,H3,H2,H3,L1
L3,L3,H2,L1,L1
L3,L2,L1,L3,M1
M1,L1,H2,H3,L3
L3,H2,H1,M1,L2
L1,L2,L3,L3,L1
L3,H2,L3,BN,L2
H1,L1,L3,L3,M1
H1,L1,H2,L1,BN
L1,L3,L3,H2,L1
M1,L1,L3,L1,M1
L2,L1,L3,L1,H3
L2,L2,M1,BN,H1
H2,M1,L3,L2,L2
M1,L3,L3,H1,M1
M1,M1,H1,L1,L2
L2,L2,L3,GL,L1
L1,BN,H3,L2,L3
L2,H1,BN,H1,L2
L2,M1,H3,L1,H3
H3,H2,L1,L1,L1
H2,H3,L3,L3,L2
H3,L3,M1,L2,L1
L3,L1,L2,H1,L2
H3,L3,L2,H2,H3
L2,M1,L2,L3,L3
L2,L2,L3,H2,L3
L3,L1,H2,L3,BN
L2,L1,L3,L2,L2
M1,L2,BN,L2,L2
L1,L3,L3,L3,H3
L3,L2,L3,H1,H3
BN,L2,L2,L2,H1
H3,L2,L2,L3,L3
H3,L1,L1,L1,L1
L2,H1,M1,L2,L2
L3,H3,L1,M1,H3
L2,L1,L1,L3,L3
L1,H1,L2,L3,L2
H3,L2,BN,L3,L2
M1,L1,L1,L2,L3
L3,H1,L2,L1,L2
L1,L3,H3,L1,H2
L1,BN,L1,L2,L3
H2,L2,BN,L1,L3
H3,L2,H3,H2,L3
M1,L3,M1,H3,L2
H1,H2,L2,L1,L2
L3,L1,L3,L2,L2
BN,H2,L3,L2,L3
H2,H2,H3,L3,M1
L3,H3,M1,L1,H2
M1,L1,L2,L2,H1
L2,L1,L3,H2,L2
L2,L2,L3,L2,H2
L2,L1,L1,L2,L1
L1,L1,L2,M1,L3
L3,L2,L2,H3,L1
L3,M1,L2,M1,L3
L2,H1,L3,M1,L3
L3,H3,L2,L2,L1
L1,L2,L3,M1,L2
M1,H1,H3,M1,L1
L2,L1,H2,L1,L2
L2,L3,M1,L3,H2
L2,L1,M1,L2,L2
H3,L1,L1,H3,M1
M1,L2,L3,L2,L1
L3,GL,H3,L1,M1
L3,M1,L2,H3,M1
L3,M1,L3,L2,L3
L2,H2,L3,M1,L3
L1,L3,L2,L3,L1
H1,M1,L3,H2,L3
L3,L2,H1,L3,L2
L2,L3,L1,H1,L2
L1,L2,H3,L3,L2
H2,L3,L3,M1,H2
L3,L2,M1,L2,M1
H1,M1,L3,L2,L3
M1,L2,L3,L3,L3
M1,L1,H3,BN,L1
M1,L1,L3,L3,L3
L3,L2,L2,H3,H3
H1,L3,L2,L2,M1
H2,L1,M1,L1,BN
L2,L3,L3,L3,H3
H3,L3,H3,L3,H1
BN,L1,L1,H3,L3
L1,L1,L2,M1,L1
M1,L1,M1,L2,M1
L3,H3,L3,L3,L2
L1,M1,L3,M1,H3
L2,L1,L1,H3,L1
H1,H1,L3,L2,L1
M1,L1,L1,L1,L2
L2,L1,L2,L3,L2
L3,L1,L2,H2,L3
L1,L2,L3,L3,L2
H2,L1,L1,L2,L3
BN,L2,L3,L1,L3
M1,L1,L2,L1,L2
L3,M1,M1,L3,H3
L2,L3,L3,L3,H2
L3,L1,L1,M1,H3
L2,H3,H3,L2,L1
L1,L2,L3,L3,L1
L2,L1,L2,L1,L3
L1,L3,H3,H2,L1
L3,H2,L3,L3,L1
H2,L1,H1,L2,H2
L3,L1,L1,L3,M1
L3,L3,L3,L2,L1
L2,H1,L2,H3,L2
H3,L1,L1,L2,H1
L3,L2,H2,M1,L3
L2,L2,M1,L1,L3
L1,H2,L2,L2,M1
M1,BN,L3,M1,L2
L1,H3,L3,L3,H3
L3,H2,L1,L3,H2
L1,M1,L3,M1,L2
L1,L3,L1,H2,L3
L1,H3,H3,L2,L2
L3,L3,H2,L1,L2
L1,L1,H2,L1,L3
L2,L1,L3,L3,L2
L2,L2,L2,M1,L3
L3,H3,L2,M1,L3
L2,L2,H1,L2,L3
L1,L2,M1,L2,L2
L3,H3,L1,H1,H2
L3,L1,L2,M1,L2
H2,H3,L3,L3,M1
GL,L3,H2,BN,L1
M1,L2,L2,M1,L3
L1,L2,L2,M1,L3
M1,M1,M1,H3,L1
BN,H1,BN,L1,L3
L3,L2,M1,L2,L1
L3,L1,L1,H2,H3
M1,L2,L1,L2,L1
L3,M1,L2,M1,M1
M1,L1,H3,L1,L1
L1,L2,M1,L3,L2
M1,L2,L2,M1,L3
L3,L3,L1,L2,L2
BN,M1,L2,L1,L2
L1,L3,L1,L1,H2
M1,H2,M1,H2,L1
H1,L3,L1,L3,M1
L3,M1,H2,L3,L3
H2,L2,L2,L2,H2
L2,L2,L2,L2,M1
L3,L2,L3,L2,L1
H1,L3,L3,M1,L2
L2,L1,M1,L1,L2
L2,L2,H3,H3,L3
L1,L3,L3,L3,L2
BN,M1,H2,L2,H2
L3,L1,L3,M1,L1
L2,L1,L3,L1,L3
H1,L1,L2,L1,L3
M1,H2,L1,H3,L3
L2,L2,L1,L2,M1
L3,H2,L2,L3,H3
L2,L3,L3,M1,L2
L3,L1,L2,M1,L2
L2,H3,L2,L1,H3
L1,L3,L1,L3,H2
M1,L3,M1,L1,L3
H2,H2,M1,M1,M1
L2,H2,L2,L3,L3
L2,M1,L2,H3,L3
L3,L2,L1,L1,L2
L2,L3,L2,L3,L2
BN,L2,L3,H3,L2
L2,L2,L3,L2,L1
M1,L3,L3,L3,L2
H1,L1,L2,L2,L1
M1,L3,L1,L3,L2
M1,L3,M1,L3,L3
L2,L1,H3,M1,L1
M1,L1,L1,L3,L3
H3,L1,H1,L3,H1
L2,M1,H2,L1,L1
H2,H2,L1,L2,L1
H2,L3,L2,L1,BN
L1,L2,M1,L3,L3
L3,L2,BN,M1,L3
L3,H2,H3,L2,L3
L1,L2,H3,L3,L3
L3,L3,H2,L2,H3
H3,L2,H1,L3,L2
L1,L1,H3,L2,L3
M1,H1,L2,L3,L3
L1,H2,L1,L1,H2
L1,L3,L1,L3,L3
L3,H1,M1,L2,L2
L1,L1,M1,L3,L2
L1,L3,L2,L2,L3
L1,L2,H3,L1,L1
M1,L3,L3,BN,L2
L2,L3,L3,L2,H3
L1,L3,M1,M1,H3
H2,M1,L1,M1,L3
L3,L1,L1,L2,L2
L3,H3,L1,L1,M1
L3,H1,L2,H3,H2
L2,L2,H3,L2,M1
H2,M1,H1,L1,L1
M1,L1,L3,M1,L3
M1,L3,L2,H3,L2
L1,L3,L3,L3,H2
L1,H1,H3,L2,H2
H2,L3,L1,M1,L3
L2,M1,L1,L3,L3
L3,H2,L2,M1,L1
L3,L1,L2,H2,M1
L3,M1,L3,M1,H3
L3,L1,L2,H1,L1
L3,L2,L3,L3,H3
L2,L2,L2,M1,L3
L1,L2,H3,L1,L2
L1,M1,L3,H3,L2
L3,H2,L3,L1,L3
L3,L1,L1,H3,H3
L2,H2,L1,H2,L2
H1,L1,H3,M1,L3
L1,L3,L2,L1,L1
L3,L1,H2,H2,L1
M1,L3,H1,H3,M1
L1,H2,BN,L2,H2
L2,L3,H1,M1,L1
L1,L3,M1,L1,H2
M1,L1,L2,H3,L3
L3,L1,L3,L1,M1
L2,L3,L2,L1,M1
L2,L3,L2,H3,H3
H3,L2,L3,L1,L2
M1,L2,L3,M1,H3
L3,M1,L2,L1,L3
L3,H3,L1,H2,M1
L1,L3,H2,H1,L1
H1,H1,L2,L2,H1
L2,H1,L3,L2,L2
BN,L3,L3,L3,L1
L3,L1,M1,L2,L1
L3,H2,L2,M1,L3
L2,L3,H1,H2,L2
M1,H3,L2,H3,L3
L2,L3,H2,L1,L2
M1,M1,L3,L2,L1
L1,BN,H3,L1,L3
H3,L1,L3,H1,L2
L3,L2,L2,L2,L1
H3,L2,L3,M1,L3
L3,H3,H3,L3,H3
L3,L1,H3,L1,L2
L3,L1,L3,M1,L3
H3,H2,L3,L1,L3
M1,L2,L3,L2,L1
M1,H1,H2,GL,M1
L3,H2,H3,L2,M1
L3,L1,BN,L3,H1
H1,L2,M1,M1,L2
M1,L1,L1,M1,L2
H2,L2,L3,L2,L3
L3,M1,M1,M1,L1
L1,H2,L3,H1,H1
M1,L1,M1,L1,L1
M1,L1,L3,L1,L1
H1,M1,L3,L1,L3
H2,GL,L3,L1,L3
L2,L2,L1,L2,M1
L1,L1,L2,L2,L1
M1,H1,L3,L3,M1
L1,L3,L3,L1,M1
L3,L1,L1,L3,L2
L3,L3,L1,L1,BN
L3,H2,L2,L1,H3
L3,H2,L1,L3,L3
L1,L3,L2,L3,L2
L3,H2,L1,L1,L2
L2,L3,L1,L3,L3
L3,M1,L2,L1,L3
H3,L3,L3,L1,H2
L3,L2,L3,L3,M1
L3,H3,M1,L3,L2
M1,M1,L2,H1,H2
H3,L3,L2,L3,H3
L3,L2,L1,L1,H1
H3,L2,L2,L1,L2
BN,L2,L1,L3,L3
L3,L3,L3,M1,L2
L3,L3,L2,L3,L3
H3,L1,L3,L1,H3
L3,L2,H2,L3,L2
H2,L2,L2,H3,L1
L1,L1,L2,M1,L2
L3,L3,H3,H1,L3
L2,H3,L1,M1,L3
H3,L1,BN,L2,L1
L2,L1,L3,H2,L1
H1,M1,L3,H3,L3
L1,L3,L3,BN,H2
L1,H3,L1,L2,L2
L3,L1,H2,H3,H1
L2,L2,L2,M1,L1
H3,H3,L1,L1,H3
H3,L1,L2,M1,L3
H2,H3,H2,L1,L3
L3,L3,M1,H2,L1
H2,H1,M1,H2,H3
M1,L3,L3,L2,L2
L2,M1,H2,L3,H3
L1,L3,L2,M1,H2
L3,H3,H3,L2,L1
L2,L2,M1,L3,L2
L3,H2,L1,M1,L2
M1,L2,L3,H2,H3
M1,BN,BN,L1,H3
L3,L2,L2,L2,L1
L2,H3,L2,L3,M1
L2,L2,L3,H3,M1
L3,L3,L3,L1,L3
M1,L2,L1,H3,L3
L3,BN,L3,L1,L1
L3,L2,H2,L2,H2
L2,H2,L2,L1,L3
L2,L2,M1,L2,L2
L3,H2,H2,L3,L2
L3,L3,L3,L1,L2
M1,H2,L2,L3,L1
BN,M1,H2,L2,H3
L1,L3,M1,M1,L2
H1,H3,L1,H1,L3
L1,L1,M1,L1,L2
L3,H2,M1,L2,L3
H3,L1,L2,H2,M1
L1,L3,L2,H3,L1
H1,L3,L3,H2,H3
L3,L2,L3,L3,M1
L3,L1,L3,L1,L3
L2,L3,H3,L3,L3
L1,L2,BN,L1,L2
L1,L1,L2,L2,H3
H3,H2,L3,L2,L3
L3,H3,L3,L3,H2
L3,L1,L1,L2,H2
L3,H2,L3,L1,L3
L3,L3,L3,M1,L2
L2,L1,H3,M1,H2
L1,L3,L2,L3,L2
L2,H3,L2,M1,L2
H3,L1,L1,H3,H3
L1,H3,L2,L3,BN
L3,L2,L1,L1,L3
L2,H2,L2,L1,L3
L2,L3,H1,H3,H2
L3,L2,L3,L1,H1
L1,L1,H3,BN,L2
L1,L2,L2,H1,L3
H3,L1,L1,M1,L2
L1,L2,L1,L3,L3
H2,L3,L1,H3,L2
L2,H3,L2,L2,BN
L1,L2,L3,L1,M1
M1,M1,L1,L3,L3
M1,L2,L2,L1,L2
L2,H2,L3,BN,L1
L1,M1,M1,H2,L1
L2,L1,L3,L1,L1
L2,H3,H2,H2,H3
L2,L2,H1,L1,L3
H3,M1,L3,L2,L2
L3,H2,L1,M1,L3
H2,H3,L3,BN,L3
H1,L1,L1,H3,L2
H2,M1,L2,L1,L3
L3,L3,M1,L2,L1
L3,L2,M1,L1,H3
L2,L1,M1,L2,H3
M1,L1,L2,L1,BN
L1,L2,L3,L1,L2
L2,M1,L1,M1,L1
L1,BN,H3,L3,H2
L1,L3,H1,L1,L1
L2,M1,L2,L2,L3
L3,L3,L1,L3,L2
M1,L2,H3,H1,H3
M1,L3,L2,L3,M1
L3,L3,L3,H1,M1
BN,L2,L3,L3,M1
H2,L2,L3,L1,L1
L1,H2,L2,L2,H1
H3,H1,L2,L3,L1
L1,L1,L1,L2,L1
L3,L3,L3,L2,L3
H3,M1,M1,L1,L1
L2,L2,L2,H3,L2
H2,L1,M1,H3,L2
L1,L1,H1,L3,H3
BN,H1,M1,H1,H3
L1,H3,L1,H3,L3
L2,L1,L1,L2,M1
L3,H3,L3,L2,H1
L2,L2,M1,L2,H1
L3,L2,L3,L3,L1
M1,L2,L2,H3,L3
L1,M1,H2,M1,L2
L2,L1,L3,L2,L3
L3,L2,M1,L1,L1
L2,BN,L1,L2,M1
L2,M1,H1,M1,L3
L1,L2,H2,H1,L2
L2,H3,L3,L3,L1
L1,L3,L1,L3,L2
M1,L3,L3,L3,GL
L3,L2,M1,L2,H1
L3,L1,L3,L3,L2
L2,L1,H3,L3,L1
H2,H3,L3,L3,H1
L1,M1,H3,L1,BN
H3,L1,L3,L3,M1
L3,L1,H3,L2,L3
L2,L1,L3,L3,H1
M1,L2,H1,H2,L3
L3,L2,L1,L1,L3
L1,L3,H1,L3,H2
M1,M1,L2,L1,L1
M1,H1,L2,BN,L1
H1,L2,BN,H3,L3
H1,BN,L3,L3,L2
L2,L3,L1,L1,L2
L1,L3,L2,M1,L3
L2,L1,H2,L2,L3
L2,L3,M1,L3,M1
M1,L3,H3,H1,L2
L3,L1,L2,H2,L3
H2,L3,L1,H3,L3
L3,L1,L1,L2,H2
L1,H1,M1,L1,L2
H3,L3,M1,L3,L3
H1,H2,L2,L3,L1
L1,L1,H3,M1,L1
L2,L3,M1,H2,M1
H2,L1,L1,H1,L2
H2,L1,L2,H1,L3
L1,L1,L2,L3,L2
L1,L3,L3,H2,L1
H1,L2,L3,L2,L2
L2,M1,H3,L3,L1
M1,H3,L3,L3,L3
L3,H3,L3,L3,M1
H3,L1,L3,L2,L2
L3,L3,L1,L2,L3
L3,M1,BN,H2,L1
L1,L2,L1,M1,L1
L2,M1,L2,GL,L2
H2,L2,L1,H3,M1
L3,L1,L2,L3,L1
M1,L2,M1,L1,L2
L2,L3,L3,L2,L2
L2,H1,H2,L2,L1
M1,L2,L2,H1,H2
L2,H1,H3,L2,M1
H3,L3,L1,M1,L2
L3,BN,L3,L3,L2
L3,H3,BN,L1,L3
M1,L3,L3,L1,L2
L1,L2,L3,H1,L3
L1,L2,L3,L2,M1
L2,L2,L1,H3,L1
L1,L3,L3,L2,L2
L3,L2,M1,M1,L1
M1,L2,H1,H2,H3
L1,L1,L1,H1,L1
L3,M1,L3,L2,BN
M1,L2,L1,L3,M1
BN,L3,L3,L2,M1
L1,L3,L2,H3,L3
L3,L1,M1,L2,L2
L2,L3,L2,L3,L1
L2,L2,H1,M1,L2
L2,L2,L1,L1,L1
L1,L3,BN,H3,L3
L3,L3,L2,M1,L3
H3,M1,H3,L1,H3
L1,L2,H3,H1,L3
L1,L2,L2,L1,H3
H2,H3,H2,H1,L1
L1,L2,L3,H2,H2
L1,H3,L3,L2,L2
L2,M1,L1,L3,H2
L1,M1,L2,BN,L3
BN,H3,M1,L1,L2
L1,M1,BN,L1,H2
H1,L3,L2,L1,M1
L1,H3,L1,L2,L3
L3,L3,L3,H1,M1
L2,BN,L2,L3,L3
L3,H2,L1,L2,L2
L3,H3,M1,L1,L2
L1,L1,M1,L1,L3
L1,H3,L3,L3,H3
L3,L1,L1,L3,H3
H1,M1,L2,L1,L3
L1,L1,L1,L1,M1
L3,L2,L2,L3,H3
H2,L3,L2,M1,M1
L3,L2,L1,H3,L2
L1,M1,L2,M1,L3
L3,M1,H3,L1,M1
L2,BN,L3,L3,M1
L2,L3,L2,L3,M1
M1,L2,M1,L1,M1
L2,L2,L3,L2,H2
L1,L3,L2,L3,L2
H3,L1,L2,M1,H2
L2,L1,H2,M1,H1
M1,H3,L1,M1,L3
L3,M1,M1,L1,L1
L1,M1,H1,L2,L3
H3,H3,L3,H1,L3
L3,L2,M1,L1,M1
L2,H1,L1,L1,L3
H3,L2,L2,L3,L3
L1,L1,L1,L2,L1
L3,L3,L2,L3,H1
L2,M1,M1,L2,H2
L1,H1,M1,L2,L2
L1,L2,L2,M1,M1
M1,L1,H2,M1,L1
L3,L3,H3,L3,L2
H2,H1,L3,L3,H3
L3,L2,L3,L3,L3
H3,BN,L2,L2,L3
L3,L3,H2,H2,L1
L3,L3,L2,L3,H3
M1,L1,L1,BN,L3
L1,L2,H3,L2,L2
L3,L2,H3,H1,L2
L2,L2,H2,L2,H2
L3,L3,L3,L2,L2
L1,L2,L3,L3,L1
L1,L1,L3,L2,L3
L2,M1,L2,H2,H3
L1,L3,L2,M1,L1
L2,H2,L1,L2,L3
L1,L1,H3,L1,L3
L3,L3,L3,L1,L2
H2,L1,BN,L1,H3
L2,L3,L3,L1,H3
L2,L1,M1,M1,H1
L3,H2,L1,L1,GL
L3,L3,L2,H1,L3
H1,L1,L3,L2,L3
H3,H3,L3,L3,M1
L1,M1,H3,H3,L2
L1,L2,M1,L2,L1
L3,L1,L2,L1,L2
H3,L3,BN,L1,L3
L1,L3,H3,L2,M1
M1,H2,L2,L3,L1
L2,L1,L3,M1,H3
L2,H3,GL,L2,L2
M1,L3,L2,L2,L1
H2,L2,M1,M1,M1
H3,L3,H2,L2,L2
M1,L2,L2,M1,L2
L3,L3,L3,L1,L3
BN,H1,L2,L1,L2
L2,H2,L2,L3,L3
L3,L2,H2,M1,L3
H1,L1,L2,H2,L3
H3,L2,L3,H1,H3
L3,L2,H1,H3,H2
L1,L3,L1,L3,BN
L3,L2,L2,L3,L1
H1,L3,M1,H1,L2
L1,L1,L2,H1,M1
M1,M1,M1,L3,L1
L1,L3,L2,L1,L2
L3,L2,M1,M1,L3
L3,H3,L3,L2,L1
H3,GL,M1,M1,L2
L1,L1,L2,L1,H2
L3,M1,L1,L2,H3
L1,L2,L2,L3,M1
L3,L2,L2,L2,L3
L2,L2,L3,H1,H1
L2,L1,L3,L3,L1
L1,L2,L3,L2,H3
L1,L2,L3,L3,H2
L3,H1,L2,L1,L3
L1,H3,L3,L1,M1
H2,M1,L2,H2,L3
L1,H3,L2,L2,H2
L1,L2,H3,BN,L2
L3,H2,H3,L2,H2
L3,L3,M1,L1,L2
L3,H3,L1,M1,BN
L2,L1,L2,L1,H2
L3,H2,L2,H2,M1
L3,L2,L2,L3,H2
H3,H3,L2,L3,L3
BN,M1,L1,H1,L1
H1,M1,L2,H3,L2
L3,L1,L3,H3,L3
H3,L2,H2,H2,L1
L1,L2,H1,L1,L3
L1,H1,M1,H2,BN
M1,L2,L3,H2,L3
L3,M1,L1,H2,L3
L3,L3,L1,L3,M1
L3,L1,L2,L3,H3
L3,L2,H1,L1,L3
H2,L1,L2,L3,L2
M1,L2,L1,L2,L2
H1,L2,L3,H3,H2
L1,M1,H2,L3,L1
L2,H3,L2,H1,L2
H1,L3,H3,L3,L2
H2,L3,L1,L3,L2
L3,L2,L3,L3,L3
BN,L2,L2,L1,L1
H1,H2,L2,L3,L2
L1,H3,L2,H2,L1
H3,L3,H1,M1,H3
L1,M1,M1,H3,L3
L3,L3,H1,L3,H3
H3,L3,L3,H2,L1
L3,L3,L1,M1,M1
L1,M1,H2,L2,L1
L1,L3,H3,H2,M1
L1,L2,L2,L1,L2
L3,L2,M1,H3,M1
M1,L2,L1,H2,L2
H2,M1,L2,M1,L1
L2,L2,L2,M1,L2
L3,H2,L3,L2,L3
L3,L1,L1,L3,L1
L3,L2,L2,L2,L1
L1,L1,L2,L2,L1
L1,L1,H2,H1,M1
L3,H2,L1,H2,L3
M1,L3,L1,L2,L3
L2,L2,H2,L2,M1
L3,L3,L2,L3,H2
L3,L1,M1,L1,L2
BN,L2,L2,L3,H2
H3,H1,L1,L2,L1
L1,L2,M1,L3,L3
H3,L1,L3,L3,L1
L3,H1,M1,M1,H1
L3,M1,L3,H3,H1
L2,M1,L3,H3,L1
L3,L3,L1,L2,H2
H2,H1,M1,L3,L2
L3,H3,BN,L1,H2
L2,L3,M1,L3,M1
L3,L2,L2,L2,L2
L3,M1,L3,M1,H3
L3,L3,L2,L1,L3
L3,L2,H3,L1,M1
L3,M1,L3,L3,L3
L2,H1,L1,M1,H3
H3,L1,L3,L3,L3
M1,M1,L3,L3,L3
L3,H3,L3,L1,BN
H1,L1,H2,L3,L3
L2,L2,L3,L3,L3
H3,L3,L3,L1,L2
L1,H2,L2,L1,L2
H3,M1,L2,L3,H3
L1,H3,M1,L1,L3
L2,H2,L1,L2,H1
L3,M1,L1,H3,H1
L2,L1,L3,L1,L3
H3,L2,H3,L1,L3
L1,L3,L2,L1,L2
H2,H3,L2,L1,L3
M1,L2,M1,H3,H2
M1,L2,L2,H2,M1
L2,L2,L1,L1,L1
H3,BN,L1,L3,L2
H3,L3,L3,L2,L2
L3,L3,H2,M1,L2
L2,L2,L1,L2,H1
H3,L2,L3,L2,H1
M1,L3,M1,L3,L1
L3,L1,M1,M1,L3
H2,H1,L3,L3,L2
L1,L3,L2,L2,L3
L2,L3,M1,L1,L2
M1,L1,GL,L3,L3
H3,M1,M1,L3,L3
H2,H2,L1,M1,L3
L2,H1,L1,H3,M1
L3,H2,L1,H2,L2
H3,L3,L2,L3,L1
M1,H2,L3,L2,BN
M1,L3,L3,L3,L3
L1,M1,H2,L2,L3
L1,L2,L3,L3,L1
L2,L3,L1,L2,L1
L3,L2,H3,BN,L2
L3,L2,L2,L1,L2
L2,L1,L2,L1,L3
L1,L2,L1,M1,L2
L1,M1,L1,L3,L2
L2,H2,L3,L2,L3
L1,L1,M1,H3,H3
L2,M1,L3,L3,L1
L2,L2,H3,L2,M1
H2,L2,L2,L1,H3
M1,L1,L2,L3,M1
H1,L1,M1,L3,M1
L1,L1,L1,L2,L2
M1,L1,L1,H2,L1
H1,L3,M1,L2,M1
M1,L3,L3,H2,L2
H3,H1,L3,M1,L3
H2,M1,L3,L2,L2
L1,M1,L3,H1,BN
L2,L3,L2,L2,L3
L2,L3,L3,M1,H3
L1,L1,L1,L3,L3
M1,M1,L1,L1,L1
L2,L1,L3,H1,H1
L3,L1,L3,L3,BN
H2,M1,L1,L2,H2
L2,L2,L3,H2,M1
L1,M1,L2,L3,L2
BN,L3,L2,L1,L2
L3,L2,L3,L1,H3
M1,L3,M1,L2,L3
L2,H3,L3,L1,H3
L3,L1,L1,H2,L2
L1,L2,M1,H2,M1
M1,L1,L3,L3,L1
L1,L3,M1,L3,L2
L3,L2,L1,L3,M1
L2,L3,L2,L2,L2
L1,M1,H1,M1,L1
L1,L2,L2,L2,H3
L2,L2,L2,H1,L2
L3,L3,L2,M1,L2
L1,L2,H3,L3,M1
L2,L3,L3,H3,M1
L1,M1,L1,L2,L1
L2,H3,L2,L1,L3
L2,L1,L2,L1,M1
L1,L3,L2,L1,M1
L3,H2,H2,M1,L1
L3,BN,L3,L3,L1
L1,L1,BN,L1,BN
L3,L3,M1,L2,L3
L3,M1,M1,L1,M1
L3,L3,H3,H1,L3
L2,M1,L3,L2,L1
L3,L2,L2,L3,L2
H1,L1,L1,L1,H3
L2,L3,L2,L1,H3
H2,H1,M1,L3,L1
M1,L3,L2,L3,H1
H1,H3,M1,H2,L3
L2,H3,M1,M1,L1
L3,L2,H3,L1,H1
L2,M1,BN,H3,H3
L2,L3,H2,L2,L2
M1,L2,M1,L1,L1
H2,L2,H2,L1,L1
L2,L2,L3,L2,L2
H1,L1,L2,L3,L1
L1,L3,M1,M1,H3
L2,M1,L2,L3,L3
L3,L3,H1,L1,L1
BN,L1,L1,H3,H3
L2,M1,L1,L2,H2
H3,L2,L3,L1,L1
L2,L3,L2,L2,L2
L3,L1,L2,M1,H2
L3,L2,L3,L1,L2
H3,H2,L2,M1,L3
L3,H1,L3,L3,L2
L2,L3,L3,L3,H3
L3,L1,L2,H3,BN
L1,L3,H2,H3,L1
L1,H2,M1,BN,L3
H3,L1,M1,L3,L2
L2,L1,H1,H2,H1
L1,L2,L2,H1,L1
H1,H3,L3,L2,M1
L2,M1,L2,H2,H3
H3,L2,H1,L3,H1
BN,L3,M1,H2,H1
L2,L2,M1,L2,L1
L2,L2,L3,L2,H2
H3,H2,M1,L1,H2
L3,L2,L3,L2,H3
L1,L1,L3,M1,L2
L2,L3,L3,L3,L2
L1,L3,L3,L1,L3
L1,M1,L1,L2,M1
M1,L3,L1,H1,L3
L1,L1,L2,M1,L2
H1,L3,L3,L3,L2
BN,L2,L3,L2,L2
M1,L3,L3,L1,H1
H3,L3,H2,L1,L3
L1,L2,L1,H3,L3
H2,M1,H2,M1,H3
L2,H3,L2,L3,L3
L2,H3,M1,L1,L3
H2,BN,L2,H2,M1
L3,L1,L1,L2,L3
M1,H2,L2,L2,L2
H1,M1,L1,L3,L3
H3,L2,L2,H2,L1
L1,H1,L2,M1,L2
L2,H3,L1,M1,H3
L1,M1,L1,M1,L2
L3,L2,H2,H1,H3
L1,L2,H2,L1,L1
L3,L2,L1,L2,L2
H3,L1,L2,M1,L3
M1,L2,L3,M1,H1
H3,H2,L2,L3,L2
L2,L1,L3,H2,L3
H3,L1,L1,BN,L2
L2,H1,L2,L3,L3
GL,L2,H2,L3,L2
M1,L1,L3,L1,H3
L3,L3,L2,L3,L3
L2,L2,L2,L3,H1
L3,L2,L3,L2,L1
L2,H3,H2,L3,L1
L3,L1,L2,M1,L3
H1,L3,L3,M1,L3
L1,H2,L1,M1,L2
L3,L1,H3,BN,BN
L3,H3,L1,L3,M1
L2,L1,L3,L3,H3
L3,L1,L2,L2,H3
L2,L2,BN,L3,L1
L2,L2,L1,L1,L3
L2,L1,L2,L3,H2
BN,L1,L1,L3,L2
L1,L1,L2,L1,L2
L3,L1,L1,M1,L2
M1,H1,L3,L3,BN
L3,L2,L3,L3,M1
M1,L3,L1,L2,L1
L1,H2,H3,L1,H1
L1,L1,L3,M1,H3
L2,L3,M1,L3,M1
L3,L1,M1,L2,H3
BN,L1,H3,H3,L3
H3,L3,L1,L3,L3
M1,L3,L1,H3,L1
L3,L2,L2,L2,L2
L1,L2,L2,L2,L2
H3,L3,L3,L3,M1
BN,L1,L1,L3,L1
L3,BN,H2,L2,M1
L1,M1,L3,L2,L2
L2,L3,M1,M1,L3
L3,L3,L2,L3,L3
L3,H1,L2,L3,M1
H1,L1,L3,L2,L1
L3,L1,H3,L3,L2
L2,L3,L2,L3,L2
L3,L3,L3,BN,L3
L3,L3,L2,L2,H1
H3,L2,H3,L1,M1
L2,L1,H1,L3,M1
L1,L1,H1,M1,L3
H3,L3,M1,L2,L1
L1,M1,L1,H2,L3
H1,L3,L1,L3,L3
H2,L3,L3,L2,L2
L2,H3,L3,H1,L1
M1,L1,H2,L1,L2
L3,L1,L2,L3,H3
L2,L1,H1,H3,L2
L3,L3,L3,M1,L2
H1,H3,H1,L2,M1
L1,L1,M1,L3,L3
L1,L3,L3,BN,L2
L3,L2,L2,M1,L1
L1,H2,H1,H1,L1
H3,H3,M1,H2,L1
H1,L1,M1,H2,H3
H1,M1,H2,L2,L3
L2,L2,L1,L3,L1
L2,L1,H2,H2,L3
L2,BN,L3,L1,L1
L1,H3,L2,M1,H2
L2,L3,L2,L3,L2
L1,L3,L1,L1,L3
M1,L3,L2,L1,L3
L3,L2,H3,L2,M1
L1,M1,L3,L3,L3
M1,L3,L3,L2,L3
L3,L2,M1,L1,L2
L1,L3,H2,H2,H3
L3,L2,L3,L1,H3
L2,L1,L2,L1,L2
L2,L3,H2,L1,L1
L3,L3,M1,L3,H3
L3,L3,H3,L2,H1
H3,BN,M1,H3,L2
L2,L3,BN,L1,M1
L2,M1,L1,L1,L3
M1,L1,L3,L2,L3
H2,L1,H1,BN,L1
L1,L3,L2,H3,L2
H3,L2,L2,L2,BN
L1,L1,L2,L2,L2
H2,M1,L3,L3,L1
L1,L2,L2,H3,L3
L2,L1,L1,L2,L2
L3,H2,L1,L1,L3
L2,H3,L3,L2,H3
L2,M1,L3,L2,L3
L2,L2,H2,M1,L1
L2,L1,L3,L2,L3
L3,L3,L3,L1,L1
BN,L1,H2,H2,H2
L2,L1,L3,L3,L2
L1,M1,L2,M1,L1
H2,L2,L2,L2,L3
L3,BN,L1,L3,L3
L2,L1,L2,L1,L1
H2,L2,L1,L3,L2
L3,L3,L2,L1,L3
L1,L3,H2,H3,H2
L1,L3,L2,L2,L1
L3,BN,L3,L3,M1
L3,L3,L1,L3,L2
M1,L2,L3,L1,L3
M1,L2,L2,L1,H2
M1,L1,L3,L1,L2
L3,M1,L1,L2,L3
L3,L2,L3,L2,L2
L3,L2,L3,L2,L1
H3,L2,L3,M1,L3
L3,L3,M1,L3,M1
H3,M1,M1,BN,L1
BN,L2,M1,L2,M1
M1,L3,M1,H2,L1
L3,L1,L3,L1,L3
L2,L3,L3,L2,H3
H2,L3,L3,L2,L2
L3,L3,M1,L2,L1
H3,L2,L1,L1,L2
H3,H2,L2,L3,H3
L1,L3,L1,L3,L3
H2,L1,H1,L3,L2
L2,L2,L1,M1,M1
L3,L2,L1,L2,L2
L3,H2,H2,L1,L3
L1,M1,L1,L2,M1
M1,L1,L3,M1,H2
L1,L3,M1,L2,L1
M1,L2,L2,L3,H2
H3,L1,L1,L3,M1
H3,L1,L1,GL,L3
L2,H2,L2,M1,H3
L2,L1,H2,L1,L1
L2,L1,L1,L3,L3
H1,L2,L3,L1,BN
BN,L2,H3,L3,L3
H2,H3,L3,L1,L3
H2,L3,L3,L2,L3
H2,L2,H3,L2,L2
L2,H3,L1,M1,L2
L1,L2,L2,L2,L3
L2,L3,L1,M1,L2
M1,L1,H3,L2,M1
L2,L2,L2,L3,L1
L3,L3,H3,L2,L3
L2,L2,M1,L3,H1
H3,H3,L1,L3,H3
M1,L1,L2,L2,H2
L1,L3,L1,L2,M1
L3,L1,L2,H2,L2
L1,L1,H2,H2,L3
L1,M1,L2,L1,H3
L2,L3,M1,M1,L2
L2,L2,L3,M1,L2
H3,L1,L3,L1,L2
L3,L3,L2,L1,L2
L3,L3,L3,L3,H3
L1,L1,L3,L3,L2
L2,L3,H2,L3,L3
L3,L3,L3,M1,H2
L1,H2,L1,M1,L3
BN,L3,L2,H3,L1
M1,L1,L2,L1,L1
L2,L1,L1,M1,L3
L2,L2,H3,BN,L2
L1,L1,L1,L3,H3
L2,H3,L2,L3,L1
L3,H3,M1,L2,L2
L3,H3,L2,H2,L1
L1,L3,H1,L3,M1
H3,L3,L2,L2,L2
L1,H1,L1,L1,L2
M1,H3,M1,L2,H2
L3,H3,L3,L3,M1
M1,L1,L3,L1,L2
L3,L3,L1,H2,L3
L2,L3,L1,L3,M1
L2,L1,L1,L3,L3
L1,L3,L3,L1,L2
L3,L3,H2,L2,L1
L1,L3,L1,L1,L3
M1,L3,H3,L3,L1
L1,L1,L2,L3,L2
H1,M1,H1,L2,M1
L2,L3,L2,L3,L3
M1,L1,L3,L1,H3
L3,L1,H3,L3,L3
L3,L1,H3,H2,L2
L3,L3,L2,BN,L2
L2,GL,L3,H2,L2
L2,H2,L1,L2,L2
L3,M1,L2,L2,M1
H3,L2,L1,H2,H3
L2,L2,L3,L2,L2
L2,L2,H2,L1,L3
L1,H2,L2,L1,L2
L2,L2,L1,L3,BN
L3,H3,H3,L3,L3
BN,L2,L1,L2,L2
L3,BN,L3,L3,L3
L1,L1,H3,L3,L3
M1,L1,L3,H2,L2
L1,L3,L2,M1,L2
H2,L3,L2,L1,L1
L1,BN,M1,L3,M1
L2,L2,L1,M1,L1
L2,L1,L2,L3,L3
H3,L1,BN,H3,M1
L2,L2,L3,L3,H3
H2,L3,L3,L2,L3
L1,L2,H1,M1,L3
H3,L1,L3,H3,L3
L1,L1,H3,L2,L2
L2,L3,L3,H1,M1
L2,L3,H3,L3,L1
L3,H2,H3,L1,L1
H2,L3,L2,M1,H2
H1,L2,L1,L1,M1
L2,L2,L3,L2,L3
L3,L1,L2,L2,L3
L3,L1,L3,L2,L1
L3,L3,L3,L1,H1
M1,L2,H3,H1,H3
M1,M1,L3,L1,L1
H3,L1,L2,L2,H2
L1,L3,H2,L3,L3
M1,L2,L1,M1,L3
L2,L1,L1,L3,L3
L2,L3,L2,L1,GL
L2,BN,L3,L2,H2
L3,L1,M1,L2,H2
L2,H3,H1,L3,H2
L3,L2,L2,H3,L2
H3,L2,H3,L2,H2
L3,M1,L3,BN,H3
L1,L2,M1,L3,L3
H3,L3,L3,M1,L2
H2,L3,H1,L3,H3
M1,H3,L1,L3,L1
M1,L1,L3,L1,L2
H2,L3,H3,L1,L1
L1,L1,L3,BN,L3
H3,M1,L3,L3,H1
L2,L2,L1,L2,L1
L1,L1,H3,L1,L3
L2,L1,L2,L2,L2
H2,L2,H3,H3,L1
H3,H3,L1,L2,H1
L3,M1,L3,L1,L3
L1,M1,H3,L1,H2
L1,L2,H3,BN,L3
L1,L3,H1,H2,L1
M1,L2,M1,L2,L3
M1,L1,M1,H3,L2
H3,M1,L1,L3,M1
H2,L1,L2,M1,L1
H3,L3,L2,H2,L1
H1,L3,L1,L3,BN
L3,L3,L2,H1,L2
L1,M1,M1,M1,H3
L2,L1,L2,L2,L3
L1,H2,L3,M1,L1
L1,H3,L3,L3,L2
L1,H2,L3,L3,H1
H2,L1,H1,L1,L3
L2,H2,L1,L3,L3
L1,L2,L1,BN,L2
L1,L2,L2,M1,L3
L3,L3,H3,L3,L3
H3,L1,M1,L3,L3
L1,H2,L2,GL,H2
L3,L3,L3,L3,L2
H1,H3,L3,L1,L1
L1,H2,L1,L1,BN
L2,L2,L3,L3,L2
L3,L3,L2,L3,L3
L3,H2,L2,L2,L2
H1,L3,L2,L1,L3
L1,L1,L2,BN,L2
L1,L3,L2,H1,L2
L3,L1,H3,L3,H3
L3,L3,L3,M1,H3
L3,L1,L2,L3,H3
L1,H2,M1,L1,H2
H3,L3,H3,L1,L1
L3,L2,M1,L3,H3
H2,L3,H2,L3,L3
M1,H3,L2,L1,L2
L2,L1,L3,L3,M1
L3,H2,L3,L1,L1
L1,L2,L3,M1,H1
L1,M1,L1,L1,M1
M1,L3,L1,L3,L1
H3,H3,H2,L1,L3
L2,L1,L2,H2,L1
L3,H3,L3,L3,L3
L2,L3,L1,L3,L3
L1,H2,L2,L3,L1
L1,M1,M1,L3,H1
H2,L3,L1,H2,H3
H3,M1,M1,L1,L3
H2,L3,M1,H3,H3
L2,L1,L1,L2,M1
L3,M1,L1,L3,L2
L1,L1,L2,L2,L2
L3,H3,H3,L2,M1
L1,H3,L2,L1,L2
L2,L2,L1,L1,H3
L3,L2,L2,H1,H1
L3,L3,H2,M1,L2
M1,H1,L3,L1,L2
H2,H3,L2,BN,M1
L3,H1,H3,L1,BN
M1,L2,L3,H3,L3
H2,L3,L3,H3,L2
L3,L1,L3,L3,H3
L3,L1,H3,L1,L3
L1,L2,H2,M1,M1
H2,L2,L2,M1,L3
M1,M1,L2,L1,L2
L2,H3,L2,H3,L1
L2,L3,L1,L1,L1
L2,M1,L3,H3,L3
M1,L2,H2,H1,H3
L2,H3,L1,L1,L3
L2,M1,L1,L3,L3
M1,M1,M1,L1,L1
L1,H2,L2,L2,L2
H2,H2,M1,M1,L3
L1,L3,L1,L1,H3
M1,L2,BN,L1,L3
L1,H3,L3,L3,L2
L3,L2,L2,L1,M1
L2,L3,L1,L2,L2
H2,L1,H3,L2,L2
L2,L3,M1,L3,L1
L2,L1,L2,M1,H1
L2,L1,L2,L3,L1
H2,H1,L2,L3,H2
L3,M1,L3,H3,H1
L3,L2,L3,L2,H3
L2,M1,L2,L2,H1
M1,L3,L1,L2,L2
L1,L3,M1,H1,L2
L3,L2,L2,H3,L1
L2,M1,M1,H2,L2
L1,L1,L2,L2,H1
L3,L1,H2,L1,L2
H3,BN,L3,M1,H3
L1,H2,L1,L3,L2
M1,H3,L3,L2,L3
L3,L1,L1,L3,H3
L1,L3,L1,L1,L1
L2,H3,H2,L1,L2
H3,L1,H3,L1,L1
L3,L1,L1,L2,M1
H2,L1,H1,L3,L1
H2,H2,L1,L1,H3
H3,L1,L1,H2,L1
M1,H3,L1,H2,L1
H3,L3,L2,L1,L1
L3,L1,H2,L1,L2
L2,L3,L3,H2,L1
L1,H3,L1,M1,L2
L2,L2,H3,L3,M1
H2,L2,L2,L3,L3
H3,L1,H3,H3,L1
L3,L3,H3,L1,L2
L1,L3,L3,L3,L3
L1,H2,L2,L2,L1
L2,M1,H3,L2,L1
L2,L3,H2,H1,L3
L2,L1,L3,L1,L2
M1,H2,L2,L3,L2
H2,H2,L2,L1,H3
L2,H3,H1,H3,BN
M1,H2,H3,L3,H1
H3,L2,H2,L1,L1
L3,M1,L2,L1,L3
M1,L3,H1,L1,M1
L3,L2,L3,H3,L1
L2,M1,H1,L1,H3
L1,M1,M1,L1,L3
L1,H2,L3,L1,L1
L2,L2,M1,H3,L3
L3,M1,L1,L3,L2
M1,L2,L3,L2,L1
L2,L2,L1,L2,L1
L3,H3,M1,L1,L1
L2,H3,L1,H3,L2
L1,H2,L2,M1,H3
L1,H3,H2,H2,L3
H3,H3,H3,M1,BN
L2,L1,L2,L3,L2
H3,H1,L2,H1,L1
M1,M1,L1,L3,L3
M1,L3,H3,M1,L1
BN,L1,L3,L3,L2
L3,L1,L3,H3,H3
L1,L2,H1,L1,M1
L3,L2,L1,H2,M1
L2,L2,M1,L3,L3
M1,H2,L2,L3,L2
L2,L3,L3,L3,L1
L3,L3,L2,M1,L1
L1,L2,L3,L3,L3
L3,L3,L2,L3,L1
L2,L3,L1,L2,H3
L3,L3,H3,L2,L2
L3,L3,L1,L1,L2
L1,L1,L3,M1,L3
L2,L3,H2,H2,L3
H2,L2,M1,L1,L3
H2,L2,L3,L3,H3
L2,L1,L1,L2,L2
H3,H3,H1,L3,H3
L3,L2,L1,H1,L2
L1,L1,L3,L3,L1
H2,L2,L1,L2,L2
L1,M1,H1,L3,L2
L1,M1,L2,L3,L3
L3,L1,H2,L3,H1
H3,M1,L3,L2,H1
L3,L3,L2,H3,H1
L1,L1,H2,L3,L2
L2,L3,L1,L3,H1
H1,M1,L3,L3,L2
M1,L3,L1,L1,M1
L1,H1,M1,L2,H2
L2,L2,L1,L2,H3
L1,H2,L2,L1,L1
L3,L2,L3,L2,L2
L2,L2,L1,L3,L3
M1,L1,L1,L3,L1
H2,L1,L2,M1,H2
L1,L3,L3,H1,L1
L1,M1,H1,L1,BN
L2,L1,L1,L3,L1
H2,H1,L3,L3,L2
L3,H1,M1,L2,M1
H1,L1,M1,H1,L2
L3,M1,L3,L1,H2
L1,L2,L3,L1,L2
L2,M1,BN,M1,H3
H2,M1,L2,BN,L3
L2,L2,H2,M1,H2
L1,L3,L2,L1,M1
L3,H2,L1,M1,L3
H1,M1,L3,L3,H3
H2,L3,L2,L2,L2
L3,L3,L2,H3,H2
L1,L2,L2,L2,H2
M1,M1,H2,M1,BN
L2,L3,H3,L2,L3
L1,L1,H1,H3,L3
L2,L2,L3,L3,M1
L2,L1,L3,H3,L1
L3,L3,L3,L1,L2
L3,L3,L2,L2,L2
L1,L1,L1,L3,H3
L1,L1,L3,H2,L1
M1,M1,L3,L1,H1
L1,H1,M1,L3,L1
L1,BN,M1,L2,M1
H3,H3,H2,H2,L1
L3,H2,L2,L3,M1
L3,L2,M1,L3,L3
L2,H3,L1,L2,L2
L2,L1,L1,H2,L1
L3,BN,L1,L3,L1
M1,H2,BN,L3,L2
L2,L2,L2,L3,L3
L3,L1,L1,L3,L3
M1,L2,L3,H3,H2
L3,H3,M1,L2,L3
L2,L1,H1,M1,L2
L2,L2,L2,M1,H3
L2,L2,L2,L2,H1
H3,L2,H2,L3,L1
L3,L1,H2,BN,L3
L2,H2,M1,H1,BN
M1,H3,M1,M1,M1
L3,L2,L3,L3,L1
L1,L3,L2,H1,H2
L1,H2,L1,L1,L1
L2,L3,L1,L3,L2
BN,H3,H3,H2,L1
H3,L2,L2,L2,H3
M1,L3,L1,BN,H2
M1,L3,L3,L1,L3
L2,H2,L2,L1,L2
L1,L3,H3,L1,M1
M1,H2,L1,L1,M1
H1,L1,M1,H2,L2
L3,L3,L3,L3,L3
M1,H3,L1,L2,M1
H3,L2,H3,H1,L3
L1,M1,L2,L1,L1
M1,L2,L1,L1,L2
L2,M1,L3,L2,BN
L1,L1,L3,L2,L3
H2,L2,L3,L2,L3
L1,BN,M1,L3,H2
H2,L3,H1,H2,H3
L1,L2,L3,L1,L3
L2,L1,L1,L1,H3
M1,L1,M1,L3,L3
M1,L2,L3,H3,H1
L3,H2,L1,H3,L2
L1,H3,L1,H3,L3
H3,L3,H3,L3,H1
L3,L1,L2,L2,L2
L3,L3,L2,H2,L3
L2,L3,M1,L3,L1
L1,L3,L3,H2,M1
L2,H2,L3,L2,L1
L2,L1,L3,H1,M1
L2,L1,H3,H2,L3
M1,H2,M1,L3,L2
M1,H3,H2,M1,L3
M1,L2,BN,L2,L2
BN,L1,M1,H3,L2
L3,L2,H3,L2,L3
L1,L1,L1,BN,L2
M1,L1,L2,L1,L1
H1,L2,L2,L1,L1
M1,M1,M1,L3,L3
L3,L1,L2,L1,L3
L3,L1,L3,M1,L3
L1,H3,L2,L1,L1
L3,L2,M1,L3,L3
H3,L3,L3,L3,L2
L3,L2,L2,L1,L3
L1,L1,H3,L3,H2
L3,L1,L2,L2,L1
H3,L2,L2,L2,L1
L3,L2,L2,L3,L2
L2,L1,H1,L3,L3
M1,M1,L2,H1,L1
H1,L3,L1,M1,L1
L2,L2,L2,BN,H3
L2,L1,H3,L2,L3
L2,L1,M1,H3,L2
L3,L2,L2,L1,BN
L3,M1,L2,H3,L2
L3,L2,L2,GL,L3
M1,H2,H2,H3,L1
L3,L2,H2,L3,L2
L3,H3,H2,L3,H2
L2,L1,L1,L2,H2
L2,L2,L3,H3,L3
H3,M1,L2,L2,M1
M1,BN,L3,L2,L3
L1,L1,L1,M1,L3
H3,L1,L3,H2,L3
L3,H1,L3,L2,M1
L1,H2,L3,H3,L3
L2,L3,M1,L1,L1
H3,H3,H2,L3,L3
L3,L2,BN,L1,L1
L3,L1,L1,H3,H3
H3,L2,L2,M1,L1
H2,L3,L2,H2,L1
L3,H3,L1,L3,L3
M1,L2,L2,H3,H2
L2,L1,M1,L2,L1
M1,H1,L1,L3,H1
BN,M1,L1,L2,M1
H3,L1,H3,M1,H2
L1,L2,H1,L1,M1
L1,H3,L1,L2,L3
L1,L3,H3,L2,M1
L3,L3,BN,L3,L1
H1,M1,L3,L3,M1
L2,H3,M1,L2,M1
M1,L1,M1,L1,H2
M1,L2,L2,L1,L3
BN,L1,M1,H3,L2
L3,L3,L2,L2,L1
L3,H1,L1,H2,L3
L1,L2,H3,L2,L3
H3,M1,L3,M1,H3
M1,L1,L1,L2,L3
H3,L2,L2,M1,L2
L3,L3,H2,L2,M1
L2,L1,L2,L2,L3
L2,L2,H1,L3,L1
H2,L1,L1,M1,M1
L3,L3,L3,M1,L2
H3,L2,L1,M1,L2
L3,L3,L3,L3,L3
L3,H3,L1,L2,L1
M1,M1,L1,L2,L2
L2,L3,L3,L3,L3
L1,L3,L1,L2,M1
H1,L1,M1,L3,H3
L2,L3,BN,BN,L1
L1,L2,H1,L1,L2
L2,L1,L3,L1,L1
L3,L1,L2,L1,L3
M1,L2,M1,L3,L3
L2,M1,L3,H3,M1
L2,L2,L2,L2,H3
L3,L1,L3,L1,L3
H2,L2,L1,M1,L2
L3,L3,L3,H1,L1
L2,H3,L3,L2,L3
H3,L2,L2,L1,M1
L2,L2,L2,L1,L2
L3,L2,H3,L1,L2
L1,L3,L1,L3,L3
M1,L2,L3,L2,L1
L1,H2,L3,L3,L1
L1,L3,L2,L3,M1
L3,H2,L3,L2,L3
L1,M1,L2,L2,L3
L1,L3,L2,L3,H3
L1,L3,L1,L2,H3
L1,L3,L3,M1,H2
L2,H3,L1,L1,L3
M1,M1,L3,H3,L3
L2,L3,L3,L3,H2
L3,H3,L2,L1,BN
L2,L2,L2,L3,L3
L3,L2,L2,L1,H2
L1,L2,L2,H1,L2
H3,L3,L2,L1,L1
H3,M1,L3,L3,H2
L1,L3,H3,M1,H3
H3,L3,L3,L2,L2
L3,L2,M1,L3,BN
GL,L3,H2,L3,L2
BN,L3,L3,L1,M1
L3,M1,L3,L1,L1
H1,L2,L3,L2,L3
L3,L1,H2,L1,L2
H3,BN,L3,M1,M1
H3,L1,L1,L3,L2
H3,L3,H3,L3,L3
L3,H2,M1,M1,L3
L3,L3,L1,H2,H3
L2,L3,L3,L1,H3
L1,L3,L2,L2,L1
M1,L2,L2,M1,H2
L2,L2,L2,L1,L3
H1,L2,L3,M1,L1
L3,L3,L1,L1,L2
L3,H2,L2,M1,L2
M1,L1,L1,L3,L3
L2,L3,L1,M1,L2
L3,M1,H2,L2,L3
H2,L3,H3,H1,L2
H2,H3,L3,L2,M1
H3,L3,BN,L3,L2
L3,L1,L1,L1,L3
M1,L1,L1,H1,L1
L1,L3,M1,L3,L1
L1,L3,L2,L2,H1
L1,L3,H2,L1,L1
L1,BN,L2,L3,L1
L1,L1,M1,L2,L2
L2,H2,L2,L3,L3
L2,L1,L3,M1,BN
L2,L2,L1,L2,L2
L1,L1,BN,L2,L2
L2,L3,L2,L1,M1
H3,H2,L3,L3,L3
L1,L3,L2,H2,L2
L1,H1,H3,L3,H3
M1,H3,L2,L2,L3
L1,L2,L3,H3,L3
L2,L1,L3,L3,L2
L3,M1,L3,L3,L3
L2,M1,M1,L2,L2
L3,H1,L2,L2,M1
L1,H1,L1,H3,L1
M1,L1,M1,H1,L1
L2,L2,L1,L3,L3
L3,L1,H2,H2,H3
L3,L1,L1,M1,H3
L1,L3,L1,L3,L3
M1,L3,L3,L2,L2
H2,M1,L3,L1,L2
M1,L1,L2,L2,L2
L2,L3,L2,L3,H2
L3,L2,L3,M1,L1
M1,L1,L2,L2,L3
H2,L2,H1,L1,L1
L3,L1,L1,H3,M1
L1,L2,H3,M1,H3
H3,H3,L3,L3,M1
L3,L2,L1,L2,L1
L3,L3,L1,L3,L1
L3,L3,H2,L3,L1
L3,M1,L2,L2,L2
L3,L2,L2,L1,L3
L1,L2,M1,L1,L3
M1,L3,L3,L3,H3
M1,L1,L1,L1,L3
L1,L3,M1,L1,L1
M1,L2,H3,M1,L2
H3,H1,L3,H1,L3
L3,L1,H3,L2,H3
BN,L3,L2,L3,L3
L2,H1,M1,L3,H2
H2,L1,L3,L2,L3
H3,L3,L2,L3,L1
H2,L2,L1,L3,L2
L3,L1,M1,M1,L1
M1,L2,L1,L2,L1
H3,L3,H2,L2,L1
H1,H3,L2,L3,L2
L2,H3,H2,L3,L1
M1,L3,L1,L2,L2
L3,L2,L3,H3,L1
M1,L1,L1,L2,L2
L1,L2,L3,L3,L3
H1,M1,L1,L1,L2
L1,M1,H1,H1,L2
M1,L1,H3,M1,L1
L3,L2,L1,H3,M1
L3,M1,L2,L3,L3
L3,L1,H3,L3,L1
L3,M1,L2,L3,L1
M1,L2,M1,L2,L2
L3,L3,L1,L2,L3
L3,L2,L2,GL,M1
L1,H3,L3,H3,L1
M1,H2,BN,L1,L1
L2,L3,L1,M1,L2
L3,L2,M1,H3,L2
L3,H1,H2,H3,L3
L1,H1,L2,L1,L1
L2,L2,L3,L3,L3
M1,L2,L1,M1,H3
M1,L3,L3,L3,L1
L2,L3,H3,BN,L1
M1,M1,L2,H1,L3
L3,H1,L2,L1,L3
H2,L3,L1,H1,L3
M1,L3,L2,H1,L2
L3,M1,L2,H2,L2
L2,L1,L2,L3,H2
L1,L3,L2,L3,L3
H2,L1,L2,L2,M1
L3,L1,H1,L3,H1
BN,H2,L3,L1,L2
M1,M1,L2,L2,L2
L1,L3,H3,M1,M1
L1,L3,L3,L1,H1
L1,M1,M1,L2,L3
L2,H3,L3,L3,L2
L3,L3,L2,L3,H3
L3,H2,L3,L2,M1
M1,L2,L2,H3,L2
L1,L2,L2,L1,L3
L3,L3,L1,H1,L2
L3,L2,L1,L2,L1
H3,M1,L3,L3,L3
H2,L2,L3,L3,H3
BN,L1,L2,L3,L1
H2,L3,L1,L1,L1
L2,M1,L1,H3,L3
L1,L2,M1,H3,L1
L2,H3,L3,H2,M1
L2,L2,L2,L1,L3
L1,L1,L1,L1,L2
L1,L3,GL,L2,L1
L1,L2,L1,L2,L3
L2,H3,L3,L2,L3
L3,L1,L3,L1,L3
H2,L3,L3,L1,L1
L2,L1,L2,L1,M1
L1,L2,H3,H2,H3
M1,L3,H3,L2,L3
H3,L3,H2,BN,L2
M1,M1,M1,H2,L3
L2,L1,H2,L1,L2
L1,L2,L2,H3,L1
M1,L3,H3,M1,H2
M1,M1,L2,H2,L3
L3,L1,L2,L2,L1
L2,L2,L2,L3,L3
H2,L1,L3,L2,L3
L2,L1,L1,L3,L3
L2,L1,L2,H3,M1
L1,M1,L3,L3,L3
L3,H1,L3,L2,L2
H3,L3,H1,H1,L1
L2,M1,L1,M1,L3
L2,L2,L3,L3,M1
L3,L1,L1,L2,H1
L3,M1,L1,H2,L1
L1,L1,L2,L3,L3
L1,L1,L3,M1,H3
L2,L3,L1,M1,L1
L1,M1,L3,L2,L1
L3,H3,H2,M1,L3
M1,L2,L1,L1,H1
L3,L2,L2,L1,L2
H3,L3,L1,L1,H2
L2,L1,H3,L1,L2
M1,L1,L3,L1,M1
M1,M1,L3,L3,H3
L3,L3,L3,L3,M1
L1,L2,L3,L3,H1
H2,M1,L3,L1,L3
L2,L2,L1,H3,L1
L2,L1,H2,L2,L2
M1,BN,H1,L2,L3
L3,L3,L2,L3,H2
L3,L1,L1,L2,L3
L3,M1,L1,M1,L3
H3,L2,H2,L1,L2
H1,H3,H1,L3,L1
L1,L1,L1,L3,L2
L1,H3,L2,L1,L3
L2,L3,M1,L3,L3
L3,L2,H2,BN,L1
H3,H2,M1,H3,M1
L3,H1,L1,L1,M1
L1,L2,L2,L2,BN
L2,H3,H1,L1,H2
M1,H2,L1,L3,L3
L1,H3,L3,M1,L2
L1,H3,L2,H3,H3
L2,M1,L2,L3,M1
L3,L3,L3,L3,L3
L1,L1,H1,L1,L2
L1,L1,L3,L3,L2
H2,H3,L2,H3,L2
L1,L3,L1,H3,M1
H1,L1,L1,BN,L3
L1,L1,L2,L2,L3
L3,H2,H1,L1,L1
M1,L1,M1,L2,L2
L2,H3,L1,L3,L2
L2,L3,M1,L1,L1
L3,H1,L1,L1,H3
H3,L2,H1,H3,M1
M1,L1,L3,L3,L2
L1,L1,M1,L2,H3
M1,H3,L3,L2,H1
L1,L2,H2,H3,L2
L3,H1,M1,L3,L3
L3,L2,L3,L1,L1
L3,M1,L2,L2,L2
L1,L1,L3,L1,H1
L2,L1,L1,L3,L1
L1,M1,L3,L1,M1
L3,L3,L3,L1,L3
L1,L1,L2,L3,H3
L3,L3,L2,M1,L1
L3,L2,L2,M1,H1
M1,L1,L2,L2,L3
L1,H2,H1,L3,L1
L1,H3,L1,L3,L3
BN,L2,H1,L2,L1
M1,L1,L2,M1,L2
L2,L2,L3,L1,L3
L1,L3,L1,L3,L3
M1,L1,L1,L1,L2
M1,L1,L3,H1,H1
L2,H2,L3,L3,M1
L1,M1,M1,L3,L2
M1,M1,L1,H2,L2
L2,L3,L3,M1,L1
L3,L3,L3,L3,L3
L2,L2,L3,L3,L2
L3,L3,M1,H3,M1
H2,L1,L3,L1,L2
L2,L1,L3,H3,H3
L2,H3,L2,M1,L2
L2,H2,L2,H3,H3
M1,M1,H2,L1,L3
L3,L2,L2,M1,L3
L1,H2,L2,M1,L3
M1,L2,L1,L3,M1
L1,L2,L1,H1,L2
L1,L2,M1,L3,L2
L3,H1,H3,L1,H2
L2,H3,H3,L1,L3
L3,L2,L1,L1,L1
L2,L2,L3,H1,L3
L3,H2,L3,H2,L3
L3,GL,L1,L1,H3
M1,L2,L1,H2,L2
H1,L1,L3,H2,L3
H2,M1,H2,L3,L2
BN,H3,L2,L1,L3
L3,H3,L3,L3,L1
L1,L1,L2,L3,L1
H2,L3,L1,L3,L3
H1,L3,L3,L2,H3
L2,BN,L3,H2,M1
L3,L3,L3,L1,L2
L3,L1,L1,L1,L1
H1,L1,L2,H2,L1
L3,L3,L2,L3,H2
L3,L2,L3,H2,L2
H3,L3,H3,L1,L3
M1,BN,L3,L1,L1
L3,L2,L2,L3,L3
L2,L1,L3,L1,H3
L1,L3,H1,L2,H2
L2,L3,L1,L3,L2
H3,L2,L2,M1,L2
M1,L2,L2,H3,L3
L2,L1,L1,L3,BN
M1,M1,L1,H2,M1
L3,L3,L3,M1,L3
L2,L3,H3,H2,L2
L1,L3,H3,H2,L2
H3,M1,L2,L3,L2
M1,L2,L2,L3,L1
L1,L3,M1,L2,L1
L3,BN,L3,L2,L2
L3,M1,L3,H2,L2
L3,M1,L2,L2,BN
H3,L3,H3,L2,L1
M1,L3,L3,L1,L1
L3,L3,L1,H2,L2
L3,L2,H3,L3,M1
L2,L1,L2,L2,L3
L3,L1,H2,M1,H3
L3,L1,L2,H3,H2
L3,L3,L3,M1,L2
L3,H1,L3,L2,L1
L1,L3,L1,H2,L3
L3,L3,H3,L1,L2
L3,L1,L1,H1,L1
L1,H2,M1,M1,M1
L2,L2,L2,L3,M1
H1,L2,L1,L3,L1
M1,L3,L3,L1,L1
H2,L3,M1,L2,M1
L3,L1,M1,L2,L3
L1,L1,H2,L3,L1
L1,L3,H3,L3,L3
H1,L2,L3,L3,L1
L3,L3,H2,L1,L2
L3,L3,L2,H1,L2
L2,L3,L3,L2,H1
L1,H3,L3,H3,L2
L3,L3,L2,L2,M1
L3,L2,L2,L1,L2
L2,H3,H3,M1,M1
L3,L2,M1,L3,L1
H3,L3,BN,L1,L2
L3,L3,L1,L2,M1
L1,L1,H3,H1,L2
BN,L3,L2,L3,L1
L1,L2,H3,L3,H3
M1,BN,L3,L2,L3
L3,L3,L2,L3,L2
M1,L3,L2,L2,M1
L1,L3,L2,M1,L1
L1,L1,L2,L3,L2
L1,M1,L1,BN,L3
L2,L2,L1,L2,L3
H3,L1,H2,L1,L3
H3,L1,L3,L2,L2
H3,L2,M1,L3,L2
L3,L2,H3,L3,L2
M1,L2,L3,L2,L3
L3,H3,L1,L1,L2
H1,H2,L2,L3,BN
M1,M1,L3,L2,L1
L3,M1,L1,L2,L3
H3,L2,M1,L2,L1
H3,L2,L3,H2,L1
H2,L2,L1,L1,H3
L3,L3,L1,L1,L2
L1,L3,L2,L2,H3
M1,L3,L1,BN,M1
L1,L1,L2,GL,BN
L3,BN,L3,L3,M1
L1,H2,M1,H3,M1
M1,L2,L1,L1,H1
L3,L1,L1,H3,L3
L1,L1,L3,L3,L3
H1,H1,L2,L2,L1
L3,H2,H2,BN,L3
H2,L2,H3,L3,L3
L1,H1,L3,H3,M1
L2,L1,H1,L1,L1
H3,L2,L2,L1,L2
H3,L2,L1,L3,L1
L3,L2,L1,L1,L1
L2,L2,M1,L2,L3
H3,L1,L1,L2,L3
L2,M1,H3,L1,H1
H3,L1,L2,H2,L2
L2,L3,BN,L3,L3
L2,L2,L3,L1,L1
L2,L3,M1,L3,M1
L3,L2,L1,L2,L3
L1,L1,H1,L1,L1
BN,L3,L1,L2,L2
L3,L2,L3,M1,L1
L3,M1,L3,L1,L2
L2,L1,M1,L1,L2
L3,L1,H1,H3,L2
L1,L2,L2,H3,L1
L3,H3,M1,M1,H2
L1,L3,H2,L2,L2
M1,L3,H1,L2,L3
L3,L1,L3,M1,L1
L1,H2,L1,H3,L3
M1,H3,H3,L2,L2
L3,H2,H1,L1,L2
L3,L2,H3,M1,L2
L2,H2,L2,M1,M1
L3,L1,L1,L2,M1
L2,L1,H2,L2,L3
L3,H3,L1,L3,L2
M1,L3,L2,L3,L1
L3,H2,L3,L2,L1
M1,M1,L3,H3,L1
L1,H3,L1,L3,M1
H2,L1,L2,L3,H1
L3,M1,L3,L2,L3
L1,M1,L1,L2,L2
L1,BN,L2,L2,L2
L3,L1,L1,L2,L1
L2,L3,L1,L2,L1
L2,L3,L2,H2,M1
H3,L3,L1,L3,H2
L3,M1,L3,L3,L2
H3,L2,L2,L1,H1
L1,L1,L2,M1,L3
L2,L1,L1,M1,H3
H2,L2,L3,M1,L2
L3,L1,H3,L3,L3
L2,L2,H2,H3,H2
H3,L3,L2,L1,H3
L3,M1,H2,L1,L1
L1,L2,L1,L1,L2
L1,M1,L3,L1,L3
L3,L1,H1,H3,H2
L2,L3,H3,M1,M1
L3,H3,H2,L2,L1
L2,H3,L1,H3,L3
L2,L2,M1,L3,M1
L2,H1,L1,M1,L1
L1,L1,L2,L1,L3
H1,L3,L1,L1,L3
L3,H3,M1,L3,H3
L3,L2,M1,H2,L3
M1,L2,L2,L1,H1
L2,L3,L1,H2,L3
L2,L2,L3,L2,L3
L3,H2,L1,M1,H3
M1,L3,H2,L1,L1
M1,L2,L2,M1,L3
L3,H3,M1,L1,L2
H3,H2,L1,L3,L3
H3,L2,L3,L1,M1
L3,L2,L2,M1,L3
L3,L3,H1,H3,L2
L2,BN,L1,L1,L3
L1,L3,L3,L1,L1
L2,H2,H3,L2,L2
L2,L3,M1,L2,L3
H3,M1,H1,L2,L3
L2,L2,L3,L1,H2
L1,L3,L3,L2,L2
M1,L3,H2,BN,L1
L3,H3,H2,M1,L2
H2,M1,L3,L1,L3
L1,L1,L1,L2,H3
L3,L3,L2,H3,H2
M1,M1,L2,L1,L3
M1,L2,L2,M1,L3
M1,L2,L1,L2,H1
L1,L3,M1,L3,L1
L2,H3,L3,BN,M1
L2,M1,H3,M1,H1
L3,L3,L3,H3,L3
H2,BN,L1,L3,L3
L1,M1,L2,L3,L3
H2,H3,M1,M1,L1
BN,M1,L1,L3,L2
M1,L3,L2,L1,L3
H1,H1,H1,H3,L2
H1,L1,L1,M1,L2
L2,H2,M1,H1,L1
L3,L2,L3,L2,L2
H1,H3,H3,L2,L3
L1,L3,L2,M1,L3
L3,L1,L3,L2,L2
L3,H2,L3,L1,BN
H3,BN,L2,L3,L1
H2,L1,L1,H3,L3
L3,M1,L2,L1,GL
BN,H3,L3,L1,L3
L3,H2,M1,L2,L2
L1,H1,L3,L3,M1
L2,H3,L3,L1,L2
L1,L1,L1,L3,L1
L1,L3,GL,H1,L3
L1,H3,L1,L2,L2
H1,L3,L3,L3,H3
L2,L3,L2,H3,H2
L1,L1,M1,L3,BN
L2,L3,L2,M1,L1
M1,H3,L3,L3,L3
M1,L3,M1,L3,L2
L1,H3,H3,L2,L2
L3,M1,L2,L2,L2
L3,H1,L1,L2,L3
M1,L3,M1,M1,L3
L3,L3,H2,L3,L3
L3,L3,L2,L1,H3
L3,L3,H3,L2,L2
L3,L2,L2,L2,M1
L2,H2,L3,H2,L1
M1,L3,L3,L2,H3
L2,L3,L3,L3,L2
L2,L2,L3,H2,L2
L2,L3,L2,H3,L3
L1,M1,L3,L2,H2
L3,L1,L1,L2,L1
M1,L1,M1,L3,H3
L2,L1,M1,M1,L1
L1,L3,L2,L3,L3
L3,L3,M1,L2,L1
L1,M1,L3,M1,L2
L2,L1,L3,L2,L1
L3,L3,L3,L3,L3
L2,L2,M1,L2,L3
L2,M1,L3,L2,L3
L1,L2,H1,BN,H2
H3,M1,L2,L1,L1
L3,L3,M1,M1,L3
M1,L3,L3,H3,BN
L3,L3,H1,L2,H3
M1,L2,L2,L2,L3
M1,L1,L3,L3,M1
L3,L3,L1,L2,L2
L1,L2,L3,L2,M1
H2,M1,L3,L1,L3
L1,L2,L3,M1,L3
H3,L3,H3,L3,M1
L3,L3,BN,L3,L3
M1,M1,L2,L1,M1
H3,L2,L3,M1,L3
L3,L3,GL,L3,L2
L3,L3,L2,L1,L3
H1,L1,L3,L1,M1
L1,M1,L2,L1,L1
H2,L1,H3,L1,H3
L3,H2,L1,L1,L2
L2,L2,H1,H3,L2
L1,L3,L3,L2,M1
L3,L3,H3,L1,H3
L2,L2,BN,L1,H3
L3,M1,H2,L3,M1
L1,BN,H3,H3,L1
L3,L2,L3,L1,H3
L2,H2,L3,BN,L1
H3,L3,L1,L3,H2
L3,H3,M1,L1,L3
L3,L2,L2,H3,L3
L1,L1,L2,L2,L1
L2,L1,L1,L3,L3
L3,M1,L2,L1,M1
M1,L3,M1,L3,M1
L3,L3,L3,L1,L3
H1,L2,L1,L1,L2
L3,L3,L1,M1,H3
L2,L3,L1,H3,L3
H3,L2,H2,L2,H3
L2,H1,L2,L2,L3
L1,M1,M1,L3,L3
L3,L2,L3,L1,H3
H2,L3,L2,H1,L3
L2,L2,L1,L3,H3
L2,L3,L3,L3,BN
M1,L3,L2,L3,L2
L3,L2,L2,H2,H3
M1,L1,GL,H3,L3
L3,L1,H2,L1,L3
L1,L1,L1,H2,L3
L3,L3,M1,M1,M1
L3,L1,L1,L2,L2
L3,L3,L1,L3,BN
BN,L3,H3,L1,L3
M1,L2,L1,L3,H3
L3,L1,L1,L3,L2
L3,L2,L3,H1,L3
L3,L1,L1,M1,H3
L2,L2,BN,L3,H3
L1,L2,L1,H2,L1
H2,H1,L2,H1,M1
L3,L2,L3,H3,H3
L3,L1,L3,L2,L3
L3,L3,L2,L3,L3
L1,L2,M1,BN,H2
L2,L3,L3,L1,L3
L2,L1,L2,H3,L3
H2,L3,L3,L3,H3
L3,L2,L1,H1,L2
L1,L2,H2,M1,M1
BN,L3,L3,L3,L2
L2,H2,H3,L3,L2
H3,L2,L2,BN,M1
M1,L2,L3,L2,H1
L1,L3,L1,L2,L1
L2,L2,L2,L2,M1
L3,H2,H3,M1,BN
H3,L2,M1,L3,L1
H1,L3,H3,M1,L2
L3,H2,L3,M1,L3
L2,H2,M1,H2,L3
H2,L1,L3,L2,L2
L1,L2,L3,L1,L2
L3,L1,L2,L1,L1
L2,L2,L1,L3,L1
L1,M1,L2,M1,L2
L2,M1,H1,L3,BN
L1,L3,L1,L3,M1
L2,L1,M1,L3,H2
L1,L1,L2,M1,H2
H2,L1,L1,L1,L1
L1,M1,L2,L1,L2
L3,M1,H1,L3,L2
H2,L2,L1,M1,L2
L3,H1,M1,L2,L3
L2,L2,L3,H2,L3
L3,L2,M1,L3,H2
H3,L3,L2,L2,L1
L3,L2,M1,L3,L2
L2,BN,L2,H3,L2
L3,L1,L1,L1,L2
L2,L3,L1,H3,L2
L2,M1,H3,H3,M1
L3,H3,H3,M1,L3
L1,BN,L3,L3,L2
L3,L2,L3,L2,H3
L1,L1,L3,L3,M1
L2,L1,L3,L3,L1
L3,L1,L2,L3,L1
L3,L3,L1,H3,H2
L3,L3,H2,M1,L3
BN,L2,H2,M1,M1
L1,L3,L1,L2,L2
L1,L2,H3,L1,H2
L1,L1,L2,L2,L2
L2,H3,BN,L2,BN
L3,L3,L2,L1,M1
L2,BN,H2,H1,L3
L1,L2,L3,L3,L2
L1,H3,L1,L2,L1
H3,H3,H2,L2,H3
H2,L3,L3,L3,H3
L1,L1,L3,BN,L2
M1,L2,BN,L3,L1
L1,L3,L1,M1,L3
L3,L3,H3,L2,L1
H3,L1,L3,L3,M1
L2,L2,L3,L1,L3
L3,L2,M1,H3,M1
L2,L3,L2,L2,L2
L1,M1,L1,L1,L1
H3,L2,L2,H1,L3
L1,L2,L1,L1,L1
H3,H3,L2,L2,H2
H2,L3,L1,H3,L3
M1,M1,L2,L3,L3
M1,L3,H2,L3,L2
L3,M1,L3,L1,H3
H3,M1,H2,L2,L3
L2,L3,L3,H3,L1
L3,H2,M1,L2,H3
L3,L1,L1,H1,L1
L2,H3,L1,M1,H2
L2,L3,L2,L1,BN
L3,GL,M1,L3,L3
L3,H3,M1,L3,H3
H2,L2,L3,L1,L1
L1,L3,L3,L3,L1
L2,L3,H3,L2,L3
H1,BN,H3,L2,H2
M1,L3,L3,H1,H3
L2,L3,L3,M1,L2
M1,L1,H3,L2,H3
L3,H1,L1,H2,M1
M1,L1,L1,L2,L1
H2,L2,L2,H1,H3
M1,L3,M1,L3,M1
H3,L2,L2,L1,BN
L1,L3,L3,M1,L3
L2,BN,L2,L1,L3
L1,L2,L1,BN,L3
L1,L3,L2,L3,L1
L3,L3,L1,L3,L2
H3,M1,BN,L1,L2
L3,M1,H1,H2,L2
L3,H1,L2,L2,L3
L3,H3,L2,L3,L3
L3,M1,M1,H2,L1
M1,BN,M1,L1,L2
L2,L2,L2,L2,L1
L3,L3,L3,H3,H3
BN,L2,L3,L3,GL
L2,L3,H2,L3,L2
L3,L1,L3,L2,L2
H3,L3,L2,H1,L1
L3,M1,L1,L3,L1
M1,L3,H1,M1,L1
L2,L1,M1,L3,L3
L2,L3,H2,L3,L1
M1,L2,L2,L3,L2
L1,M1,L1,L2,L2
L3,M1,L1,L1,H2
L3,M1,H2,M1,L2
M1,H3,L3,M1,H1
L2,L1,H2,L2,L2
L2,L3,M1,H2,L1
H1,M1,H2,H2,L3
L2,L1,L3,L2,H3
L2,L2,H2,L2,L1
M1,BN,L3,L3,L2
L2,L2,L3,L3,L3
L3,L1,L1,L3,L2
H3,L3,L3,H2,M1
L2,L2,H3,L3,L1
L2,L3,L3,M1,L2
L1,L1,L3,L1,L1
H1,L2,L3,L1,L3
H2,L1,L2,L3,M1
L2,L1,M1,L3,L1
L2,L1,L2,L3,L2
L3,L2,L2,H2,L1
L1,H2,L2,BN,L1
H3,M1,L1,L3,L1
L3,H2,L2,L1,M1
H2,L1,M1,M1,L3
M1,L1,BN,L3,L1
L2,L2,H2,H3,L3
L2,H1,H1,L2,L3
L3,L3,M1,H2,L1
H3,BN,L2,M1,L3
L3,H2,GL,L3,H1
H2,L1,H3,L1,L1
L3,H3,L1,H2,M1
H3,M1,H3,L3,L1
L3,L2,L1,H2,H1
L2,L3,L3,L3,L1
L2,L2,H2,L1,L3
L2,L3,M1,H1,L3
L3,L2,H3,L2,L1
M1,H3,L1,L2,L1
L2,L1,L2,H2,L3
L3,L3,M1,L3,H2
L2,L3,M1,H3,L3
H1,M1,L2,L1,H3
L3,L2,L2,M1,L3
L3,H3,L3,L3,M1
M1,L3,L2,L3,H2
L2,L1,H3,L3,L3
L2,L3,L1,L1,L1
L2,L2,L1,L3,M1
L3,L2,L1,L1,L1
L3,L2,L3,L2,L2
M1,L2,L1,L1,H3
H3,H1,L2,L1,L1
L2,L2,L2,H3,H2
L3,L1,L1,L1,M1
H3,L3,L1,M1,L3
L3,L1,L3,BN,L3
L2,L3,L3,L2,L3
L3,L1,L1,L3,H3
L3,H3,L3,M1,M1
H2,L1,L3,L1,H3
M1,L3,H3,M1,M1
M1,L1,L2,L1,H3
L2,L3,H3,H2,L1
L2,M1,M1,L2,L1
L3,L3,L2,H1,L3
H1,L1,L2,H1,M1
L1,H1,L3,L3,H2
L2,L3,L3,L1,L2
M1,L1,L1,L1,L3
H3,L3,L1,H1,L1
L3,L3,M1,L3,L1
L2,BN,M1,L3,M1
L3,L3,H2,L2,H3
H3,M1,L1,H3,M1
M1,H2,L2,L1,L1
H2,L1,H1,L1,M1
L3,L3,L3,L3,L1
M1,L3,L3,M1,L1
M1,L2,L2,L2,L1
L3,H1,L2,L2,L1
L3,L3,H3,H1,L3
H1,L3,L3,L1,L3
L2,L2,L2,L3,L1
L3,L2,L2,L3,L3
L1,L1,L1,L3,L1
L2,L1,L1,L2,M1
L3,M1,L2,L2,M1
L3,L2,L1,M1,L3
H3,M1,L3,L2,L1
H2,L2,L2,L3,L3
H3,L2,L3,L3,L3
L2,H3,L3,M1,L3
L3,L3,M1,L3,L1
L1,M1,L2,L1,L1
M1,BN,L1,H2,H3
L1,L3,H1,H3,L3
L3,L1,L3,L1,L3
L1,M1,M1,L2,M1
H3,L2,L3,L3,L2
L2,L2,L2,L3,L3
L2,L2,L3,M1,M1
M1,H2,L3,L1,L2
L2,L2,H2,L2,L1
L1,L1,L2,L2,L1
L2,L3,L3,L3,L2
H2,L3,L2,L1,L1
M1,L2,H1,L2,L3
L2,L1,L2,M1,H2
L2,L2,L3,L1,H3
M1,L3,BN,L2,L3
L1,L1,L2,M1,M1
L3,L3,L1,M1,L3
H3,L1,L2,L3,L2
H1,L1,L3,L2,M1
M1,L3,L1,L3,L2
L3,H1,L2,L2,L2
L2,L1,L1,L1,M1
L1,L3,H2,L2,L3
L2,H1,L1,H3,M1
L2,L2,L2,L1,H3
L3,L1,L2,L2,H3
BN,L1,BN,L3,M1
M1,M1,H2,M1,BN
L3,L3,H2,L2,L2
M1,L3,H2,BN,L3
L2,M1,L2,L3,L2
H2,H3,L1,L1,M1
L3,L3,L2,H3,H3
L3,L2,L2,H3,H2
L2,M1,L1,L2,M1
L1,M1,L1,H1,M1
M1,L1,L3,L2,L2
M1,L3,L2,L2,M1
L2,M1,L3,L3,L2
L2,L2,L2,H2,L3
BN,M1,M1,L2,L2
L2,L1,H2,L1,L1
M1,L2,H1,L2,L3
L2,H2,L1,L2,L1
H3,M1,L2,M1,L2
L2,L2,H1,H3,L1
L2,L2,M1,L2,M1
L1,L1,L3,H3,H3
L3,L1,L1,M1,L2
L1,L3,M1,L2,H2
L1,H3,L2,L2,L3
H3,L1,L2,L2,L1
M1,L3,L3,BN,L1
L2,L2,M1,L2,L1
H2,H3,M1,H1,L3
H1,L2,L2,H3,L1
H3,L3,M1,L2,L3
L1,L2,L3,L1,L2
L2,L3,L1,M1,H2
BN,L1,L3,M1,H1
L3,L1,BN,H3,L2
L1,H3,L3,L2,L2
L3,M1,H2,L1,H2
H1,L3,L1,L3,L2
M1,M1,L3,L1,L3
L1,H1,L2,L1,L3
H1,L2,L3,H3,L2
L1,L3,L1,L2,L1
H3,L1,L3,H3,L3
L1,L1,L2,L2,L1
L1,L3,L1,L1,L1
L1,L2,L1,L3,L1
L1,L1,L1,H1,L1
H3,L2,L3,L3,L1
M1,L1,L1,L3,L2
L3,L2,L3,L3,H2
L3,L3,L2,L2,L1
L2,L2,L3,L1,L2
L1,L1,L1,L3,M1
L3,H3,L3,H1,L1
L2,L3,H3,L1,M1
H3,L1,L2,L2,L1
M1,L3,L1,L3,M1
H1,L1,L2,L1,L3
L2,H2,L3,L1,L1
L1,H1,L2,L3,H3
L1,L1,L2,L1,M1
L2,L2,L2,L3,L3
L1,L3,L3,H3,M1
L1,L3,L3,H2,L2
L1,L2,BN,H2,L2
H3,L3,H2,L1,L3
M1,L2,L2,L1,L3
M1,L1,L1,L2,L3
H3,H1,L1,H1,L2
L1,L3,M1,L3,H3
L2,L1,L3,M1,H2
L3,L2,M1,L3,L2
H3,H3,L2,H1,H3
L2,M1,L1,M1,L3
L2,L3,L2,L3,L2
L3,L1,L3,L3,L1
L3,L3,L1,M1,M1
L1,M1,BN,L2,L2
BN,L3,L2,H2,L2
L1,H2,L1,L2,L3
L3,L3,H3,L3,M1
L2,L3,L2,H3,M1
L2,L3,L1,L2,L3
M1,L3,L3,L3,L2
H1,L1,L3,M1,L3
M1,L2,M1,L1,L2
L3,L3,L1,M1,L1
M1,H3,L3,L1,L1
L3,L1,H2,M1,L2
L2,L3,L1,L3,L3
L2,L3,L2,L2,L2
L1,L2,L2,L2,H1
L1,H3,H2,L3,M1
H3,L3,L1,L3,H3
L3,M1,L1,L2,L1
H2,L1,L3,L3,L2
L3,L2,L3,L3,L1
L1,L3,H1,L2,L1
H3,H2,L2,L3,L1
H3,L2,L3,M1,M1
L2,L1,L1,L3,L3
L1,L1,L3,M1,L2
L2,M1,M1,L3,L3
L2,H3,M1,L2,H3
L2,L2,H3,H2,L1
L1,L3,H3,L2,H3
H3,L2,L2,L2,L1
L3,L3,H1,H2,L3
L2,M1,L2,L3,L2
L2,L2,H3,L2,L3
L2,H2,BN,H2,L2
L3,M1,L1,H1,L2
L2,BN,L1,L2,H1
L3,L1,L3,L1,L2
L3,L3,L2,L1,L3
L3,H2,L3,L2,L2
H3,L2,L2,L1,L1
L2,L1,H2,L1,L1
L1,L2,L3,H2,H2
L1,L2,BN,L1,L2
H1,H3,L1,L3,L1
L3,L3,L1,L3,L3
M1,H1,L2,L1,M1
H3,L2,L1,L2,L3
L2,H3,H3,H2,L3
H3,L1,H1,M1,L2
L3,L1,H2,L2,L3
L3,H3,L1,L3,L1
L3,L1,H3,L2,L1
L3,H3,L2,M1,L1
L3,H2,H3,L2,H3
L2,L3,L3,L1,M1
L2,L2,L3,L2,L3
L1,L2,H3,L2,L3
L3,L3,L1,L2,L3
L2,L2,L3,L1,L1
L3,L1,L1,L2,L3
L1,L3,L1,L1,L2
L3,H1,L3,H3,H2
L1,L2,L2,L2,L3
L3,M1,L3,L2,H3
L3,L1,H1,L3,M1
L2,L1,M1,M1,L3
L3,L2,L1,L1,L3
H2,H1,L2,H1,H2
L2,L2,H2,GL,L1
M1,L1,L1,L2,M1
L2,H3,H3,L2,L3
L1,L3,L1,L1,L1
M1,M1,H2,L3,BN
L1,L2,L2,L3,L2
L2,L1,M1,M1,L2
L3,L3,L2,L3,L3
L2,L3,L1,L3,L2
L2,L1,L3,L3,BN
L3,H2,M1,L1,M1
L1,L3,L2,L1,L3
L2,M1,L2,L2,L3
H3,H3,BN,L3,M1
H3,L2,L2,L3,H2
L1,M1,L2,BN,M1
L2,H3,M1,L3,L2
L1,H3,L2,L3,L1
L2,H3,L2,L2,L1
L3,BN,L3,L2,L3
M1,H2,L2,L2,L3
L3,L2,L3,M1,H3
L2,H3,L1,L3,L1
L1,L3,M1,L2,H2
L3,L3,L1,L3,L1
H3,L1,M1,L1,L3
L3,L1,L1,H2,L1
H3,L1,L2,L2,L3
H3,L3,L3,M1,H2
M1,L3,H1,BN,H3
L2,H3,M1,H3,H2
M1,L1,M1,L3,H1
L1,L3,H1,L1,H3
L3,L1,L1,L1,L3
H2,L1,L3,L3,L1
L2,H1,H2,L3,M1
L3,L1,M1,H3,L2
L2,BN,H1,L1,L2
L1,H2,L2,L1,L2
L2,L2,L1,L3,L2
H2,L3,L3,L2,L1
H3,H1,L3,M1,L2
L1,L2,L2,M1,L2
H2,L2,L3,M1,L2
L2,M1,M1,L2,L3
L1,L3,L3,H1,L3
H3,H3,L3,L1,M1
L1,L1,L2,H2,L3
L2,M1,M1,L2,L3
H2,L3,H3,L1,H2
L2,L1,L3,L3,L2
M1,L1,BN,L2,L3
L3,L3,M1,BN,L1
L1,H1,L1,M1,L3
L3,L1,L3,L3,L3
H3,L2,H1,H2,L3
L1,L3,L3,L1,M1
L2,L2,L3,L1,H2
M1,M1,H1,L3,L2
L1,L1,M1,H1,L3
L1,L3,L1,M1,L3
L3,L3,H2,L2,L2
L3,L2,L1,L1,L3
L1,L3,L3,M1,H2
L2,L1,L3,L3,L2
H1,L2,L3,L1,L2
L1,L3,L3,L3,L1
L1,L3,L3,L1,L2
H3,H2,H2,H2,L3
L2,L2,M1,L1,M1
L2,H2,H3,L3,L3
H3,L2,L2,M1,L3
H3,M1,M1,L1,L2
L1,L1,H1,L2,L1
M1,H2,L2,L1,BN
H1,L1,L3,L3,L2
H2,L3,L2,L1,M1
H2,L2,L2,L2,M1
M1,L1,L2,M1,H1
L3,M1,L2,H3,M1
H1,L3,L1,H3,L1
H1,M1,L3,L1,M1
L3,L3,M1,M1,M1
L2,L3,L1,L3,H3
L3,L1,L3,L1,M1
L1,H3,H3,L2,M1
L2,L3,L2,L2,L2
L3,L3,BN,L3,H3
L2,L2,L2,L3,L1
M1,L3,L3,L3,BN
L3,L3,L3,H2,H3
H2,L3,GL,L1,L2
L1,M1,L3,L1,L3
M1,H1,H2,L3,H2
L1,L2,H2,H2,L1
BN,L1,H1,H2,L2
H2,L1,L1,L1,H3
H1,L3,L3,L1,H3
L2,M1,M1,L2,M1
M1,M1,H3,L3,L2
H1,L2,H2,H1,L3
H3,L3,L1,H2,L1
H1,H3,L2,L1,L3
L3,L3,L1,M1,L1
L1,GL,H3,L3,L2
H1,L3,L2,L3,L1
M1,L1,L1,L1,L1
L3,BN,L2,L1,L2
L3,M1,L1,L1,L2
L1,H1,L2,L2,L3
L2,M1,M1,L2,M1
L1,L3,L1,BN,L1
L1,L1,L1,M1,L2
L2,L2,L1,L2,L2
L2,H1,L3,M1,L2
M1,H1,L2,L2,L1
H3,L3,L2,L3,L3
L1,H3,L1,L3,L2
H1,L3,BN,L3,H3
L2,L3,H2,L2,L2
H3,L3,H1,L3,H1
L1,L2,L1,H3,L1
L3,L1,H2,H1,L1
M1,L1,L1,L3,M1
L1,L2,L3,L2,L3
L2,M1,L1,L2,L3
L3,M1,L2,L2,L2
L1,M1,L1,L3,L3
H1,L2,H3,H2,L1
L1,M1,L2,L1,M1
GL,L2,L1,L2,H3
L2,L1,L2,M1,L1
L2,L2,H3,H1,L3
H2,L2,M1,M1,L3
H3,L2,H2,L3,L2
L1,L2,L3,L3,L3
L2,H1,L3,L3,H3
L1,L2,M1,L1,L2
L1,BN,L1,L1,M1
L1,L2,L3,L3,H1
L2,L1,L2,L1,L2
L2,L1,L3,L3,L3
H3,L2,M1,L1,BN
L2,L1,L3,L2,L1
H3,L2,L1,L3,L1
M1,M1,H3,L3,L1
L3,L1,L2,L1,H2
BN,L3,L3,L3,L1
L3,L2,L3,L3,L3
M1,H3,L2,BN,H3
L2,L2,L1,H1,L3
L2,M1,L3,M1,M1
H3,BN,L3,L1,L3
L3,L1,H1,H2,H3
M1,M1,L3,L1,L3
L1,L3,L3,L2,L2
L2,H2,L3,M1,H1
L1,L2,H3,M1,H1
L1,L3,L3,M1,M1
L1,L1,L1,L2,H3
L1,L3,M1,L3,L1
H3,L2,M1,L1,L1
L1,BN,L2,L1,L1
H1,L1,L2,L1,L1
L2,L2,H1,M1,L3
H3,H2,M1,L2,M1
M1,L1,H2,M1,M1
L3,L3,L1,L3,L1
L3,L1,L3,H2,H2
M1,H3,L3,L1,L3
L1,L3,L2,M1,L1
H2,L2,L1,L2,L1
L2,L1,M1,L3,L2
H2,L2,L3,L2,H3
L3,H3,L1,H3,L1
L2,M1,H3,L2,L3
M1,BN,L1,L3,L2
L2,L1,M1,L3,H2
L2,L1,L1,H1,L3
M1,H2,L3,L3,L3
L2,L3,L2,L2,H3
M1,L1,L2,H2,M1
H3,H1,L3,L2,L1
L3,L1,M1,L3,L2
H1,L2,L2,L1,H1
L2,L1,L2,L3,L2
H1,L2,L2,H1,H3
L1,H2,L2,H2,L2
M1,L1,H2,L2,L1
L2,H1,H2,H2,L2
L3,L1,L3,L3,H3
M1,L3,L2,L1,L2
BN,L3,L1,L1,L1
L1,L2,L3,L2,L2
L1,M1,H2,H2,H3
L3,L2,L3,L1,M1
H3,L3,L3,H2,L2
L1,M1,L3,L1,L3
L2,H2,L3,L2,L1
L2,BN,L1,L1,L2
H1,L1,M1,L1,L3
BN,L2,L3,L3,L1
L2,L2,L3,L3,L2
L1,H2,L3,H2,L2
L2,L2,L2,L2,L3
H3,H3,L2,M1,H1
L3,L3,M1,L3,L2
L3,H3,L1,BN,H3
H3,M1,M1,L2,L3
L2,H2,L3,L1,L1
L1,L2,H2,L2,L1
H2,L2,L1,H1,H2
L2,L2,L1,M1,L1
L2,L3,M1,L1,L3
H2,BN,L3,L2,L2
L2,H3,M1,H3,H3
L2,L2,H3,H3,M1
L1,L3,L2,L3,L1
L2,L3,L2,L2,M1
GL,L3,M1,H3,L1
H3,H1,L3,M1,L2
H3,H2,H1,L1,H3
L1,L3,L1,H3,L2
L2,H1,L2,L1,H2
L1,L2,L2,L2,M1
L3,L3,L2,H3,L1
L3,H1,L3,H3,M1
L3,L3,L3,L2,L1
L1,L3,L3,H3,L2
L2,L3,L2,H3,L2
L2,H3,L2,L1,H2
L1,L1,M1,L2,L2
L3,H3,M1,H3,L3
L3,M1,BN,H2,M1
M1,L1,M1,H3,L3
L3,L2,L1,H2,L2
L1,L3,H2,M1,L2
L3,L1,L3,L3,H3
L3,H3,H3,L1,L1
L3,L2,L1,L1,H2
L3,L3,L3,H3,L3
H3,L2,L1,L2,H2
L3,L2,L1,L2,L2
H3,L2,L3,L2,M1
H3,L2,L3,H1,L2
H2,L2,L3,M1,L3
L3,L3,L2,L3,H2
L2,L2,M1,L1,L3
L1,L3,L1,L1,L1
L3,L1,L2,L3,L1
L2,L2,BN,L2,BN
L2,M1,L2,L2,H2
L1,L3,H1,BN,L1
GL,L2,L3,L1,L2
H3,L2,L3,H3,L3
L2,M1,L1,L2,M1
L2,L1,L1,L2,L1
L3,H2,L1,L3,BN
L1,L2,L1,L3,L3
L1,L1,L3,L1,H3
L2,H1,L1,L2,L3
L3,M1,L2,H3,L3
L2,H1,H2,L2,L3
L3,H2,L2,L2,M1
L3,H2,L1,L1,L3
L1,L3,H3,H3,L3
L3,L1,L3,M1,L1
H2,L1,GL,L1,L2
L3,L1,M1,L1,L3
M1,L2,L3,L3,L1
L1,L2,L2,L3,M1
L1,L2,M1,L1,L1
M1,M1,L1,L1,H3
L3,L2,L2,L2,L1
H3,L2,L2,H2,L3
L3,L1,L1,H2,L2
L3,L2,L2,H3,L3
L3,H2,H1,L3,H1
H3,L2,L1,L3,L2
L3,L2,L1,L2,L3
L3,H1,L1,L2,M1
L2,L1,L3,L2,M1
L1,L2,L3,L1,L3
H2,L1,L3,L2,M1
L3,L1,L1,M1,L1
H3,L3,H3,L2,L3
M1,L3,L1,L1,L2
L2,L2,L2,L2,H2
GL,L1,L3,L2,H1
L3,L2,L1,L3,L1
L1,L2,L3,L2,L3
L3,H1,L3,BN,H3
H2,L3,H3,L3,L3
L3,L1,M1,L2,L2
M1,L3,L2,M1,L2
L1,L3,L2,H1,H3
L2,L2,L3,H3,M1
L3,M1,M1,L3,H3
H2,H3,M1,L1,L1
M1,H3,M1,H3,BN
L2,L2,H3,L2,L1
H2,M1,H3,L2,M1
H3,L2,L1,L3,H2
L1,L3,L1,L3,L3
L3,L1,L2,L2,L3
L2,H2,L3,L2,L3
L3,H2,L3,H3,L3
L1,L3,L3,L1,L1
H3,L1,L3,L2,M1
L2,L3,L2,L2,H2
L1,L2,L3,L2,L2
H3,L3,L1,L3,M1
H2,L1,M1,L3,H3
L1,L1,BN,L2,H2
H1,L3,H3,H2,M1
L3,L2,H3,L1,H3
L2,M1,H3,M1,L2
L2,H1,L2,L2,L1
L3,L2,L1,L2,L2
L3,L1,L3,L2,L3
L2,L3,M1,L3,L1
L2,H2,L3,L2,H1
L1,L2,L1,L1,L1
M1,L2,L3,L2,L3
L1,L3,H2,L3,H1
H2,L3,BN,L3,H2
H2,L3,H3,H2,H3
L1,H3,H1,L1,L2
L2,L1,L2,M1,L1
L1,L3,L3,H1,H3
H3,H2,L1,L1,L1
L3,L2,L3,L3,L2
BN,L3,L2,H1,H2
L2,L3,H3,H2,L2
L1,L2,H1,H3,L3
L2,L3,L3,L2,L3
M1,L3,H2,L3,L1
L2,H3,H3,L3,M1
M1,H3,H2,L3,L2
L2,M1,BN,L2,M1
L2,L1,L2,H1,L3
H2,M1,L1,L2,L3
L2,M1,L3,L3,H3
L3,L2,L3,M1,L2
H2,L3,L3,BN,M1
L1,L3,L1,H3,M1
L3,L3,L2,L3,H3
L1,L3,BN,H1,H1
L3,M1,M1,L3,H3
L1,M1,L2,H3,L3
L2,H2,M1,M1,M1
L1,L2,L3,L1,BN
L2,L2,L2,H3,H3
L2,L3,L3,L1,L1
L1,L1,H1,L1,L1
L2,L2,L2,M1,L3
L3,H2,H2,L3,H3
L3,L1,M1,H3,L3
L3,M1,L3,L3,L3
H3,M1,L1,L3,L2
L3,L3,L1,H2,L3
L2,L1,L2,L2,L1
H1,L3,L2,L2,L3
L3,L1,L3,H2,H3
L2,M1,L2,L2,H2
L1,L2,L2,L2,L3
L1,L1,L2,H3,L3
L3,L1,L2,L2,L1
L1,L2,L2,M1,L3
L3,L1,L1,M1,L2
H3,L1,H3,L2,L1
M1,L3,L2,H1,H3
L1,L2,H3,L1,L1
L1,L3,L1,L2,L2
L1,L1,L1,L2,M1
L2,L2,H3,M1,L3
L3,M1,L2,L2,H3
L2,GL,L3,L3,L2
L3,M1,L3,M1,BN
L3,L1,L1,L1,H2
L2,H1,L1,M1,L3
BN,L1,L3,H2,L3
H2,L3,H3,H1,L2
L3,M1,L3,L3,L3
L2,L2,M1,L3,L3
L3,M1,H3,H2,M1
H3,L1,H3,H3,L1
L3,H3,L1,H2,M1
H1,L3,L3,H3,L1
L1,M1,L3,L3,L1
L3,L3,L1,L1,L1
L2,L1,L2,M1,L2
H3,L3,L2,H3,M1
L1,M1,M1,M1,L1
H3,GL,L2,H3,L3
L3,L1,H3,L1,L3
L3,L3,H3,L1,L2
L2,L3,L1,L3,L1
L1,L1,H2,M1,H2
H3,L3,L2,L1,H2
L2,M1,L3,L1,M1
L2,H3,L2,L2,L3
L2,L1,L1,L2,L1
L2,L1,M1,L2,L3
L3,H2,H3,H3,L1
BN,L3,L2,L2,L3
H2,L2,M1,L3,L2
L1,L1,L1,L2,L1
H1,L1,H1,BN,L3
L2,H3,L2,L2,L3
L2,L2,H2,L2,M1
L3,L2,L3,M1,L1
L3,L1,H1,L3,M1
L2,L2,H3,L3,L2
M1,L3,L3,L2,L3
L2,L3,H3,L1,L3
L2,L1,H3,L3,L3
L3,L1,L2,L3,L3
H3,L1,H3,M1,H2
L2,L2,L1,L2,H2
L1,L3,L3,L2,L2
L1,L3,BN,L2,L1
L1,M1,L3,BN,L2
BN,H2,H3,H3,L1
M1,L2,L2,L1,H3
L2,L2,L2,M1,H2
M1,L1,L2,L1,L3
L2,L3,L2,H3,H3
L2,M1,L2,L3,H2
L1,L3,L2,L2,L2
L2,L3,L3,L3,L2
M1,M1,L3,L3,M1
BN,L2,L3,H2,L3
L2,H3,L1,L1,L2
L2,L2,L1,H2,L1
M1,L3,L3,H1,L1
L1,M1,L3,L3,L2
H3,L3,L2,L2,H3
L2,L2,H3,H3,H3
L3,L1,L2,L1,L2
BN,L3,L1,L2,H2
L2,H2,BN,L3,L1
H3,L2,L1,L1,L1
M1,L3,L1,L3,M1
M1,L1,L2,M1,L1
L2,H1,L2,M1,L1
L3,M1,L1,L1,L3
H1,L2,L1,M1,H2
L1,L3,L2,L2,H2
L3,L2,L2,L2,H2
L2,L2,M1,M1,L3
L1,L3,L3,L1,L3
H3,L3,L3,L3,H3
H2,H3,H3,H2,M1
L3,L3,L3,L3,L2
L3,L1,L3,L3,L2
M1,H1,H3,H3,L2
L1,L2,M1,H1,L1
L3,L2,L3,L2,L2
L2,H3,L3,H1,L3
L3,L2,L2,BN,L2
L1,H3,L2,M1,BN
L2,L1,M1,H2,H1
L1,L3,H2,L2,L1
L1,L2,L3,M1,H1
M1,L1,L2,L1,L2
BN,L1,H1,L1,L1
L3,L2,L2,L3,L1
L3,L1,L2,L2,L1
H3,L2,L2,L3,L3
M1,M1,L3,L2,M1
M1,L2,L2,L3,L2
L2,M1,L2,L2,L3
L2,BN,L3,H3,L1
H3,H1,L3,L2,L3
L1,L2,L3,L1,BN
H2,M1,H1,L3,L3
M1,H1,L1,L2,L3
H2,H3,BN,L1,L1
L2,L3,M1,H2,L2
L3,H3,L2,M1,L3
M1,L3,H3,L3,L2
L2,L2,L3,L1,H2
H3,L2,H1,L2,L2
L2,L1,L3,L2,M1
L3,L1,L2,M1,L2
L3,L2,L2,L2,L2
L1,H1,L2,L2,L1
L2,L2,M1,L2,M1
L3,L3,M1,L3,L2
L1,M1,L2,L1,L3
H3,L1,L2,M1,M1
L3,L2,H3,L2,L3
M1,L1,GL,L3,L1
L3,L2,L2,L2,L2
L1,L1,L3,H1,H3
L1,L3,L3,L2,L3
L1,H3,M1,M1,L3
L3,M1,L1,GL,L3
L2,M1,L3,H1,L1
L1,H2,L1,L1,L2
L1,L3,L2,L2,L2
H1,M1,H3,L3,L3
L1,L1,L2,L3,L2
L3,L1,L3,L1,H3
M1,L1,L3,M1,L2
L3,L1,L3,L1,H3
L1,L2,H1,L3,H2
L3,H3,L3,L1,M1
L3,H3,L3,M1,H1
M1,M1,H3,H1,H3
BN,H2,BN,H2,L2
L3,L1,L3,L1,L2
L1,L3,H3,L2,L3
L2,M1,L1,L3,L1
L2,M1,M1,L1,L3
M1,L2,L3,L3,L3
L3,L2,H3,M1,L3
L3,H3,L3,L3,L3
L2,H1,H1,L2,H3
L1,H3,L1,L3,L2
L1,L1,L2,H2,L1
L3,L3,L1,L2,L1
L2,H2,L2,L2,L2
H2,L2,H2,L2,BN
H2,H3,L3,L1,L1
L3,L2,M1,M1,L3
L3,L1,L1,M1,L1
L3,H1,M1,L2,L3
L1,H3,L3,L3,L3
L3,L2,H3,L1,L2
H3,L3,L2,L2,M1
H1,M1,BN,L3,L1
H1,L1,H3,BN,L1
L1,H3,M1,H3,H3
L1,H1,H3,L1,L2
L1,M1,M1,L1,M1
L2,H2,H1,L3,H3
L2,L3,H3,L1,H2
L2,H1,BN,M1,L2
BN,L3,L3,L3,L2
H3,M1,L1,H2,L3
H3,M1,M1,H2,L1
M1,L1,L1,L2,L1
L3,BN,H3,M1,L1
M1,L2,L1,H3,BN
H1,L3,L2,L3,H3
H2,H3,L2,L1,L2
L1,H1,L3,L3,L3
L2,L1,H3,L1,L3
BN,M1,H2,L2,H2
L3,L1,L1,L3,L2
L1,H2,M1,L1,L1
H3,M1,L2,L2,L1
M1,L2,L1,L3,L2
L2,H2,L3,L3,H3
L1,L2,M1,L2,L2
H1,L2,M1,L2,L2
L3,L3,L2,M1,L3
L1,L1,M1,L3,L2
H2,L2,L1,L1,L1
L3,H1,L3,H3,L3
L2,L3,L1,L2,M1
L1,L3,L2,L3,H2
H1,L2,L2,L2,L3
L2,M1,H1,L1,L3
L2,L1,L2,M1,L3
L3,M1,L1,L2,H1
L1,L3,L2,H2,H3
H1,L2,L2,M1,H3
H1,M1,L3,L2,BN
H1,L2,L1,L3,L2
M1,M1,BN,L2,L1
L3,L2,M1,M1,M1
H2,L3,L3,M1,L1
L3,L3,L3,M1,M1
L3,L3,L3,H1,H1
L3,L3,L1,L2,M1
M1,M1,H1,L3,M1
BN,H3,L2,L2,H1
L2,H2,L2,H2,M1
L3,H3,H2,M1,M1
H1,L3,L3,H3,L2
H3,L1,L2,L3,M1
M1,L2,M1,L1,L1
L1,L2,L3,L3,BN
L2,L3,M1,L2,L3
L2,L1,H1,L3,L3
L1,L2,L1,M1,L2
M1,L2,L2,L1,L3
BN,L1,BN,L3,L3
L2,H2,L3,L3,L1
H3,L2,H2,H1,L2
L3,M1,L1,L3,L1
L3,H2,L2,L1,H3
BN,L2,H3,L1,L2
L2,L2,H2,L1,H3
L3,M1,L1,H3,L1
L1,L3,H1,BN,L2
L1,H3,L3,M1,H3
L1,L3,L1,L1,L3
L3,L1,L3,L2,H2
L3,L3,H2,L1,L2
L1,L1,L1,M1,H3
L3,H3,L2,H3,M1
L3,L1,L2,L3,L2
H2,L2,M1,L2,L2
BN,L1,L3,L3,L3
L3,M1,L1,L1,L2
L1,L1,L2,L3,L2
L2,L3,L2,L2,L3
H2,H1,H2,L3,M1
M1,M1,H2,L2,M1
L1,H2,L3,L2,L2
M1,L2,L1,M1,L2
M1,L3,M1,L2,L1
L2,BN,H3,L1,H3
M1,L2,L1,H1,L1
L3,L1,L1,H3,M1
L1,M1,H2,L3,L2
L3,H1,H3,L3,L1
L3,L3,L2,H1,L2
L2,L3,L3,M1,BN
L2,L2,H3,L1,L3
L2,H3,L2,L1,L2
L2,L3,L1,L3,L2
L3,L2,H1,L3,M1
L1,L1,L2,L3,L3
L3,L3,L3,H2,H3
L3,L2,L3,L2,L2
L2,H1,M1,L1,L1
L2,L2,H1,L2,H1
L2,L2,L3,L1,L3
L2,L1,L3,L3,L1
L1,H2,L3,M1,L1
L3,L1,H2,L3,M1
M1,L2,L2,L1,L3
H3,H3,L3,L1,L1
L2,L1,M1,H1,L1
L3,L2,H3,L3,L3
L1,L3,L3,H2,L1
H3,L3,L2,L3,L2
BN,L1,L1,L1,L3
M1,L1,H1,H3,L3
L3,L1,L2,L3,L3
L2,H3,H3,L3,H2
L2,M1,L1,L1,L3
M1,L1,H2,L3,L3
M1,H2,M1,L3,L2
H3,L3,L2,L2,L2
L3,M1,M1,L1,L1
M1,M1,L3,L2,L3
L2,M1,L1,L3,L2
L1,L1,H3,L2,H2
L3,M1,M1,L3,H2
L2,L1,BN,L2,L3
L1,BN,L1,L2,L3
H2,L2,L3,H3,L2
M1,H3,L2,M1,BN
L2,H3,H2,BN,L1
L3,H1,L2,H3,L3
L1,L1,BN,H2,L1
L3,L2,L1,L2,L1
L3,L2,L3,H1,M1
L2,M1,L3,H3,L2
M1,L1,L1,L3,L2
H3,H1,H3,M1,L3
L1,L2,L3,L2,M1
M1,H1,L1,L2,H2
L2,L1,L3,L1,L2
L2,L2,L2,H1,L3
L2,L1,L2,L2,L3
L3,L1,L3,BN,BN
L2,L1,L3,L1,L1
M1,L3,L2,L2,H3
L1,M1,L3,M1,M1
M1,H3,H3,L3,H2
H2,H3,BN,H3,M1
L1,L1,L1,H1,BN
L1,L1,M1,L2,L1
L3,L1,H3,BN,H1
L2,M1,L3,L2,L3
L1,L3,L1,L1,H2
L3,M1,L2,L1,L2
L3,L3,L3,L1,L1
H2,H3,BN,H1,M1
M1,H2,L2,BN,L2
H2,M1,L3,L1,L1
L2,L3,L3,H1,M1
M1,H3,L2,L3,L1
L2,L2,L3,L2,L3
M1,L3,M1,M1,L1
L2,M1,L2,L3,L3
L3,L1,L3,L3,L2
L1,M1,L2,L1,M1
L3,L2,L2,L2,L3
L2,L3,L2,H3,M1
L3,L2,L3,L3,H2
H2,L2,H3,L1,L3
L3,H2,H3,L3,L1
L3,L3,H3,H3,L2
L3,L3,BN,L2,L1
L3,H2,M1,M1,L2
M1,L3,M1,L2,L2
L1,L2,L2,L1,M1
L2,L1,L1,L3,L3
L2,L3,H3,L2,M1
H3,L3,M1,L3,L1
L3,L3,L1,L2,L3
H1,L1,L1,L1,L2
L3,H3,L2,H3,M1
H3,L2,L2,H3,L2
L1,L2,L2,L1,H2
L3,H3,L2,L3,L1
H3,L2,L1,L3,L2
L2,L3,M1,L3,L1
L2,L3,L2,L1,L2
L2,L3,H2,L1,H3
L1,BN,L2,L1,L2
H3,L2,M1,M1,L1
L1,H2,L2,H2,L2
L3,L3,L2,L2,M1
M1,H3,L2,L3,L3
L3,H2,L3,L3,H2
H2,H3,L1,L3,L3
L1,L2,BN,L3,M1
L1,L2,H3,H1,L3
L2,H3,L1,H1,L3
L2,L2,H3,L3,M1
H2,L3,L2,L3,L2
L1,L1,L1,L1,L3
L1,H3,L3,L1,L1
L1,L3,L2,L3,L3
L2,H3,L2,L2,H1
M1,L3,L2,H2,L1
L3,H3,L2,L2,L3
H3,L2,H1,H3,L1
L3,L1,H3,L2,L2
M1,H1,L2,GL,L2
M1,L2,L3,L3,H3
L3,L1,L1,L3,L1
H3,M1,L2,L3,L3
L1,H2,M1,L3,L1
H3,L1,L3,L2,L1
L2,L1,L1,L3,L3
L1,H2,L3,L1,H1
L3,L3,H1,L2,M1
H2,L2,L3,L2,L2
H2,M1,BN,L2,H3
L3,L1,H2,H2,L3
M1,L3,L3,L3,H3
L1,M1,H3,H1,M1
M1,L2,L1,L1,M1
L3,L2,BN,L1,M1
L2,L3,M1,L2,L2
L3,L3,M1,L2,L3
L3,L2,L1,H3,L3
L2,H1,L3,L2,L3
L3,L2,L2,L2,L2
L2,L2,L3,L2,M1
L2,L1,L2,L3,H3
L2,L1,H1,H3,M1
L2,L2,L3,L3,L1
L2,L3,L2,L3,H3
L3,L3,H2,L2,L3
L1,L3,L3,L2,L1
L2,H3,L3,M1,L3
H3,L3,L3,L2,L3
L2,L3,M1,L3,H2
M1,L2,L3,L1,BN
L3,H2,M1,L1,L2
L1,L3,L1,M1,H3
L2,L2,L3,L2,H2
L3,L2,M1,L2,H2
L1,L3,H2,L3,M1
L2,M1,M1,L3,L1
L2,L3,L1,M1,H3
L3,M1,L2,H1,L3
L2,H3,L1,H2,L1
L3,L3,L1,L2,L1
M1,L3,H3,L2,H1
L1,L2,L2,M1,L1
H2,L1,L2,L3,L1
L1,H3,L2,L2,L1
L1,L2,L2,L1,L3
L2,L2,L2,L3,L1
M1,L3,L2,L3,L3
M1,L3,L1,L3,L3
L3,L2,H2,L1,H3
L3,L3,L2,L1,M1
L3,L2,L2,L2,L1
L2,BN,H3,L2,L3
L3,L1,L2,L2,L3
L1,M1,H2,L2,L3
L3,L3,L3,L2,H3
L3,H1,L1,H1,L3
M1,H2,M1,M1,L2
H1,L3,L1,L2,M1
L3,L2,L1,L1,L1
H2,L3,L2,L1,H1
H3,H1,L3,L2,M1
L1,L2,M1,H2,H3
L2,H2,L2,L3,L2
L2,L2,BN,L3,L3
L3,H3,M1,L1,H2
L1,L1,L2,L3,L3
M1,BN,L3,M1,L2
H2,H2,L1,L3,L2
H3,L3,L1,L2,L2
L3,L2,H2,L1,M1
M1,L2,L2,BN,M1
L2,L2,H1,H2,L2
H3,L1,L3,L3,L3
L1,H3,L1,L1,L3
L1,M1,M1,M1,L3
L2,M1,L3,H3,L2
H3,H1,L1,H3,M1
H2,L1,H3,L2,L3
L3,M1,H3,L2,L1
L2,L2,L2,L2,L2
L3,L3,L2,L3,L2
L3,H1,L3,BN,L1
L3,H2,L2,L2,L2
L2,L1,L3,L2,H2
L3,M1,L3,L1,L2
L1,L2,L3,L3,H3
H2,L1,L2,L2,L3
M1,H3,L1,L3,L2
L1,L1,L3,L1,L3
L1,M1,L2,M1,L1
L1,L1,L2,L2,L3
L2,H2,L1,L3,BN
H2,L1,L3,L3,L3
M1,L3,L2,M1,L3
L2,H3,L1,L2,L3
L1,H3,H2,M1,L2
H2,L1,L3,L2,L3
L3,L3,L2,L3,L2
L2,L2,L1,L1,L2
L3,H2,M1,L1,L1
L1,L2,L3,L3,BN
H3,L3,L3,L1,M1
L3,L1,L1,L2,H1
L2,L2,M1,BN,M1
L2,H1,L3,L1,L1
L3,M1,L2,L1,H3
L3,H3,L3,H3,L2
L3,L3,H3,L3,M1
H3,L3,H2,L3,L1
L1,L3,H2,L2,L3
H2,L2,L3,L3,L1
M1,L3,L1,L3,L3
L2,L3,L3,L3,BN
L3,L3,L2,M1,H1
L3,L2,L3,H1,L1
L1,L3,H3,H3,L2
L1,L1,L1,L2,L1
L2,L3,L3,H3,M1
L3,L2,H3,L3,L3
L1,BN,L3,L2,H3
L2,H2,M1,L1,L1
L1,L3,H2,L3,L2
H1,L3,M1,L2,L3
L2,L3,L3,H2,L2
L1,L2,L2,M1,L2
L3,L3,L1,L3,L1
H3,L1,L3,H3,L2
L2,L2,L3,L1,L3
H3,H3,L3,L3,L3
L3,L3,H2,L3,M1
L3,L3,H3,L3,BN
L2,M1,L1,L1,M1
L2,H3,M1,L1,L3
L3,H1,L1,L3,H3
L1,L2,L3,L2,L1
H2,M1,L1,L3,L2
L3,M1,H3,H2,M1
L2,L1,L2,H3,L2
L2,L1,L1,M1,H1
L2,L2,M1,L1,L2
L1,L1,L1,L2,H3
L3,L1,L1,L1,BN
L3,H3,H2,L3,L2
M1,L1,H3,L2,M1
H2,H3,H1,L3,H2
L2,L3,L2,L2,L2
M1,L2,L2,L2,L2
L3,L2,L2,L2,H1
L3,L3,L3,L1,L1
L3,L1,L1,L3,M1
L2,M1,L1,L2,M1
L3,L2,M1,H3,L3
M1,L1,H3,L2,H2
L2,M1,L1,M1,L2
L3,L2,L3,L1,L3
L2,L2,L1,H1,L2
BN,L3,M1,L3,L2
M1,L3,L3,L1,M1
L1,L1,L3,L3,L2
L2,H1,L3,M1,L3
H3,L3,L3,L2,H1
H2,L3,L2,L1,H2
L2,H3,L1,L3,M1
L3,L3,M1,L2,M1
H3,L3,M1,L2,L3
L2,H2,H2,L2,L3
H2,L3,M1,L1,H1
L2,L1,L2,L3,H3
M1,L3,L1,L2,L3
H2,L2,L2,L2,H3
L3,L2,L2,H3,L3
H3,BN,L2,L2,L1
M1,L1,M1,L3,L1
L3,L2,H2,L3,H2
L1,L1,L3,L3,L1
M1,L1,L1,L1,L2
L3,L1,L1,L1,M1
M1,L2,L3,H3,L3
L2,H2,L1,L1,L1
H3,L3,L3,L3,L1
L3,L3,L3,M1,L3
L3,L3,L2,BN,H1
L3,H2,L3,M1,M1
L3,L2,L3,L2,L1
M1,L1,L2,H3,L2
L3,H3,H2,L3,H3
L3,M1,M1,L1,M1
L3,L3,L3,L2,L1
H3,L2,H3,M1,L2
H1,H2,L3,L2,L1
L1,L3,L3,L1,M1
H3,L3,L2,H1,L3
H3,L3,M1,L1,L3
L2,L2,H1,L1,M1
L1,H3,L1,L1,L3
L1,L1,BN,L2,M1
M1,L2,M1,L1,L1
L2,H1,L3,M1,L1
L3,L3,L3,L1,L3
H3,L3,L3,M1,L1
H1,L3,L2,M1,H2
L1,M1,M1,L2,H2
L2,M1,L2,H3,L1
L3,L3,L1,L3,L3
H2,H1,L3,L3,H3
L3,L2,H1,L3,L3
L1,L3,L3,L2,H3
M1,H3,L3,L1,H3
L1,L2,L1,H1,H1
BN,H2,M1,L2,L3
L2,H1,M1,L1,L2
L1,L3,H1,L3,L3
L3,H1,L1,H2,M1
M1,L3,L3,L1,L2
L2,L1,BN,L1,L2
L2,L1,L1,L2,L1
L3,L1,M1,L3,L1
H2,L2,L3,L1,M1
H2,L2,L2,L1,L1
H2,L3,L3,L2,M1
L2,L2,L3,M1,M1
L2,L3,L3,L1,L3
L2,H3,M1,L3,BN
L1,L1,H3,L1,L2
L3,L3,H2,L3,L3
L2,L2,L2,H3,H3
H3,M1,M1,H3,L2
L3,M1,L2,L1,H3
L1,H2,L2,H2,L2
M1,L1,H3,L2,L2
L1,L3,L1,M1,M1
L3,L1,L3,H2,L1
H3,M1,L1,M1,L2
L1,L3,L2,L2,H2
L2,H2,L1,H1,L3
L3,L2,L3,L1,L1
L3,L1,L3,M1,L2
H2,L1,L2,L2,M1
L2,L3,H3,L2,L2
L1,L3,H1,L3,H2
L1,H1,H2,L3,L3
L1,L3,L3,L2,L2
L2,H3,L2,L3,M1
M1,L3,L1,L3,L3
M1,H3,L3,L3,L3
L2,L3,L3,L3,L2
L2,L1,H1,L1,L2
L3,L2,L1,L2,L1
L2,L1,BN,H3,L2
L1,L3,L3,L1,H1
L3,L3,L2,H1,M1
L2,L3,M1,H2,L1
L1,BN,L2,L1,L3
L1,M1,H1,L3,L3
L2,L3,L1,L1,M1
L2,H2,L2,L3,L1
BN,L2,H2,L2,L3
L2,H1,L3,L2,H3
H2,H3,H1,L3,M1
M1,L3,L2,H3,BN
L3,BN,L3,H3,L1
L3,M1,L3,L3,L3
L2,L2,L2,M1,M1
H1,L3,L2,L1,L2
H1,H2,L3,L1,L1
H1,L2,L3,L3,H2
L2,M1,L1,M1,H3
H3,L3,H1,L2,L2
BN,L1,L1,L2,L3
L3,L2,H3,L2,L2
H1,L3,M1,L3,L2
H2,H2,L2,L2,H3
H1,L3,L2,M1,L2
M1,L1,L1,M1,L1
M1,L3,L2,L2,L2
L1,L2,L2,M1,H3
L1,H2,L2,L1,L3
H3,L2,L1,GL,L2
M1,L2,L3,M1,L2
L2,L3,H3,L2,L2
H2,L2,H3,M1,H2
L1,M1,L3,H2,H3
BN,H3,L2,L1,H3
L2,L2,L1,L2,M1
L3,L3,L1,H3,M1
L1,H1,L2,L3,H2
H2,M1,L1,L1,H3
L1,H1,H3,L3,L3
L3,L3,L2,M1,H1
L2,BN,H3,L1,H3
L2,L3,L3,H1,L3
L3,L1,L2,L3,M1
H2,L1,L3,L3,L2
H3,L3,L1,L2,L3
L3,H3,L1,L2,L3
L2,L3,BN,L3,L1
H3,L3,L2,L1,L2
L2,L2,L1,M1,L2
L2,L3,L2,L1,M1
L3,L2,L2,L3,L3
L2,L2,L2,L3,L2
L3,L1,H3,H2,L2
L1,M1,H3,H2,L2
L1,L1,M1,H1,M1
L3,H1,L1,L1,H3
L3,L1,L2,L2,L2
L1,L1,L2,H3,H3
L1,H3,L2,L3,H2
H3,L2,BN,L3,L2
L1,H3,L3,L1,M1
L2,L1,L3,M1,L1
L2,H2,L3,M1,H3
L3,L2,H3,L2,L3
L3,L1,L2,H3,L2
M1,L2,M1,L3,L1
L1,L1,L3,L3,L1
BN,L1,H2,L1,H1
H3,H3,H2,M1,L3
H3,H3,M1,M1,L2
L1,L1,H3,L1,L1
H1,L2,L2,H2,L2
H3,L1,L3,L3,L2
L2,H3,M1,H3,M1
L3,L2,H3,H1,L3
H3,H1,H2,L3,L2
M1,L2,L3,H1,H3
H3,L2,L3,L3,H3
L1,L1,L2,L1,L1
L1,H1,BN,L3,M1
H3,L3,L2,L2,M1
H2,L3,H2,L2,M1
BN,M1,H2,L3,M1
H3,L2,L3,H2,H3
H3,L3,L1,L2,L2
L1,L2,L3,L1,M1
L1,L3,H3,L3,H3
L1,L1,M1,L1,L3
H3,H3,L3,L2,L1
L3,L3,L2,H2,M1
L3,L3,L3,L3,L1
L1,L3,L3,L3,L3
L1,M1,L3,L3,L2
L3,H3,L2,L3,H2
L2,L1,H2,L1,H2
L3,M1,M1,L1,L2
L2,H3,M1,BN,M1
L1,L2,L3,H3,M1
M1,L1,L1,H3,L2
L3,L2,L1,H1,L3
H2,L2,L3,L1,H1
H1,L1,L3,H2,L1
L3,M1,L1,H3,H3
L2,M1,L3,L1,M1
H3,L2,L3,L2,L3
L2,M1,L2,L2,H3
L1,L1,L1,H3,M1
L3,H2,L3,L3,M1
L1,L2,L3,L2,L3
H3,H3,H3,L3,L2
L1,L3,L2,L3,L2
L1,L1,BN,L3,H3
H3,L2,L2,L3,L3
L1,L3,L1,L1,L1
L3,L2,L2,L1,L3
L2,M1,M1,L1,L3
L1,M1,L2,L2,L2
M1,M1,H2,L2,L3
L3,L3,L1,L2,L1
L3,M1,BN,H3,H3
H1,H3,L1,L2,L3
L3,L3,H3,L3,L2
L3,M1,M1,L1,L2
L3,L2,L3,L1,M1
L2,L1,L2,H3,H3
L2,L2,L2,L2,L2
L2,M1,L3,L3,H3
L3,L2,L3,L1,L1
L2,M1,H2,M1,L2
L1,M1,L3,L1,L2
L1,L3,L3,L1,H3
L3,H2,H3,M1,L1
M1,L1,H1,L1,L2
L3,M1,L2,L1,L1
M1,L2,L3,L2,L3
L2,L1,L3,H3,L2
L2,H3,L1,H2,GL
H2,L1,L1,L2,H1
H1,L1,L2,L1,L1
M1,L3,L3,H3,L2
L2,L3,H3,L2,L1
L3,L3,L1,L2,L3
L3,L3,M1,BN,L3
L1,L2,H2,L2,L2
L1,H1,L2,H3,L2
L1,L1,L1,M1,L3
H3,H2,L2,L3,L2
L1,L3,M1,L1,H1
L1,L3,L3,L1,H3
H3,L3,L2,L1,H3
BN,L3,L1,L3,L3
M1,H3,H2,H3,L1
L3,L2,H2,H3,M1
L2,H1,L3,L1,L2
L3,L3,L1,H3,H2
L1,L3,H2,H3,H3
L2,L2,L1,L2,L3
L2,L2,H2,L2,L3
M1,H1,L1,L2,L2
L3,L2,M1,L3,L1
L1,L2,L1,H3,M1
L3,H3,H2,M1,L2
L1,L2,L2,L3,L3
H2,L2,L1,L1,H3
L3,H1,L1,L2,L1
L3,L3,H3,L2,L1
L2,M1,L3,L1,L3
M1,H3,L2,H1,L2
L3,H3,BN,L3,L1
L2,H3,L3,H1,L3
L3,M1,L1,BN,L1
L2,H3,M1,H3,M1
L1,L1,L3,L2,BN
M1,H3,L3,L2,L2
L3,L1,L1,L2,L3
M1,M1,L1,L2,L2
L1,H3,L3,L1,M1
M1,M1,L1,L3,L1
M1,L3,H2,L1,L3
M1,L2,L3,M1,L1
BN,L1,L1,L2,M1
L3,H3,H3,L2,L3
M1,L3,M1,H1,M1
L2,H3,L1,L1,L3
H1,H3,L3,M1,H2
L1,H1,L1,M1,L3
L1,L3,M1,L2,H2
L2,L1,H2,L3,BN
L2,L1,L3,L2,L2
L3,L2,L1,L3,L1
M1,L2,L2,L2,L3
L1,M1,H3,L3,L3
L3,H3,L1,L3,H3
L3,M1,L2,H2,L2
L1,H2,M1,H2,L2
L2,L3,L1,L3,L1
L2,L2,L2,L1,H3
L3,M1,L2,M1,L3
L2,L1,L1,L3,L1
L2,L1,BN,L3,L2
H2,L1,H1,L2,H3
H2,L2,M1,L2,H3
L2,L3,L1,L3,L3
BN,L2,L2,L3,L1
L3,L1,H3,BN,M1
H1,L1,H2,L1,BN
L3,L1,L2,L2,M1
L2,H2,L2,L3,L2
L3,BN,H3,L2,H3
L2,M1,L2,H2,M1
L1,L2,L2,L2,L2
L3,M1,L1,L3,L1
L1,L3,L3,M1,H1
L2,L3,L1,L3,L3
L3,H1,L1,L3,L2
L1,L2,L3,GL,H3
L2,L1,L2,L3,L2
L2,L1,L3,H3,H3
L2,L1,L3,L2,H3
L2,L3,M1,H3,L1
L3,L3,L3,L1,L3
H1,H1,L1,L2,H1
L3,L3,M1,L2,L3
L3,M1,L1,L2,BN
L1,L3,L1,L1,L2
L2,M1,M1,M1,M1
L1,BN,H3,L3,L2
L2,H3,H1,L1,H3
L3,L1,M1,L2,L1
L1,L1,H3,BN,L2
L2,L3,L2,L3,L3
H1,L3,L1,H2,L2
L2,H2,L1,L2,H3
H2,L2,H3,L2,L1
L3,L2,L1,L2,L3
L3,L1,L2,L3,M1
H3,L3,L2,L2,L2
L1,H3,L2,L2,L3
L1,L3,L2,L3,M1
H3,L2,H1,L3,L3
L1,L3,L1,L1,M1
L3,L1,BN,L2,L2
H3,L1,L3,H2,L1
L1,L1,L3,L3,L3
L3,M1,L1,L3,M1
L3,M1,L3,H3,H1
M1,M1,H3,H3,L2
H3,H1,L1,L2,BN
H2,L3,L2,L2,L2
L2,M1,H3,L3,H3
M1,L1,L2,L1,L2
L1,L2,H2,L1,L3
L3,L2,L1,L3,L1
L3,L3,L3,L3,L3
L3,L3,H3,L1,H2
L1,L3,L3,H1,M1
L3,H3,M1,BN,L1
H2,M1,L3,L2,L1
L1,L3,H3,L3,L2
L3,H1,H3,H2,M1
L2,L2,L2,L1,L1
L1,H3,L2,M1,L1
L2,H3,L2,L2,L2
L1,L1,L2,L3,H3
L2,L3,L3,L3,L3
L1,BN,M1,L2,M1
L3,L1,M1,L3,H1
M1,L1,L1,L2,L1
L3,L1,L3,L1,L3
L3,L3,H3,H3,L1
L1,L2,L3,L3,L1
L2,M1,L1,L1,L2
M1,H2,BN,H2,L2
L3,H2,L1,H2,L2
L1,M1,L1,L3,L2
H2,L3,L2,M1,L1
L1,L1,L3,L1,L1
L2,L3,L1,L2,L3
L3,L3,L2,L3,L3
H2,M1,L3,M1,L1
H2,L3,H1,L1,BN
L3,L2,L3,H3,L1
L3,L2,L3,L1,L3
L3,H2,L2,L1,H3
L2,L3,L2,L3,M1
L2,L1,L1,M1,L3
L2,L2,L1,L2,H3
H3,L2,L1,L3,L3
L2,L2,H3,L3,L3
L1,M1,L1,L3,L3
L2,H3,L2,M1,L3
L1,L2,M1,H3,H2
H3,H2,L2,L1,L1
H1,L2,L1,M1,L2
L2,L2,L2,L3,L3
L1,H3,M1,L2,L2
M1,H2,H3,M1,H3
H3,L1,L1,H3,L2
H2,H3,H3,L2,H1
L1,L1,L1,M1,M1
M1,L1,L3,H3,H1
M1,BN,L2,BN,L2
L3,H1,BN,L3,L3
L2,L1,L3,L3,L1
L3,L1,H3,L2,L3
L3,L3,L2,L3,L3
L1,L2,H3,L1,L2
L3,L3,L3,L1,L3
L2,M1,M1,L2,L2
L3,M1,L1,L3,L1
M1,M1,L3,L1,L2
L2,L3,L3,L1,L2
H3,H3,L2,L1,L1
L2,M1,L3,L2,L1
H3,L2,L1,L3,L1
L2,H3,L2,L3,L3
L1,H3,H2,L1,L3
L1,L2,M1,L1,L3
M1,L2,M1,M1,L2
BN,M1,L1,L2,M1
L1,H3,L3,L2,M1
L1,M1,L2,H3,H2
L3,L1,L1,L3,L1
M1,L3,L2,L3,L1
L3,L1,L3,L1,L2
L2,L3,M1,L1,L1
M1,M1,L2,BN,H2
L3,L3,L1,L1,M1
L3,L3,L3,H2,L2
L3,L2,L3,L1,L2
L1,L2,H2,H2,H3
L1,L1,L1,M1,L3
L3,L3,M1,L3,L1
H3,L3,H3,M1,L2
H2,L3,M1,L2,H3
H3,H3,H2,L3,BN
L1,H1,L2,L1,M1
L1,L3,H3,L1,H3
L3,L2,L3,L1,M1
H2,L3,L1,L2,L3
L1,L1,H2,H3,M1
L2,BN,H3,L3,L1
L3,L3,L3,L1,L1
L2,L2,L3,L2,L3
H3,M1,L3,L1,L1
L2,L3,H2,L3,L1
M1,H3,L2,L1,L3
H3,L2,L1,H3,H2
L2,L2,L2,H2,L1
L3,L3,H3,L3,M1
L2,H3,L3,H2,L2
H3,H3,L3,L1,L1
H1,L1,L3,H1,L3
M1,M1,L3,M1,M1
BN,L3,L1,L2,L3
H3,L3,L2,L2,H3
M1,H2,H3,L1,L1
GL,H3,H1,M1,M1
L3,L1,L2,H3,L3
L3,L2,L3,L2,L3
M1,L3,M1,L1,H1
L3,L3,L3,L1,L2
L2,L2,L1,L3,BN
L3,L2,L3,M1,L3
L3,H1,L1,L2,L2
H3,L2,L3,L3,M1
L3,L2,L3,L3,L2
L3,L3,L2,L1,L2
H3,M1,H3,M1,L2
L2,H1,H3,M1,L1
L2,L3,L3,H3,L3
L2,L1,L3,M1,L2
L2,L3,L2,M1,L3
M1,M1,M1,L1,L1
L3,L1,L2,L3,L2
L2,H2,L1,L3,L1
L3,M1,L1,H3,L3
H1,H2,L3,BN,L3
L3,H3,L3,M1,L1
L3,L1,L2,L3,L1
M1,L3,L2,L3,H3
L2,L1,L3,H3,H3
H2,M1,H3,L3,L3
M1,L2,L2,L2,L2
L1,L2,L2,L3,M1
L1,L2,L2,M1,M1
L2,H2,L2,L3,L3
L3,L2,L3,L3,L2
H1,H3,M1,L2,H1
L3,L2,L1,L2,L3
L3,L3,H1,L2,BN
L3,H2,L1,H1,L3
L2,L2,BN,L2,L1
BN,L3,L3,L3,L1
L1,M1,H2,L3,L2
L1,H3,L3,L2,L3
L2,M1,L2,H3,L1
L2,L1,M1,L3,L3
L3,L1,L3,L1,L2
L1,L2,L3,M1,L3
L3,H3,L1,BN,BN
M1,L2,L2,L1,H3
L1,BN,L1,L2,H2
M1,L3,L2,L2,L3
M1,L2,L3,L3,L2
L2,L1,H3,H3,BN
L2,M1,L2,L1,H3
L3,L3,H3,M1,H2
L2,H2,L1,M1,L1
L1,L2,BN,L3,L2
L2,L3,M1,H1,M1
L1,L2,L3,H3,H2
M1,M1,L3,L3,L3
L3,L2,L1,M1,L1
L1,L3,L2,L2,L2
L2,L2,L3,L3,M1
L1,L3,L1,H2,L1
L1,L3,M1,M1,BN
L2,BN,L1,H3,H1
M1,L2,L1,BN,L2
L3,L2,L3,M1,H2
L2,L2,L2,L2,M1
BN,L2,L1,H3,L3
M1,L2,H3,L1,L2
L3,H3,L1,L3,M1
L2,L1,M1,L2,L2
L2,L3,H3,L2,L2
H1,L1,L2,L2,H2
L3,M1,L2,H3,L1
L3,L3,H2,H3,M1
L3,H2,L3,L1,L3
M1,L1,M1,L3,L1
L2,L3,H2,L2,L1
L1,L1,L2,M1,L3
M1,L2,L1,M1,M1
L3,L1,H3,L3,L1
H1,L3,L2,H3,L3
L3,L1,L3,L3,M1
L2,L3,H3,L3,L1
M1,L2,L1,L1,L3
L3,L2,L3,H1,L2
L2,L3,L2,L2,L1
L2,M1,H3,L2,L2
L3,H3,M1,L1,BN
L2,L2,L1,L3,L2
L1,L3,L3,L1,H3
L1,L1,H2,H2,H3
L3,L1,M1,M1,L3
L3,H2,BN,L1,L2
L3,L3,L3,H3,L1
M1,L2,L2,L1,H2
L2,L3,L2,L1,H2
L1,L3,L3,L1,L1
L3,H2,L2,M1,M1
M1,M1,L3,L3,L2
L2,L2,L3,L3,M1
M1,H3,L3,L2,L3
L3,H1,L3,L2,L3
L2,L2,M1,L2,M1
L2,L1,L2,H1,L3
H3,M1,H3,L3,L1
L1,L1,L3,L3,M1
L2,H3,L1,L2,L2
H2,H2,L3,L1,L1
L1,L3,L3,H2,L1
L1,L2,M1,L1,L3
L1,BN,L3,M1,L3
H3,H2,L3,L2,L2
M1,L3,M1,L3,M1
L2,H1,M1,L1,L3
L1,L1,L1,L3,M1
L1,L2,L2,L1,L3
L3,L2,M1,BN,L2
L3,L3,H2,M1,L3
L2,L2,L2,L1,L2
BN,M1,L3,L2,L1
H1,L1,L3,L3,L3
L2,L1,M1,M1,L3
L2,L1,L2,M1,L1
H2,L1,L1,M1,M1
L1,H1,L3,M1,L3
L1,L2,L2,M1,H3
L1,L3,H1,L1,L1
L1,L1,L3,H3,L2
H3,H3,L1,L2,L3
M1,L2,L3,H2,L3
L1,L2,L1,L1,L3
H3,L3,L3,L2,H3
H3,L1,L2,L3,L3
H3,L2,BN,L1,L2
L1,L3,L3,L2,L3
L1,L1,L3,H2,H3
L1,M1,L1,L3,H2
L3,L1,L1,L3,M1
L2,H2,L1,L2,L3
H1,L3,L3,L2,H1
L2,L2,H2,L2,L1
L1,H3,L3,M1,L2
L2,H3,L2,L1,L2
M1,L1,L1,M1,L2
M1,H2,L3,M1,L1
L2,H3,L3,L3,L2
L3,H1,L2,H2,L1
M1,L1,L2,L3,L1
H3,L2,M1,L3,L3
L3,L2,M1,L1,L1
M1,L3,L3,L2,M1
L2,H2,L3,L1,H2
H3,M1,L1,L2,L1
L3,L2,L2,L2,L1
L2,L3,L2,L3,H2
H2,L3,L3,M1,H2
L1,L2,L2,BN,L3
M1,H2,L3,M1,L2
L2,L2,L1,L1,H2
L2,L2,L3,M1,H2
L2,H3,L2,L2,L2
L2,H3,L3,M1,L2
M1,L3,M1,L3,L3
H3,L3,L2,L1,H1
L3,H1,H1,L3,H3
BN,H3,L1,M1,L3
L3,L2,H1,M1,L1
H3,M1,M1,L1,L1
L3,L3,H3,L2,L3
L3,M1,L3,H2,M1
M1,L3,H2,L3,L1
H2,L3,BN,L1,H1
L2,H2,L3,L3,L3
L3,M1,H2,M1,L3
L1,L3,L2,L2,L3
BN,L1,M1,L1,M1
H1,L2,L3,H2,L1
L3,M1,L3,L1,H3
L3,L1,L2,L2,H3
L1,L1,H2,L1,M1
L2,L2,L2,L1,BN
M1,H2,H3,L1,L3
M1,H2,L3,L3,M1
L3,L1,H1,L3,L1
L3,L3,L1,L2,L1
BN,L2,L3,L3,L1
L2,H1,L3,L2,L1
L2,L3,L1,L3,L3
L3,M1,L3,H2,H3
L2,L1,L1,BN,L3
L1,L2,M1,L3,L1
L1,L3,H3,L1,L1
L3,L3,H2,H3,L2
H3,M1,L2,L2,M1
H3,L2,L1,H2,L2
L2,H3,M1,L3,H3
M1,L1,M1,L1,L1
L1,L2,L3,L3,L2
H2,L3,H3,L2,L3
L2,L2,L3,L2,L1
L2,L3,M1,L1,L2
H1,L2,L2,L1,L1
L3,L1,L2,H2,L1
M1,M1,L1,L1,L3
L3,L3,L3,BN,GL
L3,L1,L3,H3,L2
L3,L2,M1,H3,H3
L2,L2,L3,L1,BN
L2,L3,M1,L3,L2
L2,L1,L3,H2,M1
L1,L3,L2,H1,L3
M1,L3,M1,M1,L2
M1,L2,L3,L3,L3
L2,H2,L2,M1,L3
H3,L3,L2,M1,M1
M1,L3,M1,L2,L3
L2,L3,H1,H3,L2
L3,L1,H1,H2,L1
L2,L2,H3,H3,BN
L2,L3,L2,L2,L2
L3,L2,L1,L2,L3
L2,H2,L3,M1,L1
M1,L3,L1,M1,L1
H3,H3,L2,M1,H1
L1,L1,L2,L3,L1
L3,L3,BN,L3,L3
L1,L1,M1,L1,L2
L3,L3,L3,L3,L1
M1,M1,L2,M1,L3
L3,M1,L2,L1,L1
L2,L1,L1,M1,BN
BN,L1,L1,L1,L3
L2,L1,L2,H3,H3
L2,L3,L1,L1,H2
L2,M1,H3,L2,H3
L2,L2,L1,BN,L2
L1,L3,H3,H2,H1
L3,L2,M1,GL,L2
L2,L3,L2,M1,L1
L3,L2,M1,L2,L2
L1,L1,M1,BN,L3
H3,M1,L2,L2,L1
L3,L3,H3,L1,L3
H2,H3,M1,M1,L3
H3,L2,H2,L2,M1
L3,M1,L2,L2,L2
H3,M1,M1,L3,H2
L2,L3,L3,H3,L3
H1,L1,L3,L2,L3
H2,L2,L1,M1,L1
H1,L1,L1,H2,L1
L3,M1,L2,L3,L1
L1,L3,L2,H3,L1
L3,L1,M1,L1,L2
L1,H2,H2,BN,L1
L3,H3,L3,L2,L3
M1,M1,L2,L2,L2
M1,L3,BN,L1,BN
L1,L3,L2,M1,L2
L3,L1,M1,L2,L3
H3,L2,L1,L3,L2
L1,L2,L1,H1,L1
L3,L2,L3,L2,M1
L1,L1,L1,L1,L1
BN,L3,L3,L3,M1
L3,L3,M1,L1,H1
L3,L1,H2,H2,L2
L2,H1,H2,L2,L3
L2,L1,L3,H2,L3
L3,L2,L1,L3,L1
H3,L2,L3,L2,L3
H3,H2,L3,M1,L1
H3,L2,L2,L1,BN
L3,L3,BN,M1,L2
H1,M1,L1,H2,L2
L2,M1,H1,L3,L3
L2,M1,L3,L1,L2
L2,M1,H3,BN,L3
L1,H2,H3,L2,M1
L1,H3,H3,L1,L2
GL,M1,L2,L1,L2
L3,L3,L3,L2,L1
L2,L1,L2,L3,L1
L3,L1,H3,L3,M1
L3,H3,L2,L3,L3
L1,L3,M1,M1,H1
L3,L2,L2,H3,L3
H3,H2,L1,L3,L1
L1,H1,L3,L1,H3
L2,M1,L2,L1,L2
L2,L3,L2,L3,M1
L2,L2,H3,L2,L3
L3,M1,L3,L1,L1
L1,H1,H3,H2,L3
M1,H1,H3,M1,L2
L3,M1,H2,L1,L2
L1,M1,L3,H3,M1
L3,L2,M1,H2,H2
M1,L2,L3,H2,H3
H2,L3,L2,L1,L3
BN,L3,M1,L1,L3
L1,L3,H1,L3,L2
L3,L2,L3,L1,L2
L1,H2,BN,H2,H3
L2,H1,L3,L3,L1
H2,L2,H1,H2,L3
H1,L3,L1,L3,L2
M1,H3,L2,L3,L2
L3,L1,L3,L3,L3
L2,H2,L1,H2,L2
H3,GL,L1,L3,H2
M1,L3,BN,H1,M1
L2,L2,M1,L1,M1
L1,L3,L2,H2,L1
H3,H3,L2,L1,H1
L2,M1,H2,L1,L2
H2,H2,L3,L2,H2
L2,L3,L2,H3,L3
L3,L1,L1,L3,M1
M1,M1,L1,L2,M1
H1,H3,M1,M1,L2
L3,L3,L1,H1,L3
H1,H2,L3,M1,L3
L3,L2,L2,L1,L1
L1,L3,H3,L2,H3
L3,L2,L3,L3,H2
H2,L3,L1,L2,L3
H2,L2,L2,L3,L1
H2,L3,H3,M1,L2
BN,L1,M1,L1,L3
L1,L3,L1,L3,L3
L1,L1,L2,M1,L3
L3,M1,L2,L1,L3
H2,L3,L3,L3,L3
L3,L2,L3,L1,H3
L3,L2,M1,L2,H3
L3,L3,H3,L3,L2
L2,BN,L1,L2,L3
L2,H1,L1,L3,M1
L3,L1,L2,L2,L3
L3,L2,L3,L1,H3
L3,L1,L3,L3,L1
L3,L3,L2,L3,L3
L3,L2,M1,L1,M1
L3,L1,M1,L2,L2
L3,L2,M1,L1,L1
M1,L2,H3,H3,L3
H3,L1,L3,L1,L3
L2,L3,M1,L3,L3
H1,H3,H3,H3,L2
L1,M1,L3,M1,L3
L1,L2,H3,L2,L3
H2,L2,L1,L3,L1
L3,L3,L2,H3,L1
L2,L1,L2,L1,H3
H2,H3,L2,L2,L3
L2,L3,H1,L3,L1
L2,L1,L3,BN,L3
L3,H2,L1,L1,L2
L3,L1,L3,L1,L2
H2,M1,L3,L3,L3
L1,L3,M1,L2,L1
L1,L1,H2,L2,M1
M1,L3,L2,L1,L3
L1,L2,L1,L2,L1
L1,H1,L3,L1,L2
H3,L3,H2,L3,L3
L3,L2,L3,L1,L2
L3,L2,BN,H3,M1
L3,L1,L2,H3,L2
H1,H2,L3,L2,L2
H3,L1,L2,L3,L2
L3,L2,H1,L3,L3
H1,L2,L1,H3,L3
L1,L1,L3,L1,H1
L3,H3,BN,H2,L3
L3,L2,H2,L3,M1
L1,L3,M1,BN,H3
L1,H3,L3,L2,L1
L2,H3,H2,L3,L2
L3,L2,L3,H1,BN
L1,L2,L3,H3,L3
H1,L1,H3,L2,L3
M1,H2,L1,L2,L2
L1,L3,BN,L2,H2
L2,H1,H3,H1,L1
L2,H1,L2,L1,M1
L2,L1,L3,H2,L2
H3,H3,L3,H2,L1
L1,H3,H3,L2,L1
L2,L3,L3,H3,L2
L2,L1,L3,L2,L2
M1,H2,L2,L3,L3
H3,H3,L2,L2,L1
H2,L1,L2,L1,L3
M1,L3,L3,L3,M1
L3,H2,L1,M1,L1
L1,L3,L3,L1,H3
L2,L3,M1,L2,L3
L2,H3,H3,L2,H3
L3,L1,L2,L1,L3
M1,L3,L2,H2,H3
M1,H2,L3,L3,L1
L3,L2,L2,L2,H3
L3,L3,L2,L2,L2
M1,H1,L2,L1,L2
M1,L1,H3,L2,L2
L1,L2,L3,L2,L2
H3,M1,H3,L1,M1
L3,L3,L2,BN,H3
H2,L3,H3,L1,L1
L1,L1,L3,L3,L3
M1,L2,L3,L3,L1
H2,H3,H1,H1,L3
L1,L3,L2,H1,L2
L1,L3,L3,L2,L1
L2,L3,GL,L3,L1
L1,L2,M1,L2,L2
L2,L2,L2,L3,L1
L1,L2,L1,M1,L1
L3,L2,L2,L3,L2
L1,L3,L1,L3,H1
M1,M1,L2,L3,H1
L2,L1,H3,H2,L2
H3,L2,L1,L1,H1
L2,L1,L3,L3,L2
H3,L2,L2,L2,H3
L1,M1,L2,H3,L3
L3,M1,L1,L1,L3
M1,M1,H3,L1,M1
M1,H1,L2,M1,L1
M1,L1,L2,H3,M1
L1,L2,L1,L3,L3
L1,BN,L2,L1,L2
H3,M1,L3,L1,L2
H1,L1,L1,L3,H1
L2,L3,L2,M1,M1
H2,L3,L1,L3,L2
L1,L2,M1,L2,L2
L1,L3,BN,L3,H1
H3,L2,L3,L2,L2
H2,M1,M1,H2,L1
M1,H3,L1,L1,M1
L2,L3,L1,L2,L1
L3,H1,H3,H3,L2
H2,L2,L2,L2,BN
L2,M1,L3,L1,L2
L1,H3,M1,L3,M1
L2,L3,L1,L1,L2
M1,L2,L2,H3,L3
L2,H1,L1,L1,L2
L1,L3,H2,L3,H2
H3,L3,L1,L2,H1
L3,L2,H3,L2,L1
L3,H3,H2,H2,H1
L2,L3,L2,L2,L3
L1,H1,L1,L3,M1
M1,H2,L1,L3,H2
L3,BN,L2,H2,H3
L3,L3,M1,L1,M1
BN,L3,L1,L3,M1
L3,L2,L2,L1,M1
L1,L3,H3,L2,L3
L1,L1,L3,L3,L3
H2,H3,H2,M1,L2
M1,H1,H2,L1,L3
L3,L2,M1,L1,H1
L2,M1,L1,L3,L1
M1,L2,L3,L3,L2
M1,L2,L2,BN,L2
L1,L2,L3,L3,L3
L1,M1,L3,H2,L2
L1,L1,L2,L1,L2
L2,L2,L2,H1,H3
L3,L3,L2,L2,L2
H2,L2,L3,L2,L2
H3,L2,L2,L3,H3
L3,M1,L1,L1,L1
L1,L1,L2,L2,L3
H2,L3,L3,L1,L1
L1,L2,L2,M1,L1
L1,H2,L1,L3,H2
L1,M1,L2,L2,L3
H3,L2,L3,L3,L2
L3,L2,L1,H2,L2
L1,L3,L3,L3,L1
L2,L1,L1,L1,L2
L1,L3,L3,L1,L1
H3,H3,L2,L1,L3
L1,H2,L2,L1,L3
L1,L3,H3,L3,L1
H2,L1,H3,L1,L2
M1,L3,L2,L3,H2
L2,H2,L1,L3,H2
H1,L2,L3,L2,L3
L1,L1,H3,L2,L3
L1,L2,L3,L1,BN
M1,L3,M1,L3,L1
M1,L1,L3,M1,L3
L3,H3,L2,L2,L3
L3,M1,L3,L1,L3
L2,L2,L3,L2,L1
H2,L3,L3,L1,L3
H2,L2,L3,L1,M1
L3,M1,H3,L2,H3
L2,L3,H2,L3,L2
L2,GL,L3,L2,L2
M1,L2,L3,H3,L1
L3,H3,L2,L2,L3
L2,L1,L3,L3,L3
L2,L3,H3,L2,M1
M1,M1,H1,L1,L3
L2,H2,M1,L1,L2
L3,M1,L2,L2,L2
H3,L1,M1,H2,M1
M1,L3,BN,L1,L1
H3,L1,L2,L3,M1
H3,L3,L2,L3,L2
L1,M1,L3,H3,L3
H3,H3,L2,M1,L2
L1,H2,L3,L2,L3
L3,L3,L3,L3,M1
L1,L3,L2,L2,H3
L3,H1,M1,L2,BN
L1,L3,L2,L1,L3
L1,L3,L2,H3,L3
M1,L3,L3,L2,L3
H3,M1,M1,H1,L3
L1,L3,L2,L2,L3
L2,M1,L2,L3,L3
H1,L3,H3,L3,H1
L3,L2,H2,L3,L3
H2,L3,L2,L3,L2
L1,H2,L3,L2,H1
L2,M1,L1,L1,L2
BN,L2,L3,L1,H3
L3,L3,H3,L1,L1
H2,H1,H1,L3,L2
L3,L2,L3,M1,H2
L1,L1,L3,M1,H1
H1,L3,L1,H3,L2
H2,M1,L1,M1,L1
L2,L3,H3,L1,L2
L1,M1,L1,L1,L3
L2,M1,L3,H3,H3
L2,L3,L3,H1,H2
L2,L1,L1,L2,L2
M1,L1,H2,H3,L3
M1,L2,L3,L2,L3
L3,L3,L3,M1,M1
H3,L3,H1,L2,H3
BN,L3,L2,L2,L3
L3,H2,L2,L3,M1
L2,L2,M1,BN,L1
L1,L2,M1,L1,L1
M1,L3,L3,L3,H3
M1,M1,H2,L2,L1
L1,L3,H1,L1,H3
L3,L3,L3,L3,M1
L3,L3,L2,M1,L1
L2,H3,L3,L3,L3
L2,H1,L3,L3,L1
L1,M1,L2,L3,H2
L3,M1,H3,L3,L1
H2,L3,L3,L2,L2
L2,L3,M1,L3,M1
L2,H1,L2,L1,L1
L1,L3,H3,BN,L3
L2,L3,L3,L3,L2
L3,M1,M1,L3,L3
L2,L1,BN,L3,L2
L2,L2,L2,L2,L2
L3,L2,L3,L1,L3
BN,L2,H1,L3,M1
H3,H1,L1,L3,M1
L2,L2,L3,L3,BN
L2,L2,L3,H3,M1
M1,L3,M1,L3,L1
M1,L3,H3,L1,L1
BN,H2,L1,L3,H2
M1,L2,L3,H1,M1
H2,L3,L1,L1,L3
L3,L2,L3,L3,M1
L1,L2,H3,L1,L2
L1,L1,L3,L2,L3
L1,L1,L1,L1,M1
M1,L3,L3,H1,L3
L1,H2,L3,M1,L1
L3,L2,BN,H3,L1
L1,L3,H3,L3,L2
L1,H3,L2,L2,M1
L1,H3,L3,L2,L3
M1,L3,L1,M1,L2
L1,L1,L2,H3,L2
L2,L3,L3,H1,L2
L3,M1,M1,L2,L2
M1,L3,L2,L1,L3
L2,L1,H1,L3,L1
H2,L3,L1,L3,L2
L2,H2,H3,M1,L3
H3,M1,H3,L3,L2
L2,L2,L3,L2,L3
L1,L2,L1,L1,L2
L2,H3,L3,M1,H2
L2,L3,L3,L1,L2
L3,L3,L1,L2,H2
L3,M1,L1,M1,H3
H3,L2,H1,L3,L3
L3,H2,L2,L3,L3
H2,L2,L3,H3,L1
L2,L3,L2,L2,L3
BN,H3,H2,L3,H2
L2,L1,H2,L2,L3
L1,L3,L2,L2,L2
L1,L1,M1,M1,L1
L3,BN,L2,L2,M1
L1,L3,H2,L1,L2
L3,M1,L2,L3,H1
L2,H3,M1,L2,L3
L2,L3,L3,L3,H2
L1,L1,L2,M1,L1
H3,L2,L3,H1,L3
L2,L3,L1,L3,H1
L2,H1,H2,L3,H3
L3,H3,L3,M1,L1
H3,L1,L1,L2,L1
H3,H3,L1,L1,L2
L2,L3,L2,L1,H2
L1,L2,H1,H3,L3
H3,L2,L2,L2,L2
L1,L2,M1,L2,H3
L1,H1,L3,L3,L3
L3,L3,M1,L2,L1
L3,L2,L3,H2,L3
L2,BN,L3,L3,L1
H2,L2,H3,L2,L2
L3,L2,L3,L2,L1
L3,L3,L2,H1,H3
L3,H2,L1,L2,L3
H2,L3,L3,L2,L3
L1,L1,H2,H3,L3
L1,L1,M1,L1,L2
M1,L2,L2,H3,H3
H2,L2,L1,M1,H3
H2,L2,L3,H1,L1
H2,L3,L2,L3,L2
L1,H3,L2,L2,L2
H3,L2,H3,H3,H1
L3,L3,L2,L1,L2
L2,L3,H3,H3,H3
M1,L2,L3,M1,H2
M1,L1,L2,L2,H1
L3,L2,M1,M1,L3
BN,H2,L1,M1,H2
L3,M1,H1,H3,L1
L2,L3,L3,L1,L1
L1,H1,L3,H2,L1
L2,L2,L1,L2,L2
L3,L1,L2,BN,H3
M1,L3,L3,L2,H3
L3,H3,L2,H1,L2
L1,M1,L2,L3,L3
L3,L1,L3,L2,L2
L2,L3,L1,L1,L1
M1,L2,H3,L2,L3
L3,L2,L3,L3,L2
L2,H2,L2,L3,L1
L2,L1,L1,L3,L3
L3,L3,H3,L1,M1
L1,L1,L1,H3,M1
L1,L3,L2,L2,L1
L2,H1,L3,M1,L1
H1,L1,L1,H3,H2
L2,L1,M1,L3,L3
M1,L2,L2,H2,H2
M1,L1,L3,L2,L3
L1,L3,L1,L1,L2
M1,L3,L1,L1,L2
L3,H1,L1,L2,L2
M1,L1,L1,M1,L3
L2,M1,H1,L3,L2
L2,L2,H3,L1,L3
L1,L2,L2,L2,M1
L3,L2,M1,L3,L3
L3,GL,M1,L3,H2
BN,L2,BN,L2,H3
L1,L2,L3,H2,L2
H2,H3,L1,M1,H1
L1,L2,L2,L2,M1
M1,M1,L3,L3,L1
L1,L3,L2,L3,L3
H1,L2,L3,M1,H2
H2,BN,L2,L2,L2
M1,L3,L1,L1,L2
L2,L2,H1,L1,L2
L3,L3,L3,L2,H3
L2,L1,L3,L2,L1
H3,L3,L1,H3,L2
BN,H3,BN,BN,L2
M1,M1,L3,L3,L3
L2,BN,L2,L2,L3
H3,L3,L2,L3,L2
L2,H3,L2,L3,H2
L1,L3,L2,L1,L2
L3,L1,M1,L3,L2
L1,L3,L2,H2,L3
L2,L2,L1,L3,L1
BN,L1,L3,L2,L3
L2,L1,L1,H3,L2
L2,L2,L3,BN,L1
L1,L3,L3,L3,L2
L2,L2,L1,H3,L2
L1,L3,L2,L1,L3
L2,L2,M1,L2,L3
L1,L3,L1,L3,L2
L3,L3,L3,L2,L3
L3,H1,L1,L3,L3
L1,L2,L1,L3,M1
L3,BN,L1,L2,L1
L1,L3,BN,L2,L3
BN,L3,L1,L1,L3
L2,L3,L3,L2,H1
L3,L1,H3,L3,L1
L3,L2,L3,L2,L3
M1,M1,H2,L2,L2
M1,L2,L1,L1,H3
L3,H2,GL,H2,BN
L1,H1,H3,L3,L1
H3,L2,L3,L3,L1
M1,L1,M1,L3,M1
L1,L2,L2,L2,L3
L1,L3,L1,L2,L1
H3,L2,M1,M1,L1
L3,L3,L2,L3,L3
L3,H3,H1,L1,L1
BN,L2,M1,L1,H2
H2,M1,M1,H3,L3
L3,L2,L1,L1,L1
L1,L1,H2,L1,L3
H3,M1,H3,L2,L1
L1,L3,L3,L2,L2
L1,M1,GL,L2,H3
BN,L3,H2,H2,L2
L2,L2,L2,L1,L3
M1,H3,L1,L2,L2
H1,H3,L3,L2,L3
L2,H1,L2,L3,M1
H3,L3,H3,H3,L1
L2,L3,L3,L2,L3
L2,L2,L1,H2,H2
M1,L2,M1,M1,L2
L1,L1,L1,L1,L2
L3,L3,L3,L2,L2
L2,H3,L1,L2,L2
L3,L1,L3,M1,H1
L2,L2,H2,H2,BN
L1,L1,L2,M1,L1
L1,L1,L3,L1,L3
L1,L3,L3,L2,L3
L2,L1,L3,M1,L3
L3,M1,H2,L1,L1
H1,L2,L1,L1,L2
L2,M1,H3,BN,L1
L2,M1,BN,L2,L2
L2,L2,M1,L3,L1
L3,M1,L2,L1,H2
L1,H2,L1,H1,L2
L2,L1,L3,L2,L1
L2,M1,L1,H2,M1
L2,L1,L1,H1,H3
L1,L3,L2,L3,BN
L2,L3,L3,L2,L1
H2,M1,M1,L3,L3
L2,L2,L1,M1,L3
H2,M1,L2,H3,H2
L3,L2,L2,L3,H2
H1,L2,L2,L3,BN
H3,H3,L3,L3,L1
L2,H2,L2,L2,H1
L2,L2,H3,L3,L3
H1,L3,M1,L2,L2
H3,L3,L1,L1,H3
L1,L1,H1,L1,L1
L2,L3,L3,L1,H2
L3,L2,M1,L3,L2
L1,BN,L3,M1,M1
L1,L2,L2,M1,L2
H1,L2,M1,L1,L3
L3,L1,L2,L3,L2
BN,H1,L2,L1,M1
L3,L1,L3,L3,L1
L2,L3,L3,L1,L2
L2,H3,L2,H1,L3
L3,L2,L2,L2,BN
H2,L2,H2,L3,L2
H1,L3,L3,L2,M1
L3,L2,L3,L3,L3
L2,H1,M1,L2,L3
H3,H3,L1,H3,H3
L3,L3,L3,L1,L2
L3,L3,H2,L3,H2
L3,M1,L2,L3,L2
L3,L3,L2,L2,L2
H3,L3,L2,L2,L2
L3,H2,L1,L3,L2
L3,L1,L2,L2,H3
BN,L2,L3,L1,M1
H3,BN,M1,H3,H3
M1,M1,L2,L3,M1
H3,L3,H1,H3,M1
L3,L3,H2,L2,L3
M1,H3,L2,M1,L3
H2,L3,L3,L3,H1
L1,L3,BN,H1,M1
L3,L1,L2,L3,L3
L2,L2,GL,L3,L3
H2,L1,H1,L3,L3
L2,L3,H1,L3,L2
L1,L3,L2,M1,L1
L2,L3,H2,H3,H1
L1,L3,M1,H3,H1
L3,L3,L1,L2,L2
L2,M1,L3,L2,L1
L2,L3,L2,L2,L1
L3,L3,M1,L1,H1
L2,L1,L2,BN,L3
M1,L3,L2,L3,H3
H2,L1,L2,L2,L1
L3,L3,H2,L1,L3
BN,BN,L3,L3,L3
H2,L2,L3,M1,H1
L2,M1,L3,L2,L2
H3,L1,L1,M1,L1
L3,L3,L1,L1,L2
L1,L3,L1,M1,H1
L1,L3,L2,L2,H3
L3,L2,L3,L3,L3
L3,L2,L1,L3,L1
L1,L1,L2,BN,L2
L1,L2,H1,L1,L3
H1,H3,L1,L1,L3
H3,L2,L3,L2,L1
H3,H1,L3,H2,L2
L3,H3,H1,L2,L2
L1,H1,L3,L3,L2
L2,BN,BN,L1,L1
L3,L3,H2,L2,L3
L2,L1,L1,L1,H3
L1,M1,GL,L2,L1
H2,L3,L3,L3,L1
L2,H3,H3,L3,L1
BN,L2,L3,H2,M1
M1,L2,L3,H1,L1
L2,L3,L3,H2,L1
L3,L3,H2,BN,M1
H1,L1,L2,L3,L1
L3,M1,L1,M1,H3
H1,L1,L1,L2,L3
H3,M1,M1,L1,L1
L1,L1,M1,L3,M1
L2,L1,L3,L1,M1
L2,L3,H2,L3,L3
M1,L1,L2,L1,H2
L2,L2,L3,H3,L2
L1,M1,L3,L3,L1
L3,L3,L2,L3,L3
L3,L2,M1,L1,M1
M1,L1,L1,L2,M1
H2,L2,BN,L1,L2
L1,L1,L2,L1,L2
L2,L2,M1,H3,L2
L2,L1,M1,L2,H3
M1,L1,L3,L1,L3
L1,M1,BN,L1,L2
L1,M1,L2,L3,L3
L1,L3,L2,L2,L3
L2,L2,H3,H2,L1
L3,M1,L2,L3,L2
L2,GL,H1,L3,L1
M1,L2,L3,M1,L2
L3,M1,M1,L1,L2
H1,L1,M1,H1,L2
L2,H3,BN,L3,L1
L2,L3,M1,M1,L3
L2,L2,L2,H1,H3
M1,H1,L3,L3,H3
L2,L2,H3,L3,H1
M1,L3,L3,L3,L3
L3,L3,M1,L3,M1
L1,L3,L2,L3,L1
H3,L2,M1,L3,M1
L3,L3,H2,L3,M1
L2,H3,L1,L1,L2
L3,M1,M1,H3,L2
L3,L3,H3,L1,M1
L3,L3,L3,L3,L1
L3,L1,M1,L3,L1
L1,H2,H2,L3,M1
L2,L2,L2,H2,H3
L2,M1,H2,BN,H3
M1,L2,L2,L3,H2
L2,L2,L3,L1,L1
L2,M1,L3,L1,H3
H2,L3,L2,L2,M1
H2,L3,H1,L1,H2
L3,H3,L2,M1,L1
L1,GL,M1,L1,L1
H1,L3,H2,L2,L1
H2,L3,H2,L1,L3
M1,L2,L1,L3,L3
L2,L2,L1,H1,L3
L2,L3,M1,M1,M1
L1,L3,L3,L1,H1
L3,L3,L3,L3,L3
L1,L3,H1,L3,L3
H2,L3,L1,L2,L2
L2,H3,L2,L3,L2
L2,L2,L1,H3,L3
L1,L3,H2,L3,L1
L3,L1,L1,H3,L1
L3,L1,L1,BN,L1
H2,BN,L3,L2,L2
L2,H3,L2,L3,BN
L2,L2,L3,M1,L1
H1,M1,L3,L2,L1
L3,L2,L3,L2,H2
L1,H3,L3,L2,L2
H3,L1,M1,L2,L3
L1,L2,L2,L2,L3
H3,L2,L1,M1,L2
L3,L3,H1,L2,L1
L3,L3,H3,L2,L3
H1,L3,H2,L3,L2
L2,H2,L2,L3,H3
L1,L1,L3,H1,L2
L1,L1,H2,L3,L2
L3,M1,H2,M1,L3
H3,H2,L1,H2,L3
L2,L2,H3,L2,L2
L2,L1,L3,L1,H3
L1,L3,H1,BN,L1
L3,L2,M1,M1,H1
L3,L2,M1,L2,L1
L1,H3,L2,L3,M1
L3,BN,H3,L1,L2
L2,L1,L1,L1,BN
L2,H3,H1,BN,L1
L1,L1,M1,L2,L2
L1,L2,L1,L3,H2
L1,L3,L2,M1,L3
H3,L3,L2,H2,H3
L2,H2,BN,H3,L2
L3,L1,L3,L3,L1
M1,L3,M1,H2,L2
L2,H3,L3,L1,L2
L1,L3,L3,L1,L1
L1,L1,L3,L3,L2
H3,L2,L2,H3,L1
L2,L3,L1,H1,L1
M1,L3,L1,L2,H3
L1,H2,L2,M1,L2
L2,H3,L1,L2,L2
L1,L1,M1,M1,M1
L1,H3,L1,L2,L3
BN,L1,L3,L2,L1
L2,L2,H3,H2,H3
M1,L3,H3,L1,L3
M1,L2,L2,L3,L1
H2,L2,L3,L3,BN
L3,L1,L3,L1,M1
L1,L2,L2,M1,M1
L3,L3,L2,M1,L3
M1,L1,M1,H2,L1
L1,L3,H3,L2,M1
L3,H2,L3,M1,L3
L1,L2,M1,L3,L3
H1,L2,L3,M1,M1
L2,M1,H3,L1,L3
L3,L3,L2,L2,L1
L2,L1,L3,H2,L3
L1,L2,L1,L2,L2
L3,L3,L2,L2,M1
L2,L3,H1,L2,M1
L1,M1,M1,L2,L3
H1,H2,L1,L1,H3
L1,H2,L3,H3,M1
L3,H3,L3,M1,L2
L3,H3,L1,H2,L2
L2,L3,L3,L3,M1
L2,L3,L1,L1,L3
L2,L3,L3,L2,M1
L3,L1,L3,L2,L1
H3,H3,L2,L2,L1
L2,L2,L1,L1,L2
L2,L1,H2,H3,L2
BN,L1,L2,L2,L1
H1,L1,M1,L1,L2
L1,L2,L1,L3,L3
L2,L2,L2,H3,M1
L3,M1,H3,M1,L1
L3,L2,L1,L3,BN
L2,L1,L1,H3,L1
L3,L3,L1,L2,L1
L1,M1,L3,L2,L1
GL,L3,L1,L2,H3
L1,L2,L2,L1,M1
L2,M1,L2,L2,L1
H1,H2,L3,L3,L1
M1,H3,L3,M1,L3
L2,L1,L3,L3,L3
L2,M1,M1,H1,L2
L3,L2,L3,L3,H3
L3,M1,M1,H1,L2
L1,L2,L1,L2,L1
L2,M1,H3,L3,M1
L3,L2,M1,L3,L3
L2,L2,H3,H1,H3
M1,L2,L3,L3,L3
L1,L1,L1,H3,L2
L2,L2,H2,H3,L3
H2,L2,L3,L3,L1
BN,H2,L2,M1,L2
H1,L2,L3,L3,M1
L1,L1,L3,H2,L3
M1,H1,H1,H2,L3
L3,L3,L2,L3,M1
L3,L3,H2,M1,L3
L1,H3,L2,L2,L1
L3,L2,L2,L2,H2
L3,L2,M1,L1,H2
L3,H1,M1,H2,L1
L2,L3,H1,H3,H2
L3,M1,H2,H3,L3
L1,L2,L3,L3,M1
L3,H2,H3,H2,L1
L2,L1,L3,L2,L3
BN,L2,L2,L3,L2
L3,L1,L2,L1,L2
M1,H1,L1,H2,H2
L1,H3,L1,L1,L1
L3,L3,L3,L3,M1
M1,L3,H2,H1,M1
L3,H3,L3,H3,L1
BN,M1,L3,L2,L1
L3,L3,H3,L2,H3
L1,H1,H2,L3,M1
L2,H2,M1,M1,H2
L1,L2,H3,L3,L2
L3,H3,H2,M1,L2
BN,L1,L2,L3,L2
L1,H3,L1,M1,M1
L3,L3,M1,BN,L2
H2,L3,L2,L3,M1
L1,H3,M1,H1,L1
H1,BN,L3,H2,L3
L3,L3,L2,L3,L2
L1,L3,L2,H3,M1
M1,L2,L2,L3,L1
H2,L3,M1,M1,L2
M1,L3,H2,H3,L1
L2,L1,H3,BN,M1
L2,M1,L3,L2,L3
H3,L1,H2,H3,L3
M1,H2,M1,L3,H3
L2,L3,M1,L2,L1
H1,M1,L2,H2,L1
GL,M1,H3,L3,L3
L3,L1,L3,L3,L2
L2,H3,L3,L1,L1
L1,L2,H1,L1,L2
L1,L3,L2,L2,H2
L3,H1,H2,L3,BN
L3,L1,L2,L1,L2
L1,L3,L3,L3,L1
L1,H2,H2,H2,H1
L1,L3,M1,H2,L2
L3,L1,H3,BN,M1
L1,L1,M1,L2,L2
M1,H3,L1,L1,H2
L3,L3,H3,L3,H3
L1,L1,H3,L2,L2
L3,L2,L1,M1,L3
L1,M1,M1,L2,L1
L2,L2,L3,L2,L2
M1,L3,L2,H3,L1
L2,L3,M1,M1,L3
L3,L3,L2,L2,L1
M1,H2,BN,M1,M1
L3,H2,L1,L2,L3
BN,L2,L3,M1,L2
L3,L1,L3,L2,M1
L1,L3,L3,L1,L3
L1,L1,H2,M1,L3
L3,M1,L2,H2,L1
L1,H2,L2,L2,H3
H2,GL,L2,L1,L3
L3,L3,L3,L3,L2
M1,L2,L2,H3,L2
L3,L3,L1,M1,L3
L3,L1,L3,L3,L3
H2,L1,L2,L1,M1
H2,M1,H1,H1,L2
H3,L1,M1,L1,L3
L1,BN,H1,H3,L2
M1,L2,L3,L3,H3
L3,L1,L3,H3,H3
M1,L3,L1,L3,L2
H1,L2,L3,M1,H1
L3,L1,L1,L3,M1
L1,L1,L3,L1,L1
L1,L3,L2,L1,L3
L3,H3,L1,M1,L3
M1,M1,L1,L2,H1
L3,L2,M1,L3,H2
L3,L1,M1,L1,H1
L2,GL,L1,L2,L1
M1,L3,L1,L1,L3
L3,L1,H3,M1,L2
L2,L3,H3,M1,L1
H3,L2,H2,L3,L1
L1,L3,M1,L3,L1
L2,M1,GL,L3,H1
L1,L2,M1,H1,M1
L3,L2,M1,H2,L2
L1,L3,L3,H3,L3
L3,L3,H3,M1,L3
L2,L3,BN,L1,L1
H2,L1,L2,H2,L2
H3,GL,H2,M1,L2
L1,L3,L2,H3,BN
H2,L3,L3,H2,L2
H2,L3,M1,H2,L2
L2,L1,L2,L2,H2
H3,H3,L3,L1,L1
L2,L1,L2,H3,L1
H2,L3,L3,M1,L2
L1,L1,H3,L2,L1
L2,L1,L3,H3,L1
L3,M1,L2,L1,L3
L2,L1,L3,L3,L1
H2,L2,L3,H3,L1
L1,L2,L2,L2,L1
L3,L1,L2,H3,L1
L3,L3,L3,L1,GL
M1,M1,L2,L2,L2
H2,L2,L2,H3,H3
L3,H3,L2,H3,H1
L3,L2,L2,H3,L1
L2,H3,H2,M1,L1
L3,H3,M1,L1,L2
M1,M1,L3,L2,H3
BN,L1,L1,M1,L3
L2,L3,L1,L3,M1
L3,M1,H2,L2,H2
L2,L1,L3,L2,H2
L1,L2,L2,H2,L1
L1,L2,M1,L3,L2
L2,L1,L1,L1,H3
L2,L2,H3,L3,L3
H2,BN,H2,L1,L1
L1,L1,H3,L1,L3
H1,M1,L2,L2,L3
L2,H3,L2,L3,L1
L2,H1,M1,M1,L3
L1,M1,L2,H2,M1
L3,L2,L1,L3,L3
L1,M1,M1,L1,L3
L3,L3,L3,BN,M1
M1,L1,H3,L3,L1
L1,L3,H2,L3,L3
H1,L3,M1,M1,M1
L3,L3,H3,L1,L3
L3,L3,L3,L3,L1
L2,L1,M1,L1,L1
L1,H3,L3,L2,L3
M1,L1,L3,L3,M1
L2,BN,L1,L2,L3
L3,L1,L3,L3,L3
L1,L1,H3,L1,L2
H1,M1,L3,L3,H3
H2,L1,L1,H3,L3
L3,H1,L1,L3,L3
H1,L1,BN,L2,L2
M1,H2,L3,L3,L2
L2,H3,L2,L3,L1
M1,L2,H3,L2,L3
L1,L3,H2,H3,L1
BN,L3,L3,H2,L3
L3,L2,H2,H2,L3
L1,L3,H2,H2,L1
L1,L2,L1,L1,L2
H1,L3,L3,L2,L1
H3,H1,L1,L3,H2
L3,M1,M1,L2,H1
L3,L1,L2,M1,L2
L2,H3,H3,L2,L1
L3,L1,L2,L3,M1
L1,L1,H3,L3,M1
H2,H2,H2,L1,L2
L2,L3,H3,L3,L3
H3,L1,L3,L1,L2
L3,M1,M1,L2,M1
M1,H3,H2,L3,M1
L3,L3,L1,L3,M1
L1,H3,L2,L2,L2
L2,L3,L3,L1,L1
H2,L1,H2,L3,L1
L1,L3,L2,H1,BN
L1,L2,L3,BN,L1
L3,M1,L3,L2,H3
L2,L3,H2,L3,M1
L3,L3,L1,M1,H1
L3,H2,L1,L2,L3
L3,L2,L3,L2,L1
L2,L2,L1,L3,L2
L2,H2,M1,L3,L2
H1,L1,L3,L3,M1
L3,M1,L1,H3,L3
L2,L3,L2,H3,L3
L1,L3,M1,L3,L2
L1,L3,L2,L1,L2
M1,L1,L1,L3,L2
M1,H3,L2,H1,L1
M1,L3,L2,M1,L3
L3,M1,L1,L2,M1
L3,L3,L3,L3,L3
L1,H3,L3,L3,L1
L3,L1,L2,L1,GL
L1,H2,L1,H3,M1
L1,H3,L3,L1,L1
L2,M1,L2,H3,L3
L3,H2,L1,L3,H2
L3,L2,L3,L3,L1
M1,H2,L1,L1,H3
M1,L2,H2,L3,H1
M1,L3,L1,L3,H3
H3,H1,H3,L3,L2
L3,L3,L1,H3,L2
L1,L3,L3,L2,H2
M1,L2,L3,L1,L1
L3,L2,L1,L1,L2
L2,L2,L2,H2,L2
L1,L3,M1,L1,M1
L2,L2,H2,L1,H3
L1,H3,L3,L2,H2
L3,M1,L1,L1,H1
H2,H2,L2,L2,L2
L2,L1,L3,L1,L2
L3,L2,L3,L3,L2
M1,L1,M1,L1,L3
L3,L3,L3,L2,L3
BN,L2,L1,L3,M1
L1,H3,M1,L2,L3
L2,M1,L3,L3,L3
L2,L3,H3,M1,L1
L3,L2,BN,H2,L2
H1,L1,L1,L1,L2
L2,L1,L3,H1,L3
L3,L1,L1,H1,L3
M1,M1,L2,L3,M1
H3,L1,BN,L1,L2
BN,L2,L2,L2,L2
L2,L3,H3,M1,L3
H1,BN,L3,L3,L3
L1,L2,L1,L2,L1
L3,L3,L3,L2,L3
M1,L3,H1,L1,H3
L3,L1,H3,L2,L1
L2,L1,L1,H2,L2
L1,L1,L2,BN,L1
M1,L1,L2,L3,BN
L1,M1,L3,L2,L3
L1,L3,M1,L3,M1
L3,H3,L2,L3,L3
BN,H2,H1,L3,L3
L2,L1,H1,L3,L3
H2,L3,M1,L3,L3
H2,L2,L3,H1,H1
L2,L2,H2,L2,L2
L1,H1,L3,L2,L1
L1,H3,M1,L2,H2
L3,M1,H2,H3,H1
L1,L3,H1,M1,L2
L3,M1,L1,H3,M1
L2,H2,L1,H2,H1
L1,L3,M1,H3,L2
L3,H3,H1,L3,L1
L3,L2,L2,L1,L2
L3,M1,M1,L1,M1
L3,L2,L2,L1,L1
L1,M1,L3,L2,L2
L3,M1,L3,L2,L1
L3,H3,L3,M1,H3
H3,L3,L1,L2,M1
L3,L3,L3,L3,L3
H3,L3,L1,L2,H3
L3,L3,L2,L2,H1
L1,M1,L2,M1,L2
L1,BN,L3,L3,L2
H3,L2,L2,L2,M1
H1,H2,M1,M1,L2
L1,L1,L1,H3,L3
H3,M1,H3,L3,H3
L3,H2,L2,H3,L3
L1,L1,M1,L3,L1
H3,L1,L2,H3,M1
M1,L2,H2,M1,L3
H1,L1,L3,L2,M1
H2,L1,L2,L2,M1
L1,H3,M1,M1,L2
L2,H3,L3,H2,L2
L2,L2,M1,L2,BN
H2,L2,L3,L2,L1
L3,M1,L3,L2,L3
L3,L3,L3,L2,L1
L1,L3,M1,M1,L3
L3,L1,M1,H1,L1
L1,L1,L1,BN,L1
L2,L2,H3,H3,H2
L3,H1,M1,L2,L3
L3,M1,H3,L3,BN
L2,H2,H3,L3,L2
M1,H3,L1,L3,L3
BN,H3,L3,H3,M1
H2,BN,H3,L1,L3
L3,L2,L3,H3,L3
H3,M1,M1,H1,BN
L1,L2,M1,L2,L1
L2,M1,L3,L1,L3
L1,L1,L1,H3,L3
L1,L2,L2,L1,L2
L2,L1,M1,L2,L3
L3,L2,H3,L2,L3
M1,L1,L1,L1,L2
L1,L1,H2,H2,L2
L2,H1,H2,L3,M1
H2,L1,L3,L3,H3
H3,H2,L2,BN,L3
H2,H2,L3,L2,L1
L3,H2,L3,H3,L1
L2,L2,L3,L1,L3
L2,H2,L2,L2,L2
L3,H3,L2,H2,L3
L1,L2,H1,L3,L1
GL,L3,M1,L3,L3
L2,L1,L3,L2,L3
L2,L3,L1,L2,M1
L3,L1,H3,L1,L2
H3,L3,H1,L3,H3
M1,L3,M1,M1,L1
L1,M1,L1,L2,H1
H3,H1,L2,L3,H2
L3,H2,L1,H3,H3
L1,L2,M1,L1,H3
L2,L2,H3,L1,L2
L2,L2,L2,L2,M1
L2,L2,L2,L3,L1
L1,M1,M1,L3,L3
L2,H3,H1,L2,L1
L2,BN,L2,L3,L2
L2,L3,L1,L1,L2
M1,M1,L1,L3,L1
L1,L1,H3,H3,H1
L1,L2,L1,M1,L3
L1,M1,L2,L3,L2
L1,L2,L3,M1,L2
BN,M1,H3,L1,L3
L2,L3,L3,L3,L1
H2,L1,M1,L2,L1
L3,L1,L1,L3,H3
H3,L2,L3,L1,M1
L2,L2,L1,L1,H3
H2,L3,L1,M1,L2
L1,M1,M1,H2,L2
M1,H3,L3,H2,BN
L3,L1,H3,L2,L3
L1,H1,L2,L3,L1
L3,BN,H2,H3,H2
L1,L2,L2,L2,L3
L2,L1,L3,H2,M1
L2,L2,H2,M1,L2
L1,M1,L2,L1,H3
L3,L1,H3,L2,L3
L1,L3,L3,L1,L3
L1,H1,L3,L3,L2
H2,H2,H1,L2,L3
L3,L3,L1,L3,L2
M1,L2,L1,L3,M1
M1,L1,L1,H3,L1
L3,L1,M1,M1,H3
L3,L1,L3,L2,L2
BN,BN,L1,L2,L2
M1,L2,BN,H3,L2
M1,H3,M1,L2,L2
H3,L3,L3,L3,L3
L3,L2,L3,L3,L3
L3,L2,L3,L1,L2
L1,L3,L1,H3,L1
L3,L2,M1,H1,H1
L3,L1,L1,L3,L1
L3,L2,L3,M1,L2
L2,H2,L3,H3,L3
L2,L1,H2,M1,L2
L3,L3,L2,L1,M1
H2,L2,H3,L1,M1
L2,L2,M1,M1,L3
H2,L3,H3,L1,L1
L3,L1,M1,L1,L2
L3,M1,L2,L1,BN
H3,L2,H3,H1,H3
H2,L2,L2,M1,L2
L1,L3,L2,L2,H3
L2,L3,L2,L3,L3
L3,L3,BN,H3,H3
L3,M1,L2,L2,L2
L2,M1,L2,L2,L3
L1,L2,M1,L1,L3
H3,L2,H3,L2,H3
L3,L1,L1,L1,L3
H3,H2,L3,H3,L1
L1,L1,L2,BN,L1
H2,L2,L2,M1,L3
L2,L3,H2,L2,L2
H3,H1,L1,L3,L3
L2,L3,L3,M1,L2
L2,L3,H3,L1,L2
L2,L2,L2,H3,L2
M1,L2,M1,H3,L1
L2,L1,H3,H1,L2
L3,L1,L3,H2,L2
H3,L1,L1,L2,L1
H2,L1,M1,L3,M1
L2,BN,L2,L3,L1
BN,L1,BN,L3,L1
L3,H1,L2,L3,H2
L1,H3,L3,L1,H3
L1,L3,L1,L3,M1
L2,H3,M1,L2,L2
L2,L1,L3,L2,L2
L1,H3,H3,L2,H2
L1,L1,L3,L3,H2
M1,L3,L1,L2,H2
L1,H3,L1,L2,L2
H3,L2,H3,L2,L3
BN,L2,L3,L3,L1
L3,L3,L1,H3,L2
M1,L3,M1,BN,L1
L3,L3,H1,H2,L3
L3,L3,L3,L2,L2
H1,M1,L3,L3,H2
L3,L2,L2,L1,L1
M1,L2,L2,H3,H3
L3,L2,BN,L2,L1
L2,H1,L1,H3,BN
H1,H2,L1,L1,L1
L3,L2,L2,L1,L1
L2,L2,L3,L2,L3
M1,H1,L1,H1,L1
L2,M1,L2,L2,L3
L3,H2,L2,M1,L1
M1,H2,H2,L2,L3
L1,L2,H3,H1,BN
L2,L1,L1,H3,H3
L1,L2,L2,H1,M1
H2,L2,L1,L1,H2
L1,L1,H3,M1,M1
L2,H2,H3,L3,L3
BN,M1,H2,M1,L1
H1,H3,H3,L3,L2
H3,L2,M1,M1,L3
L1,L3,H2,M1,H2
L2,L2,L1,L2,H2
M1,L2,M1,L2,L3
L1,L2,H1,L2,L1
M1,M1,L2,L3,L3
M1,L2,L3,H3,H3
H2,L3,L3,L3,H2
L3,L1,L1,M1,H1
L1,L3,H2,L3,L3
L3,L2,L3,M1,M1
M1,L1,GL,L2,L1
L3,L2,L2,L3,L3
L2,H1,L2,M1,H2
L2,H2,L1,L1,H1
L3,M1,L3,BN,BN
L1,L2,M1,H3,L1
L3,L2,L1,L1,H2
L2,L3,L3,M1,L3
H3,H2,L3,L1,H2
M1,L3,H1,L2,L3
L2,L1,M1,L1,L2
L2,L3,L1,L1,L2
L1,L3,L3,L1,L3
L1,L2,L3,M1,L2
L1,L1,L3,L3,M1
M1,L1,M1,L3,L3
M1,M1,L1,L2,L3
L1,L1,H3,L2,L1
L3,L2,L3,L1,L2
H3,H2,L3,H1,L3
L2,M1,L2,L2,L2
L2,L1,L2,L3,L1
L3,L2,L3,L3,L2
L1,H3,H1,L1,L1
L1,L3,L3,L1,L1
M1,L2,L3,L3,L2
M1,L2,H1,L2,L3
M1,L3,H2,L2,BN
L2,L2,H2,M1,L1
L1,BN,H3,L2,H2
L1,L3,H3,M1,L2
M1,L1,L2,L3,L2
L1,M1,H2,L2,L1
L2,L2,L1,H1,M1
M1,M1,H1,L2,L1
L2,L2,L3,L3,L3
M1,L3,H3,L1,H2
L3,L3,H3,L1,L3
L3,L3,H3,M1,L1
L3,L1,L3,L1,L3
L2,L2,L3,L3,L3
M1,L2,M1,L1,L2
L3,L2,L3,L3,L2
H2,L3,H2,L3,L3
L2,L2,H2,L3,L3
L3,L1,BN,L3,L3
L2,L2,H2,L2,L3
L1,L3,L2,L3,L3
M1,L2,M1,M1,H1
M1,M1,L3,M1,L1
L2,M1,H2,BN,M1
L1,L2,L3,L3,L2
L3,L2,M1,L1,H2
M1,L2,L2,L3,M1
H1,H3,H2,L1,L2
L1,L2,L1,M1,L3
L3,L2,L2,L2,M1
M1,L3,L1,BN,L2
H1,M1,L3,H3,L2
L2,L1,L1,L2,M1
GL,L3,L1,L1,L1
L2,M1,L2,L3,L3
L3,L1,L1,L3,L3
H3,L3,L3,H2,H1
L1,M1,L2,L3,L3
L2,L1,M1,L3,L3
M1,L1,L2,H2,L3
H3,L3,H2,H3,L2
L3,L1,L3,L3,M1
H2,L2,L3,M1,L1
L3,L1,L3,L3,H2
L1,H3,L3,L3,M1
L3,L1,L2,L1,L2
L2,L3,L1,L1,L3
L2,L2,L3,H2,M1
M1,L3,L2,L1,L3
H3,H3,M1,L2,L2
M1,L2,L3,M1,M1
H1,L2,L3,H1,H3
M1,BN,L3,L2,L1
L2,H3,H3,L3,L2
H1,L1,L1,L2,L2
H2,L2,M1,M1,H1
L3,L2,L1,H1,BN
L2,L1,H2,M1,L1
L3,H3,L3,L3,L1
L3,H1,H2,L3,L2
L2,L3,L3,H1,H1
L2,H2,H2,L2,M1
H2,L1,H3,L2,H3
H2,H3,BN,L2,M1
H1,L3,M1,L1,H3
L1,H2,L2,L3,L2
L1,L3,H3,BN,L1
H1,L2,L2,H3,H3
H1,L2,L1,L1,H1
H2,M1,L3,H2,H3
L3,H3,L1,L3,L3
L1,L3,L1,L1,L2
L1,L2,L2,L1,L1
L2,L1,L1,L3,L2
L2,M1,L2,L3,L1
L3,L3,M1,L2,L2
L2,L3,H2,M1,M1
BN,H2,L1,H3,L1
L3,L3,L3,L1,M1
L1,L3,L2,H3,L2
L3,M1,H2,H1,L2
M1,M1,L3,L2,L3
BN,L3,BN,L3,L2
H3,L3,L1,H3,L3
L1,L3,L2,L3,L3
H2,L3,L3,M1,L1
H2,H1,L3,L2,M1
BN,L1,L1,M1,L1
L3,L3,M1,L1,L1
L3,BN,H1,L2,L1
L2,L2,L1,L2,H1
M1,M1,L2,M1,L1
L1,M1,H3,L3,L2
M1,H3,H1,L3,M1
H2,L3,L1,L3,L1
H3,L3,H2,L1,M1
L3,L2,L1,L3,L1
H1,L3,L1,L3,L3
L2,L3,L1,L1,L1
L1,L3,L1,L3,L2
H2,H1,M1,H2,L1
L2,L3,L3,L2,L3
M1,L3,H3,L1,L1
L3,L3,L2,H1,L2
L3,L1,M1,L3,H2
L3,L1,L2,M1,M1
BN,H3,L1,L2,M1
L2,H1,L2,L3,H2
H1,L1,H2,H2,H2
H3,M1,L2,L1,H2
L3,L1,L3,L2,H2
M1,L2,BN,M1,M1
L3,L3,H3,L3,L1
H1,H1,L1,L1,H3
H1,L2,H3,L3,L3
L3,L1,L2,H3,H1
M1,H3,L2,H3,L2
H3,L1,M1,H2,M1
L3,L2,BN,H3,L2
M1,L3,L2,H3,L1
L3,L1,M1,L2,L2
L3,L1,L2,L2,L1
L1,L2,L3,M1,M1
L1,L3,L3,L1,L1
L3,H3,H2,L1,L3
L3,L3,L2,L3,L3
L2,L1,L1,L1,L2
L3,L1,M1,L3,L1
L3,L3,L3,H2,H2
L3,BN,L2,L3,L2
L2,L2,L3,H3,L1
H1,L3,L3,L3,M1
L3,L2,L3,H2,M1
L1,L2,L2,L2,L2
H3,L3,L3,L2,L3
M1,L3,H2,L2,L3
H1,H3,L2,L3,L3
L2,L2,L2,L1,L1
M1,L1,M1,L1,M1
L3,L3,L3,L2,L2
BN,L3,L3,H3,H2
L1,L2,L3,L2,L2
L3,H1,BN,L2,L2
L3,H3,M1,H3,L3
L1,L1,L1,H1,L3
M1,L3,H3,L2,L2
L1,H3,L3,L1,L2
L3,L3,L2,L3,H3
L2,L1,L2,L1,H1
L2,L3,L3,H1,L3
L2,GL,H2,L2,H3
M1,L1,L3,M1,L3
L3,H3,M1,L3,L3
L3,L3,L2,L3,L2
L1,L3,H2,H1,L3
L3,H1,H2,H3,L2
L3,L3,L1,L1,H2
L3,L2,L2,L1,M1
L2,M1,L3,L3,L1
L3,L1,L3,L2,L2
H2,L3,L1,H3,L1
H2,L2,L3,M1,L3
L3,L3,L1,L2,L2
L2,H2,L3,L3,L3
L3,M1,L1,L1,L1
M1,L2,L1,L1,L3
H1,L2,H3,M1,L3
L2,L3,L2,H3,L2
H3,L2,L2,L1,L2
L2,L1,L1,H3,L2
L2,L1,L2,L3,L2
H3,L2,L2,L2,L1
L3,L2,L3,M1,L3
L2,H3,L2,L2,M1
H1,M1,L1,L1,H2
L1,H3,M1,L1,L3
L3,BN,L2,L1,L3
H3,L1,L2,L3,H3
H3,L1,H3,L3,L3
H2,H3,L2,L3,L3
L3,L2,L3,H3,L1
L2,H1,L3,H1,L3
L3,L2,M1,L3,M1
L3,L2,H3,L3,L2
L1,L3,L3,L1,L1
L1,M1,M1,H2,L2
BN,L1,H3,L2,L2
L2,L1,L1,L2,BN
L3,L1,L1,L2,L3
L1,M1,L1,H1,H3
L2,M1,L3,M1,H1
H2,L3,L1,L3,M1
L3,L1,H2,H2,H3
L3,L1,L3,H2,M1
L3,L3,L2,L2,L2
L2,H3,L2,H3,L1
L1,M1,H2,L1,L3
L2,H1,L3,L2,L3
L1,M1,L3,H2,L3
L3,H3,L1,L2,H3
L1,L3,M1,L2,H3
H3,L3,L2,L3,L2
L3,L1,H2,M1,L3
L3,L2,L2,L3,L2
L1,BN,L3,L3,L2
L1,M1,L3,H3,L1
L3,L2,M1,L2,M1
L1,H3,L1,L3,L3
L2,L1,L3,L3,L1
H3,H1,L1,GL,L2
L1,H3,L3,L3,L3
L2,L3,L3,L2,L2
L2,L1,M1,L2,H3
BN,L1,L3,H3,L2
M1,L2,M1,H1,M1
L2,L3,L1,L3,H3
M1,L3,H2,H2,M1
L1,M1,L1,M1,L2
L3,L1,L3,H3,L2
L3,L2,H1,L1,H3
L1,L3,H1,H3,L1
L2,L1,M1,L2,L1
L1,H3,L2,H3,L3
L1,H2,L2,L1,H3
GL,L2,M1,L3,L3
L1,L1,L2,L2,L2
H2,L2,L2,H3,L2
L3,L2,L1,M1,L1
L3,H1,L3,L2,L2
L2,M1,L3,H3,L3
L2,L2,L2,L3,L1
H2,H3,L1,L3,L3
L1,H3,L1,L2,L3
H3,BN,L2,L2,L3
L1,L1,L3,L1,H2
M1,M1,H3,L3,L2
L1,H2,L1,H2,L3
L2,L3,H3,L3,L2
L3,L1,L2,L1,L3
L3,L2,BN,L1,L2
H3,L1,L2,L3,M1
M1,L3,L1,M1,L1
L3,L3,H3,H1,L1
L1,L3,H1,M1,M1
L3,L2,L2,L1,L3
L3,L2,L1,L1,BN
L1,H2,L1,L3,H3
M1,H3,L2,L1,L3
L1,L3,L1,H1,H3
H1,L1,H2,L3,L1
L3,L1,L2,H2,L3
L2,H3,H1,L1,L3
L3,M1,L3,H3,M1
L2,L2,L1,L1,L3
H2,L2,H2,M1,L2
L2,L3,L2,L1,L1
L1,L1,H3,L2,L3
L1,L2,L2,L2,H1
M1,L1,M1,L1,H2
M1,L3,L2,H1,H3
L2,L2,L1,L2,L1
H1,L3,L2,L3,L1
L3,L2,H3,M1,L2
L2,BN,L1,L1,M1
H3,L3,L1,L1,L1
L3,L2,L2,M1,L2
M1,M1,L1,L3,L1
H2,M1,L2,L2,L1
L3,L3,M1,L2,H1
M1,L3,H1,BN,L3
H1,L3,L1,L1,L2
L3,L2,H2,L2,M1
L1,H2,M1,L2,M1
L2,L2,L2,L3,BN
L3,M1,L2,H2,H3
L3,L1,H1,L1,H1
L2,L3,L2,H2,H1
H3,L2,H1,H3,H1
L1,L2,L1,L2,L1
L1,L2,L3,L3,L1
BN,M1,L3,H3,L1
L3,L1,L2,L2,M1
L2,L3,L3,M1,L1
L1,L2,M1,H1,H2
L3,L2,L2,L1,H1
H1,L1,H2,H3,L3
H3,L3,BN,BN,L1
H3,L1,L1,H2,L2
M1,L3,L2,L2,L2
H1,L3,H2,M1,L2
L2,L2,M1,M1,L1
M1,L3,M1,L3,L3
L3,H3,L3,L2,L3
M1,L1,L1,H3,M1
L1,H2,H2,L2,M1
L2,L3,L2,L3,L3
L3,L1,M1,L1,L2
L3,L2,L2,H1,L1
L1,H2,L1,L2,L3
H1,L2,L2,L2,L2
L2,L3,L1,M1,L2
L3,L1,L2,L2,L3
L1,L3,L2,M1,M1
L3,L1,H3,M1,H1
L2,H1,H1,L1,M1
L3,L3,BN,L3,L2
M1,H3,L1,L3,L3
L3,L3,M1,L3,M1
L3,L1,L3,L1,L2
L2,L1,L1,H3,L1
H3,L3,M1,L3,L1
L2,H1,L2,L3,L2
L1,L1,L2,H3,H2
L3,M1,L3,L1,H1
L3,L1,H3,M1,L1
M1,M1,H1,L2,L3
M1,M1,L3,H2,L2
L2,H3,M1,L2,L2
L3,L1,L3,L3,L2
M1,L3,L1,H1,L3
L2,L2,H1,L2,L2
M1,M1,H2,H3,L3
L3,L1,L2,H3,L1
BN,BN,L1,L3,H3
L1,L1,L1,L2,H3
L2,L3,H2,H3,L2
L2,L2,L1,L1,L2
L3,M1,L1,L2,L2
L1,L1,M1,L1,H3
H2,M1,H2,L1,L2
M1,M1,H3,H1,L1
L2,L3,M1,L3,L1
L3,L3,M1,M1,L2
H2,L3,H3,H2,M1
L2,L1,L1,L1,H3
L2,L1,L2,L2,L1
M1,L3,M1,L1,L3
L2,M1,L2,M1,L2
L1,L3,M1,M1,L2
L2,M1,L3,H1,H2
H2,H1,L1,H2,H3
L3,L2,L1,L1,L1
L2,L3,L3,L3,L2
L1,L3,L1,L3,L1
L1,L3,M1,L3,H3
L1,H1,L3,H3,L2
L2,L1,H2,L3,H3
L3,L3,L2,L3,M1
L1,L1,L2,H3,L2
L3,L1,L1,L3,H2
L3,L3,L1,H2,L1
L1,H3,L2,L3,M1
L1,M1,M1,L3,L2
L1,L3,L3,H2,L2
M1,L1,H2,L2,L2
L1,H1,L2,H2,H3
H3,L2,L1,L3,L3
L2,H3,L3,L2,L2
L1,L1,H2,L2,L2
L2,BN,L3,M1,L2
H3,M1,L1,H2,M1
L3,H2,M1,L2,L3
L3,H3,L3,M1,M1
L2,L1,H3,L1,M1
L3,H3,L1,L2,M1
H3,L2,L3,L2,L1
L3,L2,L3,L3,H3
M1,H1,M1,L1,M1
L2,L3,H1,L1,L3
H1,L3,L2,M1,M1
L3,L1,H1,M1,M1
M1,L1,L3,M1,L1
L2,L3,M1,L1,H2
L3,L1,H3,M1,L2
L3,L2,L2,L1,L3
L2,M1,H3,L1,L1
L2,L3,L3,L1,L2
L3,BN,L1,L3,L1
L3,L1,L3,L3,L1
L3,L3,M1,L1,L1
L1,L2,L2,M1,H3
L1,L1,M1,BN,L1
L1,L2,L3,L1,L3
L1,L2,L1,L1,H2
L2,M1,L1,H3,L3
L2,L3,L2,L1,L3
M1,L2,L2,L1,L1
L1,L1,L2,M1,M1
M1,L1,H3,BN,L3
L1,L2,L1,L3,L2
H3,M1,L2,L2,M1
L3,L3,H3,L2,L1
L1,BN,M1,H3,L2
L2,L3,L3,L2,L2
L2,L2,L3,L3,L2
L2,L1,H2,L1,M1
M1,L3,H1,L1,L3
M1,M1,L2,H3,H2
H1,L3,H3,L1,L1
L1,H2,L1,M1,L2
H3,L1,L1,L1,M1
L1,L2,L2,L1,L2
L2,L2,L2,BN,H3
L3,M1,L3,L1,L2
L1,L2,L3,H3,L3
L3,L3,L3,L3,L3
L3,L2,M1,M1,M1
M1,L3,M1,L1,L3
L2,L3,L1,L3,H1
L2,L3,L2,L2,L3
L1,H2,L2,H3,H2
L3,L2,L3,H3,L2
BN,L2,L2,M1,L3
L1,L3,M1,L3,M1
L2,L3,L1,L1,L3
H2,L1,L2,M1,L3
L1,L1,M1,H2,L2
M1,L1,L2,H1,L3
M1,M1,L3,L3,L2
L2,L2,L3,L3,L2
H2,L1,M1,L2,BN
L1,H2,L1,L1,L1
L1,L1,H2,L1,L1
H1,M1,L1,L2,L1
H3,M1,L1,BN,H1
L2,L2,L2,L3,L2
M1,L3,L1,L3,H2
L1,L1,L2,M1,L3
L2,L2,L3,M1,L1
H3,M1,L2,L2,L1
L3,L2,L2,L2,L3
H2,H1,L1,M1,L3
M1,M1,L1,L3,L2
L3,L2,L2,L1,L3
H3,L1,L3,L3,L3
M1,L1,L1,L3,L2
L3,M1,L2,L3,L1
L3,L2,L2,L2,H2
L3,L2,L3,L3,L1
L3,M1,L1,L2,L1
L2,L1,L2,L2,H2
L1,L1,L2,L2,L1
L3,H2,L3,L1,H1
M1,M1,L3,H3,L2
M1,L1,H3,L1,H3
M1,L2,L2,H2,L3
L1,L1,L2,L1,L3
H3,M1,M1,H1,L1
L1,L1,L2,H3,L3
L2,M1,L2,L2,M1
H1,M1,H3,L1,L3
M1,L1,L3,L3,H3
L1,L3,M1,L3,H3
L2,L3,L2,H3,L1
L2,L3,L2,L2,L3
H1,M1,L1,L3,L2
L3,M1,L2,L1,L2
H1,M1,H3,M1,M1
H1,H1,H2,L1,L2
L3,L2,L1,H1,L2
M1,L1,H3,L3,L1
L2,BN,L1,L3,L3
L2,L3,H2,H2,H3
M1,H3,L3,H2,L3
L3,L2,L3,L3,L3
BN,L2,L1,L3,H3
L3,M1,L3,M1,L3
L3,L3,BN,H3,L3
L1,L1,L2,L1,L1
L2,L3,L3,L1,M1
M1,H3,H3,L3,L3
M1,H3,H3,H3,L3
H2,L3,L3,M1,L2
M1,L3,L2,L2,H3
L2,M1,L2,L2,L3
L1,L3,L2,L1,H3
L1,M1,L2,L3,L3
H2,L2,L1,L1,L1
M1,L2,L3,L3,L2
L2,L3,L3,L3,L1
L3,H2,L3,M1,L3
M1,M1,H3,L2,L3
L3,M1,L2,H3,L1
L3,H2,L3,L1,L3
M1,L3,L3,M1,H1
L2,L3,M1,H3,L1
M1,M1,M1,H1,L3
M1,H2,M1,L2,L2
H3,L1,L3,L2,L2
L3,L3,L2,H2,H3
L3,L3,L1,L1,L3
L1,L1,L3,L3,L1
L1,M1,L3,H3,L2
M1,L2,M1,M1,M1
L1,L1,L1,H3,L1
L1,H1,H2,L3,L3
L1,L3,L3,L2,L3
M1,L3,L1,L2,L2
L1,L3,L3,L3,M1
L1,L1,M1,L3,M1
H2,L2,L3,L2,H1
L1,L3,M1,M1,L3
H3,L2,L2,L2,L2
BN,L2,H3,H2,L3
M1,M1,L1,BN,M1
H3,M1,H2,L1,L2
M1,M1,L3,L2,L1
M1,L2,L2,L1,M1
M1,H1,L3,L2,L3
L3,M1,L1,L1,L2
L3,M1,L1,L3,L3
L1,L3,L1,L2,L3
L3,L3,L1,M1,H3
H2,H1,L2,L2,H3
H2,L2,L3,L1,L1
L1,L1,BN,L3,M1
L1,L3,L1,L1,L1
L2,L3,H2,L2,L3
L2,L1,L3,L1,L2
L3,M1,M1,L1,L1
M1,BN,L2,L3,M1
L3,H1,L2,H3,H3
L1,L2,M1,M1,L3
H3,L2,L3,H2,M1
L1,H2,M1,L1,L3
L2,L3,L3,L3,L1
L1,M1,H3,H1,L2
H2,L3,M1,L3,L3
L3,M1,L2,L2,L3
BN,L2,H2,H3,L2
L2,L2,L3,L1,M1
L3,L2,L3,L1,L1
L2,M1,L1,H3,L2
L1,M1,H3,L3,L2
M1,H3,L1,L3,M1
L3,H1,L3,L3,L3
BN,H3,L2,L2,L2
H3,L3,L3,L2,L2
L1,L3,L3,M1,L1
L1,M1,H1,H3,L1
L1,H3,L2,L1,L3
L1,L2,M1,L2,L1
H3,L2,L3,L3,H3
L2,L3,L3,M1,L3
L2,M1,L3,L3,L3
L3,H1,L1,L3,L2
L3,H2,L1,M1,L3
L1,H2,L2,L1,H3
H3,L3,L2,L2,M1
BN,M1,L2,H3,L2
L1,H1,L2,L3,H2
L3,H1,L3,L2,L2
H3,L3,L3,L3,L1
L3,M1,L2,L2,H3
L1,L1,L2,H3,L2
L2,M1,L2,L3,H3
H3,L2,L2,H3,L1
L3,M1,L2,L1,H3
L2,L2,L2,L1,L1
BN,L1,L1,H1,H3
M1,M1,H2,BN,L2
H3,M1,H1,M1,L1
L2,M1,M1,L1,H1
L2,L2,H1,H3,M1
H1,M1,L2,L2,L3
M1,M1,L2,L3,L2
L3,L3,L3,H3,M1
H2,L3,L3,L1,L2
L3,H3,L2,L1,L2
L3,L1,L3,M1,H2
M1,M1,L2,M1,H2
L1,L1,L1,L2,L1
L1,L1,L3,L3,L2
M1,L2,L2,L3,L2
L2,L1,L2,H3,L2
L2,L2,M1,H2,L2
L1,L2,L3,H3,L3
L2,L1,L1,L3,BN
L2,H3,L1,H3,L1
L1,L2,L2,L3,L3
M1,L3,L3,M1,M1
L3,L1,L3,L2,H3
H2,L3,L2,L2,L1
L1,L2,L3,M1,L1
M1,L3,M1,L2,L2
L3,L1,H3,L1,H2
M1,H2,H1,L3,H3
L2,H3,L1,L2,L3
L3,H2,BN,H3,H1
L3,L3,H2,H2,L3
L3,L2,H3,L1,L3
M1,L3,L1,L3,M1
L1,L2,L3,L1,L3
H3,M1,L3,L3,L3
H3,L2,L3,L2,H3
L2,L2,L1,H1,H2
H2,H2,H2,L3,L2
H3,L3,H2,L1,L2
L3,H2,L2,L3,L3
H2,L1,L2,L2,L3
L3,L3,L1,L1,L3
L1,L2,H3,M1,L2
L3,H2,BN,L1,L3
L3,L2,H1,L1,H3
L3,L3,L2,L1,L1
L2,L3,L3,L2,H2
L3,L2,L2,L1,L3
L2,L2,H3,L3,H3
L3,L1,H1,M1,L1
L2,H2,L1,L1,L3
L1,L3,M1,L3,H2
H1,L3,M1,L3,L3
L3,L1,L1,L3,L1
L3,L2,L1,H2,L1
H2,L1,L1,H2,GL
L2,L3,L1,L3,L2
M1,L3,L2,H2,M1
H2,H3,L2,H1,L3
L3,L2,M1,L1,H1
H1,L3,L3,H2,L3
H1,L3,H3,L2,M1
L1,L2,H3,L1,H3
L3,L3,L3,L2,L2
L3,H1,L1,M1,H3
L3,H3,L2,L2,H2
L1,L2,H3,H3,M1
L2,H1,L1,L1,L1
L3,M1,H1,L1,L3
L3,L3,M1,L3,L3
L3,L1,L3,L1,L2
L1,H2,L3,L1,L3
L3,H3,L3,L2,M1
L1,L1,L3,H1,BN
L1,L1,L2,L2,H2
L3,L3,L2,L2,M1
L3,L1,L3,L3,L3
L3,L2,M1,L2,GL
L3,H1,M1,L1,L1
L3,L1,L1,M1,BN
L1,L2,M1,L1,H3
L2,L1,L2,L3,L2
L2,H3,M1,H2,M1
L2,L1,L3,L3,L1
H3,M1,L3,H2,H3
L2,L3,H3,H3,H3
L1,L1,L2,H1,L1
M1,L2,L2,H2,L2
BN,L3,M1,L3,L3
H2,M1,M1,L1,BN
L2,H3,L3,L3,L1
H2,H1,M1,L3,L1
L3,H3,L2,L3,L2
L2,M1,L1,M1,L2
L1,H3,L1,L1,H1
H1,BN,H3,L2,L2
L2,L2,L3,L3,L2
L3,L2,L3,H3,L1
L1,L1,H3,L3,L2
L1,L1,L1,BN,L1
L3,L2,L3,L3,H1
L1,H2,L3,L3,L3
H3,L2,L2,L1,M1
H3,L2,L2,L2,L3
H3,L2,BN,L2,L3
L1,L1,L3,H3,L3
L2,L3,H3,L3,M1
L2,L1,L2,L2,L2
L3,L1,M1,BN,L2
L3,L2,H3,H2,L2
M1,L3,L3,L3,L3
L2,L3,L2,M1,H2
H2,L1,L2,L1,L2
L1,L2,M1,L2,L2
L3,H2,L1,L3,H2
L2,M1,L1,L2,L2
L2,L3,L3,L3,L2
L2,M1,M1,H3,L2
L1,H1,L2,M1,H1
L1,L1,L1,L3,H2
L1,H2,L1,M1,H3
L2,H1,L3,L2,L3
L3,L2,L3,L3,L3
H2,H1,L2,H3,L2
L2,L2,L3,L2,L1
L1,H3,L3,L2,H2
M1,H3,L1,L1,L2
L1,L1,H3,L2,M1
L2,M1,BN,L3,L3
L3,H2,L1,H2,H3
L1,L3,L1,H3,M1
L2,H2,L2,L2,L2
L3,L1,L1,L3,L1
L3,L2,H1,H2,L3
L2,L3,L3,L1,H3
H3,L2,M1,L2,H1
M1,L1,L3,BN,M1
H2,L2,L3,M1,H2
L3,L1,L2,L1,L3
L3,H1,L3,L1,L1
L2,L3,L3,L2,L2
L2,H3,M1,L1,L2
L2,L1,L3,L3,H1
L2,L3,L2,L1,L3
L2,L2,L2,M1,L3
H3,M1,L3,L2,L3
H2,L1,H2,L2,L3
L3,L1,L2,H3,L1
L3,H1,L3,H3,L3
L1,L3,L2,M1,L2
M1,L2,M1,L3,H3
H3,L1,L2,H1,L2
H1,L2,L3,H2,L1
L2,H3,H2,L3,L1
L2,L2,L2,L2,H3
L2,H3,L3,H1,H3
H1,L2,H3,L1,L1
L2,H2,H2,M1,H3
L3,L3,L3,L3,L2
L1,L2,L3,L3,H3
H2,BN,L3,L1,L3
H2,H1,L3,BN,H1
H1,H3,L1,M1,L1
L3,H1,L1,L3,L3
L2,L1,L2,L2,L2
M1,M1,M1,M1,H3
L3,H3,L3,L2,L3
M1,H3,L2,M1,L3
M1,H1,H3,L3,L2
L3,L3,L2,L1,L2
L2,M1,L2,L3,M1
L3,M1,H2,H1,H3
L3,H1,L1,H2,L3
L3,L1,H2,H3,L1
L1,BN,L2,L3,H3
L3,H2,M1,L2,L3
M1,L1,M1,L1,L2
L2,L2,M1,H3,L1
L3,L1,M1,H3,H2
L3,L2,L2,BN,L2
L3,L1,H3,H2,H3
L2,L2,L3,L2,L2
L1,L1,H2,L2,L2
L3,H2,BN,L2,L3
L3,L1,H2,H3,L1
H2,L3,L3,L2,L3
L3,H2,L1,H2,H3
L3,L3,L1,L2,L2
L2,L2,L3,L3,L1
H3,L2,L1,L2,H2
L3,L3,L3,H2,L3
L2,L3,H1,L3,L1
H3,L3,L1,L2,L1
L3,L3,L2,M1,L3
M1,L2,H3,M1,L2
H1,H3,M1,L3,H1
L2,L3,M1,M1,H1
H2,L2,L3,M1,M1
M1,L3,L1,H1,L3
M1,M1,L2,L1,L2
L2,H3,L3,L2,L1
H3,L2,L1,L1,H2
H3,L3,L3,L3,L1
L3,BN,L1,L3,L3
H3,L1,L2,H2,H2
H2,H2,L2,L3,L3
L1,L1,L3,L1,L2
H2,M1,L3,H2,L1
L1,M1,L3,H3,M1
H3,H3,L3,L3,L3
L3,M1,M1,H3,L2
L3,H2,L3,H3,L2
M1,M1,L2,L1,L2
H3,L3,L1,L3,L3
L2,L3,M1,L1,L1
L1,L3,L1,L3,BN
L2,H2,L1,L3,L2
L3,L2,L2,L3,L3
L2,M1,L1,H1,M1
M1,M1,L1,H2,L3
L2,H3,L3,L2,L3
H2,L2,L3,L1,H3
H2,L3,L2,L3,L1
L2,L2,BN,L3,L3
L2,H3,L2,L2,M1
L1,M1,L2,L3,L2
H1,H1,L2,L3,L1
L2,L3,M1,L3,L2
L2,L2,H2,L2,H3
H3,L3,L3,L3,L3
L1,L3,L3,H3,L3
BN,L3,M1,M1,M1
L3,L1,L2,L2,L1
L2,BN,L1,L1,L2
H3,L2,L2,L3,M1
L1,H2,L1,L1,L3
L3,H2,L3,M1,H3
L3,L1,H3,H1,L3
L3,L1,L2,L2,L3
M1,L1,L1,L1,L3
L2,L2,L2,L2,M1
L1,L3,H1,L1,L3
L2,L1,M1,L2,H1
L3,M1,M1,L2,L3
L1,L1,L2,L1,L3
L3,L1,H3,L3,L3
L3,H3,L3,H2,L2
M1,H2,L3,H2,L2
L2,L3,L1,L3,L1
L3,M1,L3,H1,L2
L2,L3,L3,H2,L3
M1,L3,BN,H3,BN
H1,H2,M1,L3,H3
H3,L2,H2,L2,H3
L1,M1,L3,L1,L1
L3,H1,L2,H2,L1
M1,H3,M1,L1,L2
L3,L1,L1,H3,L2
H3,L2,H3,L1,M1
L3,H3,L1,L3,L3
M1,L2,L1,L1,L1
L2,L2,H3,L3,L1
L3,L2,H3,L1,H2
M1,L1,L3,H2,M1
H3,L1,M1,M1,L1
H3,L2,L3,L3,L3
L2,L3,L3,L1,L1
H1,L1,L3,L3,L1
L2,L3,M1,L3,L2
L2,L3,M1,L3,L1
L2,H3,L2,H3,L2
L2,H2,H1,M1,M1
H3,L1,M1,L2,L3
H3,L3,L2,H1,H2
L2,L1,L1,L3,M1
L1,L2,H2,H3,L2
L3,H3,M1,M1,L2
L2,L3,L2,L2,L2
L2,H2,L3,L1,L1
L3,L1,L3,L1,M1
H2,H3,L1,L3,L2
L1,L3,H3,L2,L2
L2,M1,BN,L2,L1
L2,L2,L1,L2,L2
M1,L2,L2,L3,L3
L3,BN,M1,L2,L2
L2,L3,L2,L1,M1
H2,L2,L1,L3,H2
H3,L2,BN,L2,BN
L3,L3,L1,L2,L3
L2,L1,L2,L1,L3
L1,H3,H2,H1,M1
L3,L2,L1,H2,H3
L2,L2,L3,L1,H1
L2,L3,L3,L1,L1
M1,M1,L3,L1,H3
H3,H2,L2,L3,BN
L2,L1,M1,L2,L2
L3,H3,L2,L1,L2
L3,L3,L1,L3,L3
H1,L1,M1,L1,L1
L2,L2,L2,H3,M1
M1,H3,L2,L1,L1
L1,L1,L2,H2,L3
L2,L1,H1,L3,L2
H2,H2,H1,L1,L2
H2,L3,L2,L1,H3
H1,L3,L3,L3,L3
L2,L1,M1,L3,L1
L2,M1,H3,H3,L3
H3,L3,L1,H1,H3
M1,BN,L1,H1,M1
L3,L3,L3,L3,L1
L1,H1,H2,L1,H1
M1,H2,L3,L1,BN
L2,L3,L3,H1,L3
L3,L1,L1,H2,H3
M1,L2,M1,BN,L2
L3,L3,L3,L1,H3
M1,H3,L2,L1,H3
H3,L1,L1,L2,H3
L3,L2,H2,L3,L1
L2,H3,L2,L2,GL
M1,L1,L3,H2,L3
L2,L2,H3,L3,L2
L2,H1,L2,L1,L2
L2,L2,L2,L1,M1
L2,H2,L1,M1,M1
L2,L3,L3,L2,L3
H2,M1,M1,L1,L3
L3,L3,M1,H2,L3
L1,L3,L2,M1,L3
H2,L2,L1,L1,L1
L3,L2,L1,L2,L2
L2,L2,L1,L3,L1
M1,M1,H3,L3,L3
H2,L2,H3,L2,L3
L2,L3,M1,L3,L2
L3,L3,L3,H2,M1
L2,L3,H2,L2,L3
L2,L1,L2,GL,H3
H1,L3,L1,L1,L3
BN,M1,L1,L3,L1
L2,H2,L3,L3,M1
L2,L2,H1,M1,L3
L2,L2,M1,L2,L1
L1,L3,L1,L3,M1
L3,L2,L1,L3,L3
L3,L2,M1,M1,L3
L3,L1,L3,L2,L3
M1,L2,L2,H3,L1
L2,L1,L3,L1,L1
L2,L3,L3,L1,L2
L1,L2,L2,M1,H2
L3,L1,L1,H3,M1
M1,L3,L1,L2,H3
H3,M1,M1,L2,L3
H3,L3,L1,L1,L1
L1,L1,L3,L2,L3
H3,L1,L3,L2,H3
L2,L1,L2,L3,L1
L1,H3,H2,L2,L3
L2,L1,L3,L3,BN
H3,L3,L2,L1,L1
L2,L3,L2,H3,L2
L3,L1,L2,L3,H2
L2,L3,M1,L2,L2
L3,L2,H2,H3,L3
L2,L3,L3,L3,L2
L1,L1,H3,L3,L3
L2,L2,L1,L1,H3
M1,L3,L2,L3,M1
L3,L1,BN,L1,L1
L2,L3,L2,L2,L1
L3,L1,H2,L2,L2
L3,L3,L2,L3,H2
M1,L2,H3,L2,M1
L3,L3,L3,L2,L3
H2,H2,BN,L3,L2
L3,H2,L3,M1,H3
L3,M1,L3,BN,L2
L2,H2,L2,M1,H2
L2,L2,L2,H2,L2
L1,L1,H3,M1,M1
H2,L3,L2,L1,L2
L1,L1,M1,L2,M1
L1,L2,H2,H1,L2
L2,L1,L1,M1,L1
L2,L3,M1,L3,L1
L1,L1,L3,L2,L1
M1,H3,H3,M1,L1
H1,L2,H3,L1,L2
L1,L3,L1,L2,H2
L2,L3,M1,L1,M1
M1,L2,L1,L2,L2
L2,H2,L3,L1,L2
L2,L3,L2,L3,L1
L3,H3,L1,L3,H3
L1,L1,L3,M1,L3
L3,L3,L1,L2,H3
H1,L1,L3,L3,H1
H2,L3,H3,L2,H3
M1,L1,L3,M1,L3
L3,L2,L3,M1,L3
L2,L3,L3,L1,L2
L3,L1,H3,H3,L3
L3,L3,L2,L2,H3
L1,M1,L1,H1,M1
L2,L1,L2,L1,L1
L3,L3,L1,L2,L1
M1,H3,L3,L2,L1
L3,H2,L1,L2,H3
L2,L1,L2,L1,L1
M1,M1,L2,L2,L3
L3,L3,H3,L2,L2
L3,L3,L2,L2,H3
L2,L2,M1,L1,H2
M1,L1,H2,L3,L2
L2,L3,L2,M1,L2
L3,M1,L2,L2,L2
L3,L1,M1,L1,L3
L2,M1,M1,L3,H2
H2,L3,L1,M1,M1
L3,L3,BN,L2,L1
M1,L1,L2,L1,L3
L3,H3,H3,L2,L1
L2,L1,H2,L2,L1
L3,L1,H3,L3,L1
H3,L3,L3,L1,L3
L1,L2,L2,L3,L1
L3,L1,BN,L3,H1
L2,L3,L3,L2,L2
L3,M1,L2,L2,L3
H3,L1,L3,L2,L2
L1,M1,L1,L2,H2
L2,M1,M1,L2,L3
L3,L1,H3,H3,L1
L3,H1,L2,M1,L2
H2,L3,L1,H3,L3
L1,L3,L2,L1,H1
L1,L2,L1,L1,H3
M1,M1,L3,L2,L2
L2,L3,BN,L3,H2
H2,L2,L2,L2,L1
H3,H2,L3,L1,L3
L2,M1,L2,M1,L2
L1,L1,L3,L1,L1
L2,L3,M1,L3,H3
H2,H3,H2,H1,L2
L2,L3,L3,H2,BN
L3,M1,L2,L2,M1
L2,H3,M1,L3,H2
M1,L3,L2,L3,L1
L2,L1,H2,L3,L2
H2,H2,L3,L2,BN
L3,M1,L3,L3,L2
H2,L2,L3,L3,L3
L1,L1,L2,H1,L1
M1,L2,L2,L1,L1
L3,L2,L3,L1,L2
L1,L2,H2,H2,H1
L3,L1,H2,L1,M1
L3,M1,H2,L2,L2
L3,H1,L3,L2,L3
L2,L3,L2,M1,H3
L1,L3,M1,L3,L3
M1,L3,L2,L3,M1
H2,L2,M1,L2,L1
L3,H2,L3,L2,H2
H3,M1,L3,L3,BN
L3,H3,H3,L2,L2
L2,L2,M1,BN,L3
L1,H3,H2,L3,L2
L1,L2,H3,L1,L3
M1,H2,L2,L3,M1
L2,L1,H3,L3,BN
L3,H3,H3,L2,L2
L1,L2,H3,L1,L3
H3,L2,L2,L3,L3
L1,M1,L3,L2,H3
L1,H1,L2,M1,M1
L2,H2,BN,L2,H1
L3,L1,L3,L3,L1
L1,L2,L1,H1,L2
L2,M1,L3,L1,H3
H3,L2,L1,L3,L1
M1,H3,L2,L1,M1
L2,L3,L1,H2,H3
L1,L3,L3,M1,L1
H2,L1,M1,H3,L3
L2,L2,M1,L1,L3
L1,M1,M1,M1,L3
L2,L2,H3,L2,L3
L1,M1,H2,M1,L2
L1,H1,H3,M1,L1
M1,L1,BN,L2,L1
H3,H3,L3,L2,L2
L1,H3,L3,L2,M1
H2,L2,L2,L2,L1
L3,L3,M1,M1,M1
L2,L2,L1,L1,H2
L1,L2,L1,H2,L3
H3,L1,M1,H1,L3
H3,BN,L2,L3,H2
L1,H2,L3,M1,H3
L1,M1,L2,L2,L2
L1,L2,L3,L3,H2
H2,L1,L2,H1,M1
L1,L3,H1,L1,H3
L2,H2,L1,M1,L1
L3,L1,L2,L3,BN
L1,L2,L3,L1,L3
L3,L1,H3,BN,L3
L1,L3,L1,L1,L2
H3,M1,L1,H2,L1
L2,L3,M1,L1,M1
L3,M1,L2,M1,H3
L1,L3,L2,H2,M1
L2,L1,M1,L3,L2
L3,M1,L1,L3,M1
M1,L3,L2,L2,L2
L3,L2,L2,L2,L2
L2,L2,M1,L3,L3
L2,L1,M1,L3,L3
M1,L1,M1,L2,L2
L2,L1,L1,L3,L1
L2,L1,BN,L2,L1
L2,H3,H1,L3,H3
L2,L2,L1,L1,H3
M1,H3,L3,L1,H1
L3,H3,L3,L2,L2
L2,L1,L1,L2,L2
L3,L2,L1,M1,L1
L1,L1,H2,M1,L1
L2,L2,L1,L2,L1
L2,L3,L3,H3,H3
H2,L3,L2,H2,L1
H2,L2,M1,M1,M1
L1,L3,L3,L1,L1
L3,L3,H1,M1,M1
M1,L3,L1,L3,H2
M1,L3,BN,H3,L3
L3,L3,L2,L1,M1
M1,L3,GL,H1,BN
L2,BN,L1,H2,H1
L1,L3,M1,L2,L2
H1,L3,H3,L3,H3
L2,L3,L1,L2,M1
M1,L3,L3,H3,M1
L3,H1,L3,L1,L3
L3,L1,H1,L2,BN
L1,BN,L3,L1,L3
L2,L3,L2,L2,L1
L2,L2,L1,L1,L1
L2,M1,M1,H2,M1
M1,L3,L2,L1,H2
L2,L2,L3,L2,L1
L3,L2,M1,L2,L1
L1,L3,M1,M1,L2
L2,BN,L3,L1,L1
L2,M1,L3,L2,L3
L3,L3,L1,L1,L2
L3,H3,L2,L1,M1
L1,L1,L2,L1,M1
L2,L1,L3,L3,L3
L1,H3,H1,L2,H2
H2,L1,L2,L3,L2
L1,L2,L2,H3,L2
L3,L3,H3,H1,H2
L2,H2,L1,L1,L2
H3,H3,M1,L1,L3
M1,M1,L1,L3,L1
L1,L1,L1,L2,L1
M1,H3,L2,L3,M1
L2,L1,L1,H2,M1
H3,M1,L3,L2,L3
H1,L2,L1,L3,H3
L1,L2,L3,L2,L3
L1,L2,M1,L2,L3
L3,BN,L1,L3,L2
L3,L1,L1,H2,L2
L3,L1,H3,H3,L1
H1,H3,M1,L2,L3
L3,L1,L2,L2,H3
L1,L3,L1,L3,L1
L3,H2,L3,L2,L1
M1,H2,L3,L3,L2
L3,L1,L1,H2,L3
L3,H2,L2,L3,L2
L2,L2,H3,L2,L3
L1,L1,H2,L2,L1
M1,L2,L3,L1,L2
H1,BN,L2,H2,L2
L3,L2,L1,L2,M1
M1,L3,L3,L3,L2
L3,L1,L2,L2,M1
L1,L2,L1,H1,L3
M1,L1,L2,M1,H2
L2,L1,L3,H3,L2
L2,L2,H1,L1,L1
L2,L2,L1,L1,L3
H2,H1,L3,L1,L3
L2,L1,L2,H2,H3
L1,L1,BN,BN,L2
L1,L2,L2,M1,L1
L3,BN,L3,L1,H2
M1,L1,L1,L1,L3
L3,L1,H1,H2,M1
L3,L2,H2,L2,L1
L1,L1,L1,L1,L3
H3,M1,L2,L1,H1
H3,L2,H3,L3,L1
L1,L3,L2,L1,L3
H2,L3,M1,H3,M1
L3,L2,H2,L3,L1
L2,L2,H3,L1,H3
L3,L3,L3,L3,L2
L1,L3,L2,L3,L3
L3,L1,H2,L2,L2
L3,L3,H3,L1,H3
H3,L3,L1,L2,L2
L3,L3,L1,L3,M1
L3,L2,L3,H3,M1
M1,L2,L2,M1,H3
L3,L1,L3,H1,L3
L2,L1,L3,L3,L3
L2,M1,L2,L3,L1
L3,L2,L3,M1,H3
L1,L3,L3,H1,L3
M1,H3,H3,L1,L1
L2,H2,L3,L1,M1
L3,H3,M1,L3,L1
L2,L3,L3,L1,L2
H2,L2,M1,M1,H3
L1,L1,L1,L1,L3
L2,L1,L2,L1,L2
H1,L2,L3,H3,L2
L2,L3,L1,L3,M1
L1,L3,L2,L1,L1
L1,H2,L2,L3,M1
M1,L3,L3,L3,BN
L3,L1,H2,M1,H3
L3,L3,L1,L1,L1
H3,L3,L3,L2,L3
H3,H3,M1,L1,L1
H2,L3,L2,M1,L1
H3,L3,M1,L2,L3
L1,H1,L1,M1,M1
L2,H3,M1,L1,L3
H2,L2,L1,L2,L2
M1,H3,L3,M1,L1
L1,H2,L3,L2,M1
H1,M1,L3,L3,L2
L2,M1,L1,L3,L2
L1,L1,L2,L3,L2
L1,L2,M1,H3,L2
L2,L3,H3,L3,L2
L3,L3,L2,L3,L3
L2,L2,H1,M1,M1
BN,L3,L2,L3,H2
L2,L2,L3,H1,M1
H2,L3,M1,H2,L1
H2,L1,L2,L1,L2
H3,H1,H3,L1,L1
M1,H3,L1,H2,L2
M1,L1,L1,L2,L2
L1,L1,L3,L2,H1
L3,L1,L2,L1,L3
M1,L2,L2,H1,L1
L1,L1,M1,L2,L2
H3,H1,H2,L2,H2
M1,L1,L2,L2,H2
M1,L2,H3,L2,H1
H3,L2,L2,L1,M1
H3,L3,M1,L3,L3
M1,L3,L2,L1,L3
L1,L1,H2,L2,L3
H3,L2,L2,L2,L3
L1,L3,L3,L3,L3
L2,GL,L1,L2,M1
L2,H2,H3,L3,H1
L1,H2,H2,L2,L1
L2,L1,H2,L2,L3
L2,L3,M1,M1,L3
M1,L2,L2,H2,L3
L2,L1,H2,L2,L3
M1,L1,H1,H1,L1
H2,H3,L2,L3,M1
L2,L3,L1,L1,L2
H2,H2,L2,L3,L2
H3,L3,L3,L1,L3
L2,L2,L3,H3,L2
L2,L3,L2,BN,L3
L1,L1,L2,L2,H3
L1,BN,L3,H3,L3
H3,L2,H2,L1,L2
L2,L3,M1,L1,L3
M1,L3,L2,L2,BN
L1,M1,L2,M1,H1
L1,L2,L2,M1,H3
L3,M1,L2,L1,L3
L1,H3,L3,H1,H1
L3,L1,L1,L2,L2
L3,L2,L2,L3,H3
L2,L3,L2,L3,M1
L2,L2,L2,L3,H2
L3,L1,L1,L1,L2
L3,M1,H3,L2,M1
L3,H3,L3,L3,M1
L1,L1,H2,L2,L3
L2,L3,L3,M1,L1
H2,H3,H3,L1,M1
L3,H1,L2,L1,L3
L3,L2,L2,L3,H3
L3,L2,H3,H1,L1
L3,L2,L3,H3,BN
L1,L3,M1,L1,L2
L3,L3,L3,L2,L1
L2,L3,L3,L1,L1
L2,L3,L3,M1,L2
L2,H2,L1,H2,L1
M1,L3,L2,L3,L2
L2,L3,L1,M1,H3
L1,H2,H1,M1,L1
L3,L2,L1,L1,L2
L2,L2,L3,M1,M1
L3,M1,L3,H3,L2
M1,L1,L1,M1,L1
L1,L1,L2,L2,L2
L2,L2,L2,L3,L2
BN,M1,M1,L2,H3
L3,L2,H2,M1,L3
H3,L3,L1,H3,L2
L2,L1,L2,BN,L3
L1,L1,L3,L1,L3
L3,BN,H3,L3,L3
L1,L2,L3,M1,H1
M1,L1,M1,L2,L3
L3,L2,L2,L3,M1
L1,L2,L1,L1,H3
M1,M1,L3,H1,H2
L2,L1,M1,L2,L2
BN,M1,L3,L1,M1
L3,L2,H3,H3,H3
H1,H3,L3,L3,L3
L3,L2,L2,L2,L3
L3,L3,M1,L3,L3
L1,H3,L1,H2,L3
L3,L2,L2,L1,H3
L1,M1,L2,L3,L3
L2,L1,L3,L3,M1
L3,M1,H3,L3,L3
L3,M1,L1,L3,L2
L2,H3,L3,L1,H1
H3,L3,M1,M1,L1
L1,L3,L3,L3,L2
H3,L2,L2,M1,BN
L1,L2,H1,L2,H3
H3,L1,BN,L3,L2
L1,BN,L1,L2,L3
H1,H3,H3,H1,L1
L3,L3,L3,M1,L2
L1,L3,L1,H3,L1
M1,L3,L3,L2,L1
L2,L3,L3,M1,L3
L2,L1,L2,L3,L3
L2,L2,L3,M1,L1
L3,L1,L3,L3,L1
L2,L3,L1,L3,L1
H3,L2,BN,L3,L3
L2,L1,H3,H2,M1
M1,M1,L3,L3,L1
H3,M1,L1,M1,L1
L2,L2,H3,L3,M1
L2,L3,L3,L2,L3
L1,L2,L2,L3,H3
L3,L2,L2,BN,L3
M1,L3,L1,M1,L2
L1,L2,L1,L1,L2
M1,L2,L3,L1,L1
L3,L3,L3,L2,L2
L2,L1,L2,H3,L3
L3,M1,M1,L2,H2
M1,L2,L3,L1,H3
L1,L3,M1,H1,L3
L2,L3,L1,L3,L3
H1,L1,H3,L3,H1
L1,L2,L1,L2,L2
L1,H3,M1,L2,H2
H2,L1,L1,M1,L3
H2,L1,H1,H2,L1
BN,M1,M1,L1,L3
M1,L2,H1,H1,L3
L3,L2,L2,L2,L3
M1,H3,L1,L3,H2
M1,H3,L3,L2,L2
M1,L2,L2,L1,L2
M1,L3,H1,L3,M1
L1,L3,L1,L3,L1
L2,H3,H2,L3,H3
M1,L3,M1,L1,L3
L2,L2,H2,L2,M1
L2,H3,H3,L1,H3
M1,M1,H2,L2,H1
M1,H3,L1,L3,M1
L3,L3,H3,L1,H1
L2,L2,BN,L3,H2
L3,BN,L1,L2,H3
L1,L3,H3,L1,L2
L3,L2,L3,L2,H2
GL,L3,L3,L3,M1
L2,L3,L3,L3,M1
L3,H3,L3,L2,L3
L1,L1,L3,L2,L1
L3,L3,L3,L3,M1
L2,M1,H2,L1,M1
L2,L3,H2,L2,H2
H3,L3,L3,L1,L1
L2,L1,H2,L1,L1
L1,L1,L3,L3,L3
H2,L3,L3,L2,L3
L2,L2,L2,L3,L1
L1,L3,L3,H3,L2
H3,L3,L2,M1,L1
H2,L1,L2,L1,H2
M1,L2,L2,L1,L1
L2,M1,H3,L2,H3
L3,H3,L3,L2,L3
H3,L3,L3,L2,L1
L3,L1,L3,L2,L3
M1,H3,L1,L3,H2
L2,L1,L3,M1,L3
L2,L2,L1,L1,L2
M1,L3,L3,L1,M1
H2,L3,L1,L3,M1
L1,H3,M1,L2,L2
L2,L2,L1,L3,H3
H2,L1,L3,L1,L3
BN,L2,L3,L1,M1
M1,H3,L1,L1,H3
L1,L2,L2,H2,L1
L1,L3,M1,L3,L2
L3,L2,L2,L3,L2
L3,L3,L2,L2,L3
L2,H2,L3,H3,L2
L3,L2,H3,H1,L3
H2,L2,H2,H1,L3
L3,L2,H2,L2,L3
H3,M1,L3,H1,H1
L2,L2,L1,L1,L1
L2,M1,H3,L2,H3
M1,M1,L1,M1,L3
M1,M1,L2,L2,H3
L3,M1,H3,L2,H1
L1,L3,M1,L3,L2
L1,L3,L2,H2,L1
L2,H3,L3,L3,L2
M1,BN,H1,M1,H2
M1,H3,L3,L3,L2
M1,L1,L2,L2,L3
L3,L1,L2,L2,H1
L1,M1,M1,L1,H1
H1,H2,L2,H3,L3
M1,L1,GL,H3,L1
M1,L2,L2,L2,L3
H3,L1,L1,L2,L1
L1,L3,L1,L2,H2
L3,L3,L3,L3,L3
L3,H1,L1,L1,L1
M1,M1,L1,L2,L2
L3,M1,L3,L1,M1
L1,L2,L2,H2,L2
L2,L3,L3,M1,L3
L3,L2,L1,M1,L2
L2,L1,M1,H1,L3
L2,L1,L2,L3,M1
M1,M1,L3,L2,L3
L3,L3,L2,L1,L3
M1,L3,M1,L1,H3
L3,L2,H3,L2,H2
L3,BN,L1,L3,H1
L2,L3,M1,L2,L1
L1,L1,L3,L3,L3
L3,L1,L2,L2,L1
L2,L1,BN,H3,L1
H2,M1,H3,M1,L1
H2,L3,L2,L3,L2
L2,L2,L3,M1,M1
L3,L2,L2,L3,L1
L3,H2,H3,L3,L2
H2,H1,L2,L2,H3
L2,L1,L3,H1,M1
L3,L3,L1,L1,L2
L3,H1,L1,L1,L3
L3,M1,L3,L1,L3
L1,L3,M1,L1,L1
H3,L3,L1,M1,M1
L1,M1,L3,L2,L3
L2,L1,L3,L1,H2
L2,L3,L1,L1,L3
L2,L1,L3,H3,L1
L2,L2,L2,L2,L1
L3,M1,H1,L3,L3
L1,L2,H3,L3,L3
L2,L3,L2,H3,L1
L1,M1,L1,L1,L2
L2,L3,L1,L3,L1
L1,L1,L2,L2,L1
L2,L3,H3,L2,L1
L2,L3,H3,M1,L1
L2,L2,L2,L3,M1
L3,L2,M1,L3,L2
L3,H1,M1,H2,L2
L1,L1,L3,M1,BN
H3,L3,H3,H3,L1
BN,L2,H2,L2,L2
M1,L3,H2,H3,L1
L3,H2,L2,L1,H3
M1,L2,L1,M1,L2
M1,L3,L3,H3,H2
M1,L2,H1,L3,L1
L2,H1,M1,H3,M1
L3,L3,L1,L2,L3
L2,L3,L1,L3,L2
L3,H3,L3,L2,L2
M1,L1,M1,L1,L2
L3,H3,H1,M1,L1
L3,L2,L2,L1,L3
M1,H3,L1,H3,M1
M1,H1,H2,M1,H3
L3,L1,BN,L1,H1
H3,L1,L1,L2,L2
L1,L1,L3,H2,M1
H1,L2,L3,L2,L2
H1,L3,H1,L1,H3
L2,L2,L2,L1,BN
L3,L1,BN,L2,H2
M1,L1,L1,L1,L2
L3,L1,L3,L1,H3
L3,L1,M1,L2,L3
M1,L1,H1,L3,L1
L3,L1,L1,L2,L3
L2,M1,L3,M1,M1
L2,L2,L3,L1,L1
M1,L1,BN,H2,L1
L2,L3,L1,L1,L3
L3,L2,M1,L3,L3
L2,L1,H3,L3,L3
L1,L2,L2,L2,L2
M1,H2,L2,L2,L1
L3,H2,L1,L3,L2
M1,L2,M1,L3,L3
M1,L3,H2,L1,L1
H3,BN,L2,L2,L3
L2,L1,L3,L2,H2
H1,L1,L2,L1,L3
M1,L1,H3,L3,L3
L3,M1,L3,L2,L3
M1,L1,L2,M1,L1
L2,L3,L3,L2,M1
L3,L1,L1,BN,H2
L3,L3,H2,L2,M1
H2,L2,H3,H2,M1
M1,L3,H3,L2,H1
L3,H2,M1,L3,L1
L2,L1,H3,M1,BN
L2,H1,L1,L2,L2
L1,L2,BN,L3,L1
L1,BN,L3,L2,M1
L2,L3,L2,L2,L1
L1,L2,H2,L1,L2
H2,L2,L3,L1,BN
L3,M1,L1,L2,L1
H2,M1,L1,L3,L2
L1,L1,L3,L3,L2
M1,M1,L1,BN,L2
L1,L2,H3,L1,L1
L2,H3,L1,L3,L1
L3,L3,H2,H2,L3
L3,L3,L3,L3,L2
L2,L3,H2,L1,L2
L2,L2,M1,L1,L2
L3,L3,L1,L2,H2
H3,L3,L2,L3,L1
L3,L2,L2,L3,L1
L3,L2,L1,L3,L2
H3,L2,L1,M1,H2
M1,L2,L3,M1,L2
M1,L1,M1,L1,L1
H3,L2,L1,L3,H1
H3,M1,M1,L3,L2
H1,L2,H2,L1,L1
L2,L2,H2,L2,L2
L2,L3,L1,L2,L3
L3,L1,H3,L2,BN
L2,L3,M1,M1,L3
L3,M1,M1,L2,H1
L3,L2,L2,L2,L3
H3,L3,L1,L3,M1
L2,BN,H2,L3,L3
H3,L3,L1,H2,L3
M1,L1,L1,L1,M1
GL,M1,L2,H2,H2
H2,L1,L3,L3,H3
L1,L2,L3,L2,L1
L1,H3,L3,L2,M1
M1,H3,L1,L2,M1
L1,L1,L3,H1,H2
L1,L1,H3,L3,L1
L3,L1,M1,H2,H2
L1,L2,L3,L3,L2
GL,H2,M1,L3,L3
H2,L1,L3,L1,L1
L2,L1,H3,L2,L3
L3,L2,M1,L1,M1
L3,L3,L3,L2,L3
L3,L2,L3,L2,L3
L2,H2,L3,L1,L3
L1,L3,L1,L2,L2
H3,L2,H2,L3,M1
L2,L3,M1,L3,L3
L3,L3,M1,H3,L3
L3,L1,L2,L2,L1
H2,L1,H2,M1,L2
L2,L3,L2,BN,L2
L1,L3,L3,H2,L2
L3,L1,L3,L1,L1
L3,L3,M1,L2,L2
H3,L2,BN,L2,L3
H2,M1,H3,L2,H2
L1,H3,M1,L1,L2
L2,L2,H1,L2,BN
H2,L3,L1,L1,M1
M1,H3,L1,L3,H3
L3,L2,L1,M1,L1
H2,H2,L2,L2,L2
L2,L2,H3,L3,H3
L1,L2,L1,L1,L2
L3,L3,L2,L1,M1
L3,L3,H1,M1,H1
L2,M1,H1,L3,L1
BN,L3,L1,L2,H3
L1,H3,H3,L3,L1
L2,L3,H3,L3,H1
L2,L1,L1,H1,M1
M1,L3,BN,M1,H2
L2,L1,L2,L2,L1
H3,L2,L3,M1,M1
L3,L2,L2,L3,H3
L3,H3,H2,L1,H1
L3,L3,M1,L3,L2
L1,L1,L3,L3,L1
L2,L2,L3,L3,L2
L3,L2,L2,H3,L1
M1,M1,L2,L3,L1
L1,L2,L2,L2,L3
L3,H1,L2,L2,H3
L3,L3,H2,H1,H1
H1,L3,H1,L3,L2
H3,H3,H3,M1,M1
L2,L2,BN,H2,H3
L2,L2,L3,L2,L3
L1,L3,L2,L2,L2
H1,L3,M1,H1,L2
H1,L3,H3,L2,L2
L1,BN,M1,L1,L1
H1,L1,M1,M1,L3
L1,L3,L3,L3,L2
L3,L2,L3,H3,H2
L3,L3,M1,L1,H3
L3,L1,L3,L3,L2
M1,H2,BN,M1,L2
BN,L1,L1,L1,L3
H2,L2,L1,L3,M1
L3,L1,L2,L2,H2
H3,M1,L3,L3,L2
L2,L1,L3,H2,L2
H2,L3,L1,L3,H3
L3,L3,L2,M1,L3
L3,L3,L2,H3,L3
L3,H3,L1,L3,L2
H1,L3,L1,M1,L2
L1,L2,H1,L1,L3
L1,L3,H3,L1,H1
H2,H1,M1,H2,BN
L1,L1,L2,L2,M1
L3,M1,H3,L2,L2
L1,L3,M1,L3,L2
L2,L3,M1,L2,L2
L3,L3,L3,H2,H2
H1,H2,L1,M1,M1
L1,H3,L3,H3,H2
L3,L1,M1,L2,L3
M1,H2,L2,L2,L3
M1,L3,BN,L2,L3
M1,L1,L2,L3,L2
L1,L3,L2,L1,L1
H3,L1,L1,BN,M1
L3,L3,H1,H3,H1
L3,L2,L3,L2,H3
L3,L2,M1,L3,L2
L2,L2,L2,L1,L1
L2,L3,L1,H3,L2
L1,M1,L1,H1,M1
M1,L1,L3,L3,L2
M1,L3,L3,L2,L3
L1,L3,L2,M1,L2
L2,L1,H3,H3,L2
H3,L1,L3,L3,L3
M1,L1,L3,M1,L2
L2,L3,L1,L1,M1
L1,H2,L3,L3,L3
L1,L1,H3,L2,L2
L1,L3,BN,L3,M1
L3,L2,L3,L1,H3
L3,M1,M1,L3,BN
H1,L2,L1,M1,L3
L3,H3,M1,L3,L2
H3,L1,L3,M1,L3
L3,L3,M1,L1,L2
M1,L3,L3,L1,L3
L3,L1,H2,L3,L1
H3,L3,L3,L1,L1
H2,L2,L3,L3,L3
M1,H3,L2,H3,L2
L1,L2,L2,H3,L2
L2,L2,L3,L2,M1
L2,H3,H1,L2,H3
L2,L3,L1,M1,L2
L3,H1,L3,L3,L2
L2,L2,L3,L2,L3
GL,L1,M1,L3,L2
L2,L1,L3,L2,H3
L2,L3,L3,L3,L3
L1,L2,L1,H2,L3
L3,L2,H3,L3,L2
L2,M1,L2,L2,L1
L1,L3,L3,L3,H2
L1,L3,L1,L1,L2
L2,L3,L2,H3,BN
L3,L1,H3,H2,L2
M1,L3,H2,M1,L3
L1,H2,L1,L2,L1
L1,M1,L2,L3,L3
L3,H2,L3,M1,L1
L3,H3,M1,H2,L2
L2,L2,L1,H3,L1
L1,L3,M1,L1,M1
L3,L3,H2,L3,L2
H2,L1,L2,L1,H2
L3,M1,L3,H3,L3
L1,L3,H1,M1,H1
L1,H3,L2,H2,L3
H2,L3,M1,M1,H1
M1,M1,L3,H3,L1
L1,H2,M1,L1,L3
M1,L3,L2,L3,M1
M1,L3,H3,H3,L1
L3,H1,L1,L1,L1
L2,L3,L2,L2,H3
L2,L2,L1,L2,L3
L2,L3,L1,GL,L2
L2,H1,M1,L1,L3
L1,L3,H3,H2,L2
L3,H1,L3,L3,H3
L1,L2,L1,L3,M1
L3,M1,L3,L3,L3
L1,L3,L3,L2,L1
H2,H2,L3,H3,H2
L2,M1,H1,L3,L2
H3,L3,L1,L3,L3
L2,BN,M1,L2,L2
L1,H2,BN,L2,M1
L2,H2,L2,M1,L3
H1,L1,H2,H1,M1
L3,H1,L1,M1,L2
L1,H3,H3,M1,H3
L2,L3,H3,H2,L2
BN,L3,M1,L3,M1
L2,H3,L2,BN,H3
H3,L3,L3,L1,L3
L3,L1,H2,H2,GL
L2,L2,L3,L2,H3
H2,L3,L1,M1,H2
M1,M1,L1,L1,L2
L2,H1,L2,L3,L1
H3,L2,M1,L2,L3
L3,L2,L1,H1,L2
L3,L1,L2,H2,L2
L2,L3,H2,H3,L2
M1,BN,H2,L2,M1
L2,L3,L2,H3,L1
M1,L2,L1,L1,L2
H2,L3,L1,L3,L3
L3,M1,L3,L3,L1
M1,L1,BN,L3,L3
M1,L3,H2,BN,L2
L1,L2,L1,H3,L3
L1,L2,H3,H2,M1
L1,L1,L1,L1,H2
L1,H2,L3,H2,L3
L1,H2,H2,H2,L2
M1,L3,L2,L3,M1
L3,L1,M1,H3,L2
L1,L3,L3,L3,L1
H3,BN,M1,H3,L2
H3,H1,L2,L3,M1
H3,H3,H1,L3,H3
L3,H2,L2,L2,L2
L1,L1,M1,L3,L3
H3,H2,L2,L2,H1
H3,L2,L3,L3,H3
L2,M1,L2,L1,L2
L3,L2,L3,L2,M1
M1,L3,L3,L1,M1
L2,L1,L2,L1,L3
L3,L3,L2,H3,L1
L2,L1,H2,M1,BN
L3,L1,L2,M1,L1
L1,L1,M1,H2,L3
H3,L3,H3,L2,L3
L3,L2,L3,L1,L2
H3,L2,L2,H3,L1
H2,L3,L1,L2,L3
L2,L3,H3,L3,M1
M1,L1,H2,L1,L1
H2,L2,L2,L1,L3
L3,H3,H3,L1,L2
L3,L3,H2,L1,M1
L3,L3,H1,L2,L3
L3,L1,H3,L2,L2
M1,L3,H1,L2,M1
L3,L2,L1,L3,H2
H1,M1,M1,M1,M1
L3,L3,L2,L1,L3
L3,H1,L3,H1,L2
L1,L2,L1,M1,H3
L3,L2,M1,L2,H3
L3,L1,H2,L1,L3
L2,L2,H3,L3,H2
L3,L3,L2,L1,L3
L3,L3,M1,L1,H1
L3,M1,L2,L3,L3
M1,H1,L2,M1,L2
BN,M1,L1,L3,H3
H2,L2,L3,L2,M1
L3,M1,L2,L2,L2
L3,M1,L3,H2,M1
L2,H3,L3,L1,L1
L2,L3,H1,M1,M1
H1,L1,L3,M1,H3
L1,L3,L2,H2,L1
L1,L3,L3,H3,L2
H1,BN,L2,L2,BN
L3,H3,L3,L3,L2
L3,L3,M1,L2,L1
L2,L3,M1,M1,M1
L3,L1,L1,L2,L3
M1,L2,L1,L3,H1
L3,H2,L3,L3,M1
L3,L1,BN,H3,H1
L3,L2,L2,L3,L2
L2,L3,L2,L2,L2
L3,L3,L1,BN,L2
L3,L1,L2,L3,H1
L1,L2,L1,L3,H3
BN,L3,L2,L1,L1
L1,L1,L3,L2,L1
H3,L2,L3,L1,H2
L1,L2,H3,M1,L3
L2,L1,L1,L3,L1
L2,L2,L2,L2,H2
L2,L1,H3,L1,L1
H3,L1,L2,H3,M1
L2,L1,L2,H1,H1
L1,H3,L3,L2,L1
H2,M1,L2,L1,H3
M1,M1,H3,L3,L3
L2,M1,L2,L2,H2
BN,L1,L3,L3,H3
L1,L3,L3,H2,L2
H1,L1,L3,M1,L2
L1,BN,L1,L2,H1
L1,M1,L3,L3,L1
L2,H1,L2,H3,L3
H2,H2,L2,L3,L1
L3,L3,H3,L3,L2
H3,H3,L3,H2,M1
M1,L3,L1,L2,H3
M1,L2,H2,L1,H1
H3,M1,H2,H3,L3
L2,L3,L2,L1,M1
H3,L3,L2,L3,L1
L2,L3,L3,L2,L2
H2,H3,M1,L3,L1
L1,L2,H2,L3,L1
L2,M1,H3,L3,H3
L2,L2,H2,H1,L2
L3,L3,L2,L3,L1
L1,L3,H3,L1,L1
L2,M1,L3,L2,L1
L3,H2,L2,L1,L1
L2,L1,M1,L1,L1
L3,M1,H1,L1,M1
L2,L2,L1,L2,L3
L2,L1,L2,H1,M1
M1,L2,H2,L3,L3
L1,GL,H3,L3,L3
BN,L3,L2,L2,H3
M1,L3,L2,L1,BN
L3,L3,L1,L3,L2
H2,H3,M1,L2,H1
L3,L3,L2,L1,L2
M1,H1,L2,L3,M1
L1,L3,L1,L2,L3
L1,L2,L1,BN,L3
H1,H3,H3,H1,L3
H2,L3,L3,L2,L2
H2,L3,H3,L3,BN
L1,L2,H3,M1,M1
L1,M1,L2,M1,M1
L2,L1,L2,L1,M1
BN,M1,L3,L3,H3
L1,L1,L2,L2,L1
L1,L3,L1,L1,H1
L1,M1,L2,H2,L1
M1,L3,H2,L2,M1
M1,L1,L3,L2,M1
L3,M1,H1,H2,L2
L3,H2,M1,L1,H1
L2,L3,M1,H3,L1
L1,H3,L2,H3,H3
L3,H2,L3,H2,L3
H3,L3,M1,M1,L3
H2,L1,L3,M1,L2
L2,M1,H2,M1,H3
H2,M1,L3,L1,L1
L3,L1,L3,M1,BN
L2,H2,L1,M1,M1
H3,H1,M1,H1,L3
M1,BN,L2,L3,L2
L2,L2,L1,H2,L2
H2,L1,L2,H3,L3
L3,L1,H1,L3,H3
L3,L1,L2,H3,L3
L3,H3,L3,L1,L2
L2,M1,L1,H2,L3
L1,L3,L3,H3,L2
L3,H2,L3,L1,L2
L3,L3,L3,L3,H1
H1,H1,L2,BN,L2
H1,L3,L1,L2,L2
H3,L1,BN,L1,L3
H3,L3,L1,L3,M1
M1,L1,L2,L2,L1
L1,L3,L2,H2,L1
L2,L2,L1,L1,L2
H1,L1,M1,L3,L2
L2,BN,M1,L2,L2
L2,L3,L3,H2,L3
M1,H3,L3,L3,M1
L2,L2,L3,H1,L1
L1,L2,M1,M1,L3
H1,H1,L1,L3,L1
L2,L2,L1,H1,H3
BN,L1,L3,L3,L2
L1,H3,L2,H2,H3
L2,BN,L2,M1,L1
L3,M1,L1,L1,H2
L1,L3,L1,L1,L1
L3,L1,L2,L1,L2
L1,L2,L3,L2,M1
L3,L3,L3,L2,H1
L1,L1,L3,L3,M1
L3,L3,L2,BN,L3
L3,L1,L1,L2,H2
L3,L2,L3,H2,L2
L3,L3,M1,L2,L3
L2,H3,BN,H2,L3
L1,L3,L2,L3,M1
L3,H3,M1,L1,BN
L3,L1,H2,L2,L3
L3,L2,H2,M1,H3
M1,L3,M1,L3,M1
L1,L2,L1,L3,L3
L2,M1,L2,L3,L3
L3,L3,L1,L2,L1
L2,L3,H3,L3,L1
L3,H1,L2,L2,L3
L1,L1,H3,H3,L2
H3,L1,L1,L2,L1
L1,L1,L3,BN,L1
M1,L2,L3,L1,M1
L2,H3,L3,L3,L3
L2,L2,H3,H1,L2
H1,L2,L1,L1,H2
L3,L2,H1,L3,BN
M1,L1,H1,H2,L2
H3,M1,M1,L1,L2
L1,L2,H3,H2,L2
L1,L3,M1,M1,L2
BN,L3,L1,M1,H1
L3,L3,L2,L2,H1
L2,L3,L2,BN,L2
L1,L2,L2,L1,L2
L2,L1,M1,L3,L3
L2,M1,L3,M1,L3
H2,L1,L1,L3,H3
L1,L3,L3,BN,L2
L1,L1,L1,L1,H1
H3,M1,L2,L1,L3
L2,H2,L3,M1,L3
L2,L3,L3,M1,L2
L1,L1,L3,L2,M1
L2,L2,L3,L1,L2
L1,L2,L1,L2,H1
L3,M1,L2,L3,L1
L2,L3,L1,H3,L2
H3,L3,H1,L2,L3
M1,L3,H3,L2,L2
BN,M1,M1,L3,M1
L3,H1,L3,H1,L2
L3,L1,L2,L1,M1
L1,H2,M1,L1,BN
L1,M1,H3,L3,M1
L1,L1,H1,L3,M1
L3,L1,L2,L3,H1
L2,L1,L3,L1,L2
H3,L2,L2,L3,L3
BN,L3,L2,H2,H2
L2,L1,L3,M1,L2
H3,H2,L3,L2,M1
L1,L3,L1,L3,L3
M1,M1,L3,L3,BN
L2,L1,L1,M1,H1
BN,L2,L2,L1,L3
H3,L2,L2,M1,L3
H2,L2,L1,L2,L2
L3,L2,L2,L1,L1
H2,L1,L2,L3,L3
H2,L2,L3,L1,L3
L3,L1,L2,H2,L3
M1,L1,L1,L3,L3
H2,L1,L3,L3,M1
L1,H3,L1,L3,L1
H2,L3,L2,H3,L3
L1,M1,BN,L2,L3
H1,L3,H3,H2,L3
BN,L1,H1,M1,M1
L3,L2,L1,M1,H1
L3,H3,L3,L3,L2
L3,M1,L3,L3,H1
H3,L3,M1,H2,L2
L3,H3,L3,L2,L2
L3,M1,L2,M1,H2
M1,H2,L1,L2,L2
L3,L3,L1,L1,BN
H3,H1,L3,M1,H2
L1,L3,BN,L1,L2
BN,L1,L2,L3,M1
L2,H2,M1,M1,L1
L2,L2,L3,L2,L2
H3,H3,L1,L1,L3
L1,L3,L2,H1,L3
M1,L1,L2,M1,L2
H1,L1,L2,L3,L1
L3,L3,H3,L2,BN
H2,H3,H3,M1,L2
L3,L2,L3,H1,H2
H3,H3,L2,BN,M1
BN,L1,L1,L1,H2
H2,L2,L2,M1,L2
L1,L2,L3,L3,L1
L1,L1,H3,H1,M1
H1,M1,M1,H3,M1
L3,L1,H3,H1,L2
L1,L2,L2,L3,L3
BN,M1,L1,L3,L3
L1,L1,BN,H2,L1
H2,L2,M1,L1,BN
L3,L1,H3,L1,L1
L1,L2,L3,M1,L2
L3,BN,L2,L2,H1
L3,L3,L2,H3,M1
M1,M1,M1,L2,M1
L3,H3,H3,M1,L2
H1,M1,L2,L1,L2
L1,L2,BN,M1,L3
H2,H2,H3,L1,H1
L3,H1,L3,L3,L2
L2,L1,H3,L3,L1
L2,L3,L2,L1,L1
BN,H1,L1,L3,L2
L2,L1,L2,L3,L1
L1,L3,L2,M1,L1
L3,L3,H3,L2,M1
L3,L3,L1,H2,L2
L2,M1,L3,L1,M1
L2,L1,L1,H2,L3
H3,L1,L1,L2,L2
H3,H3,L2,H2,L1
L1,L2,H3,L1,H2
L2,L2,L2,L3,H2
L2,L1,L3,L2,M1
M1,L2,L1,L1,M1
L2,M1,M1,L3,L1
L2,BN,L3,L3,H2
L3,L3,L1,L3,L2
M1,M1,L3,H2,L3
H1,L1,L2,L1,H2
L1,L1,L2,L3,L3
H1,L2,L2,M1,L1
L2,L3,L3,M1,L3
L1,L2,L1,L1,L3
L3,L1,L2,H3,L3
H3,L1,L2,L1,M1
L2,L2,M1,H2,L2
L1,M1,L2,L1,H2
L1,H1,L1,M1,M1
H3,H2,L3,L2,H2
L3,L1,H1,L3,L3
L3,L2,M1,H3,H3
L1,L3,L3,L2,L1
L3,L2,L2,L1,L1
L3,L3,H2,L2,M1
L3,L1,L1,L3,L1
L3,BN,L3,L3,L1
M1,L3,L3,L1,H3
L1,L3,L3,L1,L3
L1,L1,L2,H2,L1
M1,H1,M1,L2,H2
L2,M1,H3,L3,L2
L1,L3,L1,H1,L3
L3,L3,L3,L3,H1
L3,M1,H3,L1,M1
L1,L3,L3,L1,L1
L3,L2,M1,L1,L3
L2,L2,L2,L1,L2
L3,H3,L1,H3,L1
L2,H3,L2,L2,L1
L1,H2,L3,L3,L1
H2,H3,L3,L1,H1
L1,L3,L1,L1,L1
L3,L3,L1,L1,L1
L3,L3,L1,M1,M1
L1,L3,L2,L2,L1
L2,H3,L2,L3,L3
H3,BN,L1,H1,H2
L2,M1,H2,L2,L2
L2,L2,H3,L2,L1
L3,L2,L1,M1,H2
L1,L3,L3,M1,H3
L1,L2,M1,L2,L3
L3,L2,L1,H1,L1
L3,L2,L2,M1,M1
L2,L2,M1,L1,L3
M1,L2,L1,BN,M1
H2,L2,L1,L2,L1
H3,L2,H3,L2,H1
M1,L3,H3,L3,M1
L3,L1,H2,L3,L3
L1,L3,L2,H3,L2
H3,M1,L2,H1,M1
L3,H2,L1,L2,L1
L3,L2,L2,H2,L1
L2,M1,L2,H3,L2
H3,L1,L2,L3,H3
L2,L2,M1,H3,L3
L3,L2,L1,L2,L1
H2,L3,H2,M1,H2
L1,M1,L3,H3,L2
M1,L2,H1,L3,L1
M1,L3,L1,L1,H2
L1,L3,L1,L1,L1
L2,H2,H2,BN,L2
H2,H1,L3,L3,L3
L2,M1,L3,L2,L2
H2,M1,L2,L1,L3
H1,L3,L1,L3,L2
L2,M1,L1,H3,L3
H3,L2,L1,L2,L3
L3,L2,L2,L3,L2
L1,L3,L1,L3,L3
L2,L2,L1,H1,L1
H2,H3,L3,L2,L3
L2,M1,M1,L2,L3
M1,L2,M1,H3,H3
L3,L1,L3,L3,L1
L3,L2,L2,L1,M1
M1,M1,L1,L3,L3
L3,L3,L2,M1,H3
L1,L1,M1,H2,L2
L2,L3,L2,H3,L1
H3,L3,M1,H2,L1
L3,L3,L1,M1,L2
H2,H3,M1,L2,H3
L3,L2,M1,M1,L2
L2,H3,L1,L3,L3
H2,H3,L2,H2,H3
L3,L3,H3,L1,BN
L2,L2,L2,L2,L3
M1,M1,M1,L2,L2
L2,M1,L3,L1,L3
BN,L1,H1,BN,M1
H3,L3,L1,M1,H2
L3,L1,L3,H3,L2
L1,L2,L3,L3,L1
H1,L2,H3,L1,M1
L2,L1,L3,H2,L3
L2,L1,L3,H1,L3
M1,L3,L2,L2,L1
L2,L1,L2,L1,M1
H1,BN,L3,L2,L2
L3,M1,L1,L2,L1
BN,L1,L2,H1,M1
L3,L3,H2,L1,L2
H2,L3,M1,L2,L3
L2,L1,L1,L2,L2
L3,L1,L1,H2,H1
L2,L1,L3,M1,L3
L3,L2,M1,H2,M1
M1,L2,L2,H1,H2
L3,L1,M1,H3,H2
L2,L1,L3,L1,H2
L3,L3,L1,L1,L3
L3,L3,M1,L3,BN
H2,M1,L2,L3,L3
M1,L2,H2,M1,L2
H3,H1,H3,L2,L3
L3,M1,L3,L1,M1
L2,H1,L3,L1,L1
L1,L2,L2,L1,M1
M1,L3,GL,L1,L1
L2,M1,M1,M1,L2
H1,L3,L2,L2,H1
M1,L2,L3,L3,L2
L3,H3,M1,L1,H3
L1,H3,L3,H2,L1
L2,L1,L2,H3,H1
L2,L3,L2,L2,H2
L1,L2,H2,L2,L3
H3,L3,L3,L3,L3
L3,L1,L3,L3,H3
L3,L3,L3,L2,M1
H3,L2,L1,H3,H3
M1,L2,H2,H1,L1
M1,L3,H3,L2,L2
H2,L2,L2,L2,L1
L3,L2,BN,H2,L3
L2,H3,L1,L3,L3
L1,H2,M1,H3,L1
BN,H1,L3,L3,L3
M1,L3,M1,L2,L3
H1,L1,L1,L2,L2
H2,L1,H3,L3,L1
M1,L3,L3,L3,L3
L2,L3,M1,H3,M1
L3,H1,H3,H2,L3
L2,L3,H1,L1,L3
L3,H3,L3,L1,L1
L2,L3,M1,L3,L3
M1,L2,H1,H3,M1
H3,L2,L2,L2,BN
L1,L2,L2,L2,L2
H1,L3,L3,M1,L1
H2,BN,L2,L2,L3
H1,M1,L3,L2,L3
L3,H1,L1,H3,L3
M1,M1,L1,L2,L2
L3,L1,H1,H2,L3
H3,L1,H3,L1,M1
L3,L1,H2,L3,L3
L2,L1,L1,L2,L1
L1,L2,L3,L1,H2
L2,M1,L1,L1,L2
L1,M1,H3,L1,L1
H3,L3,M1,L2,M1
M1,L3,H1,H2,L3
L2,L2,H2,L1,L2
H3,M1,L1,H3,L2
L2,M1,L3,L3,L3
L3,L2,H1,L3,L3
L1,M1,L3,L1,L2
H1,M1,L1,L3,L2
L3,M1,L3,L3,H2
L2,M1,L3,L3,L3
L3,L3,M1,L1,L2
H3,H3,BN,L3,BN
L3,M1,L1,L2,L1
H1,L1,L2,L1,M1
L2,L2,L3,L3,L3
L1,L1,L1,L1,L3
L3,L2,L2,L2,M1
L2,L3,L2,L3,L1
L2,H3,H1,L1,H2
L1,H3,L2,L1,L2
L3,L3,H1,L3,L1
L2,M1,L1,L2,L3
M1,M1,L1,L3,M1
L1,L3,L3,M1,H3
L2,L3,L1,H3,M1
L3,L2,L2,L2,L3
L3,L1,M1,L1,L1
L3,H3,L3,L2,L1
M1,M1,M1,H3,L2
M1,L1,M1,M1,M1
L1,L3,L2,L3,H2
L3,H1,H2,L3,M1
L2,H3,M1,L2,L3
M1,H3,L2,L3,L1
L3,L3,L3,M1,L3
L2,L3,L3,L1,L3
L2,L2,L1,H3,BN
L2,M1,L3,M1,L3
H3,M1,L1,M1,L2
BN,L2,L2,L2,M1
L2,M1,H3,L1,L3
L2,L3,L1,H1,M1
L3,H3,L1,L3,H1
L1,L1,BN,BN,L1
H2,M1,L1,H3,L1
H1,M1,L3,H2,L3
L3,L1,H3,H2,L1
L1,M1,L1,L2,L1
L2,H3,H2,L1,M1
L2,L1,L3,L2,L1
L3,L2,M1,L2,L3
L1,L1,L2,L2,M1
L3,L2,L1,M1,L2
L3,L2,L3,L2,L3
L2,L2,H1,H2,L1
L2,L1,L3,L1,H1
H1,L1,H3,L2,L3
H1,M1,M1,L1,L3
M1,H2,L2,L2,L3
L1,BN,L3,L3,L3
L1,L3,H2,L2,M1
L1,L3,H3,L3,L3
L1,L1,L1,M1,L2
L1,L3,M1,L2,L3
L3,L1,H1,H1,L3
H2,L3,L3,L2,M1
L3,L2,L3,M1,L2
L1,L1,L2,L3,L1
L1,L1,L2,L2,L2
L2,L2,H1,L2,L3
H2,BN,L3,M1,H2
L2,L2,L1,L2,L2
H2,M1,L2,L2,M1
H3,L3,L3,L3,H3
H3,L3,L3,L3,H2
L3,L2,L2,L2,H1
L1,L2,L2,L3,L3
L3,L3,L1,L2,H2
H1,L2,M1,M1,L1
L1,L2,L2,M1,L3
L2,L2,H1,L2,H2
L2,L2,L1,H3,L1
L1,H3,L3,L2,L2
L3,L3,L2,L2,L1
L3,M1,H1,L3,L3
M1,M1,H3,L3,L2
BN,L2,H3,L1,M1
H3,L2,L2,L1,M1
L3,L2,L3,L3,L3
H3,L1,H3,L3,L1
M1,L1,L1,L2,H1
L3,M1,M1,L2,L2
L2,L3,L2,L2,L1
L3,L2,L1,L2,M1
L2,L1,L3,M1,L2
L2,L2,M1,H1,L3
L1,L2,L3,BN,H3
L1,L3,H1,H2,L1
L1,L1,M1,L1,L3
L2,L1,L3,L3,M1
L1,L3,L1,L1,L2
M1,L2,L3,L3,H2
L1,L1,H1,L2,H2
L1,H2,L1,H3,L3
M1,L3,L2,L2,L3
L3,H3,H2,L2,L2
H1,H2,L1,M1,H3
H2,L2,L2,H3,L1
L2,L2,H3,L2,M1
M1,M1,L3,L1,H3
L2,L3,M1,H3,L1
H3,M1,H1,H2,L1
M1,L2,L3,L2,L2
H1,L1,L1,L1,H2
L3,M1,H2,L1,H2
H3,L1,L1,H3,L3
L3,L2,L2,L1,H2
L1,H3,H3,H3,L3
L3,L3,H1,L1,M1
L2,H2,L2,L3,L3
L2,L2,L3,M1,H3
L3,L2,L3,H3,L1
L3,L1,H3,L2,L2
M1,L1,BN,L2,L2
L1,L2,L1,L1,H3
L2,H3,L2,L3,L2
L3,L3,M1,H3,L1
M1,H2,M1,L3,L1
L2,H2,L2,L2,L1
H1,L2,H3,L2,L2
L2,L2,L3,M1,L3
BN,H2,L1,L1,L3
M1,L1,L3,H3,L2
L2,H2,L3,L3,L2
L1,H2,M1,H3,H3
H2,H1,L3,L3,H3
L1,L1,L2,L2,L1
L3,H1,H2,L2,L2
L2,M1,H2,M1,BN
L3,L3,L2,L1,L3
L2,L1,L1,L1,L1
H2,L2,L2,L1,L2
M1,L3,L2,H1,H2
M1,L2,H1,H2,L2
L3,L1,M1,L3,L2
L2,L2,M1,H2,L3
M1,L2,M1,L2,L2
L1,L2,H1,L2,L1
M1,L1,M1,L3,L1
L3,L3,M1,H1,L3
H2,L1,H3,L2,L2
L2,L2,H3,L2,M1
L3,BN,L2,L1,L2
H2,H2,L2,L2,L1
L2,L1,L2,M1,L1
M1,L3,L3,L3,H3
L3,M1,L1,L1,H3
L2,L3,L1,M1,L2
L3,BN,L3,L1,L3
L1,M1,M1,L1,L3
L1,L3,L3,L3,M1
H3,L3,L2,H2,L3
L1,L1,L1,L1,L1
H2,L1,L3,BN,L3
L2,L2,L3,H3,M1
H3,L3,L3,L2,L2
L3,L2,L1,H2,L3
L3,L1,L3,L1,H1
L3,M1,H2,L1,M1
L1,L2,L3,L2,L3
L1,L1,L1,M1,L2
L1,L1,L3,M1,M1
L1,M1,H2,L2,L3
H3,L1,L2,L2,BN
L2,H1,H3,L2,M1
H1,H1,L1,L3,L2
L1,M1,H2,L3,L2
L2,H3,L1,L1,L1
L3,M1,L1,H3,L1
H3,L3,M1,L1,M1
L3,L1,L1,L2,BN
BN,L3,L1,L3,L1
H2,L2,L2,L2,L2
L2,L2,L3,L3,L3
L2,L3,M1,M1,L3
L1,L2,L1,L1,H3
L2,L2,M1,M1,M1
H3,L1,L1,H1,L2
L1,L3,L1,L1,M1
M1,M1,L3,L1,L2
L3,L1,L3,L2,L3
L2,L1,L2,M1,L2
BN,H2,M1,H2,L1
H1,H3,L1,L2,L2
L3,L2,L3,L1,L3
L3,BN,L3,L2,H1
L1,L2,L3,L1,L2
L3,L1,L1,M1,L2
L3,L2,L1,L1,M1
GL,H3,L3,L2,M1
H3,L1,L1,L3,L3
L3,L2,L2,L2,H3
H1,L3,L1,H1,H3
L1,L2,L3,L3,L1
M1,L1,L3,L3,L1
H2,L1,L1,L1,L2
L1,L3,M1,H2,L2
L2,L3,L1,H3,L3
L3,L3,L2,L2,BN
L3,L2,L3,L3,L1
L1,BN,L3,BN,H1
L2,L3,L1,L3,L3
L2,L2,L2,L3,L2
L3,L1,L3,H2,L1
L1,M1,L3,L2,L3
L2,L1,L1,H3,BN
M1,L2,H2,L3,L1
H2,L1,L3,H3,L3
L1,H3,H1,M1,M1
M1,H3,L2,H2,L1
H2,L3,M1,L3,L1
L1,H3,L1,L2,H3
L1,L3,L2,M1,M1
L3,H3,M1,L2,H1
M1,L2,L1,M1,L2
L2,L3,L1,H3,L1
H2,L2,L1,L3,M1
M1,M1,L1,L2,L1
M1,L1,L3,L3,L3
M1,L3,L2,L1,L2
H2,L2,L3,M1,L2
L1,M1,L1,L1,L1
L2,L1,H2,H3,L3
H2,H2,BN,L3,L2
L2,L3,L3,L2,M1
L2,H2,L3,L3,BN
L1,L3,L2,L2,M1
L3,L1,H3,M1,M1
L3,L2,L1,M1,M1
L2,L2,L2,L3,H3
L3,H1,L2,L3,L2
H1,L3,H1,M1,M1
H2,M1,L2,L3,M1
L2,H1,BN,L3,L3
L3,L2,L3,L3,L1
L1,L2,M1,L2,L3
L1,M1,M1,L2,L3
L2,L3,L3,M1,L2
L3,L2,L3,L1,L1
L2,M1,H2,L3,L3
L3,L2,M1,L2,L3
H3,L2,L1,BN,M1
L1,M1,H2,L1,L3
H2,M1,L1,H3,L3
M1,H3,H3,L1,L1
L3,L3,L2,M1,L1
L2,H1,BN,H2,L2
L2,GL,L2,L2,L3
L3,L2,H3,H1,H3
H2,M1,H2,L3,M1
L3,M1,L3,L3,L2
L1,L1,H3,M1,L2
H2,M1,H1,L1,BN
L2,H3,L2,L2,L3
L1,L1,L3,BN,L3
L1,L2,L2,H3,M1
L1,H3,L2,H2,L3
H2,L1,L1,L3,L2
L3,L3,L3,L3,H2
L2,M1,M1,L2,L1
L3,H3,L2,L2,H2
L3,H1,L2,L3,L1
L1,H2,L3,H2,L2
L2,H2,L2,L1,L3
H1,L3,L2,L1,L3
H3,GL,L2,M1,L2
H2,M1,L3,L2,M1
L2,L1,L1,M1,L2
L1,L3,L3,M1,L3
L1,L3,L1,L1,L3
L2,M1,BN,L1,H3
H3,L2,L3,L3,L2
L3,L3,L2,L1,L1
L2,L1,H2,L1,L3
L1,M1,L3,L2,L1
H3,H3,H2,L2,H1
L2,L3,L1,L1,L3
L3,L2,L1,L3,H2
L3,L2,L1,L3,L2
L1,L3,L3,H3,L2
M1,M1,H3,L3,L2
L3,M1,H3,L1,L2
L2,L1,L1,L3,H3
H2,L3,M1,M1,L3
M1,H3,H1,H2,H3
L2,L1,L2,L3,H3
H1,L3,M1,H3,M1
L3,H3,L1,H1,M1
H1,L3,L1,L1,L3
M1,H3,M1,L1,H2
L1,L3,H3,L2,L3
L1,L1,L2,L1,L2
L1,L3,L1,H3,L3
L2,H1,L3,L1,M1
L3,H3,L2,L3,H1
L1,L2,L3,L3,H3
M1,M1,L2,M1,L2
L2,BN,L1,L3,H2
M1,M1,L3,L2,H3
L2,L2,L1,L3,L3
L3,L1,H3,M1,H3
L1,L2,L3,L3,L2
L2,L1,L2,L3,L1
M1,H1,L3,L1,L3
L3,M1,L2,H3,L1
L2,L2,L1,L1,L2
M1,M1,L2,L1,L1
L3,L1,L2,L2,M1
L2,L1,H3,L2,L3
L1,L3,L1,L3,H2
L1,M1,L2,L3,H2
L2,L3,H2,L1,M1
H2,L1,L2,L1,H3
L3,L3,H2,L2,M1
M1,L2,M1,L2,L3
L1,L1,M1,L1,L1
L2,L3,L3,L2,L3
L1,L1,L2,L3,L3
M1,L2,L3,L1,L2
L2,L1,L1,M1,M1
H3,L1,L2,L3,L3
L2,L3,M1,L3,L3
L2,L2,M1,L2,M1
L3,L3,L3,M1,L3
L3,M1,M1,H1,L2
M1,L3,H1,H1,L2
H2,L3,H3,L3,L2
H3,L2,L2,H1,M1
M1,L3,L2,L1,L3
L1,L3,L3,H1,L1
H2,L3,H3,L1,L2
L2,H2,L2,H2,L2
H3,L1,L3,H3,L3
M1,L1,L2,L1,H2
L2,H2,L1,L3,H2
L2,H1,L2,L1,L2
L2,L1,L2,L3,L1
L2,L1,M1,L2,H2
H3,M1,L3,H1,H3
L1,L1,L1,L3,L3
M1,M1,L1,L2,L3
H3,L1,L3,M1,L3
L2,L1,L2,L2,L2
L1,H2,M1,M1,M1
BN,M1,L1,M1,L1
L2,BN,L1,L1,L2
L2,H3,L3,L1,GL
L2,M1,L1,L1,L2
L1,H3,M1,L1,H2
H2,L2,L1,H3,H2
L1,L1,L2,H3,L3
H1,L3,L3,L3,L3
L3,H2,M1,L2,H1
L3,L2,L2,L2,L3
L3,L3,L2,L2,L2
L1,L2,L3,L2,L1
L1,H2,H1,L3,L3
L3,L1,L2,L3,L3
L3,M1,M1,L3,L2
L3,M1,H3,H3,BN
L1,L2,L1,H2,L3
L2,L1,H2,H2,H3
L3,H1,H2,L1,L2
L3,L1,L1,L1,L1
L1,H3,L3,H3,H1
L2,L2,M1,L2,L2
L3,L1,L2,L1,L3
M1,L3,L1,L1,L3
H3,L2,L3,M1,L3
L3,L3,L1,L1,L2
M1,L2,L1,H3,L3
L3,L2,L1,L1,L2
L3,L2,L1,H2,L3
L1,H3,L2,L3,L1
L1,M1,H2,L1,M1
L3,L3,L1,L2,L1
H3,L2,L2,L1,H3
L3,M1,L3,L1,M1
L1,L3,L2,H2,L2
BN,L2,M1,H2,L1
L3,M1,M1,H1,L1
M1,M1,L3,L3,L2
L1,L3,L3,M1,L2
H3,L1,L1,L1,L1
H1,L2,L3,L3,M1
L2,M1,L1,H1,M1
L3,M1,L3,L3,L1
L1,L2,L2,M1,L2
L2,L1,H2,L2,L2
L1,H2,H3,L1,L3
L3,L3,L3,L1,L3
L2,L1,L1,H3,H2
M1,L2,H3,L3,L1
L3,L3,L1,H1,L1
H2,L3,L2,M1,L2
H3,H3,L1,M1,M1
L3,L3,L1,L2,L2
H2,L3,M1,BN,L1
H2,L2,L1,L3,H2
M1,M1,L1,H1,H3
M1,BN,L3,L2,L1
H3,M1,M1,L3,L3
L3,L3,H3,H3,H3
H3,L1,L3,L3,H1
M1,L2,L2,L2,H3
L3,L3,L2,H2,M1
H3,H3,L1,L1,L1
L3,H2,H1,L3,L1
M1,L1,L2,H1,L2
L2,L3,H2,L3,M1
H3,L1,L2,L3,L1
L3,L2,L1,H1,L3
L3,M1,L3,L3,L2
M1,L3,L1,M1,L3
L1,L2,L3,L3,L3
H2,L2,L2,L3,L1
L3,H2,L3,L1,L3
L2,M1,L2,H2,L1
L3,H2,L1,L3,L2
H3,L3,L2,H3,L3
M1,H3,L1,L3,L1
L3,L2,L3,L1,H3
L1,L1,L2,L3,L1
L3,H3,L1,M1,H3
L1,L1,BN,L1,L2
L3,H3,L1,L1,L3
H2,L3,L3,M1,L3
L2,L2,L2,GL,M1
H3,L1,L2,L1,H1
H1,L3,L1,L1,L3
L1,L2,L2,L3,M1
L3,L3,L3,L3,L1
M1,L2,H3,L3,L3
L2,L1,BN,L1,L2
H1,L2,M1,L2,L2
L2,L2,L3,L1,L2
BN,M1,L1,L1,L3
L3,L3,M1,L1,L1
H3,L2,H1,L3,M1
L3,H3,L2,H3,BN
L3,M1,L3,L2,L2
L3,L3,L1,L3,L2
M1,H2,L3,L3,L1
BN,H2,L2,M1,H3
L3,L1,L3,L1,L1
L1,L3,M1,L2,L2
H3,L1,H3,M1,L3
L2,M1,BN,L3,L2
H1,H2,M1,L3,L1
L1,BN,H3,L2,L2
L3,L1,L1,L1,L2
L3,L3,L3,L2,L3
L1,L1,L2,L3,L2
M1,L2,H2,H3,M1
L3,H2,L3,L2,L3
M1,M1,L3,L1,L3
M1,L3,L3,L1,M1
M1,L2,H2,M1,L2
M1,H2,L1,L2,L1
L2,L3,L1,BN,L2
L3,L2,L2,H2,L1
L2,M1,H3,L3,L1
L1,M1,L3,L3,L1
H3,L2,H3,M1,L3
L3,L3,L2,L3,L3
L1,L3,M1,H3,L1
H1,M1,L2,M1,L3
L1,H2,L1,H1,H3
L3,M1,M1,L3,L3
L3,L2,L2,L2,H3
L1,L2,H2,H2,M1
L1,H3,M1,H3,L3
L1,L3,L2,H1,H3
M1,L2,L3,L3,L3
L1,M1,H1,M1,L3
M1,L2,L2,L1,L1
L1,L3,L2,L3,L3
L2,H2,L2,M1,L3
M1,L3,M1,L1,H1
H2,H1,L3,H3,L3
L2,L2,L3,L1,L3
M1,L2,L3,H3,L2
L3,H2,M1,L3,L2
M1,L3,H2,H1,H2
L2,L3,L1,L3,L1
H3,L2,L2,L1,M1
M1,L3,L2,H2,L2
H1,M1,L3,H3,H3
L1,H2,BN,M1,L3
L2,H2,L2,L3,H3
L1,L1,H2,H1,H1
L2,L3,L3,L3,L2
L3,L2,L1,L3,L2
M1,L2,L1,L1,L3
M1,L3,L3,H3,H3
L2,L2,L3,M1,L1
L3,H1,L1,L2,L2
H3,L3,H2,M1,L1
H3,L3,L1,L3,H3
L1,L3,L1,L3,L1
L3,H2,H3,M1,L1
H3,L3,L1,L1,BN
H3,L1,L1,L2,L3
M1,L1,L2,L1,L3
L3,L1,L1,BN,H1
L3,H2,L3,L1,L3
H2,L3,L1,L2,L3
L2,L3,L2,L3,BN
H2,H1,L3,H1,M1
H2,L2,H1,L3,L1
L2,H2,H3,L2,L1
L3,H3,L1,L2,M1
H2,H3,H2,L3,L1
L1,L2,M1,L3,L3
L3,L1,L1,L3,L3
L1,L2,L3,H3,L1
H2,M1,M1,H3,L1
H2,H2,H3,H1,H3
L2,L2,L2,L1,L1
H1,M1,H3,L3,L3
BN,L3,L3,L3,M1
L1,H1,M1,L2,L2
H3,H1,L1,L2,BN
L1,M1,L3,L2,M1
L3,L3,L1,L1,H1
H3,H1,L3,M1,L3
L3,L2,M1,L3,L1
L2,H3,L1,L3,L2
H2,L1,L3,L3,L2
L2,M1,L1,L3,H3
L2,H2,L2,H1,L3
L3,H3,H3,L3,L3
L1,M1,L3,M1,L2
H3,M1,H1,L1,M1
L2,H3,L1,H3,L3
L2,H3,L3,L1,L2
L3,L3,L3,H1,L2
H3,L2,L3,L1,L2
BN,L1,L1,M1,H3
L3,H3,M1,H2,L2
L1,H3,L2,L2,M1
L1,L2,M1,L3,L2
L2,L3,L3,H2,L2
L2,M1,L1,L1,L1
L3,L1,L2,L1,L2
L1,L1,L2,H3,H1
L2,L1,L1,L3,H3
L3,M1,BN,L3,M1
L3,L2,L2,L1,M1
L3,L3,L1,L2,L3
H1,L3,H3,L1,M1
L2,L2,M1,L2,L3
L2,L1,H1,H2,M1
H1,L3,L2,L3,L2
L2,L1,M1,L1,L3
H2,L3,L2,M1,L1
L3,L2,L1,L3,M1
L3,L2,L3,L1,H3
L3,H1,M1,L1,L3
L1,L2,L1,L1,L3
L3,L3,H3,L1,L3
L2,L1,L1,M1,L1
H3,L2,L1,H3,H3
L3,L2,L2,L1,L3
L1,L2,L1,L1,H1
L3,L1,L2,L3,L3
BN,L2,L2,L1,L3
L3,L2,L1,M1,M1
L1,L1,M1,L2,M1
L1,H2,L2,L2,M1
L2,L1,L2,H3,L2
L2,L2,L3,H1,L1
L1,L3,L1,L3,L3
L2,L1,L1,L1,L1
H1,L1,L3,H1,L2
M1,L1,L1,H2,L1
M1,L3,L3,L2,L3
H1,L2,H3,H3,L1
L2,L3,L3,L2,L1
L1,L3,H1,H2,L3
L2,L1,L1,L2,L1
L3,L2,L1,L3,H2
L3,L3,L3,L2,L3
L3,L3,L1,H1,H2
L2,BN,M1,M1,L3
L3,L3,H3,M1,H1
L1,L3,M1,L3,L1
L1,L2,L1,L2,L2
M1,L1,H1,H3,L3
H2,L3,L2,L2,L1
M1,L3,L1,L2,L2
L3,L2,L2,L1,H3
M1,H2,L2,L2,H2
H3,L1,L3,L2,H1
L2,M1,L3,L3,L2
L2,L3,H1,H2,L1
M1,L1,L3,L3,H1
L2,H2,L1,L3,BN
H3,L3,M1,L3,L1
L3,L1,M1,L1,L3
BN,H3,L1,H1,H1
L1,L3,H3,L2,L3
M1,L2,L2,L2,H2
L2,BN,L3,L3,H2
L1,L3,H3,L1,L1
L3,H2,H1,L3,M1
H3,L3,L3,H3,L1
L1,L3,L2,L1,L2
L3,M1,L1,H2,L3
L3,H3,L2,L1,H3
L2,L3,H3,L2,M1
L2,H1,L3,L3,L1
L3,L3,L3,L2,M1
H2,L1,H3,L1,L3
L3,L1,L2,L1,L1
H1,L3,M1,L2,L1
L1,L1,L3,L3,H1
L1,L2,H3,L3,L2
L1,L1,L1,M1,L1
L1,L3,L3,L2,M1
L3,L1,L1,H3,L2
H3,L3,H1,H3,L2
H2,H2,L2,L3,L1
L3,GL,H3,L1,H2
L2,L3,L2,M1,L3
L2,L1,L3,L2,L2
L3,L3,L1,L2,M1
L1,M1,L2,L1,L1
M1,L2,L3,L3,H3
L3,L3,M1,L1,L1
M1,L3,L1,L1,L3
L3,L1,L2,L3,L3
L2,L1,L1,L2,H3
H2,L3,L3,M1,L2
L3,L1,H2,L1,H3
L3,L1,H3,L2,L3
L3,L1,BN,L2,L2
L3,L2,L1,M1,H3
L2,L3,L3,L3,L1
L3,M1,L2,L2,M1
H3,L2,L2,L1,L1
L2,H3,L3,L1,L2
L1,L3,L3,L3,L2
L1,H3,H1,L1,L1
L2,L2,H3,L2,M1
L1,L2,L2,H1,L1
L1,L3,H3,L3,M1
H2,L1,H2,L2,L3
M1,L3,L2,L3,L1
L3,M1,L2,L2,L3
L3,L1,L3,L1,M1
M1,L2,L3,L2,BN
H1,L1,M1,L2,L1
L2,L2,H3,L2,M1
L2,H3,H3,M1,L1
H2,L2,L3,L2,L2
L1,L1,L3,L2,L2
L1,M1,L2,L2,H2
M1,L2,H3,L2,L3
H3,L3,M1,L2,L3
L3,L1,M1,L2,L2
L2,L2,L1,M1,L2
L2,M1,L3,L3,L1
L3,H3,L3,M1,L3
H3,H3,L1,M1,L1
L3,H2,M1,H2,H1
L2,M1,M1,H3,L3
H1,L2,L3,L2,L3
H2,L3,L1,L2,L1
L3,L2,L1,L3,L1
H1,L1,BN,L2,M1
H1,L1,H2,L2,L2
M1,L1,L3,L1,L1
L3,L1,L1,H2,L2
H3,L1,H2,L2,M1
BN,L1,M1,L2,L3
L2,L2,M1,L3,L3
H2,L1,L3,L3,M1
L2,BN,H1,BN,BN
L2,H2,M1,L3,L2
H3,L3,L1,L3,L3
H3,M1,H3,L3,H1
H2,M1,H2,M1,L3
H1,M1,L2,L1,L3
L3,H2,L3,L1,L1
M1,L3,L1,L1,L3
H3,H3,H3,L2,L3
L3,M1,L2,L1,L2
H2,L2,L3,L1,BN
L1,H2,L2,L1,L1
L1,L1,H2,L3,M1
L2,L2,H2,L1,L2
L2,L2,L3,L2,M1
L3,L1,L2,L2,L3
L3,L1,M1,L3,L3
L2,H3,H3,L3,L2
H1,L3,L3,L2,L3
L2,L1,L2,L2,H2
L1,M1,L2,M1,L1
L1,H3,L2,L3,H3
L2,L2,L3,M1,L3
L2,L1,H3,M1,H3
M1,L3,H3,L3,M1
M1,L2,H2,L3,L2
L2,L2,L3,L1,BN
L1,M1,M1,L3,L1
L2,H2,H2,L3,L2
L3,L1,L3,H3,H3
L2,L1,H1,H3,M1
L1,H2,L1,L1,H1
L3,L3,L1,L2,L3
L3,H3,L2,L3,L3
H3,L3,L2,M1,L1
L3,L3,L3,H3,L1
L2,L3,L1,BN,H2
M1,M1,M1,L3,H3
L3,L2,H3,L1,M1
L3,L2,H3,L3,L1
H3,M1,H3,L3,M1
L3,L3,H1,H3,L2
H3,H2,L3,L2,L2
H3,L2,L3,L3,L1
L2,L1,L2,H3,L3
L3,L1,L2,L1,L3
L1,H3,M1,L2,M1
L2,L1,L2,L1,L2
L1,L2,M1,L1,L3
L2,M1,M1,L3,M1
L1,L2,M1,L2,L2
L1,L3,M1,L1,L1
M1,L1,L3,H3,L3
L1,L2,M1,L2,L3
L3,M1,L3,L3,H2
H2,L1,L1,L3,L1
BN,M1,M1,L2,H3
L1,L1,L2,L2,L3
L2,L3,L1,L1,L2
L2,L3,L1,M1,M1
M1,L3,BN,L3,L2
H2,L1,L2,L2,GL
H1,L1,L1,M1,H1
L2,L2,L1,L3,H3
L1,M1,L2,L3,L1
L2,M1,H3,L2,H3
L2,L3,L3,M1,L1
M1,L3,H1,BN,H2
L3,M1,M1,L1,H2
M1,L1,L3,H2,H2
L2,L3,L3,H3,L2
H1,L2,L2,H3,H3
M1,L3,L3,L1,L3
L1,L1,M1,H1,L1
L2,BN,L1,L1,L2
M1,M1,L3,H2,L1
M1,L3,L2,M1,L2
H1,M1,L1,L1,L1
L2,L2,H2,H3,L3
L2,H3,L1,M1,M1
L3,L1,L1,L1,L3
M1,L3,L3,L1,L1
L1,L2,L2,L3,L3
L3,BN,L3,L3,L2
L3,L3,L2,L2,H1
L1,L2,L3,L1,L2
L2,L1,H3,L3,L1
L3,L2,L1,M1,L2
L1,H3,L3,H3,H3
L1,L1,L2,H3,L3
M1,H1,H3,L1,L2
H1,L3,H2,L2,L2
L3,L2,L1,L2,BN
L1,H3,H1,L3,L2
L2,L3,L2,H3,L1
L3,M1,H1,L3,L3
L3,L3,L3,L1,H3
L1,L1,H2,M1,L3
L2,L2,L2,L2,L1
H2,H1,L3,H3,M1
M1,M1,L2,BN,L2
L3,L1,H3,M1,L1
L2,H2,H1,L3,L3
L2,L1,L1,L3,L1
H1,H2,M1,L3,H3
L2,L3,L3,L3,BN
L2,L2,H3,L2,H3
L1,L1,L2,H2,L3
L3,L2,M1,H3,L2
L1,L2,H2,H3,L2
L1,L2,H2,L3,L1
L3,H3,L2,M1,L1
M1,L1,L3,L3,L3
L2,L1,GL,L2,H3
L2,L2,BN,L2,L1
L3,H3,L2,L3,L2
L1,L1,L2,H3,M1
L2,H2,H2,L2,L2
H3,L1,L2,H3,L1
L2,L2,L2,H3,H1
M1,H2,L3,L2,L1
L1,L1,L3,L3,L2
M1,L1,L2,L1,L2
M1,L2,L3,L3,H2
L3,L3,L1,H2,L2
H1,L2,L1,L3,L3
L3,L1,H3,L1,L2
M1,H1,L2,L2,M1
L3,L2,L2,L1,L2
L3,L2,H2,L3,L3
L2,H3,M1,H3,M1
M1,L3,L3,H3,L3
L2,L3,L2,H2,H2
L3,L3,M1,L1,L3
L1,L3,M1,L3,L2
L2,L1,M1,H3,L2
L2,L3,L2,L1,L2
L3,L3,L2,L1,L3
L3,H3,M1,H3,L3
H2,L3,H3,H3,L1
L2,M1,L3,L1,L3
L2,M1,L2,H3,L2
L1,L3,L3,H1,L2
H2,L1,L3,L2,L3
L3,L2,L1,M1,L1
L2,H2,L3,L1,L2
BN,M1,L2,L2,H3
L1,L1,M1,L2,H2
M1,L2,L2,L2,L3
L2,L2,L3,L3,M1
L3,L2,L2,M1,L1
M1,H1,L2,M1,L2
M1,H2,L3,L3,L1
L1,L3,L1,L2,L1
L3,L3,BN,L3,L2
L2,L3,L3,M1,L3
L2,L3,M1,L2,L2
L3,M1,M1,M1,L1
L3,H3,L2,L2,L1
L2,BN,H2,H1,L3
L2,L3,H3,L2,L1
L3,L1,L3,H2,M1
M1,L1,L1,L2,L1
L3,L2,M1,L2,L3
L1,H3,L2,L3,L1
H3,M1,L3,L2,H1
L2,L2,L3,L3,L2
L3,L3,L1,L3,L1
H3,L1,L1,L3,H2
M1,L1,L2,L2,L1
L1,L2,L3,L2,M1
L2,L1,M1,L1,M1
L3,L3,H3,M1,M1
L2,H3,M1,L1,L3
M1,L1,L3,H3,M1
L3,L2,H2,L2,M1
L3,L3,L3,H2,GL
M1,M1,L2,H3,L2
H2,M1,L2,L3,L3
L1,L2,L3,L2,M1
L1,L2,L2,L3,L3
L2,L2,M1,L2,L3
M1,L1,L1,L2,H1
L2,H2,L1,L2,L3
H2,L3,H3,L1,H2
M1,M1,L2,H3,L1
L1,H3,L2,L2,L1
L3,L3,L2,L1,L3
L3,H2,L2,L1,L1
L2,L2,L3,H1,M1
L3,L1,L3,M1,H1
H2,BN,L3,H3,L1
L2,L2,BN,H3,H1
L3,H3,H1,L3,BN
L3,H2,H3,L2,L3
H3,L3,H1,L2,L1
H2,L1,L1,BN,L1
M1,M1,L1,H3,M1
L3,M1,L2,L1,L3
L2,H2,L1,L1,L2
L1,L3,L3,L2,M1
M1,L2,L2,M1,M1
L3,H2,L2,L3,L3
L2,L2,L3,L3,L1
L3,H3,L1,L1,L3
H2,L1,L1,H1,L3
H3,L2,L1,L1,H1
L3,H2,L1,L2,L2
H3,H3,L3,M1,L1
L3,H3,H3,H1,L3
H3,L1,L3,M1,L3
L1,L3,H2,L3,M1
L3,L1,H1,L3,L2
L3,H1,L2,L1,L3
L3,L1,L1,L3,L2
L1,L2,H2,L2,M1
L3,L3,L1,M1,L1
L2,M1,L2,L2,M1
L1,L3,L1,M1,L3
H3,M1,L1,L1,L2
GL,M1,L3,H1,L2
L2,BN,H1,L2,L2
L3,H2,L3,L1,L3
L1,H3,L3,L1,H2
L2,L3,H1,L3,M1
L2,L2,L1,L2,L3
M1,H3,H3,L3,GL
L2,L2,L1,M1,L2
L2,L1,L1,M1,L3
L2,M1,L1,L3,H2
L1,H2,M1,L3,L2
L3,H2,L3,M1,L1
L1,BN,L3,H3,L1
L3,L3,L3,L3,H2
L3,L3,L3,L2,L3
H3,H3,L3,L2,L1
L2,L1,L3,L2,L2
L1,L3,L2,L1,L2
BN,L3,L2,L2,H3
L3,L2,L3,L1,L3
L3,H3,L3,M1,L3
L2,L2,L3,L1,L1
L2,H1,H3,L3,L1
L2,M1,H1,L2,M1
L2,L1,L2,L1,L1
L3,H1,L2,M1,L3
L1,L2,L1,H2,L3
H3,L1,L2,L2,L2
L2,L1,H3,L3,L2
H2,L1,M1,M1,L3
L1,H1,L1,L2,H3
L3,L1,M1,L3,L3
L3,L3,H3,H3,L3
L3,L1,L2,L1,L3
L2,L2,L1,L3,M1
L3,L2,L3,H1,L2
L2,M1,L1,L1,L1
H3,H3,L3,L1,M1
L1,H3,GL,L3,L2
L2,M1,L1,L2,L3
M1,L2,L2,L2,L1
L2,L3,L2,L3,L2
L1,L1,L1,L1,M1
L2,L3,L1,L3,H2
M1,L2,L1,M1,L3
L2,L3,L2,L3,L3
L1,H1,L2,L2,L1
H1,L2,L1,L3,L2
L2,L1,L2,L3,L3
L1,L2,L1,H2,L2
L3,L3,L2,L1,L2
L1,M1,L1,L3,L1
L2,L3,M1,M1,L1
H3,L2,L2,H1,L1
L1,M1,L3,L3,H2
L2,M1,M1,L1,L3
L1,L1,L3,L1,L1
H3,M1,L3,L3,L2
M1,H1,L2,L3,L1
H3,M1,L3,L1,L2
L2,L3,L3,L2,H2
H3,L3,L3,M1,L2
L3,L1,L3,L1,L1
M1,H3,L2,L3,L3
L2,L1,L1,L1,L3
L3,L3,GL,L3,H2
L1,L2,L2,L2,L3
L3,L1,M1,M1,L2
H3,L3,L1,H1,H1
H1,L2,L3,L3,L3
H1,M1,L3,GL,L2
M1,GL,L3,L1,M1
BN,L2,L2,M1,L1
M1,M1,L2,L1,M1
M1,L2,L2,L3,M1
L2,L1,L2,L1,L1
H3,H1,L2,L1,L3
H3,M1,L2,L3,BN
H2,L3,H2,H1,L3
L1,L3,L1,H3,H1
H2,L1,L2,H3,L2
L2,BN,L1,H2,L1
L3,L3,M1,H1,M1
M1,L3,L3,L3,BN
L3,GL,L2,L3,L3
H3,M1,M1,M1,L1
H3,L2,H3,M1,L2
L2,L3,L2,L3,L2
M1,L2,L2,BN,M1
L2,L3,L3,M1,BN
L1,L3,L3,L1,L1
L3,L1,H3,L3,L1
L2,L2,L3,L3,L2
L2,L3,H3,L2,L3
L1,L3,M1,M1,L2
L2,L1,M1,L2,M1
M1,L1,L3,H3,L1
M1,L2,L2,L2,L2
M1,L2,L1,L2,H3
L2,H3,H3,L1,L3
H2,L2,GL,H3,L3
L2,L1,H3,L3,H2
H3,L2,L1,L3,H2
L2,L3,L1,BN,H2
L2,L1,L1,H2,L2
L1,L2,L3,L2,L3
H2,L2,L3,H3,M1
H1,H2,L2,M1,L3
L2,L3,L3,L1,L1
L2,L1,L2,L3,H3
L1,L1,L3,L3,H2
L3,L3,H3,M1,M1
L2,H2,M1,L1,BN
M1,L1,L3,L2,L1
H3,L1,L3,H3,L3
L1,L3,L3,BN,L3
L3,L2,L2,L3,L1
L2,L3,L2,L2,L1
L1,H3,L1,L3,M1
L1,L3,L2,L2,M1
BN,M1,L3,H1,L1
L1,H3,H3,L2,M1
L2,L3,L2,L3,L2
L1,L2,L3,L2,L1
L1,L2,L2,L3,M1
L1,H1,H3,H3,L1
L2,L2,L3,L3,L2
H3,L2,L3,L2,L1
L1,L3,H1,L1,L1
M1,M1,M1,L2,L3
L1,L1,L1,BN,L3
L2,L1,M1,L2,L3
L3,L1,L2,L1,L1
L3,L3,L3,L2,BN
M1,L2,H1,L2,L2
L1,L2,L2,L3,L2
L3,M1,L2,L2,L2
L1,L2,H2,L3,H2
M1,L3,L3,L2,L2
L2,L1,L1,L3,L2
L1,L2,L1,L2,L2
L1,H3,M1,L1,L3
L2,L3,M1,L2,H2
L1,L1,H1,L2,L2
L3,L3,H3,L1,L3
M1,H2,M1,L3,L1
L1,L1,M1,L2,H3
H2,L2,L2,L1,L3
L3,H3,L3,L2,L1
L3,H3,L2,L3,M1
L3,H2,L2,M1,M1
L1,L2,L2,L1,L3
L2,L1,L1,L3,L2
H3,L2,L1,H1,L1
L1,L1,L3,L1,L3
M1,H2,L2,H2,M1
L1,L2,L3,L3,L2
H2,L2,BN,L1,M1
L3,L3,L3,L1,L2
M1,L1,L2,L3,BN
L2,M1,L2,M1,L1
L1,M1,H2,M1,H3
L3,H1,L2,L2,L3
H3,L3,H3,L3,L2
L2,H3,L1,L3,L3
L2,H3,L2,M1,L1
L3,M1,M1,L2,L1
L2,L1,M1,H3,L3
M1,L3,H3,M1,L3
L2,H3,H2,L3,M1
L2,H1,H2,H1,BN
L1,M1,H1,L1,L2
L3,L3,M1,L1,L3
L3,L3,L1,BN,H3
L3,M1,H3,H3,H3
L1,L3,L1,H2,H2
L3,L2,L1,L3,L3
L2,L3,H2,M1,L1
BN,L3,L3,M1,L1
L2,M1,L2,L2,H3
H1,M1,H2,L2,L1
L2,L3,L3,L3,H2
L2,L3,L1,L1,M1
L1,L2,H3,L2,L1
M1,L2,L3,L1,H2
H2,L2,L2,M1,L1
H3,L3,L1,L1,L2
H3,L2,L1,L2,L1
L3,L1,L1,H3,H2
H2,M1,L3,L1,L2
H3,L1,H3,L3,L1
L1,L2,L1,L3,L2
L2,L3,L1,L1,H2
L1,L3,L2,M1,L3
L2,L2,L3,M1,H2
M1,H2,L2,L2,H3
L3,L1,L3,L1,H3
H2,L3,L2,L1,BN
M1,H1,L3,H3,H1
L1,L2,L3,L2,H3
L3,H2,L3,L2,L3
L3,L3,H2,M1,L2
H2,L2,L3,L1,L1
L1,H1,L3,L1,H3
L2,L1,L2,L3,L3
H1,L1,L2,H3,M1
L1,L3,L1,L3,L2
L1,H3,L2,L3,M1
L3,M1,M1,L3,L2
H1,H2,L1,L2,L1
L2,L1,GL,H3,L1
M1,H1,H2,L1,L1
M1,L2,L1,H3,M1
L1,H2,L1,M1,L1
L2,L1,M1,L1,L3
L2,L3,M1,L3,L3
L1,L2,L3,L3,L1
L1,L1,L2,L1,L2
H3,M1,M1,H3,H1
M1,L1,L1,L1,L1
M1,L2,M1,L2,L3
L1,L3,H2,L1,L2
L2,L3,L2,L2,L3
L3,H3,L3,L3,L2
L1,L2,L2,L3,L1
L3,H2,H3,L3,L3
L3,H3,H3,L1,L1
M1,H2,M1,L1,L1
H3,L3,L2,L3,M1
H1,L2,L1,L1,L3
L2,L3,H3,L3,L1
L3,H2,L2,H1,M1
L2,L2,L3,L1,M1
H2,L3,H2,M1,L3
L3,L1,L3,L3,L1
H2,H1,H1,M1,M1
M1,L2,L2,H2,L1
H1,L2,L1,L2,L2
L2,M1,M1,L3,L2
H2,M1,L3,L1,L3
L2,L2,L2,M1,L1
L3,L2,L3,H3,M1
L3,L2,M1,L3,H2
H1,L2,L2,H3,L2
L2,L1,M1,L2,H2
H2,H2,L2,L3,L3
L3,L3,H2,H1,BN
L1,L3,H2,L1,L2
L3,L3,L2,M1,L3
L3,L1,L3,H3,L1
L3,L2,L1,L2,M1
H3,L3,L1,M1,L3
L3,L1,L2,L1,L3
H2,L1,L2,L3,H2
L3,L2,H1,H1,L3
H1,L2,L2,L1,L2
L3,L2,L1,L3,BN
L3,L2,L2,L2,M1
L1,H3,L3,L3,H2
M1,H2,M1,L1,M1
L1,H3,L1,M1,M1
L3,L2,L2,L2,L1
L1,H2,L2,H3,L2
L1,L2,L2,L3,M1
L1,L3,H1,M1,L1
L3,L1,L2,H3,L1
L2,H1,L1,M1,L3
L3,H3,L2,L1,L3
L3,L3,L3,L1,M1
L3,L3,L3,H2,L2
L2,L2,L2,L3,M1
L2,L2,H3,H1,M1
M1,L3,L2,L3,L2
H3,H1,L2,L1,L3
L3,L2,H3,L2,H3
L2,M1,H1,L1,M1
L2,L1,L2,L1,L2
L1,L2,L2,L3,L2
L3,L1,H3,L3,L2
L3,M1,L3,BN,BN
L2,L3,H2,M1,L3
L2,L3,L3,L3,H1
H3,L3,L3,H3,L1
L3,L3,L1,L3,H1
M1,L2,L3,H3,M1
H3,L2,L2,L3,L1
H2,H3,L3,L3,L3
L3,L3,L1,L2,L3
L3,M1,L1,L1,L2
H2,L3,L2,M1,L3
M1,L2,L3,L1,L2
L1,L1,L2,L1,L1
L3,L3,L1,L2,L2
L3,L1,L3,L2,L1
L3,L1,L3,H3,M1
L1,L2,L3,L2,L2
L3,H1,L3,L2,L3
L2,L3,M1,L3,L2
BN,L3,H2,M1,M1
L2,BN,L2,L2,L1
L3,L3,L2,M1,M1
L3,M1,L2,L1,L2
L1,L2,H2,H2,BN
L1,L2,L1,L3,L1
H1,L1,H1,H2,H3
H2,L3,L2,L2,L1
L2,L2,L1,L1,L3
L3,L3,L1,M1,L2
H2,M1,L1,BN,L2
L1,L2,H3,L2,L3
L2,L2,M1,M1,L3
L3,L2,L1,L3,L3
L2,H2,H3,M1,L1
L3,H3,H1,H1,L2
L3,L3,BN,L2,L3
M1,L2,L1,M1,H1
L2,H3,M1,H1,BN
L1,H3,M1,L2,L1
L1,H3,M1,M1,L3
L2,H1,H3,M1,H2
M1,L1,L1,L3,L3
L3,L3,L2,H2,L3
L3,L3,L3,L3,H1
L1,H3,L3,BN,L2
L3,M1,L3,L1,H2
L1,H2,L2,L3,L2
L3,L3,M1,M1,L3
H2,BN,H2,L3,L2
L1,L2,L1,H1,L1
M1,H2,M1,M1,H3
L3,L2,L3,H2,H2
L3,L2,L3,L2,H3
H2,H2,L3,L1,L2
H2,L2,L3,L3,H2
H1,H3,M1,L1,L1
GL,L2,L2,L1,H3
L3,L1,L2,H3,L3
L1,L3,L3,L2,L2
M1,L2,H3,H3,L2
L3,H3,L3,M1,H3
BN,L3,L3,H2,L3
H3,L2,L3,L2,M1
L2,L1,L3,M1,L1
L1,L3,L3,L1,L3
L2,L1,L3,H1,L2
H2,H1,L1,L2,L2
L2,L3,M1,H2,L2
L1,H2,L3,L1,M1
M1,L3,L2,H2,M1
L1,M1,H3,H3,H1
H1,M1,M1,L3,L3
L1,L2,L2,M1,L3
H3,H3,L1,L2,L2
L2,H2,L2,L2,BN
L1,L3,L2,L2,M1
L1,L3,H3,H2,L1
L1,L2,L3,L1,L3
H2,L3,H3,L2,L2
H1,L3,M1,BN,L3
L3,M1,L2,L3,M1
L3,L3,M1,L2,H1
L3,M1,H3,L2,L3
L1,M1,H3,L2,L2
L1,L1,L2,M1,M1
H2,L3,M1,H2,L2
L2,L2,L1,L1,L3
L2,L1,L2,L3,L3
L1,L2,L1,H3,L1
L1,L2,L3,H3,L1
L3,L2,L1,M1,M1
L2,L2,M1,L2,M1
L3,L1,L1,L2,M1
L3,L1,M1,H2,L2
L3,L2,L1,L3,L3
M1,BN,L1,L1,BN
L1,L3,L3,M1,M1
L3,H2,L2,H1,L2
L1,L1,L2,M1,H1
H2,L3,L2,L3,L1
L1,L1,L1,L1,L2
L2,L3,BN,L3,L3
L2,L2,M1,GL,H2
L2,L2,L1,M1,M1
L2,L2,L2,H3,L1
H2,BN,L2,M1,M1
L1,L3,L2,L3,H1
M1,L1,L3,M1,L3
L3,H3,H2,H3,H3
L3,H1,L3,L2,L3
L3,L2,L1,L2,H3
L3,L3,L2,H1,L3
L2,L3,L3,L3,M1
L3,L1,M1,L1,L3
H2,L1,H3,H3,M1
L2,L1,L3,H1,L3
L3,BN,M1,L2,L3
L1,L3,L1,L3,M1
M1,L3,L1,L3,L3
BN,L2,L2,H2,L1
L3,H2,L3,H1,L2
H3,L2,L1,M1,L1
M1,H3,L3,L1,H3
L3,M1,L3,M1,L2
L3,L3,M1,L3,M1
H1,L3,H1,L3,H2
L3,L3,L2,L1,L3
H1,M1,L2,M1,M1
L2,H1,L2,L1,L3
M1,L3,H3,H3,L1
L2,L1,H2,L3,L2
H2,L3,H2,BN,L3
L1,L3,L3,M1,L3
L1,BN,L2,L1,L2
H2,L2,M1,H3,L3
M1,L3,H2,L1,L1
L2,H3,H2,L3,L2
L2,L1,L1,L3,L2
L1,M1,L2,H1,L1
L2,L3,BN,H2,L2
L3,BN,H3,H1,L1
H3,L3,L3,L1,L3
L3,L2,H2,L2,M1
L2,L1,M1,H1,L2
M1,L3,L2,L2,H1
L3,L2,L3,L3,L1
H3,BN,L2,L2,M1
L2,L3,L2,L1,L3
M1,L2,L3,BN,H1
L3,L2,L1,L3,M1
L3,H3,L3,H3,L2
L3,L2,L2,L3,L1
M1,H1,L3,L3,L3
L2,L3,L3,L1,L1
L1,H1,M1,H1,H1
L2,H3,L2,L2,BN
L2,M1,L2,L2,L3
L1,L2,L1,L2,L3
L2,L2,L2,L1,GL
M1,BN,M1,H2,H3
H3,L2,H1,L3,L3
L2,L3,M1,L3,L1
L3,L3,M1,BN,M1
L3,M1,L1,M1,H3
H1,L1,L3,M1,L2
L2,L2,L1,L2,L2
L2,L1,H2,L1,L3
M1,L2,H2,M1,L3
L1,L2,H3,L2,L3
M1,L1,L2,L2,L3
H2,L3,M1,L3,L3
L2,L3,H2,L2,H2
L3,L2,L3,L2,L2
L3,L3,M1,H1,L1
L2,L3,L1,M1,L1
L1,M1,L3,L2,L1
L3,L1,L2,M1,L3
H3,L1,L3,L1,H1
L3,L3,L1,L2,L1
H1,BN,L2,L3,L3
BN,M1,L1,L2,M1
H2,L2,L2,M1,H3
L3,L2,H2,L2,M1
M1,L2,M1,L3,L3
L3,M1,L2,L3,L1
M1,H3,L1,L1,M1
L2,H1,L2,L3,L3
L2,BN,H2,L3,H1
L2,L3,L2,L1,H3
L3,L1,L2,L1,L1
L3,L1,L3,L1,L2
GL,H3,L2,L1,H2
L1,L2,H2,L3,L2
L3,L3,L1,H3,L3
H3,M1,L3,H2,L1
H3,M1,L2,H2,L2
L1,H1,L3,L1,L1
L3,L1,L2,L2,L3
H3,L2,L3,L3,L2
L3,L3,L3,M1,M1
L3,H2,BN,H2,L2
L2,M1,H3,L3,L3
L2,L2,L3,L2,L3
L1,L3,M1,H1,H3
L3,M1,L3,L1,H3
H3,L3,BN,H3,H3
L2,H2,M1,L3,L1
L1,L3,L2,L2,L2
H3,M1,L3,L3,L3
L1,L1,L1,L1,L3
M1,H3,L1,L1,M1
L3,M1,L2,L3,M1
L2,L3,L1,H1,L1
L2,L3,L2,L1,H3
L3,H3,H2,L2,L1
L3,L1,L3,M1,L1
L1,L3,M1,H1,L1
L3,L2,L2,M1,M1
H2,L1,H3,H1,L1
L3,L3,L1,L2,L1
L3,L2,L3,L1,L2
L2,L3,L3,L2,H1
M1,L2,L3,L2,H2
L3,L2,L3,L3,L3
BN,L2,L1,L3,H3
L1,BN,L2,L1,L1
H1,L1,M1,L3,L1
L2,H1,L3,L3,M1
L2,L1,L1,H3,L2
L1,L3,L3,H1,M1
H3,L2,L1,L3,H1
L1,H1,L1,L3,M1
L3,L2,H1,L3,L2
L2,M1,L1,L2,H3
M1,L3,L1,L2,L1
M1,L3,M1,M1,L1
L3,M1,L1,L2,L3
H3,L2,L1,L2,L1
H2,H2,L3,L1,BN
L2,L2,M1,L3,L2
M1,L2,L3,H2,L3
L2,H3,L2,L2,L3
M1,L3,L3,L2,M1
L2,L1,H2,L2,L2
M1,L3,H3,L2,H2
BN,H3,H1,M1,M1
M1,H2,L2,M1,H2
H3,L3,L3,L2,M1
L1,L3,L3,L3,L1
L2,L2,M1,H2,M1
L2,H1,M1,M1,L3
L3,M1,L2,L1,L1
L1,H1,L2,L2,H3
L3,H1,L1,M1,H3
L3,L1,L1,L1,L3
L2,L3,L3,M1,BN
L3,L2,L2,L3,L1
H1,H2,M1,L1,H3
BN,H1,H3,L3,L1
L3,L1,L1,L2,M1
L2,L3,L1,L1,L3
L3,L2,H1,L1,L3
L2,H2,L2,M1,H1
L2,M1,L1,L2,L3
H3,L2,L1,L2,L3
H2,H3,L2,L1,L3
H2,L2,L1,L1,L3
L1,L3,BN,H2,L1
L3,L3,L1,L2,L2
L2,L2,L2,L3,L3
L2,L2,L2,L3,L2
L2,M1,H3,L3,H2
L3,H3,L2,L3,L1
L3,H2,L3,M1,L3
L1,L2,L3,L3,L1
H3,BN,BN,L3,L1
L1,L1,L1,H1,BN
M1,M1,H1,M1,L1
M1,L1,L3,L3,L1
L2,L1,H1,L2,L3
L2,L3,L2,L2,L3
L3,L3,L1,L1,L3
H2,L1,H3,L2,L3
L2,L3,L2,L1,L1
L2,L1,L3,L2,H1
L2,L3,BN,L3,H3
M1,L2,M1,L2,L2
L1,L2,L3,L2,L2
L3,H3,L3,L3,L1
L1,L3,L1,L3,L3
L3,L1,L2,H3,M1
L1,L1,L1,M1,L2
L2,H3,L1,L3,L3
L1,L1,H1,M1,M1
L2,L3,L2,L2,L3
M1,L3,M1,L2,L3
L1,L2,L2,H3,L1
L3,L2,M1,L1,L3
H3,L1,M1,L1,L1
L1,L2,L3,H3,L2
GL,L1,L3,L1,L1
M1,L3,L2,L2,L1
L3,L3,L2,L1,L3
L2,L1,H1,L3,L1
H3,L2,L2,L1,L3
L1,L2,L2,L3,L2
L1,L2,M1,H3,L2
M1,L2,L1,L3,L1
L1,H1,H3,L2,L3
L1,H3,L2,H1,L1
BN,L1,L1,L3,M1
L3,L3,L1,L1,L3
L3,L1,M1,L1,L3
H1,L3,L1,L2,L1
M1,L3,H2,L2,L2
L2,M1,L3,H1,L1
L3,L1,L3,H3,L3
L2,M1,H3,L3,L1
H3,L3,H3,L3,L1
L2,L1,L3,M1,L3
L3,L2,L2,L3,L1
L2,L1,M1,H2,L3
M1,H2,L2,L2,M1
L3,L1,M1,L1,L1
L2,M1,L1,H2,L1
L1,L1,L2,L1,H1
L2,L2,M1,L1,L1
L1,H3,L3,L1,L2
BN,H3,L2,H2,L1
M1,H3,L3,M1,L2
L3,H1,M1,H2,H2
L2,L1,BN,L1,L2
H3,L2,L3,H3,H3
L1,H3,L3,M1,H1
L2,L2,L2,BN,L2
L2,L3,L1,H2,L2
H1,L3,L1,L2,L1
L1,L3,L3,M1,L3
L3,L3,H2,L3,H2
L1,L3,M1,L3,L3
L1,H3,L3,H3,L3
L2,L1,L1,L1,M1
L3,L1,L1,L1,H2
M1,M1,L3,L2,L1
M1,L3,L3,L1,L1
L2,L2,L2,L3,H1
L2,L3,L3,L3,BN
BN,L1,L2,L2,L3
L1,M1,H3,L2,L3
H2,L1,H1,L3,H3
L2,BN,H3,M1,L1
L3,H1,H2,L1,L3
L3,L3,L3,L3,M1
L1,L3,L1,M1,L3
L1,M1,L2,H1,L3
L1,L3,H3,M1,L2
M1,L1,L3,L2,L2
L3,L2,L3,L1,L2
BN,L3,L2,L2,L1
L3,H1,L3,L2,M1
L2,M1,L3,L2,L2
M1,L1,H3,H1,L3
L1,L2,M1,L2,L2
M1,H2,H3,L3,L1
L1,L3,H3,L2,L1
L3,M1,L1,L2,L1
M1,M1,L1,L3,H2
M1,H3,L2,L3,M1
M1,H1,L3,L3,BN
L2,H2,L1,H2,L2
L1,H2,L3,L3,L2
L2,H1,L3,L2,L3
L1,L3,M1,H1,L2
L2,H3,L2,L3,L3
H1,M1,BN,L2,H2
L1,L2,L1,L1,L2
L2,L1,L1,L3,H3
L3,H3,L1,L3,H3
H2,M1,L1,L3,L2
L2,L3,L1,H2,H3
L1,L2,L3,H1,L1
H1,H1,M1,L1,M1
L2,L2,L3,H3,L1
L2,L2,L1,H3,L3
M1,L1,L1,L3,L3
L3,H1,L3,M1,L1
L1,H1,H3,L3,L2
L1,L1,L3,L1,L1
H2,L3,L2,L3,L2
H2,L2,L2,H3,L2
L2,H2,L1,BN,L2
H3,BN,M1,L2,L3
L2,L3,M1,H2,L2
L2,M1,M1,M1,L3
L3,L2,L1,L2,H2
L3,L3,M1,L2,L1
H3,L3,L3,L1,L1
L3,M1,H2,L3,M1
L1,H1,H1,BN,L3
L1,H3,L3,L2,L1
H1,H3,H3,M1,L3
L3,L3,L3,L3,L1
H2,L2,L1,H2,L3
L1,L1,L2,L3,L3
L1,L2,L1,H2,L2
L3,L2,L1,H3,L3
M1,L1,H3,L2,L2
L3,L1,L3,L2,L1
M1,L3,L1,L2,M1
H2,L2,L1,M1,L2
L1,M1,L3,L2,L1
L3,L3,L2,M1,H2
L3,L2,H3,H2,M1
H3,L2,L2,M1,L3
L3,L1,L2,L2,L1
H3,L2,L3,H3,L3
L1,L3,H3,L3,H1
M1,L3,L2,L3,L1
L3,L2,M1,L1,L2
M1,H3,H3,H3,M1
L1,H3,M1,H3,L1
BN,L2,L3,M1,L3
L2,H3,L3,H1,L1
L1,H3,M1,M1,L2
L3,H3,H3,L2,L1
L3,L2,L3,L3,M1
H3,L3,L3,L2,L2
L3,L1,L2,L2,L2
L1,H1,L3,L2,L3
L2,L3,L2,L1,M1
L1,L3,L1,L2,H3
L3,L1,H3,L3,L2
L1,L2,BN,H2,L2
L2,H1,L1,L2,L1
L3,L2,L3,H3,L3
L2,M1,L3,H3,L3
L3,L1,L2,L1,BN
M1,L2,L3,L3,L3
L3,L3,L3,H3,L1
M1,M1,L1,L3,L2
H1,H3,L2,H1,M1
L2,H1,M1,L2,H3
L1,H1,L3,L2,L1
L2,M1,L3,L2,L3
BN,L3,L3,BN,L1
L2,L1,L1,L1,H3
L3,BN,H3,H3,L1
L2,L3,L2,L1,L2
L3,L1,L3,H2,L2
L1,M1,L1,L3,H2
BN,L3,L3,L3,L3
L2,H1,L2,L3,L2
L3,H3,L3,L1,H3
H1,L3,L3,L1,L3
L1,M1,L1,L2,L3
L3,L3,L2,L3,L3
L1,L2,L2,L1,M1
H3,H2,H3,M1,L1
L2,L2,M1,M1,L1
H3,H3,L1,L2,L2
L2,L2,L3,L3,L1
L3,L2,BN,L3,L3
L3,L2,M1,M1,M1
H2,H2,L1,L3,L3
L3,L1,L2,BN,L1
L3,M1,L2,L1,L1
L3,M1,H2,L1,H1
L1,L2,L1,L3,M1
L1,L1,L1,H3,L2
L1,L3,M1,M1,L3
L1,L3,H3,L1,L2
L3,L3,L2,M1,L1
L1,H2,L1,M1,L1
M1,M1,L1,L1,L2
L2,L1,L3,L1,BN
L3,L3,M1,L3,H2
L3,L3,L1,H3,L2
L3,H2,L2,H2,H1
L3,L2,L1,L3,M1
H3,L1,L2,L3,L1
L3,L2,L2,M1,L3
H1,M1,H3,L2,M1
L3,L3,L1,M1,L1
L2,M1,H3,L2,L2
L3,L1,BN,M1,L1
H1,L1,L3,L2,L1
L2,L2,L1,M1,H1
H3,L1,M1,L2,BN
L2,BN,L3,L2,L3
L3,L3,L3,H2,H1
L3,L1,L1,L1,L1
L1,H1,H2,L2,L1
L3,L1,L1,L1,L2
H3,L1,L2,BN,L3
M1,L2,L1,H3,L3
L1,L3,M1,L1,H1
L1,H3,L2,L3,L2
L2,M1,L2,L2,L2
L2,L3,H3,L2,L2
L2,H2,L1,H3,H3
L3,M1,L3,M1,L1
L1,M1,M1,L1,L3
H3,H3,L3,H3,M1
L1,H3,L3,L2,H3
L2,L3,L3,L3,L1
H3,L2,M1,L2,L2
L2,L3,H3,L3,L1
L1,L3,L3,L2,H3
L2,L1,L2,L3,L1
M1,L2,L3,M1,H3
L3,L2,BN,H3,L2
L2,H2,L1,L1,H3
M1,M1,L1,L2,L1
L3,M1,L2,M1,L1
M1,H1,L3,H2,L1
L3,L1,L2,L1,L2
L3,H1,L1,H3,L1
L3,L2,L2,L3,L3
L3,H3,L1,H2,H2
L2,L3,L2,L2,L1
L2,L1,L1,H3,L3
L1,M1,L3,L2,L2
L3,L3,BN,M1,L3
L2,M1,L2,M1,H3
H3,L2,L2,H3,L2
L3,L3,L3,L1,M1
L3,L2,L1,L3,L3
L3,L3,L3,H3,L2
M1,L1,L3,M1,M1
L2,L1,L3,L3,L1
M1,M1,L1,L2,H3
L2,L1,L3,H2,L1
M1,L2,H2,L3,L3
L3,H3,L1,L3,H2
M1,L3,M1,L2,H2
L2,H1,L2,M1,GL
BN,H1,L1,M1,L3
L3,L2,BN,L1,L1
M1,L2,H1,L1,H2
M1,L2,L1,L2,L1
L1,L1,L1,L3,H1
M1,L1,L3,L3,M1
L1,H1,H1,M1,L1
L3,L1,L3,M1,M1
H3,L3,L2,H3,L3
L3,L3,M1,H1,L3
M1,L3,L2,H3,L1
M1,L1,L3,H2,L2
H3,L2,H3,M1,H1
H3,L2,BN,H2,L2
L3,L3,L1,H1,L3
L3,L3,L3,L2,M1
L3,L2,L3,L2,H3
L1,L2,H1,M1,L2
H1,H1,L2,L3,M1
L3,M1,H3,L2,L1
H3,M1,L2,L3,L1
L3,BN,L3,M1,H3
L3,H3,L2,L3,H1
L3,L3,H3,L3,L3
L2,L1,L2,M1,L2
L1,L3,H3,L1,M1
L2,L3,L3,H3,M1
L3,L3,H2,L3,H3
M1,H1,L1,L3,BN
H3,L3,L2,L3,H3
L2,L1,H1,L3,M1
L2,L2,BN,L2,L3
L3,L1,L1,L2,L3
L2,L2,L1,M1,L2
H3,H3,L3,L1,M1
L2,M1,L1,L1,L3
M1,L2,L2,L2,L2
M1,M1,L1,L3,H3
H2,M1,L1,H3,L1
L3,H3,L1,H3,L3
L2,L1,L3,H3,H3
L1,L1,L2,L3,L2
M1,L3,L3,H2,H2
L2,H3,M1,L2,L2
M1,H2,L1,L2,H2
L3,BN,H3,L1,L2
BN,L2,L1,L3,H3
L3,L2,L3,H2,L1
H1,L2,L2,L2,H2
L3,L1,H3,L1,L1
L3,M1,L3,L3,L1
L3,M1,L2,L2,H1
H3,M1,L2,L2,L3
L3,L3,M1,H3,L3
M1,L3,H2,L1,L3
H1,L3,M1,L2,L3
L3,L2,L1,M1,L3
L2,L2,L2,L2,L1
L3,L2,L2,H3,H1
L1,L3,L3,GL,M1
H2,L1,L3,L2,M1
L1,L1,H1,L2,L3
L1,H1,L3,H3,M1
M1,L2,L2,L3,L3
M1,L1,L1,L2,L2
L2,L2,M1,M1,L3
L2,BN,L1,L3,M1
M1,M1,L2,L2,M1
H1,L3,L1,L1,L1
M1,H2,L1,L1,L1
M1,M1,L2,L1,H3
L3,L3,BN,L3,BN
L1,L2,H2,L3,L3
H3,H3,L1,L3,L2
M1,H3,L1,L2,L3
L2,L2,L2,L3,L3
L1,L3,H1,L2,L1
L3,L1,L2,L3,L3
L1,L1,L2,H3,L1
L2,H3,L3,L1,H1
L2,H3,L1,L2,M1
L2,L1,L2,H2,BN
L2,L1,L3,L3,L1
L1,M1,H1,L2,L3
L1,L3,M1,M1,L2
L3,L3,H1,L2,M1
L1,L2,L3,L2,L3
L1,L3,H2,L2,M1
L2,H1,H1,M1,L3
H2,L1,H1,BN,M1
M1,L2,L3,L1,L3
L3,H2,BN,L1,H3
L1,L3,H3,L1,BN
L2,L3,L3,L3,L3
L2,H1,H2,L2,L3
L3,L3,L3,L2,L2
L1,L2,L2,L2,L1
H1,L1,L3,H2,L2
H2,L1,L1,L2,H1
M1,H3,M1,L1,L2
L3,L1,L1,M1,H3
L3,H2,L1,L2,L2
H3,L2,L3,L3,M1
M1,L2,H1,L1,L2
M1,L1,L3,L3,L3
M1,L1,L1,L3,H2
BN,L3,H3,M1,L3
M1,L1,M1,H1,L2
H3,L2,L3,L3,H3
H2,L2,L3,L3,L1
H2,L2,M1,L1,L3
L1,M1,H1,H3,L2
L1,L2,L3,L2,M1
M1,H1,M1,L2,H2
L1,L1,L2,L3,L3
H2,L2,L2,M1,H2
L2,H3,L1,L2,L2
H1,L1,L3,L2,H2
L3,L1,H3,H3,L2
L2,L3,L2,L3,L3
H3,L1,H3,L2,H3
L2,H2,H3,L3,L2
L2,L3,L3,L3,H3
L2,L3,L1,L2,L3
L2,H3,H3,M1,M1
L3,L3,L2,L1,L3
L3,L2,L2,L2,L1
L1,L2,L2,L1,L2
L3,H2,M1,L3,L3
BN,L3,BN,L2,L3
L1,H3,L1,L2,L3
L2,L2,L3,H3,L3
L2,L2,M1,L2,L3
L2,L3,H3,L1,L1
H3,L1,L3,BN,M1
BN,L1,L1,L2,L2
L3,L1,L2,L1,L2
H3,BN,L1,L3,H1
L1,L1,L2,L2,H2
L1,L1,L2,L3,L2
L3,L1,L2,L2,L2
L1,L1,L2,L1,L1
L1,L1,L3,L2,H3
L3,L3,L2,L3,M1
H1,L3,L2,M1,H1
L2,L3,L1,L1,L1
H3,L3,L1,L2,L3
L1,M1,H1,L1,L2
L3,L2,L3,L3,H3
M1,L2,H3,L1,L1
L2,H3,L3,L3,M1
L3,L3,L1,L2,M1
M1,H2,L1,L3,GL
M1,L1,L3,L2,M1
BN,M1,L1,L3,L1
L3,M1,L3,L3,L2
L2,M1,M1,L3,M1
L2,L1,M1,L1,L3
H2,H3,L2,H3,L3
L1,M1,H2,M1,M1
L2,L2,L3,L1,L2
M1,L2,L3,H3,M1
M1,M1,L1,H3,L3
L3,L3,M1,L3,L3
L1,L2,H2,L3,M1
M1,L3,H3,L3,L3
L1,L3,BN,L2,L1
L1,BN,H2,L2,L2
L3,M1,M1,L2,L3
L1,L1,L2,H2,L2
L2,L2,H2,L3,L1
M1,M1,L1,L2,L2
H3,L3,L2,L3,L3
H1,L3,H2,L2,L2
L2,L2,L3,L2,M1
L3,L2,L1,L1,M1
M1,L3,L3,H2,L1
L2,L1,L1,L1,M1
L3,L1,L1,M1,L2
M1,L3,L2,L3,M1
L1,M1,L2,BN,L3
L2,H3,L2,H3,H3
L3,L1,L1,L1,L3
H3,M1,L3,L3,H1
L3,L2,M1,L1,L1
L1,L1,L3,H3,M1
L1,M1,L3,H2,H2
H2,L2,L1,L2,L3
L1,L3,H3,L3,L2
L3,L3,L3,L1,L2
H1,L3,H3,L2,L2
L1,L3,M1,L3,L3
L3,L3,L3,L1,L1
L3,L1,M1,L1,L2
L1,L1,L1,L3,H3
L3,L1,L3,BN,L3
M1,L1,H3,L1,L3
L3,M1,L3,H3,H1
L2,M1,L2,L1,M1
L2,L3,H1,L1,BN
L2,H2,H3,L2,H3
M1,L2,L3,L1,L3
M1,L3,H1,L2,M1
L2,L3,H1,L2,L2
H1,H3,H3,L3,L3
BN,M1,L3,L3,L3
L2,L1,M1,L2,L2
L3,H2,L1,L1,L1
L2,H1,H2,M1,L2
L3,L2,L1,L1,L3
M1,M1,L3,L3,L2
L3,L3,L1,L2,M1
L3,L3,L2,L1,L2
L1,L1,L1,H3,L1
L2,H2,L1,L1,L2
L3,L3,L2,L2,H3
L1,L2,L3,L3,BN
L1,L1,L2,L2,L3
M1,L1,L2,L2,L1
L1,L3,H3,M1,H3
L3,L1,L2,L1,L1
M1,M1,L2,L3,L1
L3,H2,M1,L2,L3
H3,H2,H3,M1,L2
L1,L3,BN,L1,L2
M1,L1,L1,L2,L1
L2,L1,L3,H3,L1
L2,H3,L3,L1,L1
H1,L3,H2,H2,L3
H3,L1,L3,H3,L2
L3,L1,L2,L2,L1
H3,L2,L3,L2,L2
L1,L2,L3,L3,L1
L2,L3,L3,L1,L3
M1,L1,L2,L2,L1
L1,L1,L2,L2,L1
L1,M1,L3,L1,L2
H3,L1,L3,L3,M1
L2,L1,L2,L1,L1
H2,H1,L3,L3,L2
M1,L3,L1,L3,M1
L3,L3,M1,H3,L2
H2,H2,L2,H2,H3
L2,L3,L1,H3,M1
H3,L2,L1,H1,GL
L2,L3,L2,L2,L1
L1,H2,L1,H2,L2
L3,L3,L3,L1,L3
L1,L2,L3,L1,L3
L1,M1,M1,L3,M1
L1,L3,M1,H2,GL
H3,H2,L2,L3,L1
L3,M1,L1,L1,L1
H1,M1,L1,L1,L2
L2,H3,M1,L2,H3
L1,H1,M1,H1,L3
M1,L3,L2,L1,H2
L3,H3,L2,M1,L2
H2,L3,L3,L1,L2
GL,L3,L2,L2,H3
L2,L2,L3,M1,H3
L3,H1,L2,L1,L3
BN,H2,M1,L3,L1
L2,L1,L2,M1,M1
L3,H1,L1,M1,L2
H3,L1,L3,L3,L3
M1,L2,H2,L2,L2
L2,L3,L3,L3,L2
L2,L3,M1,H1,L1
L3,L3,M1,L3,L2
L3,L3,L3,L1,BN
H1,L2,H1,L2,L3
L3,L2,L2,L3,M1
H3,L1,L1,L2,L1
L3,M1,L2,H2,L2
L2,L2,L3,L1,L1
L2,H2,L2,L2,L1
GL,L3,H1,H2,GL
L1,L2,L1,L3,H2
M1,H2,M1,L3,L3
H3,L2,L2,L1,BN
L2,L3,L3,L1,L3
L2,L1,L1,L1,L3
L1,L3,M1,BN,L1
M1,L2,H3,L2,L2
L1,M1,H3,L1,L3
L1,H2,H1,L2,L2
H2,L2,L2,M1,H3
H2,H1,M1,L1,L3
H1,L3,M1,L2,L2
H3,H3,L1,L2,L3
L3,L1,M1,L1,L1
M1,L1,L2,L2,L2
L3,L3,L3,L2,L3
L1,L1,L2,L3,L2
L3,L1,H3,L1,L1
L2,L1,M1,L1,L2
L3,L3,M1,L2,L2
L3,M1,M1,H3,L1
L1,L3,H2,H2,L3
H3,L2,L1,L2,H2
L3,L3,L1,H3,L2
L2,L3,L3,BN,L3
H3,L2,L2,L3,M1
L2,BN,L3,L1,BN
H3,L1,L3,M1,L3
L3,L3,L2,L3,L1
L1,L1,L1,L2,L1
L1,L2,M1,H2,L3
L3,L3,L1,L3,L2
H3,L1,L2,L1,L1
L1,L2,L3,L2,L2
H3,L3,H2,L1,L3
L2,L3,L3,L1,L2
M1,L1,L2,H2,M1
M1,L1,L1,L3,H2
H2,H2,M1,BN,L3
L2,L2,H1,H2,H3
L2,L3,M1,L2,L1
H2,L1,L3,L3,L3
L1,L2,L1,L3,M1
L2,L2,L3,L2,L3
H3,L2,L1,L2,H2
M1,GL,M1,H3,M1
L2,H3,H3,H1,L1
L2,L2,M1,L3,L2
L1,L1,L1,L1,M1
L1,L2,L3,L1,L2
L1,L2,H3,L3,M1
L2,L1,H2,H3,L1
L1,L1,L2,L3,L2
L1,L2,L1,L1,L3
L2,L1,L3,H3,L1
M1,L3,H1,L2,L1
L2,L1,L3,L1,L1
H1,L2,L2,L1,L3
L2,L1,H3,H2,M1
L2,H1,H1,L1,L2
L2,L2,L3,L2,M1
L3,M1,L2,BN,L1
L3,BN,L2,L1,L2
L2,L3,H2,L3,L3
L3,L1,H1,L3,L2
M1,L2,L2,H3,L2
L1,H1,H3,L2,BN
H1,M1,L2,L1,L1
L2,H3,L3,H3,H2
L1,L3,M1,L2,L3
L3,L2,L2,L1,L1
L2,L2,H2,L2,L2
H3,L3,L2,L3,L3
L1,H3,BN,L2,L2
M1,L3,L3,H3,L2
L2,L3,L2,H3,L1
L1,L2,H3,L2,H3
L3,L1,H1,H1,M1
H3,L2,H3,M1,H3
L1,L2,L1,L1,L3
L1,L2,H2,M1,L2
L3,L2,L2,L3,L3
L2,L2,H3,H1,H1
L1,L1,GL,L2,H2
M1,L3,L3,H1,L3
L1,L3,H2,H1,L3
L3,L2,L1,L3,L1
M1,L2,M1,L2,M1
L3,L3,M1,L2,L1
L3,GL,L1,L2,L1
L2,L3,L2,M1,L1
M1,L1,L3,L3,H3
L1,H3,L3,H2,L2
H3,L2,M1,BN,H3
L1,L3,L2,L3,M1
H3,M1,L3,L2,L1
L2,L2,L3,L3,L3
M1,L2,L1,L3,L2
L3,M1,L3,H3,H1
L1,L2,L2,M1,M1
L2,L1,L1,L2,L1
H2,L2,L3,L1,H3
H1,L3,L1,H3,BN
L3,L2,L3,L2,L3
H1,L2,L2,H3,L1
L2,L3,L3,L1,L2
H3,L3,L2,L1,H2
L1,L1,M1,L3,L1
L3,L2,H3,L3,H3
L1,L3,M1,L3,L2
L1,M1,BN,H2,L2
H2,H1,L3,H2,M1
L3,L2,L1,H1,L3
L2,H1,M1,H1,L1
L3,L2,L3,M1,M1
L2,GL,M1,L3,L1
L3,L1,M1,H1,L1
H2,L3,M1,L1,H1
L3,L2,L1,L2,L3
L1,BN,L3,L1,L3
M1,L1,H3,L1,L3
M1,L1,M1,L1,L3
H3,L1,H3,M1,H1
L1,L3,H3,M1,H1
L3,M1,M1,L2,BN
L3,H3,L1,L1,L1
M1,L1,L2,L2,L1
L1,L1,M1,M1,H2
H1,BN,L3,L1,L2
L3,L3,H3,H2,L3
H2,L1,M1,L2,L2
L3,L2,H1,M1,L2
H2,L2,L3,M1,L1
L1,L3,M1,L2,H3
L3,L2,BN,L3,L3
L1,H2,H2,L2,M1
L3,M1,M1,L2,M1
L2,L3,L2,BN,L2
L2,H2,L3,L2,L2
M1,L2,L2,H3,L3
L1,L3,L1,L2,L3
H2,L3,L2,L1,L2
L2,L1,L3,L1,H1
L2,L1,L2,M1,L1
L1,L3,M1,H2,H2
M1,L3,H2,H3,L2
M1,L3,L3,H3,L3
L3,L3,L1,M1,L1
M1,H2,L1,M1,L3
L2,L3,L1,M1,L1
L3,L3,L2,L3,L2
L2,L1,L3,L1,H1
L1,L1,H1,L3,H1
BN,L1,L3,L1,L3
L3,L2,M1,L2,M1
H2,M1,L3,L3,H2
L3,L1,L2,M1,L1
M1,M1,M1,H2,L2
L3,L2,L2,L2,L1
H2,M1,L3,L2,L2
H2,H1,L2,M1,L3
L3,L3,H1,L1,L2
M1,M1,L3,M1,L2
L3,L3,L2,H2,H2
L2,H2,L1,L1,L2
BN,L1,L3,L1,M1
L1,L3,H1,L3,H3
L1,L2,H3,BN,L1
L2,L1,L1,H3,L3
L1,L3,H2,H1,L2
L2,H3,L3,L1,L3
L2,H1,H1,H3,L1
L3,H2,L3,L3,H2
L3,L1,M1,L2,L1
L1,L2,L2,L2,H3
H2,L1,L3,BN,L3
H1,L2,M1,L1,L1
L1,L3,L1,L2,L3
L1,H3,L1,H2,L3
H2,L3,H3,L3,L1
L2,L2,L1,L2,L1
L3,H3,L2,H2,M1
H1,L3,L2,L1,H3
L2,L1,M1,L1,L1
L1,L2,L3,BN,L2
M1,H2,L2,M1,BN
L2,L3,H3,H2,L2
H1,H3,L1,L1,L3
L1,L1,H3,L3,L3
L1,L1,H2,L3,H2
L3,L3,L2,M1,L2
L2,M1,L2,L3,L3
L3,L1,L2,L3,L1
L3,L1,L2,M1,L3
L1,L3,BN,L2,H1
H1,H3,L2,BN,M1
M1,L2,L1,L1,H3
L3,L3,M1,L3,M1
M1,GL,L2,M1,M1
H3,H3,H1,L1,L1
M1,L1,L1,H1,L3
L3,H3,H1,L3,H3
L1,L3,L3,L3,L1
L3,L1,L3,L1,M1
L1,L2,H3,L3,L3
L1,L3,L1,L3,M1
L2,H1,L3,H1,L2
M1,L3,L2,L1,L2
L2,L2,L2,L3,M1
L2,L3,L2,L3,L1
M1,L1,M1,H2,L1
L3,L2,L3,L2,H3
H1,L3,L3,L2,H3
L1,L1,L1,L3,L1
H2,L3,H1,L3,H1
L2,L2,H3,M1,L2
M1,L2,L2,M1,L2
H1,L2,H3,L3,H2
L3,L1,H3,M1,L1
L1,L1,H3,L2,H2
L1,L1,H3,BN,L2
L2,BN,L2,L1,L2
M1,M1,L2,GL,L3
L3,L1,L3,H1,L3
L2,L1,M1,L2,L3
L2,L2,L3,L2,L1
L3,L1,L2,H3,L1
L1,L1,H2,L2,L3
H2,M1,H3,L3,M1
H3,L2,H2,L2,L3
L2,L2,L1,L1,L2
BN,L3,L2,M1,L2
H1,L2,L3,L2,L1
L2,M1,L1,H3,H3
L3,H3,M1,L3,L2
H3,L1,L3,L2,L2
L3,L3,L3,L1,H3
L2,L2,L2,L1,H3
M1,L3,L1,L2,L1
L2,L2,L3,L2,L2
L1,M1,H3,M1,M1
L3,L3,L2,L2,L3
L2,L1,H3,H3,L1
L3,L1,L1,L3,L3
M1,L3,L1,L2,L1
L1,L1,L3,L3,L1
L2,M1,M1,L3,L3
L1,L2,L2,L3,L1
L2,H2,L3,L3,M1
M1,L1,L3,L3,L3
L1,H2,L2,L3,L3
L3,L2,BN,L3,L1
L2,L3,M1,M1,H3
H2,L3,L2,L3,L3
M1,M1,L2,L2,M1
M1,M1,H3,L1,L1
M1,H3,L2,H3,L2
BN,H3,L1,L2,L3
H3,M1,L2,L2,L3
L3,L3,M1,L1,M1
H2,L2,M1,L2,L3
L2,L1,H3,H2,H3
H3,L2,L3,L2,L1
H2,M1,H3,L1,M1
L3,L3,L2,L1,L3
L3,H1,L2,L1,L2
L2,L3,H3,M1,L2
H3,L2,M1,L3,L3
H2,L2,L2,L1,H3
BN,L3,L1,L1,H3
L2,L2,L3,L3,L3
L2,M1,L1,L3,L3
H2,L1,L1,L3,L2
H1,L1,BN,L3,L2
L3,M1,M1,H2,L2
L1,L2,L2,L2,H2
H3,L1,H3,L2,BN
H2,M1,L3,L3,L2
L3,M1,L1,L2,H2
L3,M1,L1,L2,L2
L2,H2,M1,H3,M1
L1,L2,M1,L2,L2
H3,L1,L2,L3,L2
L3,L2,L2,BN,H3
L3,BN,H3,L2,L3
L1,L3,L2,L1,L2
L3,L1,L3,L2,L3
BN,L2,L2,L3,H3
L2,L2,H3,L2,L1
L2,H2,H1,H1,L2
L3,L2,L2,H3,L2
L3,L3,L1,H2,H3
L2,L1,L2,L2,L1
L3,L1,L3,L3,L1
M1,L2,L1,L3,L1
L1,L3,M1,L3,L3
L2,L3,L3,M1,L2
M1,L1,L1,M1,M1
M1,L1,H3,L2,L3
L3,L3,L1,L3,L3
L2,H3,L1,H1,L1
L3,M1,L3,L2,L2
L3,L1,BN,L2,H3
L3,L3,L3,H1,L3
L1,L3,L3,L2,L1
L1,H1,M1,L3,M1
BN,L2,L2,H2,L3
H1,L3,H3,M1,L1
L1,H3,L3,H1,L2
H2,L3,L1,L1,L3
M1,L2,L2,L1,H1
L3,L1,L1,L3,H2
H3,L3,L1,L1,L1
L1,H1,H3,H3,H3
L2,L3,L3,H1,L3
L3,L2,H3,M1,H3
L2,L1,L3,M1,L2
L2,L3,L2,L3,M1
H3,L2,L2,H2,L2
H2,L2,L3,M1,L2
L2,L3,L2,H3,L1
H3,M1,L3,M1,M1
L2,L1,H3,H3,H2
L3,H2,L3,L1,L2
M1,L1,H3,L1,L2
M1,L2,H1,L1,L3
H2,L1,L1,M1,L3
H2,M1,L1,L2,L3
H2,M1,L3,M1,L3
H2,BN,L3,M1,H2
M1,L3,L2,H1,L2
M1,M1,L2,L1,L2
L3,L2,L2,L1,L3
L3,L2,L1,L1,L1
L2,M1,L1,L3,L1
BN,L2,L1,M1,L1
L3,L2,BN,M1,BN
H2,BN,M1,L3,L3
L2,M1,H3,L3,GL
L3,H3,L1,L3,L2
H2,L2,H1,M1,L1
L1,L1,L1,H3,L1
H3,L1,BN,L3,L3
L3,L1,L3,L3,L3
L1,H2,H1,L2,L1
L3,L3,L3,L3,L3
H3,L2,M1,L2,L1
L3,L2,H3,L3,H3
L2,L1,L3,L3,M1
L3,L2,BN,H1,M1
H3,L3,L1,H1,L2
L1,H3,L1,L3,BN
L3,M1,H2,L3,H3
L3,H2,M1,L3,L3
M1,H3,H2,L3,L1
L2,L1,L3,H2,M1
M1,L2,L3,H1,M1
M1,L1,L1,L2,M1
M1,L3,L3,L1,L3
L3,L2,H1,L1,BN
L3,L3,L2,L3,L2
L3,L3,L1,M1,H2
L3,M1,L2,L3,L3
L1,H1,L2,L2,M1
L3,L3,L2,L1,L3
L2,H3,M1,M1,L3
L2,H1,L3,L2,L1
L2,M1,L3,L3,L2
M1,L3,M1,L3,L2
H2,H3,L3,L3,L3
L2,BN,H1,M1,H3
L1,L1,M1,L2,M1
L2,L1,L2,L3,L3
L3,L2,BN,H2,H3
L1,L3,L1,M1,L1
L3,L3,M1,H3,L2
L1,H2,H1,L1,L2
L3,H1,M1,L1,H1
L2,L1,L3,H2,H1
L3,M1,H2,L3,H1
BN,L2,M1,L3,M1
L1,M1,L1,M1,L3
L1,L1,M1,L3,L2
M1,L1,L1,L3,L2
L3,M1,L3,H2,H3
L1,M1,L3,L2,M1
L1,L2,M1,M1,M1
L2,L3,L3,L3,L1
L3,L3,L2,H3,H2
L3,L1,L1,L1,L2
H2,L2,H1,L2,H2
H3,L1,L2,M1,L3
L2,L3,H1,L1,L2
L1,L3,L2,L2,L1
L2,L3,M1,L2,L3
BN,M1,L1,L3,L2
L1,M1,L3,H1,L3
L1,L3,H3,L3,H3
L2,L3,L1,L2,L3
M1,L3,M1,L2,L2
H2,M1,M1,L2,L1
L3,L1,L2,L1,L1
M1,BN,L3,H1,L1
M1,L3,GL,BN,L2
H3,L3,L1,L3,L3
L2,L1,L2,L2,M1
L3,H2,H3,H1,L1
L2,L1,L3,L2,H2
L3,L2,L2,L1,L1
L2,L3,M1,H2,M1
L3,L1,H2,L2,L2
L3,L2,M1,L3,L2
L3,BN,L1,L3,L1
M1,L3,M1,M1,L2
L1,L1,L3,L3,M1
L3,H2,L1,L1,L1
L3,L3,L3,L3,H3
L2,L3,H2,L2,L1
L1,L2,H3,L1,H3
L3,L3,L1,L3,M1
L2,L1,L1,L3,L2
L3,H2,L3,L1,L2
L1,H2,M1,M1,H3
L1,L1,L3,L1,H3
L3,L3,L1,L1,L2
L1,L3,L3,L3,M1
L1,L3,L3,L1,H3
L3,H1,H2,L2,L3
L3,L2,L3,L1,M1
L1,L3,H3,L3,H1
L1,L3,M1,L3,L2
H2,H3,L2,M1,M1
M1,L3,BN,L1,H3
L2,L2,H2,L1,H1
L3,L2,L3,L3,L1
L2,BN,H1,L1,M1
L1,L3,L1,L3,M1
L3,L2,L1,L2,M1
M1,L2,L3,L3,M1
L2,L2,L1,L2,L2
H2,M1,L3,L2,L3
L3,L3,L1,L3,BN
L3,H2,M1,M1,H3
H3,L3,L3,L1,L1
L1,L2,H3,H3,M1
H3,L1,H1,M1,H3
L3,L3,L3,L1,L2
BN,H3,M1,H1,L3
M1,L2,M1,L1,H2
M1,L2,L2,L3,L2
L1,L3,H3,H3,L3
L3,H3,L2,H2,H2
H1,L3,L3,L1,L3
L1,L1,L3,H2,L2
L1,L2,L1,L1,L1
L1,L2,L1,L3,H1
L2,L1,L2,L2,L3
L3,L1,L3,L2,L3
H3,L3,H3,L1,H3
H2,L1,M1,BN,L3
L3,L1,L1,L2,H1
L2,L3,L1,L3,H3
H3,H3,L3,L3,L3
L3,L2,L2,L3,L1
H3,L3,L2,L1,L3
L1,L2,M1,H2,L3
L3,L3,L2,M1,H3
L1,L2,M1,L2,L2
L1,L3,L3,L1,H2
BN,L2,L1,L3,L2
L1,M1,L1,M1,H3
L2,L2,L1,L2,L2
L3,L2,H3,M1,L3
L3,L1,M1,H2,BN
L2,H2,L3,L3,M1
L2,M1,L2,L3,L3
L3,L1,L2,L1,L2
H1,L1,L3,L2,L1
L1,BN,L1,L3,L1
H3,L3,L1,L2,H3
L2,M1,L2,H3,BN
L1,H3,L1,L2,L1
BN,L3,H1,L3,L1
L3,L2,L1,L1,L1
H3,M1,L3,M1,M1
H2,M1,M1,GL,L3
L3,L1,L2,L2,H2
M1,L1,L1,M1,L3
L3,M1,L3,L1,H2
L3,L3,L2,L3,M1
H3,H2,L3,H3,M1
L2,H1,L3,L3,L2
L2,L3,H3,H2,M1
L3,L3,L2,H3,L2
L3,L1,M1,L3,H3
L1,L2,M1,H2,L1
M1,L2,H3,L1,L2
H3,L3,L3,L3,L2
L3,L3,H2,L3,H1
L1,L3,H2,L3,L2
H3,L3,L2,L2,L2
L1,L3,L3,H3,BN
L3,H1,H1,L3,L3
L1,L3,L2,L3,H3
H3,L3,L1,L1,L3
H2,L2,H2,H3,L1
L1,L3,M1,M1,L1
L1,M1,M1,L2,L3
H1,L1,L1,BN,L3
H2,L3,M1,L1,L3
H3,M1,L3,L3,L1
L1,L1,L2,H3,L1
H2,L2,L3,L3,L3
L3,L3,L2,L3,L2
M1,L1,L1,L1,L1
L3,L3,M1,H3,L3
L1,H3,L3,L2,L1
L1,M1,L1,H3,L1
M1,BN,H2,L3,H3
H3,L3,L3,L3,L2
L2,H1,H2,L1,L2
H2,L3,L1,L3,L1
H2,L2,L3,L2,L3
H1,M1,H2,L2,H2
L2,M1,H3,M1,H3
L1,L3,L2,M1,H3
M1,H3,L3,L1,M1
L2,L1,L3,L3,L2
L1,L2,L2,L2,L2
M1,L1,L2,M1,L2
L1,H2,L2,H1,L2
BN,H2,L3,H3,H1
M1,L1,BN,L2,L3
L2,L2,L1,H3,BN
L3,L3,L3,M1,L1
L3,H3,H3,L1,L1
M1,L2,GL,L2,H2
L3,L1,L2,L1,L2
L2,M1,L3,L3,M1
L1,H1,L3,L1,L1
L1,H1,L3,L3,H2
L1,L3,L3,H3,M1
H1,M1,H2,H2,L1
H1,H3,L3,H2,L2
H2,L2,L1,L2,H2
H3,L1,M1,L2,L1
M1,L3,H1,H3,L3
L1,L1,L2,H2,L3
M1,L3,M1,L3,M1
L1,L1,M1,L1,L2
M1,M1,L1,H1,L3
L2,H2,M1,L3,H1
H3,H3,H2,M1,L3
L1,L2,M1,L3,L2
L1,L3,H2,H3,L3
M1,H3,L2,L1,L1
L2,L2,L3,L2,H3
H1,H2,L2,L2,L2
M1,L3,L1,M1,BN
L3,L1,M1,M1,H2
M1,L3,L3,BN,L3
L2,L3,H3,L1,H2
L1,L3,L3,L1,L3
H2,L1,L3,L3,H2
L2,L1,L2,L3,M1
L3,L3,L2,H3,M1
L1,H3,M1,M1,L2
H1,L3,L2,L1,M1
L3,L3,H2,L1,L2
L2,L3,L1,M1,L3
L2,M1,BN,H3,L3
BN,M1,M1,L2,M1
H3,L3,L2,M1,L2
L2,L2,H3,L3,H3
L1,L1,L3,L2,M1
L3,L2,M1,L2,L3
M1,L2,L2,L3,L3
L3,L2,L1,L1,M1
L3,H3,M1,L3,L3
L1,BN,L2,M1,L3
L1,H3,L3,H3,L2
L3,L2,M1,L2,L2
L3,L3,H2,L3,H2
L2,H2,BN,BN,L1
L2,L3,L3,L2,H1
L3,L2,L1,M1,H2
L1,H1,L2,H3,M1
L3,L2,L2,L3,L2
L3,BN,L3,H1,L2
L3,H3,L3,H1,L3
L3,H2,L1,L1,L2
L3,L3,L2,L3,H3
L2,L1,L2,H1,L2
L2,H1,H1,L3,L2
H3,H2,M1,H3,BN
L2,L3,H2,GL,L2
H1,L1,H3,L1,H1
L2,L1,L1,L2,L3
M1,L2,L2,M1,L2
H2,L3,L2,H3,L3
L2,M1,L2,L1,L3
M1,L3,L2,L2,M1
H2,L3,BN,L1,L3
L3,L1,L1,H2,L3
L3,L2,L1,L2,M1
L1,L2,L2,L1,M1
H2,L2,H3,H3,L1
L3,L1,L1,L3,L3
H1,L3,L2,L3,BN
M1,L1,L1,L2,H3
L2,L1,H1,L3,L2
L1,H2,H3,H1,H2
M1,BN,L1,L1,M1
L2,L1,L2,L2,L3
L1,L1,L2,L1,L3
M1,L1,H1,L2,H2
M1,H2,L2,H3,H2
L1,H3,M1,L2,H3
L1,L2,H1,L2,H1
L1,L3,H3,H3,H2
M1,M1,L2,L1,L1
M1,M1,L3,H3,M1
M1,L2,M1,L3,L1
L3,H2,L1,L2,H3
L3,L3,BN,H2,H1
L3,H1,L2,H3,L3
L3,L1,H1,L2,L2
H3,L3,L2,H1,H1
H2,L1,M1,L2,M1
L2,L2,L3,L3,L2
L1,L2,L3,L1,L3
L3,H3,H2,L2,L1
L2,L2,L3,L1,L2
L1,L3,H3,L3,L3
BN,M1,L3,L2,GL
L1,L2,L2,L1,M1
L3,L2,L1,M1,L2
M1,BN,M1,L2,M1
L2,L2,L2,L3,L1
H2,L1,L3,L1,H3
L1,L3,M1,L2,M1
L3,L3,H3,L1,H1
H2,L3,L1,L1,L3
L3,M1,L1,H2,L2
M1,L3,L3,M1,H2
L2,M1,L1,L3,L3
L2,L3,L2,H2,L3
L3,M1,M1,L2,L2
L2,L2,H1,L3,M1
L1,H2,L3,L2,M1
L2,H1,L2,L1,L3
L2,L1,L2,L2,H3
L1,L1,L2,L2,L3
H1,L3,L3,L1,L1
L1,L1,L1,H1,L2
M1,H2,H3,L1,H3
L2,L3,H2,L3,L2
M1,L3,L3,L3,M1
L3,L2,L1,L1,M1
L3,L2,L2,L3,L2
L2,L2,L1,L1,H3
L2,L3,L3,L1,L1
L3,L2,L3,L3,L3
L3,L3,L1,L3,L1
H3,L3,L2,L3,L3
H3,H3,H3,L3,L1
L2,H3,L1,M1,L2
L2,L3,H1,H2,H3
L1,L2,M1,M1,L2
M1,L2,L3,L3,M1
L3,M1,M1,L1,L2
L3,L3,L2,L3,L2
L3,H2,L1,L3,L3
L1,L1,L2,L3,L3
L1,L2,M1,L2,L1
L3,L2,L3,L3,L3
L3,L2,M1,L2,L2
L2,M1,M1,M1,L2
BN,L3,L2,L2,L3
L1,H3,L1,H3,L3
L3,H3,M1,L3,L1
L1,M1,L3,M1,L2
H2,H3,L3,H2,H1
H1,H1,L3,L1,L2
L2,L1,M1,L1,L3
L3,L3,H2,L1,L1
L2,H3,L2,H3,L1
M1,L3,L2,L1,L3
L3,L2,M1,L2,L3
M1,H2,L3,L2,L2
L3,L2,L2,L3,L1
L1,L3,L2,L3,H2
L2,L1,H2,H3,L3
L1,L1,M1,L3,M1
L2,M1,M1,L3,L2
L2,H3,H2,L3,M1
L2,L3,H2,H3,H1
L2,H3,L1,L3,H3
L1,L1,GL,H3,H3
L1,L1,H3,H2,H3
L3,L3,H1,L1,L1
L1,L3,L2,M1,L3
L1,H3,M1,L1,L3
L2,H3,L3,L2,H2
L2,L3,L2,L1,L2
L3,L3,L2,H3,M1
M1,M1,L3,L2,H3
H3,L3,L1,L2,H2
H3,M1,L1,L3,H3
H2,L2,M1,H3,L3
L3,L1,H2,H1,M1
L2,L1,BN,L2,M1
L1,L2,H1,H2,L3
L3,M1,L3,H2,H3
L3,H3,L3,L3,H3
L1,L1,L3,L1,M1
L2,L2,M1,L3,M1
L3,L3,L1,H3,L2
L2,M1,L3,M1,L2
M1,M1,L2,L3,L2
M1,L2,L1,L2,L2
L2,L2,L3,L3,M1
L3,L3,L3,L2,H3
L3,H3,L3,L3,L2
M1,M1,L3,L3,L1
L2,L2,L2,H3,M1
L2,L2,L2,L2,H1
H3,L3,L1,L2,H3
L3,H2,H3,L2,BN
L3,L1,L3,H2,L2
L3,L2,H1,L2,L3
M1,L3,L2,L3,L1
L3,L3,H1,H2,L3
H1,L1,L3,L2,L2
L1,L3,L3,L3,L1
L2,M1,L2,H1,L3
L2,L1,L2,L1,L3
L3,L3,H3,L3,L3
L3,M1,L3,L1,L1
M1,L3,H2,L3,L2
L3,L1,L3,L3,L1
L3,H1,H3,L2,BN
L3,L2,H3,H2,L2
L1,L3,BN,M1,L3
L3,H3,L1,L2,M1
M1,L1,L1,L2,H1
L1,L1,L1,L3,BN
L3,L3,L2,L2,L2
L3,L1,L3,M1,L2
H3,H2,M1,H3,L2
H2,M1,L2,L1,H3
L2,L1,M1,L1,M1
M1,L2,H3,M1,L2
L1,L1,H1,L3,H2
L3,BN,L3,M1,L1
L1,M1,L3,H3,L2
L2,L3,L2,L1,L1
L1,M1,L1,L3,H2
H3,L2,H2,H3,L3
M1,L1,L1,H3,L3
L2,H2,L2,L3,L1
L1,BN,H2,M1,H1
L2,H3,L3,L3,H2
L3,L2,M1,L1,L2
L3,L2,L2,L1,L3
H3,M1,L3,M1,H3
L2,L3,L2,L3,L3
M1,L2,L1,L2,H2
L1,H2,L1,L3,L1
M1,L2,L3,M1,L2
M1,H3,H1,H3,L2
L2,L2,L3,H3,L3
L2,L3,L2,L3,L3
L1,L1,M1,L3,BN
H3,M1,L1,M1,L2
L1,L1,L3,L2,M1
M1,L1,L1,H2,L1
M1,L3,L1,H3,L3
L1,H2,H2,L2,M1
L2,H3,L1,L3,H3
H3,L2,L2,L3,H3
L2,L2,H3,L2,M1
H3,L1,H3,L3,H1
M1,L3,M1,M1,L3
L2,L3,L2,L2,H3
L2,L2,L1,M1,H3
L2,L3,M1,L3,BN
L3,L3,L3,L2,L3
H1,H3,L1,L2,H3
L1,L1,L3,L2,H1
L1,L3,L1,L3,L3
M1,L2,L1,L2,L1
L1,L2,L1,L1,L2
L1,L1,H2,L3,L2
L3,H3,H1,H1,L1
L3,L3,L2,L1,L3
H1,BN,M1,BN,M1
L3,L1,BN,H3,L1
H2,L1,M1,L3,H2
L2,L3,M1,L2,H2
L3,H1,L1,H1,L1
L2,L3,L3,L3,H1
L2,L2,L3,H2,BN
L2,M1,L3,H3,L1
L1,L1,M1,L3,H2
L2,L2,L1,M1,L3
BN,L3,L2,L2,L3
L3,L3,L3,M1,L2
H2,L2,L2,BN,M1
L3,M1,L2,H1,L1
H3,L2,H1,H3,L1
L2,L1,L1,M1,M1
L3,L3,L1,L2,L2
L1,H1,L1,M1,L2
H2,M1,L2,L1,M1
L3,M1,L3,L2,L3
L1,M1,L3,L1,L1
H2,M1,M1,L2,M1
L3,M1,H2,H3,H1
M1,L2,L3,L3,L2
L3,L3,L2,H3,H3
L1,L3,L1,L3,L2
M1,H3,BN,M1,H3
H3,L1,L2,L3,L2
L2,M1,L3,H2,L1
L3,L3,H3,BN,M1
L3,L1,M1,L1,L1
L2,L1,L3,L1,L3
M1,L2,H3,M1,H1
H3,L2,L2,L3,L1
L2,L1,H2,L1,L3
L3,M1,L3,M1,L1
L3,L3,L3,L1,L3
H2,L1,H3,H2,H1
L3,L1,L3,L1,L3
L3,L3,L1,L3,M1
L3,L1,L3,L2,L3
L2,L3,L1,M1,M1
L3,L3,L2,L3,L1
BN,M1,H3,L2,L2
L3,L2,L3,L3,L1
H3,H2,L3,L3,L3
L2,L1,L1,L2,L2
L2,L2,H2,H1,L1
H3,L3,H2,L2,H1
H3,M1,H3,H2,H3
M1,L1,L1,L2,L2
H3,L1,L2,M1,L2
L3,L3,L2,L2,L3
BN,L3,L1,L1,L1
M1,M1,H2,M1,H3
H1,L2,L3,L2,L1
L3,L3,L2,L1,L3
L1,L3,L1,L2,L1
L2,H3,H1,H2,L1
L1,L1,L3,L1,L1
L1,L2,L3,L3,L2
M1,H3,H2,L1,L2
L2,L3,L1,M1,L2
L3,L2,M1,L1,M1
L1,L3,L3,L1,M1
H2,H3,L3,H3,BN
H3,M1,BN,L3,L2
L3,L2,M1,H2,L2
BN,L3,M1,L3,L1
L1,L2,L2,L2,L2
L1,L1,L1,M1,L1
L2,L3,H2,L2,M1
L3,GL,L3,M1,L1
L2,L2,H3,L3,H3
L1,L1,H1,L1,L2
L2,H3,L2,L3,H2
L1,L3,M1,L2,L2
GL,L2,L2,L3,L2
H3,L1,L3,L1,L1
M1,L2,M1,BN,L2
L3,L2,H3,L3,H3
L3,L3,H3,L3,L1
L1,M1,L3,L3,L2
H3,M1,L3,H2,H3
L1,H3,L1,L2,L3
M1,H1,L3,H1,L3
H1,L1,M1,M1,L1
L3,L3,L3,L3,BN
BN,L3,L1,L2,L1
L2,L1,H3,H3,L3
L2,L3,L3,L3,L2
L3,L3,L3,L2,L3
L3,L2,L1,L2,L2
L2,L1,L1,H2,H3
L3,M1,L3,M1,L2
H3,L1,M1,BN,M1
L1,H3,L1,M1,L1
L1,L2,L3,H2,L1
H2,L2,L2,L3,L3
GL,L1,M1,L2,H3
M1,L3,H1,L3,L1
M1,M1,H3,L1,L2
H3,L1,L2,H3,H3
L3,L1,H2,L2,L1
L3,H3,L3,H2,L3
H3,M1,L3,L2,L3
L3,H3,BN,L1,M1
L2,L3,L1,L1,L3
L3,L3,L2,L2,H2
L3,L1,H3,L3,L1
L2,M1,L1,L1,L2
L2,L2,M1,H2,M1
H2,L3,H3,H2,L1
L1,L3,L1,H1,L1
H2,L2,L3,H3,L1
M1,H2,L2,L3,H1
L1,L3,H3,L3,L2
L3,L1,L2,L1,L2
L3,L1,H2,L3,L3
L3,L3,L2,L1,H2
H3,L2,L3,L1,L1
L1,L3,L2,H3,L3
L1,H3,L1,M1,L2
H1,L3,M1,L2,H1
M1,L1,L1,L1,L2
BN,M1,H3,M1,L3
H2,H1,BN,L3,L3
L2,L1,M1,L1,L2
L3,M1,L2,H2,L2
M1,L1,L1,H1,H3
L2,L3,GL,H2,H2
H2,M1,H3,L2,L3
L1,H3,L1,H1,L1
L3,M1,L3,L1,L1
M1,L3,L2,M1,L3
L3,L2,L3,L1,L2
L1,L3,L2,L3,L1
H3,L1,L2,L3,L1
H3,L1,H3,M1,H2
L1,M1,L3,M1,H3
L1,L2,L3,H3,L1
L1,BN,L3,L3,L3
L2,L3,L3,L2,M1
L1,L1,H2,H3,GL
L3,L2,L3,M1,L1
L2,L3,L2,L1,L3
H3,L1,H3,L1,L2
L1,H3,H2,L2,L2
L2,L2,L2,L1,L1
L3,L2,M1,L2,L1
H2,H3,H3,GL,L2
H2,L3,L2,L3,L3
H3,L3,M1,L3,H2
H3,L3,M1,L3,H2
H3,M1,L1,L3,L1
L3,H2,L1,H2,L2
L3,H3,H3,M1,H2
L1,H2,L3,L3,H1
L3,L3,L2,L1,L2
L2,L3,L2,H3,M1
L1,L1,L2,H3,H2
H1,H2,L2,H1,L1
M1,L2,L2,L2,L3
L3,H3,L3,M1,L3
L3,L3,BN,L1,H2
L2,L1,H1,M1,H3
M1,H2,H2,M1,L1
L2,H3,H3,H1,L1
M1,H3,L1,L1,M1
L3,L3,L1,L1,L1
L1,L1,H2,L2,H2
BN,H2,H1,H2,L3
L1,L1,L3,L3,M1
L3,L3,BN,H3,H1
L2,L3,M1,L3,BN
L2,L2,L2,L3,L2
L3,L3,L1,L1,M1
L2,L3,L3,L2,H2
L2,L1,L3,L1,H3
L1,L3,L3,H3,L1
L3,M1,L2,M1,L1
H2,L3,L3,L2,L1
L2,L1,L2,L2,L2
L1,M1,BN,L3,L3
L3,H2,L3,BN,H3
M1,L1,L2,L2,L3
L2,L2,L3,H2,L1
L1,L1,L2,H2,H3
L3,M1,L1,M1,L3
H3,L3,L2,L2,L3
L2,L3,L3,H2,BN
L3,L3,H3,L2,L3
M1,L1,L3,L3,L1
L1,L2,L1,BN,L3
L1,L1,L2,H2,L1
M1,L1,L3,L1,L3
H3,L3,H2,M1,H3
L2,H2,H2,H1,L3
H2,L1,BN,BN,H3
L2,L3,L1,L3,L1
H1,L3,L1,L3,L2
L1,H2,M1,L2,L1
L3,L2,L3,L3,M1
L3,L2,L2,L1,L3
H2,H2,L3,L1,L2
L2,H3,L1,L3,M1
L2,L1,H3,L1,L3
H2,L1,L2,L2,L2
H3,L1,L1,L1,L3
M1,BN,L1,M1,L1
M1,L3,GL,L2,L3
H2,M1,L2,L2,L2
H1,H2,L1,L1,M1
L3,L3,BN,L1,L3
L1,L1,L2,H1,L3
L3,L3,L2,L2,L2
L1,L2,L1,H1,M1
BN,L1,L2,L3,L3
H3,L1,L2,H2,L1
L2,L1,L3,L1,H2
L3,L1,L1,L1,H3
L3,L2,L3,H1,L2
L1,L2,L1,L1,L2
M1,L1,L3,L1,L2
H3,L2,H1,L3,L2
L3,L3,H3,L3,L3
L3,M1,L1,H2,H3
M1,BN,M1,L2,L1
H1,L1,L1,H2,H1
L3,L2,M1,L3,L2
H2,L1,L2,BN,L2
L3,L2,M1,H3,M1
L2,M1,L1,M1,H2
L2,L3,H3,M1,L3
L1,L2,L1,L3,L2
H2,H3,H3,L1,L1
L3,L2,L3,L3,H3
L2,L2,L2,L3,BN
H3,L3,M1,L1,L3
L1,L2,L3,L3,H1
L1,L2,L2,L3,L2
L3,L3,L2,L3,H3
L3,L3,L1,H2,L1
L2,H1,L2,L3,L2
H2,H3,L1,M1,L2
L2,H3,L2,L2,M1
L2,L2,L3,L2,L2
BN,L2,L2,H3,L1
L2,L1,M1,M1,H1
L2,BN,L1,L1,L2
L3,H3,H1,H1,L3
L1,L1,H3,L3,L1
L1,L2,H2,L1,H2
L1,L1,L1,L3,L1
H2,L1,L3,H2,M1
L2,L2,M1,L3,M1
H3,L3,H2,H3,L1
L2,L3,L2,L3,H2
H1,L2,L1,L2,M1
H2,H2,L3,L2,L2
L3,L2,H2,L3,L3
L1,L2,L3,H1,H3
L3,H3,L2,L2,L2
L2,L1,H2,L3,L2
H3,L2,L3,H2,L3
H3,L2,L1,L3,L2
H2,L3,L2,H1,M1
L2,L1,M1,L1,L2
L3,L2,M1,L3,L2
H3,M1,H3,L1,L2
L1,L3,L1,L3,L3
L3,L3,L2,L3,L1
L2,M1,H2,L1,L1
H2,M1,L2,L2,L1
L3,L3,L3,L3,L3
M1,L1,H3,L2,L3
H3,L1,H3,L3,M1
L3,H2,H3,L2,H3
H3,H2,H3,L3,M1
L3,M1,L3,H3,L1
L2,L2,M1,L3,L2
L3,M1,M1,L2,H2
L1,BN,L3,L1,M1
H2,M1,M1,L3,L3
H1,M1,H3,L3,H2
L1,L3,L2,M1,L2
H3,L2,L3,L3,L2
L3,L1,M1,L2,L3
H2,H2,L2,M1,L3
L1,M1,L2,L2,H2
L2,H3,L2,L1,L2
L3,M1,H1,H2,L1
L3,L3,L2,H2,L1
L2,L1,L2,L3,L2
H2,L1,L2,H3,L1
L1,L3,H3,L1,L3
L1,H3,L3,L1,H2
L2,L1,L3,BN,L2
L2,L3,L2,H3,H3
M1,L2,L2,M1,H3
L3,L2,H1,L3,L2
H1,L3,L1,L2,M1
L1,L3,BN,L2,H3
H3,M1,L3,L1,L2
L2,BN,L3,L3,L1
L1,L1,L2,L3,L1
L3,M1,L3,H3,H1
L3,L1,H3,H3,M1
L1,L3,L3,L3,L1
H3,L2,L3,L1,L3
L3,L2,L2,M1,L3
L2,L2,M1,H3,L3
BN,M1,L2,H3,L3
M1,L3,L1,L3,L2
L3,M1,H1,L1,L3
H3,M1,L2,L1,M1
L1,M1,L2,L3,L3
H3,H2,L3,L3,L2
L2,H3,L2,M1,L2
H3,L2,L3,L1,L3
L1,M1,L3,M1,L2
M1,H1,H1,H2,L3
L2,BN,L1,L2,L1
L3,M1,L3,L3,L3
L2,L1,H3,L1,L2
BN,M1,L3,M1,H1
L1,L2,H3,L3,L1
L3,L2,L2,L2,L1
H2,L2,M1,BN,L3
H3,L1,H2,L3,H3
L1,L1,L2,L3,L3
M1,L3,L3,H1,BN
L2,M1,L3,L3,L3
BN,M1,L2,M1,L2
L1,H3,L1,L2,H3
M1,L1,L1,L1,L1
L2,L1,M1,L1,L1
M1,L3,L3,L2,L2
M1,L1,H1,H3,L2
L2,L2,M1,H3,L3
L3,L3,L3,H3,L2
M1,M1,L3,L2,L1
L3,H1,L1,H3,L3
M1,L1,L2,L3,H3
L1,M1,H2,L1,L1
L3,L2,L1,L2,M1
L2,H2,L3,L2,H1
L3,H2,L2,L3,L3
H3,H3,H1,L2,L1
M1,L2,L3,L3,L2
L1,L1,L2,H2,L1
L2,L2,L3,L2,H3
L2,M1,BN,L2,L1
L3,L1,L2,H2,L1
L3,L1,L3,L1,L3
L2,L1,L2,L3,L3
L2,M1,L1,L2,H2
H3,H3,L1,M1,L1
L2,L3,L1,L2,M1
L1,L1,L1,M1,M1
L3,BN,L2,L3,L3
L3,L2,L3,L3,L2
L1,H1,L1,L3,M1
L1,H3,L1,L2,L2
L2,M1,L1,H2,L2
H2,L3,L1,L3,L1
L1,L1,M1,H1,H3
L2,L1,L1,H1,M1
L3,L1,L2,L2,H2
M1,H2,L2,M1,L2
L3,L3,H2,H1,M1
H3,L1,L2,L3,BN
L2,L2,L3,L2,L1
M1,L2,L1,H3,H3
H1,M1,BN,L3,M1
L3,L2,L3,H3,H3
L3,L2,H3,H3,H1
M1,L2,L1,L2,L2
L1,H2,H2,M1,M1
L3,H3,L3,BN,L3
L2,L3,M1,L2,L3
L2,L3,L2,H1,L3
L1,L2,L2,L3,L1
L2,H2,L1,L1,L2
L2,L3,L1,L1,L3
L3,H3,L1,L3,L1
L2,L1,L3,L1,H3
M1,H2,H2,L1,L3
H1,H2,L1,L2,L1
L1,L3,H1,L2,L3
L2,BN,H1,L1,H1
H2,L2,H3,L2,L2
BN,L2,L1,L2,L3
L1,L1,L2,L1,M1
H1,L3,L2,H3,L2
L1,L1,L3,L3,L3
H2,M1,L3,L2,L2
L1,H3,L3,L3,H3
H2,BN,L2,H3,L2
H3,L3,BN,L3,L2
H3,M1,L2,L1,L1
H3,L1,L3,L2,M1
L3,L3,L2,L2,BN
L1,L3,L3,L2,M1
L3,L3,L1,M1,L3
BN,L3,L3,L1,L3
H2,L2,L1,H2,L1
L3,H2,L3,L1,L3
H3,L3,L3,M1,L1
M1,L3,L2,GL,L3
L2,H1,L1,L1,H1
L2,H3,L1,L3,H3
L2,L3,H2,L2,L2
L1,H3,L3,H3,L3
L1,L2,L3,L3,L1
H3,H1,BN,H2,L1
M1,L3,M1,H3,BN
H2,L1,H1,L3,L3
L1,GL,L2,L3,L3
M1,H2,H3,BN,H1
L3,BN,L1,L3,L1
L3,L3,L2,H3,L2
H3,L2,L3,L3,L2
H3,L3,L1,L3,M1
H2,H3,BN,L3,H2
H2,L2,L3,L2,L3
L3,L2,L2,L3,L2
L2,L1,L3,L3,L2
L2,H3,L1,L2,H1
L3,L3,L1,H2,L2
H2,L2,H2,L2,L2
M1,H3,L1,M1,L3
L3,L3,H3,M1,H1
M1,H3,M1,L1,L1
L1,L1,L1,L3,L1
L3,L3,L1,H3,L1
M1,L1,L2,L3,L3
L1,H3,L2,L3,L3
H1,H3,M1,L1,L3
L2,L3,L2,L3,M1
L2,L2,BN,L1,L3
L1,H1,H2,L2,L3
M1,L2,L2,H1,H3
L1,L1,L1,L1,L1
BN,L1,L2,L2,M1
L3,H2,H2,L1,H3
L3,L1,H3,M1,M1
L2,L2,L3,BN,L3
L3,L2,H2,L1,L2
L3,L2,L1,H3,M1
L2,L1,L1,L2,L3
M1,H3,L2,M1,L3
L3,L1,L1,L3,H2
L2,L2,L2,H1,H2
L2,H1,L2,H3,M1
H1,L3,L3,L3,L3
L3,L2,L1,L3,L2
H3,L2,L1,BN,M1
L1,L2,M1,L3,L1
H3,M1,L3,M1,H1
L3,L1,L3,L2,H1
M1,L3,L2,H3,L2
M1,L3,L3,L2,L3
L3,L1,L2,M1,H2
H2,H1,BN,L1,H3
L2,L3,M1,L1,L2
L2,L3,L1,L3,H3
L1,H3,H1,M1,L2
L1,M1,H3,L2,BN
L3,L2,L1,L3,L3
M1,L3,L3,M1,M1
L1,L2,L2,M1,L2
L2,L1,M1,L1,L1
L2,L1,H1,L1,L2
L1,L2,L2,L3,L1
M1,L2,L3,H1,H2
L3,L3,L2,L1,M1
L1,L2,H3,L3,L1
M1,BN,L1,L3,H1
L1,M1,L1,L2,L3
M1,L2,M1,L2,L1
H3,H1,L3,H3,L3
L1,L2,L1,H2,L3
L2,H1,H3,H2,L1
L2,H1,L2,H3,L3
L1,M1,H3,M1,M1
BN,L1,L1,H3,L3
L3,H3,M1,L3,L3
L2,M1,L1,L3,M1
L3,L1,L3,H3,H1
H1,M1,L3,L3,L3
L2,L2,H3,L3,M1
L2,L3,H3,L1,L1
L3,L3,L2,L3,H2
H1,L3,L3,M1,BN
L2,H3,L3,L3,L1
L2,M1,L1,L1,H3
L2,L3,L2,L3,L3
L1,L1,L2,M1,L1
L1,M1,L2,M1,L2
L1,L1,L3,H3,L2
L3,L3,L3,H2,L3
L3,L3,L2,BN,L2
L1,L2,H3,L2,H3
L3,H3,L2,L3,L3
H3,L3,L2,L1,L1
M1,L1,L3,L2,M1
L1,L3,H3,L1,L3
M1,L3,L3,H3,L3
L2,L2,L2,H1,H1
L1,M1,H3,L3,H1
L3,H2,L3,L2,BN
M1,L3,L2,L3,L1
BN,L3,M1,L3,L3
L1,L2,M1,L3,L1
L3,H2,L2,H3,L2
H2,L1,BN,L3,L3
M1,L3,L2,L3,L3
L1,L3,L3,L1,M1
L2,L2,H3,L2,M1
BN,L2,L1,L1,GL
H2,H3,L2,L2,L2
L2,H3,L1,L2,M1
L1,H3,L2,M1,L1
L2,L2,L2,H2,M1
H2,L2,L2,L3,L2
L2,H3,H2,L3,L3
L3,M1,L1,L3,L2
L1,L1,L3,L1,L1
H3,L2,M1,L2,M1
H2,H2,L2,L2,H3
L3,H2,L3,H3,M1
L3,L2,L1,L2,L1
L3,M1,L1,H3,L2
L1,L2,L2,L3,L1
H1,L1,L2,L3,M1
M1,H1,L1,L3,H1
M1,H1,L3,M1,M1
L1,L2,L3,L2,L1
L2,BN,L1,H3,L3
L3,H3,L1,L2,H2
L3,L3,H2,L3,BN
M1,M1,L2,H3,L3
L2,L1,L2,L3,H1
H2,H3,H2,H3,L2
L1,L3,L1,H3,L3
L2,H3,L2,L2,H2
H3,L3,L1,M1,L3
L3,H2,H1,M1,L2
L1,H3,L3,L2,L1
L1,L3,H2,L3,L3
L3,H1,L3,L3,H3
L2,L3,L3,L2,H1
L1,L3,M1,L1,H2
L3,L1,M1,M1,L1
L2,L1,L1,L3,M1
L3,H3,M1,L2,L2
BN,L3,L3,L3,L3
M1,L2,L2,M1,H3
M1,L3,H3,L2,H3
L3,M1,L1,H2,L2
L3,L3,H2,H1,H1
H2,L2,L3,L2,L1
L3,M1,L3,L3,L3
L2,H2,L3,M1,L2
L1,L1,L1,L3,L2
L2,L2,L1,L1,L2
L3,M1,L2,L3,M1
M1,L1,L1,H1,L3
L3,M1,L1,M1,L3
L3,L2,M1,L3,L2
L3,M1,L1,L1,H3
L3,M1,H2,H3,H3
H1,H1,M1,L1,H2
H3,L3,L3,M1,H2
BN,L3,M1,L2,M1
L3,L3,L1,L3,M1
L1,H2,L3,H2,BN
L1,L1,L2,L2,M1
L3,H3,L3,L2,H2
L1,L1,L3,L1,L3
L2,L1,L3,L2,L3
L3,BN,L2,L1,L2
L3,L1,L3,BN,H1
L1,L3,L3,L1,L2
H3,H2,H2,L3,L3
L1,M1,L2,L3,L1
L3,L2,L1,M1,M1
BN,L3,H2,H3,L1
L3,H3,L3,L2,M1
L3,L2,L2,L2,L2
L2,L2,L3,L2,M1
L3,H1,L3,L2,L3
L1,M1,L2,L2,L1
L3,L1,L1,BN,L1
L1,H3,L2,L3,L3
M1,L1,L1,M1,H3
L3,H2,L2,L3,L3
M1,M1,L3,H3,H3
L3,L3,L3,H3,L1
M1,L2,L1,L2,H1
L1,L3,L2,L2,L3
BN,M1,H2,M1,L2
L3,L2,M1,L1,L3
L2,L2,BN,M1,L3
H1,M1,L2,L1,L3
L2,M1,M1,L3,L2
L2,H1,L3,L2,H3
L2,L2,L1,L1,L3
L1,L3,H2,M1,L3
L1,H3,H1,L1,L1
H3,L1,L1,H2,L3
L3,M1,L1,L3,L3
L3,L3,L3,L3,L3
L2,H3,L1,L3,L1
H3,L2,L2,L2,L2
H3,L2,M1,BN,M1
L3,L1,L2,L2,H3
H1,H2,M1,L2,M1
H2,L3,L1,L3,M1
L3,H3,L3,L2,L3
L1,H1,L1,L3,L3
L1,L2,L1,H2,H2
L1,H3,L2,H2,L3
BN,L3,H1,M1,L1
L2,L1,H1,L3,H2
H3,L3,L3,L2,L2
L2,H3,M1,M1,H3
H3,H2,L1,M1,L3
L2,H3,L1,H1,L1
L2,L3,L2,L2,H3
L2,L1,M1,L3,M1
L3,L3,H3,L3,L3
M1,M1,L2,H3,L1
H2,L3,L1,L3,L3
L1,BN,L3,M1,L1
M1,L1,M1,L2,H2
L1,L1,M1,L3,L2
L3,L3,H2,L3,L3
H2,L3,L2,L1,L2
M1,L1,L2,L3,L3
L2,L2,M1,H2,L2
L1,M1,M1,M1,L2
L3,L2,L2,H3,M1
L1,H2,H3,L2,L1
L3,L1,L2,L3,M1
H3,H3,L2,L3,L3
L1,L2,L1,BN,L3
H3,H3,L2,H3,L2
M1,L2,L2,L3,L2
H2,L3,L3,L3,L1
L1,L1,H3,L2,L3
L3,L3,H2,L2,L1
L2,L1,M1,L1,L3
L3,L2,L1,M1,L3
L1,L2,L2,M1,L3
M1,L2,L1,H2,L3
H3,L2,L3,H3,L2
H2,L2,L2,M1,L1
L1,H2,M1,L3,M1
L3,L3,L1,L1,L2
L3,L2,L2,L3,L2
M1,BN,H3,M1,L3
H2,M1,L3,L3,L2
L3,L2,L2,L1,L3
M1,L1,L2,L1,L3
L2,L2,H3,L1,L1
L1,L2,H2,L1,L3
L3,L3,L3,L2,L1
L2,L3,L3,L2,L3
L1,M1,M1,L1,M1
L3,M1,L3,M1,H3
L1,H2,L2,L3,H2
H2,H2,L2,H2,L2
L1,L2,L1,L3,L2
H2,L3,L1,L3,L3
H3,L1,L2,L2,L3
L1,L2,L2,L3,L1
L2,H3,H1,L1,L1
L3,L3,H3,M1,L3
L3,L2,L3,H1,BN
L1,L2,BN,L3,L2
L1,H1,L3,L3,M1
L2,L1,L3,H3,L3
L2,L3,H3,L1,H3
H3,L3,L2,L2,L2
L1,H3,H3,H3,L2
L2,L1,L2,L3,L2
L3,L2,L2,L1,L2
L2,H2,L3,L1,L2
L1,L1,L1,L3,L3
L2,H3,H2,H3,H3
L2,L3,L3,L2,L2
H2,L2,L3,L1,H2
M1,L3,M1,L1,H3
L1,L1,L3,M1,L3
L2,M1,M1,L2,H3
L1,L3,L1,L1,H1
L3,H3,L2,H1,L1
L3,L3,H3,L3,L2
L3,H1,L1,L3,H2
H1,L1,L3,L1,L2
L2,L1,L1,H1,L1
H3,L2,L3,L2,L3
L2,H1,L2,BN,L1
BN,L2,L3,L2,L2
L3,L1,M1,L3,H2
L2,L2,L1,L2,L1
L2,H2,M1,H2,BN
L1,L2,L3,L2,L2
L1,L2,H3,L2,H2
L1,L1,BN,L3,L1
L2,L3,L1,H2,L3
L3,H3,M1,L1,L2
H3,L3,L3,L1,L1
M1,H1,L2,H2,M1
L3,L1,L1,H2,H3
H2,L2,H1,L1,L3
L1,L3,M1,L1,M1
L2,H3,L1,L1,M1
L2,BN,L1,L1,L3
L2,M1,L2,M1,H2
H3,H1,H1,L2,L2
L2,L2,H3,L2,H2
H2,M1,L1,M1,M1
L2,L2,H2,L2,L3
L1,L2,H3,H1,M1
H3,H1,L1,H1,L2
M1,L3,H3,L1,L3
H2,L3,L1,L2,L2
L3,L2,L1,L2,H1
BN,L2,H1,M1,L3
M1,GL,L2,L3,L3
L2,L1,L1,H1,H1
L2,M1,L2,L3,H3
L3,L2,L2,L3,H1
H3,L2,L3,H3,L1
L3,L1,H2,M1,H2
L3,H3,L2,L2,M1
L2,L3,H3,L2,L3
H3,M1,H3,L1,L1
L1,L3,L3,L3,L2
L2,M1,H1,L2,L1
L2,L2,L1,L2,L3
L1,M1,L3,L1,L2
L2,L3,L2,H3,L2
L3,M1,L1,L1,L2
L1,L3,M1,M1,L1
L3,L1,H3,M1,L3
M1,H3,L2,L1,L2
L3,M1,L2,L1,L1
L2,H3,L3,H3,L3
L1,BN,L3,M1,L2
L3,L1,L1,H3,BN
M1,L3,H3,L3,L1
L3,L2,H3,H1,H2
H3,L1,BN,M1,L3
BN,M1,L2,L2,L3
H3,L3,H3,H2,H2
H2,L3,M1,H2,L1
M1,L1,L2,L2,L3
L3,L3,L3,L3,H3
H2,M1,L3,H2,BN
L2,L3,L1,L2,H3
L2,H3,H1,H3,L1
M1,L1,L3,L1,M1
M1,L1,H2,L1,L3
L3,L2,L1,L2,L3
L2,L1,H2,H3,L3
M1,H3,H2,BN,L3
GL,L1,L3,M1,L1
M1,L2,H3,H2,L1
L3,H3,H1,L3,M1
L1,H3,L1,L3,H2
L3,M1,L1,H2,L2
L3,L2,H3,H3,H2
L3,M1,L1,L2,H3
L2,H1,L3,L1,H3
L2,L1,L2,H2,H1
H3,L3,L3,L1,H2
L2,L3,H3,L2,L3
L2,L2,L2,L2,L2
H2,L3,L1,L1,M1
H3,L3,M1,L1,L1
L3,H2,L3,L1,M1
H2,M1,L3,L2,L3
L3,L2,L1,M1,M1
L2,M1,L2,L3,L3
L3,L2,L1,L3,H3
L1,H2,H3,H2,H2
L3,L3,L2,M1,L1
L3,H3,L2,L3,L1
L1,L3,L2,L2,L2
L2,H3,M1,M1,L2
L1,L3,M1,L3,L1
L2,H3,BN,L3,L1
L3,L3,M1,L3,L2
M1,H3,H2,L2,L3
BN,L1,L3,L2,H2
L3,L3,H3,L1,H3
M1,L2,L1,M1,H1
L3,L1,L3,H1,L1
L2,L2,L2,L2,M1
L3,L1,H2,L1,L3
H3,H3,L2,H2,L3
M1,L2,L2,M1,L3
L3,H3,L1,H2,L2
L3,H3,L3,M1,M1
M1,L1,L1,L3,L1
L1,L2,H2,M1,L2
H2,L3,L1,L3,L2
L3,H3,M1,L3,H2
L2,H1,H3,L2,L1
L2,L3,M1,M1,L3
H2,M1,H3,L2,L1
L2,L2,H2,L3,L2
L2,L2,L3,L3,L3
L3,L3,L2,L2,L1
L3,L2,L1,L2,L1
H3,L1,L3,L1,L1
L2,BN,L1,L1,L3
L2,H1,L1,L2,M1
H3,L2,L1,H2,L2
H1,L3,L1,M1,L3
H2,L3,M1,L2,L2
M1,H1,M1,L2,L1
H2,L2,L2,L3,L2
L2,L2,L2,L3,L1
H2,L2,L3,L1,L1
L2,L3,L1,L3,L3
H1,L3,L2,L1,M1
L2,BN,L2,H3,L2
L3,L2,L3,M1,L3
L3,L1,L3,L1,L1
L3,L1,L2,L2,L1
M1,H1,M1,H3,M1
M1,L3,L2,M1,L2
L3,L1,M1,M1,L1
H3,L2,L3,L3,L2
H2,H3,L2,H3,L1
L3,H3,L1,L1,H3
L2,L3,L2,L3,L1
L1,L2,L3,H3,H2
L2,L2,M1,L2,L1
L1,H2,L1,H1,L1
L1,L2,L2,L3,M1
M1,M1,L3,L3,H2
L1,L3,L1,H2,L1
L3,L1,M1,L1,L2
M1,L3,L2,L3,L1
L1,L3,L3,L3,L2
L2,L3,L3,M1,L1
H3,L1,H3,L3,L3
H2,L1,L3,L1,M1
L3,L1,L3,L1,L1
M1,H2,H3,L2,H3
L2,L2,L3,L2,L3
H3,L2,L3,L2,M1
L2,M1,L3,M1,H2
L1,L3,M1,H3,L2
H2,H2,H1,L3,L2
L2,M1,L2,L1,L3
L3,BN,L1,H2,M1
L3,L2,H2,L3,H3
L2,L2,L2,L3,L3
L3,L1,H2,H1,L2
L2,L2,H1,M1,H2
L3,L3,H2,H3,M1
L3,L1,L3,M1,L3
L3,H2,L1,M1,L2
M1,L1,H3,H2,L3
H3,L1,M1,L3,L1
L2,L3,M1,L3,L2
BN,BN,L3,L2,L3
L2,L1,L3,L1,L3
L3,L3,L1,L2,L1
L1,L2,L2,L1,L1
L3,L2,H3,H3,L3
L2,L1,L3,L1,H2
L2,BN,L2,M1,L3
L2,L2,L2,L1,L1
M1,L3,L1,H2,L2
L3,L3,L2,H1,L1
L1,L3,L3,L2,L3
L3,L3,L2,L1,L3
L3,L3,L2,L2,L2
L2,L2,L2,L2,L2
H2,L2,H3,L1,L2
L2,L1,L3,L3,L3
BN,L3,H2,L3,L1
L1,L2,L1,M1,M1
H2,H1,L1,L1,L3
L1,L3,L1,L2,GL
L3,BN,L2,L2,L2
H2,L3,L1,L3,M1
L2,L2,L1,L1,L3
L1,L3,H3,L3,L2
L2,L3,L2,M1,H2
L2,H1,M1,M1,L2
L1,L1,M1,H3,L2
H3,L3,L3,L2,M1
M1,H3,L1,L3,L2
L2,L2,L2,L2,H3
H3,L2,L2,L1,L1
L2,H1,H3,H1,L1
M1,H1,L1,L2,L3
L3,M1,M1,H2,H3
L2,L1,L2,M1,L2
L2,M1,L3,H3,M1
M1,L2,L2,L1,L2
M1,L1,M1,L1,L2
L3,L2,H2,L3,L2
H2,L3,L2,L2,L3
H2,L2,L1,M1,L3
L2,M1,M1,L1,L3
H3,H3,L1,L1,L1
L1,GL,L1,M1,M1
L2,L2,M1,L3,L2
L1,H1,L3,L1,M1
L1,L2,L1,M1,L1
L1,L3,L3,H2,L3
H2,H1,BN,M1,L1
L2,L1,L1,L1,H3
H1,L3,L1,M1,L2
L1,L3,L2,L3,L2
H3,L1,L1,L3,L2
H3,L3,L3,M1,H3
L1,L2,L2,H3,L1
L1,M1,L3,M1,M1
L2,H3,H3,L1,L3
M1,L2,H3,L2,L1
L1,H2,L3,M1,M1
L2,L3,H3,H3,L1
L2,L3,L1,L1,L1
L2,L2,L1,L1,L1
L1,H2,BN,H2,H1
M1,H2,H2,L2,L3
L2,L3,L3,H3,L2
L3,L3,H3,L1,L1
H1,L1,L3,M1,L3
H3,L1,L1,H3,L1
L3,L2,L2,L3,H2
L3,H1,H3,M1,H3
L2,L3,L3,H2,L1
M1,M1,BN,M1,L3
L3,L1,L2,L3,L1
L3,H3,L1,L1,H2
H1,BN,L1,L3,H3
L3,H3,L2,H3,L1
L2,L2,L2,L2,H2
L3,L2,L2,L1,L1
L3,L3,L2,L3,M1
L3,H3,L3,H3,L1
L2,L2,L1,L3,H2
L3,L1,H3,L3,L1
H3,L2,L1,L1,M1
M1,M1,L2,H3,L2
L2,BN,H1,L2,H3
L2,H3,L3,L1,L1
L3,L2,L2,L2,L1
L3,H2,L1,H2,L1
L2,L1,H1,L3,L2
L2,L1,H3,H3,H1
L1,L1,H2,L1,L3
L1,H3,L3,L3,L2
L1,L1,L1,BN,L3
L3,M1,L2,L2,L1
L2,L1,H3,L1,H3
L3,H3,L1,H2,M1
BN,L1,L2,L3,L1
L1,H1,H3,L2,H3
L3,L1,M1,L1,L1
H3,L2,H3,H2,L2
L3,M1,L1,L1,L2
H2,M1,H3,H2,L2
BN,L1,L3,L1,H3
L2,L1,BN,L1,H3
L3,L3,H3,L2,H2
GL,H3,M1,L3,H3
L1,L1,L3,L3,H3
M1,L3,L3,H3,L2
L1,L2,H2,L1,H2
H2,L3,L2,M1,L2
H1,L1,L2,H2,L3
L1,L1,L1,L2,L3
L1,L1,L1,L3,L1
H1,L1,L2,L2,L2
L2,L3,L3,L1,L2
M1,L2,H3,L2,M1
L3,L3,L1,M1,L3
L3,L3,L1,L3,L3
L1,M1,M1,L1,L3
L1,L2,M1,L3,L3
L2,L2,L1,H3,H2
L2,H2,M1,L2,H2
L3,L3,L3,H3,L2
H3,H3,L3,H3,L2
M1,BN,H3,L3,L3
H3,H1,L1,L2,H2
L1,M1,M1,H3,L2
L1,H3,M1,M1,L2
H1,L1,L3,L1,L2
L3,H3,L2,L1,L2
L3,H3,L2,H2,L2
L3,L3,L3,L1,L2
L3,L1,L3,H2,L2
L1,L3,L2,L2,L1
L1,L2,H3,L1,H1
L3,GL,L3,L3,L2
L1,M1,L1,GL,L1
L3,M1,L2,L3,L2
H2,L3,L3,L2,L2
L2,L1,L3,L1,L3
L2,L3,L2,M1,L3
M1,L3,M1,L3,L3
M1,L2,L3,H3,L1
L2,L2,L2,M1,L3
L1,L2,L1,H3,L1
L1,L1,L3,H1,L1
L2,M1,M1,H2,L2
H3,L3,L2,H1,M1
H2,L1,L3,L3,L3
L2,H3,L2,L2,L1
H3,H3,M1,L2,L3
L3,L3,M1,H3,L3
L3,L1,L2,H2,M1
L3,L3,L2,L2,L2
L3,L1,L1,H1,L3
H2,L1,L2,L2,L1
L3,M1,L1,L3,L2
M1,L1,M1,L2,H2
L1,L3,L3,L1,L1
L1,L3,L2,L3,L2
L2,L2,L3,L1,L1
L2,H1,H2,H2,L1
L2,M1,L3,L3,H1
L2,L2,L2,L3,H2
L3,L1,L1,L1,M1
L3,L2,L1,M1,M1
L2,L2,L3,L1,M1
L3,L3,L1,H2,M1
L3,L3,L2,H2,H3
L3,GL,H2,L3,L1
H3,L3,L3,L1,L2
BN,L2,L2,L1,L3
L3,L3,L1,H1,H2
L1,L2,L1,L1,L3
M1,L1,H3,L2,L2
L1,L3,L3,H1,L3
L2,L3,L3,L1,BN
L3,L2,L3,M1,L3
L3,H3,L2,L3,L2
L3,L2,L3,M1,L1
M1,L3,L3,M1,L3
L2,L2,L3,L2,H3
L1,L1,H1,L1,H2
L2,L1,L1,L1,L1
M1,L3,L1,L2,L1
H1,L1,H1,L1,H3
L3,L3,L2,M1,BN
L1,M1,L3,M1,L3
H3,L1,BN,L3,L3
L2,BN,H1,H2,M1
L3,M1,L3,L1,L3
BN,L3,H3,H3,L2
L1,L1,L2,H1,L2
M1,L1,L2,L1,L1
H1,L3,H2,H2,L3
H2,H1,L1,H2,M1
BN,L1,H2,M1,L1
L3,L1,L3,H1,L2
L2,BN,L2,L2,M1
L1,L2,H3,L2,L3
L3,L2,H1,H3,L1
L1,M1,L2,L2,L2
M1,L2,L3,H3,H1
L1,L3,L3,L2,H2
L1,L3,L2,L3,L3
L2,L3,L1,L3,L3
L3,L1,H3,L1,L3
BN,H3,L2,M1,L3
L1,L1,H3,L2,L2
M1,L2,L3,L3,L3
H3,L3,L3,M1,M1
L1,M1,H2,L2,L3
M1,H2,L2,L2,L3
L2,L1,GL,L3,H2
L3,H3,H3,L2,L2
L2,H3,L1,L1,L2
L1,M1,H3,L3,M1
L2,L2,H1,L3,H3
H3,L1,H2,M1,L2
L2,M1,H3,M1,L2
L1,M1,H1,L2,L3
L2,L3,L1,L3,L3
BN,H3,H3,L2,L3
L2,H3,L1,H1,L3
L1,L1,L2,H1,L2
M1,L2,L2,H2,L2
L3,L1,L1,L2,BN
L2,L2,H3,M1,L3
H1,L1,L3,L2,L1
L1,L2,L1,M1,L3
L2,L3,L3,L3,L2
L2,L2,H3,GL,L2
L2,H3,L2,L1,L2
L2,H1,M1,L2,L2
L3,M1,M1,L3,L3
H3,L3,L2,M1,L3
H1,L2,L3,L3,M1
L3,L3,L3,L3,H3
L2,L1,L1,L1,L2
L3,L1,H2,H2,H2
L1,L2,L2,M1,L2
M1,L3,M1,L3,L2
M1,L2,L3,M1,L1
L2,M1,M1,L2,L1
M1,L2,L2,L1,L1
H3,H3,L1,L3,L3
L2,L2,L1,L1,L1
L1,H1,L2,L1,L3
L2,L1,L1,L3,L3
H3,L3,L1,L1,L1
H2,L3,L2,M1,L2
L3,L3,L1,L3,L3
H3,L1,L2,H3,L3
L2,L1,M1,H3,H1
L2,H3,L2,M1,M1
L1,H2,L2,L3,L1
H2,M1,L3,H1,L1
L3,M1,L2,L1,L1
L1,H2,L1,H3,H3
L3,L2,L1,L2,H1
H3,L2,L1,L3,H1
L1,L3,L2,H3,L2
L3,L3,L3,L2,M1
L1,L1,L1,L2,L2
L3,H3,L3,L1,L3
L1,L3,M1,L3,L2
L2,L1,L3,H2,H1
L3,L1,L1,H2,L2
L3,L2,L3,L3,L3
L2,L3,M1,H3,H2
L1,L1,L3,H2,L3
L3,L1,H3,H3,H2
M1,H2,L1,H1,L2
L3,L3,L3,L2,L1
L1,L2,H2,L3,L2
H1,L3,H2,L3,L2
L3,H2,L3,L3,L3
BN,L2,L2,L3,BN
L3,L1,M1,L3,L2
H3,L1,H3,L3,L3
H3,H3,H3,L1,H2
L3,BN,L1,H2,M1
L3,H3,L2,L1,L2
L2,L1,M1,L3,L2
BN,L3,L1,L3,L3
L3,H3,H1,H3,L1
H2,L1,L1,L1,H3
L1,H3,L3,H3,L3
H3,L3,L1,L2,L3
M1,L2,L1,L3,L3
H1,BN,L3,L1,L2
L2,L3,L3,L3,H2
H1,L3,L3,BN,L1
L1,H3,L3,L1,L3
M1,L3,L1,L3,L2
L3,L2,L2,L3,L3
M1,L3,L3,L2,H3
L2,L1,L1,L1,L2
L2,L3,H1,L3,M1
L2,L2,L3,M1,L2
H2,GL,L2,L3,L2
L3,M1,L3,L3,H3
L1,H3,H1,L3,H3
L3,M1,H3,L2,L1
L3,L1,L3,M1,H2
M1,L2,L3,L3,L1
L2,L2,L1,L2,H2
L1,H3,L3,H1,L2
M1,H3,L3,H2,L3
L1,M1,L2,L2,L2
L1,H3,M1,H2,M1
L2,H2,L2,L3,L3
L2,L2,L2,L2,L3
L1,BN,L2,L3,L2
L2,H2,L1,L1,L2
H2,M1,L3,M1,M1
L3,L3,L1,L3,H1
L1,H3,L1,L3,L3
L3,L1,H2,L3,BN
L3,L1,H3,L3,M1
BN,H2,H2,L2,L2
L1,H2,L2,H2,L1
L2,L2,M1,L2,L2
L1,L2,L1,H3,H3
L2,L3,M1,BN,L2
H1,L2,BN,L1,L3
L1,M1,L2,H2,H3
L3,H2,L2,H3,L2
L2,L3,L1,L3,L2
L3,L3,L2,L2,L2
L2,L1,M1,BN,L1
L1,L3,L3,L3,L3
L1,L2,L2,L1,M1
H2,L1,L3,L3,L3
L1,M1,L3,L2,L3
M1,H2,L2,L2,L2
L3,H2,L3,BN,L3
L2,L3,L3,L2,L1
L3,M1,L1,H2,H3
M1,H2,L3,L2,H3
L3,L3,L1,L3,H1
M1,H1,L3,H3,H1
L2,L2,L2,L2,L1
L3,L2,L3,H3,L1
L2,H2,L1,H3,L1
H2,L2,L2,L2,M1
L3,L3,M1,H3,L1
L1,L3,L2,L2,L2
M1,H1,L3,L3,L1
M1,L2,H3,L1,H2
L1,L3,H1,L3,L2
L3,L1,L1,L2,L3
L3,M1,H3,L3,L3
L3,L2,L3,L3,L3
H3,L1,M1,L1,L3
L3,L1,H3,H2,L3
H1,L2,L3,L3,BN
L2,L2,L3,L1,H2
L1,H1,H2,L2,L2
L2,L3,H3,H2,M1
L3,L1,H1,L3,H1
H3,L2,H2,H3,H1
M1,H2,H1,L1,L2
M1,BN,L1,L1,L2
M1,H1,L2,H2,M1
H1,L3,BN,H3,H3
H2,L2,L1,H3,M1
H2,L3,H3,H3,H3
L2,L1,L1,BN,M1
H1,L1,M1,L3,L2
L2,L3,L3,M1,H2
L2,L1,L1,L3,L2
L2,L3,L2,L2,M1
L2,L2,H2,L3,H2
M1,L3,L3,L3,L2
L3,H3,H3,L1,L2
L3,L3,L2,L3,L1
L3,L3,L1,L1,H1
H1,H3,H3,L3,L1
L1,L1,L1,M1,L2
M1,L1,L2,L3,L2
L2,L2,M1,L2,H1
L1,L2,H1,M1,L2
L3,L1,H1,M1,L3
L2,L3,H2,L2,L1
H2,M1,L2,L1,L3
L1,M1,M1,L1,L2
L1,M1,H3,M1,L1
L2,L2,L3,L3,L3
L2,L2,L3,L1,L2
M1,L1,L1,L3,H3
L2,L1,H1,H2,L3
L2,L3,L1,L1,L2
H2,L2,BN,L3,L2
L1,L3,L2,L3,H1
L1,L2,L3,M1,L3
M1,M1,L2,L3,L2
H3,L1,H3,L2,L3
H3,L3,L2,BN,L1
L1,H3,H3,M1,L1
BN,L2,BN,M1,H2
L1,L3,L1,L1,L2
L3,L3,L2,L1,L1
H3,L3,L2,L1,L3
L2,M1,L3,L3,L3
H2,L2,L1,L2,L1
L2,M1,H3,L3,L1
L1,M1,BN,M1,L2
H3,L1,L1,L3,L2
L2,L2,H2,L3,L1
H3,L3,H1,L1,L2
L1,L3,L2,L1,H3
H2,M1,L3,L2,M1
L2,L1,L3,L1,L1
L3,L1,L3,L3,L2
L2,L3,H2,L3,L2
L3,H3,L3,L1,L1
H3,M1,L3,L3,H3
L3,L1,L1,L1,H3
L1,L1,L3,L3,M1
H2,L1,L2,L2,H3
L3,H3,L1,L3,L2
L3,L3,L3,L3,BN
L2,L1,L3,L3,M1
H3,M1,L3,M1,H3
L3,M1,H3,L2,L3
M1,L2,L3,L1,L2
L2,L3,L2,L2,L3
L3,L3,L2,M1,L3
L1,H3,H1,L3,L2
M1,L2,H3,L3,M1
M1,L1,H1,L2,H2
L3,L2,M1,L3,L3
H3,GL,H1,H2,L1
M1,L2,L1,H3,L2
H3,M1,L2,L3,H1
M1,L1,L3,H3,L2
M1,L2,L2,L2,L3
L1,H3,L3,M1,H2
L3,L3,H2,L1,L1
H2,L2,L1,L2,L1
L2,L3,L2,L3,H2
H2,L3,L3,L3,L2
L2,L2,H2,H3,L2
L3,BN,H2,H1,L1
M1,M1,M1,L3,M1
L3,L2,L3,L3,M1
L3,H2,H2,M1,L3
L3,L3,L1,L3,L3
L3,H3,L2,L1,L2
L3,L3,H3,L3,L2
L2,L3,L3,H3,L2
L1,M1,L1,L3,L3
L3,H2,H3,L1,L3
L2,M1,L3,L1,L1
H3,H1,BN,L2,L2
H3,L1,L2,L1,L3
L3,L2,H3,M1,L2
H3,L1,L3,L1,L3
L1,M1,L2,L3,L3
L1,L3,L2,L2,L3
H3,L2,M1,L1,M1
L3,H2,L3,L3,L3
H3,L1,L3,H2,L2
H2,L1,L2,L2,L3
L3,H3,L1,L3,L2
L3,L1,L1,L1,L2
L2,M1,H2,H1,L3
H2,L1,L2,L3,L3
L2,H2,L3,M1,H2
M1,H3,H1,H3,L2
L1,H3,L1,L1,H2
H3,L1,L3,H1,L2
L2,L2,L3,L1,L2
L1,L2,M1,L2,L1
L2,L1,L1,L2,M1
L2,H3,L3,L3,L2
M1,L3,L2,H1,L2
M1,L3,L3,H2,L1
L2,L2,L2,H1,L3
L3,H1,L2,L3,L2
L1,L3,L2,L3,L2
H2,BN,L2,H1,L2
L3,H2,L3,L1,H1
L1,H1,L3,M1,BN
L2,L1,L1,L3,L3
L3,L1,L2,H2,L3
L3,L2,L2,L1,L2
L3,H3,H3,L1,L2
L1,H2,L3,L3,H1
H1,L1,L3,L3,L3
H3,L1,M1,L1,L2
L1,L1,BN,BN,L3
L1,GL,L1,L2,M1
H3,L2,L3,H2,L1
H3,L1,L3,H1,L2
L2,H1,L1,L1,L2
L3,L2,L3,M1,M1
L2,L1,H1,M1,M1
L1,L1,L2,L1,L2
L2,L2,H3,L1,L3
L3,M1,L2,M1,L3
L2,L3,H3,L2,H3
L2,BN,L2,H3,L1
L1,L1,L3,M1,L1
M1,L2,L1,L3,L1
L3,L2,M1,L3,L2
L3,L2,L2,L3,L2
L2,L1,L1,L2,L1
H3,L1,BN,M1,L1
H1,H3,M1,L1,L2
L3,L2,L2,H2,H3
L2,L2,L3,L1,M1
M1,L2,L2,L1,L2
L3,H2,M1,L3,L2
L2,L1,L3,H3,L3
L3,H3,H2,L2,H3
H3,L1,BN,L2,H3
L3,L2,M1,M1,H3
L3,L2,L3,M1,L2
BN,L2,H3,L2,L3
H3,H2,H2,L2,M1
H3,L3,L1,H1,L1
L3,L3,L1,L2,L3
L2,L2,M1,H1,L3
H1,L1,L3,L1,L2
L3,L1,L1,L1,L2
L1,H1,L2,L3,M1
L2,BN,L1,H3,L2
BN,M1,L1,L2,L1
L2,M1,L1,L1,H3
H1,H2,M1,H3,L3
H2,L3,L1,L2,H3
L2,L3,H2,M1,H1
L1,H3,L2,H2,L1
L1,M1,H2,L3,L1
L2,BN,M1,L2,L3
L3,M1,L1,L1,L3
L3,L1,L1,L3,L3
L2,H3,BN,H2,L2
L2,L3,L2,L1,L1
H1,H1,H2,H2,L1
M1,H3,H3,L2,L1
M1,H1,H3,L2,L3
L2,L3,L2,L1,L2
L3,L3,H2,H1,L1
M1,M1,L3,L2,L2
H2,L2,L3,L2,L2
L3,M1,M1,M1,L2
L1,L2,L3,L2,L3
H3,L3,L3,L2,L3
H1,L3,L2,H2,H3
L1,L3,L1,L2,L1
M1,L2,L1,L3,L2
H2,M1,L1,BN,H3
L1,L2,L1,H3,M1
L3,L1,L2,H1,H3
L1,L2,L3,L1,L2
H2,M1,H1,H3,L3
L3,L2,L1,M1,L3
L2,M1,L2,L1,L3
L1,L3,L1,H3,L1
L1,L3,L2,L2,L3
L2,L1,M1,L2,L1
L1,M1,H2,L3,L1
L2,H3,L3,L2,H1
L3,L3,H3,L2,L3
L3,L2,H3,L3,L2
BN,L1,L1,GL,M1
M1,M1,L1,H3,H3
L2,L3,L1,L1,L3
L2,L2,L2,L3,H3
L2,L3,L3,L2,L3
L1,L2,L1,BN,L3
H2,L2,L3,L3,H2
L1,L2,L3,L2,L3
L3,M1,L3,L1,L3
L2,L1,L2,L3,H3
L1,H3,L2,L1,L2
L3,L3,L2,L3,L3
L1,H1,H2,H2,L1
L3,L3,H3,H2,M1
L3,H1,L1,M1,L3
L3,L3,L1,L2,H2
M1,L1,H2,L3,L3
L3,H2,L2,L2,L2
H3,L2,L1,L3,H2
L1,H2,L3,L3,M1
L1,H1,H3,H3,M1
H2,BN,L2,L3,M1
L2,M1,L1,L2,M1
H2,L2,H3,L3,H2
L3,L2,L1,H1,L3
L1,H2,L2,L3,GL
L2,L2,L1,L3,M1
L2,H3,L3,L3,L1
M1,L3,L3,M1,H3
L3,L2,L1,M1,H3
M1,L3,L1,BN,L2
L3,L3,M1,L3,L1
H2,L1,L1,M1,L2
H2,L3,L1,L1,L1
M1,BN,L3,L3,M1
H2,M1,L3,M1,H3
H2,M1,L2,L1,L1
L1,L2,M1,L1,L3
L2,H2,L2,L3,H3
L3,L3,M1,BN,L3
L3,L1,L3,L2,L3
L2,M1,L1,H3,L3
L2,L3,L1,L3,L1
H2,H1,BN,L2,L3
M1,L2,L2,L1,H3
BN,L2,L1,L3,L1
H3,H2,M1,H2,L3
L3,M1,H3,L2,M1
L1,M1,L2,L2,L2
L2,H3,L1,L1,H3
L1,L3,H1,L3,BN
L3,L2,L3,L2,L1
L1,L1,L3,L1,L1
H2,L3,M1,L2,L1
L2,H2,M1,M1,L3
L1,L3,L3,L3,L1
L3,L3,L1,L2,H3
L2,L3,L3,L2,M1
L3,L3,L2,L1,L2
L1,L2,L2,BN,L2
L1,L2,H3,L1,H2
M1,H3,L2,L2,L1
L3,L3,L2,L3,L1
L2,H3,L1,L2,L2
L3,L2,L3,L3,L2
L2,L2,H3,L1,M1
L1,M1,L3,H1,L3
L2,H2,L3,L1,H3
L3,L3,L3,L1,L1
L1,M1,H1,L3,L2
M1,M1,L3,L1,L3
H1,M1,M1,L1,L2
L2,L3,L3,L3,H2
L1,L3,L2,L2,L1
L3,L2,L2,L1,L1
L3,H1,M1,L3,L3
L3,L3,L3,L3,H2
L3,L2,H2,L2,L1
M1,L2,H3,H3,L1
M1,L2,L2,L3,L3
L3,L2,L1,L2,L2
L1,L1,M1,L2,L3
L1,M1,L3,L3,L2
L2,L1,L2,BN,L3
L2,L3,L1,L3,M1
L1,L3,H2,L2,H2
L3,L2,L1,L2,L3
M1,M1,L1,L2,BN
L2,M1,L1,L2,L2
L2,H3,L2,L3,H1
H3,L3,H3,H1,L3
L3,L1,L3,L1,L3
M1,L2,L3,L1,H1
L1,L1,L2,L2,L2
H1,M1,L1,L2,L1
L3,L3,M1,L3,H3
L3,L3,L1,M1,BN
L2,H1,H3,L3,L2
L2,L1,L2,L2,L3
L3,H2,L2,H3,L1
L2,M1,H2,H2,M1
L3,GL,L1,L2,H1
L1,L2,H3,L2,L3
L2,L2,L1,L3,M1
M1,L1,H2,H1,L2
L2,M1,L3,GL,L3
L3,M1,L1,H2,L1
L3,M1,L2,L3,H3
L3,L1,H3,L1,L1
M1,L3,L3,M1,M1
L1,L2,M1,L2,L1
L2,L3,L1,L2,H1
H1,L3,L2,M1,L2
L2,L3,H2,L1,H1
L2,H3,H2,L3,H2
L1,H2,L3,H3,L2
L2,L3,L2,H1,BN
L3,H3,L3,L2,L3
L2,L2,H3,H3,L3
L2,H2,H3,L1,L1
L3,H3,L3,H1,L2
L3,H2,L1,L1,M1
L3,L2,H3,H3,L3
L3,L2,L2,M1,L3
H3,L2,L1,L1,M1
L1,H3,H2,L3,L3
H3,H3,H2,L2,L2
L2,L3,L3,H3,L3
L3,M1,H2,M1,L2
L3,H1,L1,BN,H2
M1,M1,L2,L3,M1
L3,M1,L1,H2,L1
M1,L1,L1,L2,H1
L2,L2,L3,L3,L3
H1,L2,H3,M1,L3
L3,L1,L3,L3,L2
L3,L3,M1,L1,L3
M1,GL,M1,L3,H2
L1,L1,L3,L3,H3
L3,H2,L1,L3,M1
H3,M1,L3,L1,H1
L3,L1,L3,L2,L2
L1,M1,L3,L2,M1
M1,L2,H3,L2,L3
L1,L1,BN,L1,L1
M1,L2,L2,L2,M1
L1,L3,L1,L1,L1
H3,L3,L3,L3,H1
L3,L3,L3,L3,L3
M1,M1,L2,L2,L2
BN,L2,L3,H1,L3
L2,H2,L3,M1,M1
H3,M1,M1,L3,M1
L3,L2,L3,L1,L1
L3,H1,L3,H3,H3
L1,H3,L1,L3,M1
L1,L1,L2,BN,L1
L3,L3,L2,L1,L3
H3,H2,L2,L2,L1
L3,L3,L1,L3,L2
M1,L3,L1,M1,L3
L2,L1,BN,H3,H3
L1,L2,H3,L3,L3
L1,L1,H1,H3,L1
L3,L3,L2,L3,H3
L1,L1,M1,L2,L2
L2,M1,H1,H3,M1
H1,L1,L3,L2,L1
L2,L3,L3,L1,L1
L1,L1,L3,L2,H2
L1,L3,L3,L3,M1
L2,H2,L3,L3,H1
L1,L1,L3,L1,H3
M1,L3,L1,L3,L1
BN,L3,L3,L2,L3
L1,L1,L1,L3,BN
M1,H3,L1,BN,L1
L1,L3,H3,L2,H2
M1,H3,L3,L1,L2
L2,L2,L2,L1,M1
L3,L2,L2,L2,L2
L3,L2,L1,H3,M1
M1,L1,L3,BN,L3
L2,L1,H2,L2,M1
L3,L2,L2,L2,M1
L3,H3,L2,M1,L3
H1,L3,H3,M1,M1
L2,M1,H3,M1,L3
L1,H2,L2,L2,L1
M1,H3,M1,L3,H3
L3,L1,H2,H3,L3
L2,L2,H3,H2,L2
M1,L1,L3,M1,L3
M1,L3,L1,H3,L2
M1,L1,H2,H3,L3
L1,L2,H1,H3,H2
L3,L1,L3,L3,H2
H3,L3,L2,L3,L2
L3,L1,BN,L2,L1
H3,L1,L1,L3,L2
L2,L3,H1,L3,L1
H3,H2,M1,L2,L2
L3,L2,H2,L2,L3
L3,M1,L3,M1,L2
H1,L3,L2,H3,L1
L3,H2,H1,M1,L3
H2,L2,L2,L3,L3
L1,H2,M1,L1,L2
M1,L3,L3,L3,M1
L2,L3,H2,L2,L3
M1,H3,L1,L1,L3
H2,L1,L3,L3,H2
L3,H3,L2,H3,L1
L3,H3,L1,L3,L3
L1,L3,L3,L2,L2
M1,H3,L1,L2,L3
L3,L2,M1,L2,M1
M1,L2,H2,L1,L1
H3,L1,L1,L1,M1
L3,L1,L3,L1,L3
L1,L2,L2,L2,L1
L3,H2,L1,H2,L3
H3,L3,M1,L2,H3
H3,L1,L2,L3,L3
L1,L2,H3,L3,L3
H2,L1,L2,BN,L2
L3,GL,L2,L2,L1
M1,L2,L2,H2,H3
L2,M1,H3,L3,L1
H3,M1,L2,L3,H2
L1,BN,H1,L3,H2
L1,L3,M1,L2,H3
L1,L2,L1,L2,L2
L2,H3,L2,M1,L3
L3,H3,L2,L1,L2
L2,L1,L3,L2,L1
M1,L1,H3,L3,L1
M1,L1,H2,H3,L2
L3,L1,H1,L3,M1
L1,H1,L2,L3,BN
M1,L2,L3,H2,H1
M1,L2,L2,L2,L3
L2,L3,L1,L2,M1
L2,H3,L3,H1,L1
L3,L3,L2,L3,L3
H3,L1,L2,L2,M1
L1,L2,H1,M1,L1
L1,L2,L2,L2,L1
L2,L3,L3,M1,H3
H3,L2,L3,L1,L2
H2,M1,L3,M1,M1
M1,L1,H1,L2,L3
M1,L1,L2,L1,L2
L2,L3,H3,L3,L1
H3,H3,L3,H2,L3
M1,M1,L1,L3,L3
L1,L3,L1,L1,L1
L3,H3,H2,H1,M1
H3,H3,L3,L3,L3
L3,M1,M1,L3,L3
M1,H3,L2,L1,M1
M1,H3,L2,L3,L2
L1,L3,M1,L1,L1
L3,L2,L3,L1,H2
H3,L3,L2,L3,L3
H3,L1,M1,L2,L1
L2,L2,L2,BN,L1
H1,L3,L2,L2,L1
L3,L3,L2,M1,H1
BN,L3,L2,L2,L2
L1,M1,H3,M1,H2
L2,H1,L2,H3,L2
M1,L1,L2,H3,L3
L3,M1,L3,M1,L2
L2,L1,L1,L3,L2
H3,L3,L2,M1,L2
L3,L3,L1,H2,H3
L1,L2,L2,L2,L1
L3,L3,L3,L2,L2
L1,L1,L1,L2,L3
L3,L3,L2,H3,M1
L3,H1,L1,L3,L3
L1,H2,H3,L2,M1
L2,L3,H3,L2,L1
L3,L3,L1,L3,L2
L3,M1,L3,L3,L1
L2,L1,M1,L2,L3
H3,M1,L3,L2,L2
H2,M1,L1,L3,M1
L3,L2,L2,H2,L3
L3,L1,L2,H3,H3
M1,L2,L3,L2,L1
BN,L2,H2,L1,L3
M1,L1,L3,M1,L2
L3,L2,L3,L3,L1
L2,M1,M1,L2,M1
H3,L2,L3,M1,L1
H2,L2,L3,L3,L3
H1,H3,L1,L1,L2
M1,H2,L1,L3,L3
L2,L3,L2,M1,M1
M1,M1,L2,H3,H3
L2,L3,L3,H3,L3
H1,M1,L3,L1,L1
L1,L2,H1,L2,L3
L2,M1,L2,L3,L2
L1,H1,L3,L1,H2
L3,H1,L2,L2,BN
L2,L2,M1,H1,L2
L2,L2,L1,L2,L1
L2,L2,M1,L1,L3
H2,L2,H3,M1,H3
H3,L3,L3,L3,L1
L3,L1,L3,H2,H3
L2,L2,M1,L1,M1
L2,L1,L1,L3,L1
H2,L2,L2,L1,H3
M1,L2,L1,M1,L2
BN,M1,L2,H3,H3
M1,L2,L2,L1,L3
L2,H1,M1,H3,L2
L3,L3,L1,L3,L3
M1,L3,H2,L2,L2
L3,L2,L3,L2,M1
M1,L1,H3,H3,L2
L1,L3,L2,L3,L2
L1,L3,L2,L1,L1
L2,L3,H1,L1,L3
L3,L3,M1,L1,L3
L2,L2,L2,L1,L3
M1,L1,H2,L1,M1
H3,M1,L2,L1,H3
L2,L3,L1,L2,L2
L3,L1,L2,M1,M1
M1,L1,H2,M1,L1
M1,M1,L1,L2,L3
L2,L2,H2,L2,L2
H3,H2,M1,L2,M1
L2,H3,BN,H2,H3
L3,L1,H2,H3,L3
H3,L2,L1,L3,L2
L2,L1,L3,H3,M1
L3,L3,L2,L2,H3
L2,L3,L3,L1,L1
L3,L1,L3,L2,M1
L2,L1,L2,H2,H1
L3,L2,H1,L1,L3
H2,H1,L3,L3,L1
L1,L3,M1,H2,L2
L1,L3,L3,L1,H3
L1,M1,L2,L3,L2
H3,H2,L3,L2,L1
L1,L1,H2,L1,H1
L2,L3,L3,L3,H3
L2,H2,L2,L3,L3
L2,L2,H3,L1,L2
L2,L1,H3,L1,L2
H3,BN,L2,L3,M1
H2,L3,L3,L3,L1
L1,L2,L1,L1,L3
H1,L1,L1,L1,L1
L2,L2,L1,L1,L2
L1,L3,H2,L1,L3
L2,L3,L1,L2,L1
L2,M1,L2,H3,L2
L3,L3,L1,L3,L3
M1,L3,L3,L3,L1
L3,L3,H3,L3,M1
L1,H3,L2,L3,L2
L1,M1,L2,L3,L1
L3,L1,L3,L3,L2
L3,GL,L1,M1,H3
H1,H3,H3,M1,H2
L1,H1,M1,H2,L3
L2,L2,M1,L3,H3
L1,L3,L3,L2,H2
L3,H1,L3,L2,L2
L3,L2,L2,L1,L2
L1,M1,L1,L1,L1
L2,L2,L1,L2,H1
L3,BN,L3,L2,L2
L3,L3,L2,L3,L3
L3,L3,L3,L1,L1
L2,H2,L3,L2,L3
L2,L1,BN,L2,H1
L1,L2,L3,L3,L1
L3,H3,L1,H3,H3
M1,L3,L2,H2,M1
L3,L1,L3,L3,H2
H3,L1,M1,L3,L3
L3,M1,L3,H1,M1
L1,L1,H3,L2,M1
M1,H3,L2,BN,L1
L2,L2,L1,L2,M1
L3,L2,L2,L3,L1
H2,H3,L2,H3,L3
L2,L2,L3,M1,L1
H2,H3,L1,L3,H3
L3,L1,L3,M1,H2
L2,L2,L1,L2,L2
L2,L3,L2,L2,L2
L2,L3,L3,L2,M1
M1,M1,H1,L1,L1
L1,L3,L1,M1,L3
L3,L2,L3,L2,L3
L3,L3,L2,L1,L2
L2,L1,L2,M1,H3
H3,M1,L3,M1,H1
H2,L2,L3,L2,H3
L3,L3,L2,H1,L1
L2,L2,L2,L3,L3
L3,L3,L3,H3,L2
L2,L3,L2,L3,M1
H1,L1,L1,M1,L1
L1,L1,M1,L1,L3
L2,L3,H2,L2,L1
L3,L3,L2,L2,L1
M1,L3,H2,M1,L2
L2,L1,H3,H2,L3
M1,H1,H1,L1,L2
L2,GL,H3,L1,L1
H3,H3,L1,M1,M1
L2,L2,L1,L1,H3
L1,H3,L1,L1,L3
L3,L2,L1,L2,H1
M1,M1,L2,L2,L3
H2,H3,L2,L2,L1
L2,L1,L1,BN,M1
BN,L3,L2,L3,L3
H3,L2,L1,L3,M1
H2,L3,M1,H3,L3
L2,M1,H3,L1,L1
H2,L3,H2,L3,H1
L3,L1,L1,L3,BN
BN,M1,L2,H1,M1
L1,L3,L3,L2,L2
M1,L3,L3,L1,L2
L3,L1,L1,L3,L3
L2,L2,L3,H1,L1
M1,L3,H2,H3,BN
L2,L3,L2,L3,L3
L2,M1,L3,H2,L2
L1,L2,L2,L3,GL
M1,L3,L1,M1,L2
H3,H2,L1,L3,L1
L3,M1,H2,H1,L1
L1,M1,L1,L3,M1
L1,L2,L1,L2,L2
L2,L2,L3,L3,L1
H2,L1,L2,GL,H1
L3,L3,M1,L3,L2
L3,L2,L3,L1,L2
L3,H1,L1,H3,L1
L1,H1,H2,H3,H3
L3,L3,L2,L1,H2
M1,L2,L1,H3,M1
L3,L1,L3,L2,L3
L2,L1,L3,L3,L2
H2,L3,H1,L2,M1
L1,L2,M1,L3,H2
L1,L3,L2,H1,H3
L2,L3,L3,H3,L3
L1,L3,L2,L1,M1
L2,L1,L2,H2,M1
L3,L3,L3,H1,H1
H2,M1,L2,H3,L2
L1,L1,L3,L3,H2
L2,L3,M1,L1,M1
L2,L3,L3,L1,L3
L2,H3,L3,L1,L2
L3,H3,L3,H2,L1
L3,L2,L3,M1,L3
M1,L2,H3,L1,H1
L2,L3,M1,L1,L3
L2,L2,L3,M1,L3
L1,L2,L2,L3,H1
H1,L2,H2,L2,L3
M1,L1,L2,L1,H2
H1,L3,L3,H2,L3
L2,L3,L3,L1,L1
L2,M1,L2,L1,L3
M1,H3,L2,L3,L2
H1,H1,L2,L2,L3
BN,H3,BN,L1,H2
M1,BN,L1,L3,H2
L1,L2,L2,L3,L1
H3,L1,L3,L1,L1
L3,L1,M1,L1,H2
L3,H3,H3,H1,L3
L2,L3,L1,L1,L1
M1,L2,M1,L3,H2
L2,L2,BN,L3,M1
L2,L2,L3,L3,L2
H3,H3,M1,L2,H1
L3,L3,L3,H3,L2
L3,L1,L2,M1,H1
L3,L2,M1,L3,L3
L3,L1,M1,L2,L3
L3,L2,M1,H2,L3
L1,H2,L1,M1,M1
M1,M1,L2,L3,L3
M1,L3,L2,H2,L2
M1,H2,M1,L3,L3
H2,L1,L2,L2,L2
M1,L2,L3,L3,L1
L1,L1,H3,L1,M1
H1,M1,M1,H2,L2
H2,L3,L1,L1,M1
M1,M1,H1,H3,L2
L3,L1,BN,L3,H1
L3,L1,H2,L2,L1
M1,M1,L3,H2,L1
M1,H3,L3,L2,L2
L1,L3,L2,M1,M1
M1,L3,L3,H2,H3
L3,M1,L3,L3,L2
L1,L2,BN,H3,L3
L3,M1,M1,L1,L3
L3,L3,L3,L2,H2
H1,L3,L1,H3,L2
L2,L1,H2,L3,M1
L3,L3,L1,L1,H3
H3,BN,BN,L1,H2
L2,M1,L3,L3,L3
L2,M1,L3,M1,H1
L3,H2,L3,L2,L1
H3,M1,L1,L3,L2
L2,H3,L2,M1,L1
L1,L2,L3,H3,L3
M1,L3,L1,L2,L2
L3,BN,BN,H2,L3
L3,L3,L3,L1,L3
L3,L3,L2,L2,L3
L1,L2,L3,H3,L2
L1,L2,M1,L2,H3
H3,L3,L3,L1,M1
L2,M1,H1,H1,H1
L1,L3,L2,H1,H3
L3,L1,L3,L3,L2
L2,L1,H2,L3,L3
L2,L1,L2,L1,L2
L3,L1,L3,L3,L1
M1,L3,L2,L2,L2
BN,H2,L2,L2,L2
L2,L3,L1,M1,L2
L2,L2,L3,L2,L2
L2,L2,H3,L1,H2
M1,L3,M1,L2,GL
M1,L1,L1,H1,L3
L2,H3,M1,L1,L1
L2,M1,H2,L1,H3
L3,L1,L2,L2,L3
L3,L3,L3,L2,L1
L2,H1,M1,L1,L1
L1,L2,L1,L1,M1
L3,L3,L3,M1,L3
H1,L3,L3,H1,L1
H1,L1,H3,L2,L2
L2,H3,L3,M1,L2
L1,L2,M1,L2,L3
H1,L2,H2,L2,M1
L1,L1,L2,L1,M1
M1,L1,L3,M1,H1
L1,M1,L2,L3,L1
L3,L1,H1,H3,L2
M1,M1,M1,L1,L1
M1,L3,L3,L3,L3
H1,H2,BN,M1,M1
L2,L2,L2,L3,L1
H3,L2,L3,H3,L1
L3,L2,L3,L3,L3
L2,M1,L1,L1,M1
L1,L2,L3,L1,M1
L2,L1,M1,M1,H2
M1,L3,L3,L3,L3
L3,L2,M1,H1,L2
L3,L3,L2,L2,H2
L3,L1,M1,M1,H2
L3,L1,L2,L3,L3
L1,H2,L1,H2,L2
L2,L1,H3,H2,M1
H3,L1,M1,H1,M1
L2,L3,L1,L2,H3
M1,H1,M1,H2,L3
L1,H2,L1,L1,L3
L2,L3,M1,L1,L3
H3,L3,L2,L1,L3
M1,L3,H1,M1,H3
L2,L1,H3,L1,L1
H2,L2,H1,L2,L1
M1,BN,L1,L3,BN
L3,L2,L3,L1,M1
H3,L1,H2,L3,L2
L1,M1,L1,L1,L2
L3,H2,L1,L1,L3
M1,H2,L1,L1,L3
L2,BN,L1,L3,H2
L3,L3,L3,H2,L1
L1,L2,H1,M1,L1
M1,L3,L1,H2,M1
L2,H2,L1,M1,L1
H2,L3,L2,L2,L2
H3,H2,L1,L3,L1
L3,L1,H3,L3,L1
H3,L1,L3,H2,H3
L3,L2,L1,M1,L3
H3,L2,BN,L1,H2
L1,M1,L1,L3,L2
L2,L2,L3,L1,M1
M1,L1,L3,H1,L3
L3,L3,L2,L1,L2
L3,H2,H1,L1,L2
L2,H2,L1,L3,L2
M1,L3,L1,L2,L1
L1,L1,L3,BN,L2
L2,BN,L1,L3,L1
H2,L1,L2,M1,L3
L2,H2,H2,H2,L3
M1,L1,L1,H3,H2
L1,M1,L3,L1,M1
L2,L3,M1,L2,M1
M1,L1,L2,L2,L3
M1,M1,L2,H1,H3
L2,L1,L3,L1,L2
H3,L2,L3,L3,H3
H3,H2,H1,L1,L3
M1,L3,L1,H1,L2
L3,L3,L3,L2,M1
L2,L2,L2,H3,M1
H3,M1,H1,M1,L2
L3,L1,L1,L3,L2
L1,L2,M1,L2,M1
L1,L3,L1,M1,L3
M1,L3,L3,L1,H1
L1,M1,L3,L1,M1
L3,H2,L1,L2,L1
L1,H3,H3,L2,L3
L2,L1,M1,M1,L3
L1,H3,L1,H3,L2
L2,M1,BN,H1,GL
L3,M1,L1,L2,L1
L1,L2,L1,L3,H1
H3,L1,L3,L2,L3
L1,L2,L1,H1,L3
H2,H1,H3,L3,L1
H3,L2,L2,L2,L3
L1,M1,L1,M1,L2
BN,M1,BN,H2,L2
L2,H3,H2,L3,L2
L2,M1,L3,L2,L3
L2,L2,L1,M1,M1
M1,L2,L1,M1,H2
H1,H1,L2,H3,M1
L3,L3,L3,H3,L1
L3,L1,L2,L2,L3
H2,L2,H1,L2,L3
L3,L1,H3,H3,H2
L2,M1,M1,L2,L3
H3,L3,M1,L2,L1
H3,L1,L1,L3,H3
L3,L1,L3,L2,H3
L2,H2,L1,L2,L2
M1,L2,L1,L2,L1
M1,L1,M1,L2,L2
H3,L1,L1,BN,L1
M1,L2,M1,H3,L1
L3,L1,L3,H2,L3
L2,H1,L3,L3,L3
L1,L3,M1,L1,L2
L2,L3,L3,M1,M1
L3,M1,L2,H3,H3
L3,L3,L3,L2,L3
L1,H2,L2,L1,L1
L2,M1,L1,L1,L1
L2,M1,L1,M1,BN
L1,M1,L2,L2,L2
L2,L3,L2,L3,L3
L3,L2,L3,L1,L3
L3,L2,L1,H3,L3
L2,L1,L3,H3,L3
L3,H3,L1,L1,M1
L2,BN,L2,L2,H1
H1,M1,M1,L2,L3
L3,H1,L2,L3,L2
L3,H2,L2,H2,L1
L3,L1,L3,L2,H2
L2,L3,L3,L1,L3
H3,M1,L1,M1,L1
L1,H1,L3,L3,L3
L1,H2,L2,L2,L1
L2,L2,L1,M1,L3
M1,L1,L2,H3,H3
M1,BN,H1,M1,H3
M1,L2,L2,L1,L1
H2,L2,L1,L3,L2
M1,L2,L1,L1,L1
L3,L3,BN,H2,H2
L1,L3,L1,L1,L1
BN,L3,L1,L3,L2
L1,M1,M1,L3,H3
L3,H1,L3,L1,L3
M1,L1,L3,L3,L3
L2,H1,L2,L3,L2
L1,L2,L1,L2,L2
H2,M1,L2,L3,M1
L1,M1,L1,L1,L1
H1,H2,H2,L3,L2
L3,L3,L1,L2,L3
M1,L3,H3,BN,M1
L2,H3,L1,L2,L2
L2,L1,M1,L1,L2
L2,L2,L3,H1,L3
H3,L1,H3,L2,L1
L3,L3,L3,L2,H2
L2,L3,L2,M1,L2
L3,L2,BN,H3,L3
L3,L2,L3,L1,L2
L3,L3,L2,H3,L3
L3,L1,H1,L2,L1
L3,M1,L2,L3,H1
L2,L3,L3,L3,H2
H2,H3,H2,BN,H1
H3,L3,H2,GL,M1
L3,L1,L3,L1,L3
L2,M1,L2,H1,L2
H1,L2,L3,L3,M1
M1,H2,L2,H3,L2
L1,L1,L1,H1,L1
L3,L1,H3,L2,H3
L1,L1,L2,L2,L3
L3,H2,L3,L3,H1
L1,L1,L1,L2,M1
L3,L1,L2,H2,L3
L3,L1,H1,M1,L3
H3,L1,L3,L3,H3
L2,L3,L3,L2,L1
H1,L3,H3,L3,H1
L2,L3,L1,L3,L3
L3,L1,L1,H3,L1
L1,L3,L3,M1,L3
L3,M1,M1,H2,L3
L1,M1,H2,M1,L2
H3,M1,L3,L3,L2
H2,L3,L1,L1,L3
H2,L1,L3,M1,H3
L3,L2,L1,H2,L3
L1,M1,L2,L2,M1
H3,L2,L2,M1,L3
L1,L2,L1,L3,L3
H3,L2,L3,L1,L3
L3,L2,L1,L3,L3
M1,M1,L2,H3,L3
L1,L2,M1,L2,H2
L2,L3,L1,L2,L3
M1,L1,L2,M1,H3
L3,L3,H3,M1,L3
L1,M1,L2,L3,BN
L3,L2,M1,L3,L3
M1,M1,L2,L1,M1
L1,L2,H1,L1,L3
L2,L1,H3,L3,L3
L1,L2,H3,L2,L3
L2,L1,L1,L3,L3
M1,L3,BN,M1,L1
L1,BN,H2,L3,L2
H3,L1,L3,L1,L3
H1,H1,M1,M1,L2
L1,M1,L3,L3,L1
L3,H3,H3,M1,L3
H3,L3,L2,L2,L2
H3,H1,L3,L2,M1
L1,M1,L1,L3,H2
L3,H2,L3,L3,H2
M1,L2,M1,L2,H2
L2,M1,L3,L3,L1
L1,H3,L3,L1,L2
L2,H1,L1,H2,M1
L3,L3,H2,L1,L2
M1,H2,L1,L2,L1
L1,L1,L2,L2,L3
L2,L2,L2,L2,H2
H3,H1,L2,L2,M1
H3,L2,H2,L2,L1
M1,L3,L1,M1,L3
M1,L2,L1,BN,L2
L2,M1,L2,L2,L1
L3,L1,H2,M1,M1
H1,H3,H3,L1,L3
M1,L3,H3,H3,L1
L1,L2,H3,H3,L2
H1,H1,M1,M1,M1
M1,L1,H1,L3,H2
L1,M1,H2,L3,H3
L2,L2,L1,L3,M1
H2,L3,L1,H3,H3
L1,H3,L2,M1,L3
L3,L3,M1,L2,L2
L3,L3,H1,H1,L3
L3,L1,L2,M1,L2
L3,H3,L1,L3,L2
H2,L2,M1,H3,L3
H2,L2,L2,L3,L2
L1,L2,L2,L1,M1
L3,L3,L3,L3,H3
L1,L2,L1,L1,L2
L3,L3,L2,L1,L2
L1,L3,L1,L3,L3
L1,L1,L3,L2,L2
L2,L3,L2,L1,L1
L2,BN,L1,L2,L2
L1,L1,L2,L2,L2
L2,L3,L2,M1,BN
H2,H1,L1,L2,L1
L2,L1,L1,L2,M1
M1,L2,L3,M1,L1
L3,L3,L3,L2,H1
L1,L3,H3,L3,L3
L2,H3,H2,L2,H2
L3,L2,H3,L2,L3
L1,H1,H3,L2,H1
L1,L1,BN,M1,L1
L1,L3,L1,H2,M1
L1,L2,L2,H3,L2
L2,H2,L3,M1,H3
H2,L3,L3,L2,L3
M1,L2,L2,L3,L1
H3,L3,M1,L3,L1
L1,L1,L2,L3,L1
M1,BN,L2,H2,L1
L1,H3,L2,BN,L3
L3,L2,M1,M1,L2
L2,L2,M1,L1,L2
L2,H1,L2,M1,L3
L1,L1,L2,L1,L2
L1,M1,M1,L2,H2
L1,L2,L1,L2,L3
H1,L1,L3,L2,M1
M1,H3,L1,L1,L2
L3,L2,L2,L1,L2
L1,L1,M1,BN,H3
L3,M1,L3,L3,L3
L1,L2,M1,L2,L2
H2,M1,M1,H1,L1
L2,L1,L1,M1,GL
H3,L1,L2,L1,L3
L3,M1,L2,M1,L1
L2,L1,L1,M1,L2
H2,L1,H1,L2,M1
L1,L2,L2,L3,M1
L1,L1,M1,H3,H1
L2,H2,H3,L2,H3
L3,L3,H2,L2,L1
H3,L3,H3,L2,H2
H1,L2,L3,M1,L3
L2,L1,L1,L3,L3
M1,L3,L3,L3,L3
M1,L1,L3,BN,M1
L2,H3,L2,H3,L1
L1,M1,L2,H1,L2
L2,L1,L2,L3,H3
H3,H3,L2,L2,L3
L1,L2,L3,M1,L1
L3,M1,M1,L2,L3
L1,L2,L1,L2,L3
L3,L1,L1,L2,L2
L1,H3,M1,L3,L1
H1,H3,L2,L2,L2
L1,L2,L3,L2,L2
L3,L2,M1,H2,L2
L2,L2,L2,L3,L3
M1,L2,L1,L1,H2
L3,H1,H1,M1,L3
L3,L2,L3,L2,L1
L3,L3,L2,L1,L3
L2,L2,H3,L3,L3
L2,L3,L3,M1,L2
L2,M1,H3,L3,L2
L3,H1,L3,L2,BN
L3,H2,M1,L3,L3
L3,L1,M1,L3,L2
L2,H2,M1,L2,M1
L1,L2,L1,L3,M1
H3,H3,L1,L3,L3
L2,L3,H3,L1,L1
L3,L2,L2,L3,L2
H2,L1,L2,L2,L3
L2,L2,L2,L1,H3
L1,L1,L2,L3,M1
L2,L3,L1,H2,L2
L1,M1,L3,L3,M1
H1,L2,L2,L3,H2
L3,L1,H3,L1,H2
H3,L3,L1,H2,L2
L1,L3,H3,H2,H2
H2,L2,L2,M1,L3
L3,L3,L2,M1,H1
L1,L1,M1,H3,H3
M1,M1,L3,L3,L1
L3,L2,L1,L3,H3
L1,L1,L1,L3,H1
L3,L2,M1,H1,L3
L2,H2,L1,H2,L2
L1,M1,L1,M1,L1
L1,M1,L3,L2,BN
H3,L3,L1,L3,L1
H3,L3,BN,L1,L2
H2,L1,L2,L1,L1
M1,L1,L1,M1,L2
L2,L2,L1,L3,L1
M1,L2,L3,L2,L3
L1,H2,L3,L3,L3
H2,L2,L2,H3,L3
H3,L2,M1,H3,L3
L2,L3,H2,H2,H1
L2,BN,L3,L2,H3
L3,L1,L2,L3,L1
L1,L2,L2,L3,L2
L2,L3,L1,L2,L1
L3,L2,L3,L3,H3
H3,L1,H2,L2,L3
H2,L3,L3,L2,L1
M1,L3,L1,L2,L3
L2,L1,L2,L3,L1
L1,L1,H3,L2,L1
M1,L3,L2,L3,M1
M1,H2,L2,H3,L2
L3,L2,H2,L2,L1
L2,L3,M1,L2,L3
L3,L3,M1,H2,L3
L3,L3,L3,L3,L1
H3,L1,L2,H1,L2
L2,BN,L2,L3,L3
L1,H1,L1,GL,H2
H1,L3,M1,L2,H3
L1,L3,L3,H3,M1
L3,L2,L2,L3,L2
L1,L3,L3,L3,L3
L2,L1,L2,L1,L1
L2,L3,BN,L1,H3
L3,L2,L3,L3,L3
H3,L1,L2,M1,L1
L3,L2,L3,M1,L3
L2,L3,L1,L3,M1
H3,L2,M1,L3,H3
L1,L1,L2,L2,L3
L3,L2,L1,BN,M1
L3,L1,L2,L2,L1
L1,M1,L3,L3,L1
M1,BN,M1,L2,L3
L2,M1,H3,L2,L2
L2,H2,M1,L3,H3
L3,L3,L2,H1,L2
L3,L1,H1,M1,L1
L2,H1,L1,L2,L3
L3,L2,M1,M1,H2
M1,H2,H3,L1,L3
L2,L1,L1,L1,L1
H1,H3,L2,L1,L3
L2,L3,L1,M1,L3
H3,M1,L2,L3,M1
L3,M1,L3,H2,L2
L2,H1,L1,L1,L2
L3,L3,M1,H3,L3
L2,L3,L2,H2,L1
H2,L3,L2,L2,H3
L3,M1,L3,L2,H1
L3,M1,H2,L2,L1
L3,L2,L3,H2,L2
L1,H2,L2,L2,H3
L1,M1,L1,BN,L3
H3,L1,L1,L2,L2
L2,M1,L1,H2,L1
BN,L3,L1,M1,L3
L1,L1,M1,L1,L1
L3,L3,H1,L1,L2
L3,L1,L1,L2,H2
L1,L2,L2,L2,H3
L1,L1,M1,L2,H3
H2,L2,L3,L3,L3
L3,M1,L2,H2,L3
M1,L1,L3,L1,L1
L1,GL,L1,L1,L1
L1,L2,M1,L2,L1
L3,L2,H3,BN,H2
L3,M1,H3,L2,L3
L2,H2,M1,L2,H3
L2,L3,H3,H3,L1
L3,H3,L3,L1,H3
M1,H1,L2,H3,L1
L1,L1,L1,H2,H2
L2,L3,M1,L2,L1
L3,L2,H1,H1,L1
M1,M1,L3,H2,L2
L3,M1,L3,L1,H3
L2,H2,L3,L3,L3
L3,L2,L1,L1,L2
L3,L2,M1,H3,L3
L3,H2,L3,M1,H2
L3,H2,L1,H3,L3
L2,L2,M1,L1,L2
L2,L1,M1,L3,L2
L2,L1,L2,H1,H2
L2,L1,H1,H2,H2
H1,M1,L2,L1,H2
L1,L3,L3,L1,H3
L1,L3,L2,L3,L1
L3,L2,L3,L2,L2
L1,H3,L1,L3,M1
L2,M1,H2,L3,L3
L1,L3,L3,L3,L1
H2,H3,L2,H1,L1
L2,L2,M1,L3,M1
L3,L1,L2,L3,L2
L2,L3,L1,H1,L2
L2,L3,L1,M1,H2
L1,M1,L2,BN,L1
H2,L3,L1,L3,M1
H1,H3,L2,H2,L1
H2,L3,L3,L3,H2
L1,L2,L2,L3,L3
L2,L1,L3,GL,L3
M1,L2,H2,H3,L2
L3,BN,L3,H2,L2
H3,L3,L2,L2,L3
L3,L1,M1,L3,H1
H3,L1,L2,H3,M1
M1,L2,L3,L1,L1
H3,L2,M1,L1,L3
L2,L3,L2,L2,L3
L2,L3,M1,H2,L2
M1,L3,BN,L2,H1
L3,L3,L1,H1,L3
L3,L1,L2,L2,L3
L2,L3,L1,L1,L3
M1,L1,H3,L1,H2
L2,L3,L2,L3,H2
L1,L3,L2,L1,H2
H3,L2,L2,L2,L3
H2,L3,L3,L2,L3
BN,H3,L1,M1,H2
L2,M1,H2,L3,H1
L3,M1,L3,M1,L2
H2,L1,L3,H1,H3
L1,L1,L2,L3,L1
L3,L3,L2,L1,L2
L2,L3,L2,L3,L3
L2,M1,L1,BN,L2
BN,L1,L2,M1,L3
L1,H2,H3,L3,L1
L2,L2,L3,L1,L1
L1,M1,L3,H2,L2
L1,L3,L2,L1,L1
L2,H2,L3,L2,L3
H2,L3,M1,L2,L3
H2,H1,L2,L1,L1
L1,M1,H1,H1,L3
L3,H3,M1,H2,BN
H2,H2,GL,H3,L3
L2,L3,L3,L1,L3
L1,L2,L2,L1,L2
L3,L1,L3,L1,L3
L3,L2,L3,L2,M1
L1,L2,L3,L1,L2
L2,L3,L3,H2,L2
L1,L2,L3,H3,H2
L1,L2,L3,M1,H1
L2,H1,H2,L1,H2
L1,H3,L3,H2,L1
L2,L3,L1,L2,H3
L1,L1,L2,M1,L1
L1,H3,L3,L1,L3
H2,L2,M1,L2,H3
L1,H2,L3,L1,L3
L1,L3,L3,M1,H3
L3,M1,H1,L2,L2
L2,H2,H1,L2,L3
L2,H1,L3,H2,H1
L2,M1,L3,H3,L2
L2,H3,H1,L3,L1
L1,L1,L3,M1,H3
L2,L2,H2,L3,L3
L3,BN,L2,L3,L1
L3,L3,L1,L1,H1
L1,H3,L3,H2,H3
L3,H3,H3,H3,H3
L1,H2,L2,L2,H1
L1,L1,GL,L2,L1
L1,L3,M1,L3,L3
L3,L1,L2,H3,L3
L2,L2,M1,H3,L2
L2,L2,L3,L3,H3
H3,L3,L3,BN,H2
L3,M1,H3,L3,M1
M1,L1,L3,L1,L1
M1,L3,M1,L1,M1
H3,L2,H1,L1,L2
H1,L3,H3,L2,M1
L3,L1,L1,M1,H3
L1,M1,L3,L3,L2
L2,L3,L2,L3,L2
L3,L3,H2,H2,L3
M1,L3,L3,L3,L2
L2,L1,L3,M1,H2
L1,L3,L3,L1,L2
L3,L2,L1,L2,L1
H3,L1,L3,BN,L1
L1,L1,L1,H2,H3
L1,L3,L3,M1,L3
H3,H2,L1,H2,L3
L2,H2,L1,L1,H2
L3,L2,L2,H3,M1
H2,L2,L3,L2,L2
L3,M1,L2,L2,L3
L3,L2,L3,L1,L2
L2,M1,L3,M1,L1
M1,H2,L2,L1,L3
L2,L1,L3,L1,L2
L3,L1,L1,M1,H3
M1,L1,L3,L1,L3
L2,M1,L1,L3,L2
L2,L3,L2,L1,L1
L3,L1,L2,M1,H1
L2,L1,L2,H1,H3
L2,BN,H3,L2,H3
M1,L3,L3,H3,H1
L2,L3,BN,L1,L3
L1,H2,L2,M1,M1
M1,M1,L3,L2,L3
L3,L1,L2,M1,H3
L3,L2,L2,M1,L3
M1,H2,H1,H3,L3
L3,L3,H3,H1,L1
L3,H3,L1,L2,L3
L3,M1,L3,L3,BN
L3,L3,H1,L2,H2
M1,H3,L3,M1,L2
L2,BN,L2,L2,L2
L1,L1,M1,M1,H2
L1,L1,H2,L2,L1
H3,L2,L1,L1,M1
L3,M1,L1,L3,M1
L3,M1,BN,L3,L1
L1,L1,L1,L3,L2
L3,L2,L1,L3,H2
H3,L2,L1,L1,M1
L1,M1,M1,BN,L3
L3,L2,L1,L1,M1
M1,L3,L2,L3,L3
L1,L2,L1,L1,L2
L1,L3,L2,H1,M1
L2,L1,L1,L3,M1
M1,L2,GL,L2,M1
L2,L1,M1,H1,H3
L3,L1,H3,L2,M1
L1,M1,L3,L1,L1
L2,L3,L3,L1,L2
H3,L1,H2,H1,L1
M1,L1,H2,L3,H3
L1,H3,L2,H3,L3
H1,H2,M1,L2,H3
L2,M1,H3,H2,M1
L2,L3,L3,L3,M1
L3,H2,M1,BN,L1
L1,L1,L2,L1,L1
L2,L1,H2,L2,M1
L2,L1,L3,H3,H3
BN,L3,L3,H1,L2
H3,L3,L2,L2,L1
H2,H3,L3,BN,H1
M1,L3,L3,L1,L2
L1,M1,L2,L2,L2
L2,M1,L1,L3,H2
L1,H1,L1,L3,L3
L1,H2,L2,L2,L1
L3,H2,M1,BN,M1
L3,L2,L1,H3,M1
L1,L2,L1,L3,M1
H3,H1,M1,L3,L3
L1,L3,BN,H3,H1
L3,H3,M1,L2,M1
L3,H1,L2,H2,L1
M1,M1,H2,L2,L2
M1,L2,H2,L1,L2
L3,L2,M1,L1,H3
L1,L2,M1,M1,L3
H2,L3,H2,L2,L1
L2,L2,L3,L2,H1
H3,L1,L1,H1,L1
L3,L2,L2,M1,L2
L1,H2,L2,L2,BN
L1,L1,M1,M1,L2
L2,L3,L1,L2,L3
L3,H2,L2,H3,H2
L2,H2,L1,L2,L2
L3,H3,M1,M1,M1
H2,L3,L2,BN,L3
L3,M1,L3,L2,L3
M1,L2,L3,L1,L2
L3,L3,L1,L3,L3
L3,M1,L2,L2,M1
L2,H1,L1,H3,L2
L3,L2,L1,L3,H3
H3,L2,L2,L1,M1
H2,M1,L3,H2,L2
L1,L1,H1,L3,L3
M1,L3,L2,L1,H3
H2,L3,L1,L3,H2
H2,L3,M1,L1,L1
M1,L3,L1,L2,L2
L3,L3,L2,H2,H1
M1,H3,H3,M1,BN
L3,L3,L3,L3,L3
L3,L3,L1,L3,L2
L1,H3,H3,L3,L1
L1,L1,L3,L2,L2
L1,L2,L3,H3,L1
L3,L1,L1,L1,L3
H2,L3,H3,L2,L3
L3,H1,L2,M1,L1
L1,L2,L3,M1,M1
M1,L2,L2,L2,L3
M1,L3,L1,M1,L2
L2,L3,L1,L3,L1
L2,M1,L3,L1,M1
L3,L1,L3,L2,L1
L1,L1,M1,L2,BN
L3,L3,L3,L2,H1
L1,L3,L3,L1,L1
M1,H2,M1,L2,M1
L3,L2,H3,L2,L3
L1,M1,L3,H2,L1
M1,L2,L1,L2,L1
L2,L2,L2,L2,H2
L2,L2,L1,L1,L2
H1,L3,L1,H1,H2
L2,H3,L2,H2,L3
H2,L3,L1,M1,M1
L3,L3,H3,L2,L2
H3,L2,M1,M1,H2
H2,H2,L3,L1,GL
L3,H3,L2,L1,L1
M1,L1,M1,L3,M1
M1,H3,L1,L2,L1
L1,L3,L3,H3,L3
H3,H3,M1,L3,L1
H2,L2,BN,L2,H3
H3,L3,H2,L2,L3
L2,H2,L2,L2,BN
L3,L2,L3,H2,L1
H1,L3,L2,L3,L1
L2,H3,H3,H3,L2
L3,L2,L3,L3,H3
L3,H3,L3,H3,M1
L2,L1,M1,L3,L2
BN,L3,L1,L3,L3
H1,L2,L2,L2,BN
L2,L1,L1,H2,H3
M1,L3,H2,L2,L1
M1,L2,H3,L3,L1
M1,L1,H3,L1,L1
L1,L1,H2,BN,M1
H3,L1,L1,L3,L3
H1,L3,H3,M1,L2
L3,H1,L2,L2,L2
L1,L3,L3,L1,L3
L1,L2,M1,L1,BN
L1,L1,H3,L2,M1
L2,L3,L2,L2,H3
M1,L2,L2,L1,L3
L2,M1,L3,L1,H1
L1,L2,M1,L3,L2
L3,M1,H1,L3,L3
L1,L1,L2,L3,L1
L1,L2,L1,L1,H2
H2,L3,M1,L1,L1
L1,L3,L1,L3,L3
L2,H2,L3,L2,L3
H3,L3,M1,H3,L2
M1,M1,H2,L3,L3
L3,H2,L2,L3,H3
H1,L1,H3,L3,L3
L2,L2,L2,L2,L2
BN,L3,L1,L1,L1
L3,L2,M1,H3,M1
H2,L2,H2,L3,BN
L3,L1,L3,L2,L3
L1,L3,L1,L1,M1
L3,L1,L3,H3,L3
L2,L1,H2,L3,L2
L2,H1,BN,M1,L3
H2,L2,M1,L2,M1
M1,L3,L2,L3,M1
L2,H2,L1,M1,L3
L3,L3,L2,H2,L3
L1,H3,L3,L2,L1
L1,L2,L1,L3,L2
L2,L2,L3,L2,L3
L1,H3,L2,M1,L2
L3,H3,L1,L3,L3
BN,M1,L3,L1,H1
L3,H3,L3,L2,H3
L1,L1,H1,L3,L1
H3,M1,L1,L1,L2
L2,L3,L3,H3,L3
H2,L2,L2,H3,L1
H3,L2,L3,M1,L1
L2,M1,L3,M1,L2
L2,L2,L1,L1,L1
L2,L1,L2,H3,M1
H1,L2,L2,L1,M1
L3,H2,L1,L2,H1
L3,L2,H3,M1,L2
L1,H1,H3,L2,L2
H3,M1,L2,M1,L1
BN,L3,M1,H2,L3
L2,L3,M1,L2,BN
L3,H3,L2,L1,L3
L2,L1,H3,L2,L2
GL,L3,L2,M1,L2
L1,M1,L3,L3,L3
L1,H3,H2,L1,M1
L2,L1,H3,L1,L2
L3,L2,L1,L2,L2
H3,L1,L2,L2,L3
L1,H2,L1,L2,L3
L3,M1,L2,L3,L3
L3,L3,L2,L2,L2
L3,L2,L3,L2,M1
L1,L2,L2,L2,L2
H3,H2,L2,L2,H2
L2,L2,L2,H1,H1
H3,L3,L3,L1,L3
H1,L1,L1,L2,H2
BN,H2,L3,L2,L3
L3,L2,L2,L1,H2
H1,H2,L2,L3,L2
M1,M1,H3,L2,L3
L1,L1,M1,L1,H3
L2,M1,L3,L3,M1
L3,L2,L2,L3,M1
L1,H2,H1,L2,L2
H1,M1,L2,L2,L3
L3,L1,L1,H3,L2
L3,L1,M1,H3,L2
H2,L2,L3,M1,L2
L3,M1,L3,H3,L3
L2,L3,L3,L1,M1
L3,M1,L3,L3,L2
L1,H3,L1,L3,BN
H2,H1,BN,BN,L3
L2,L2,L3,L2,L1
H1,L2,H3,L3,L3
H2,L3,H3,L3,L2
L1,L3,H2,L1,L3
H3,L1,L1,L1,L2
L2,L3,BN,L3,L1
L2,L2,L3,BN,L3
L1,M1,L1,L2,L3
L2,L1,H2,M1,L2
L1,L1,L2,L2,H1
L3,L3,L1,L3,L2
L2,H1,L1,L2,M1
M1,L1,H1,L1,L3
L2,H1,M1,H2,L3
L1,L1,L1,L3,H1
L1,M1,L3,L3,L2
L2,L1,H2,L2,M1
L2,H2,L2,L3,L3
L3,L1,H3,L1,L2
L3,L1,H2,L1,M1
L3,H3,L3,L2,M1
L1,M1,H2,M1,BN
M1,M1,M1,L1,M1
H3,H3,M1,L2,L3
M1,H3,L1,L2,L3
L3,L2,L3,M1,L2
L3,L3,L1,M1,L2
L1,M1,L3,H1,L2
L1,L2,L2,L3,M1
L1,L1,L1,L3,H3
L2,L3,M1,M1,L2
L1,L1,H2,L3,H3
H3,L3,L3,L3,H3
L2,H1,L2,L2,L2
L3,L1,H2,L2,L3
M1,BN,L1,L3,L3
L3,H2,L3,L1,H2
L1,H3,H3,BN,L3
L1,L1,H3,L3,L2
L1,M1,L1,H3,L1
M1,H1,H3,L3,L2
L3,M1,M1,L2,M1
L2,H2,L3,L1,M1
M1,H3,L3,L3,L2
H1,L2,H1,L1,M1
L3,L3,L1,L3,L2
L2,L3,L3,L2,L2
L3,L3,H1,L3,L3
M1,L3,L1,L3,H3
L2,L1,L3,L3,L1
H3,L1,L1,L1,L2
H2,L2,M1,L3,H3
L3,L2,H3,H2,L3
L1,L2,H3,L1,L3
L2,L1,H3,L1,L2
M1,H3,BN,L3,M1
H3,L3,H2,M1,L3
L3,H2,L1,L3,L3
L3,H3,L2,H1,L1
L2,L1,L2,L2,M1
M1,M1,L2,M1,L3
L1,L2,L2,H3,L2
L2,L2,L2,BN,H1
L2,L3,M1,L2,L1
L1,M1,L2,L3,BN
BN,M1,H3,L3,L3
L1,L3,M1,H3,H3
H2,L2,BN,L2,L3
L2,L2,L2,L1,M1
L3,H2,H2,L2,H3
H1,L1,L3,M1,L2
L3,M1,L3,L3,L1
L1,M1,L1,L3,L2
H1,H1,L2,L3,L1
M1,L3,H2,L2,L2
M1,L2,M1,L2,L3
L1,L2,L2,L1,L3
M1,H3,L3,L3,L2
L2,L2,L2,L2,L1
BN,L3,L1,L3,M1
H2,L3,L2,L2,L3
L1,L2,H3,L2,H1
M1,H3,L3,M1,L3
L2,L1,H3,H2,L2
H1,L3,L2,L2,L1
L2,L3,H2,BN,L3
L3,L2,M1,H3,M1
L2,M1,L3,L3,L2
L3,L1,L3,L3,L1
M1,L2,L2,L2,H2
L2,L1,M1,L2,H2
L2,L3,L1,BN,L2
L2,L2,M1,L2,H2
H1,L2,L3,H2,L3
L3,H3,L1,L2,L1
H1,H1,L2,L1,L2
H2,L3,L2,L3,L1
BN,L1,L1,L1,L1
L3,L1,BN,H1,M1
H2,L3,L3,H1,L1
L1,L3,M1,M1,M1
H3,L3,M1,L1,L3
L2,L2,L3,L1,H3
H2,L2,L3,L1,H3
L3,L1,L1,M1,L2
L1,L1,H2,L3,H2
L2,BN,L1,L2,L3
L1,L1,H1,L1,L1
M1,H3,L3,L2,L3
L2,L1,L2,L2,BN
L3,L2,M1,L2,M1
M1,L3,L3,H3,L2
L3,L2,L3,L2,H2
H2,BN,L1,L3,L3
L3,L1,H3,BN,L3
L3,M1,L3,M1,L1
L3,L3,L3,L3,H3
L3,L3,L3,L2,L2
L2,M1,L1,L3,L3
M1,M1,L1,L2,H2
M1,L2,M1,L1,H2
L3,M1,H3,H2,L2
M1,L3,H2,L2,L3
H3,L2,L2,L2,L1
L2,L1,H2,L2,L3
H2,L2,L3,H2,L2
L3,L2,L1,L3,L1
L2,L1,BN,L2,H1
L1,L1,L1,L3,L2
L1,L3,H3,H1,L1
L1,L1,L3,L3,H2
H2,M1,L1,L2,L2
BN,L2,H3,L3,L1
L3,L3,L1,L1,L1
H3,H3,L1,L1,L2
L2,L2,L1,L1,H3
L3,L1,M1,H2,L3
L3,H2,L1,M1,L1
L2,H2,L3,L2,H3
H3,L2,H3,L2,L1
L1,L2,L2,L1,L1
M1,M1,L3,M1,L2
M1,L3,H2,L2,H3
L2,L3,L1,L2,L3
L1,L3,L3,L3,BN
M1,L3,L3,H2,L1
L1,H3,L1,L2,L1
L1,L2,L3,L2,L3
H3,L3,L1,L3,L3
L2,L3,L2,M1,H2
L2,L2,L3,L3,L3
L1,BN,L2,L2,BN
M1,H2,L3,M1,L3
L3,L1,H1,L2,L3
L1,L1,L2,M1,H2
L3,H3,L1,L3,L3
L1,M1,L2,H2,L3
L2,L3,L3,L1,L2
H2,L1,H1,L1,L2
L3,L3,L1,H2,L1
M1,BN,L3,L1,L2
L3,L2,L3,L3,H2
L3,L3,L1,L2,L1
L3,H2,L3,H3,L3
M1,L1,L3,M1,H3
L2,H3,H2,L2,L1
H1,BN,L1,L3,L2
H3,H3,L2,H3,L1
L2,L1,L3,H3,L2
H1,L3,L3,M1,L3
L1,L2,L1,L3,L2
L1,L2,H3,L3,L2
L3,L1,L1,L1,H2
BN,H2,M1,H1,H3
H1,L3,L3,H2,L2
L2,L2,M1,L2,M1
L1,H3,L3,L1,L3
H2,L1,L2,L2,L2
H3,L2,L2,H2,L3
L3,L2,L2,L2,L1
H3,L1,L3,H3,L3
L3,L1,L2,L2,L3
L3,L1,L3,L1,BN
L3,L1,L2,L1,H2
L3,L2,H3,M1,M1
H3,L2,L2,L2,H3
M1,L2,M1,M1,L1
L3,BN,L1,L2,L1
L2,L1,M1,M1,M1
L1,L2,M1,H1,L3
L2,L1,L3,L3,M1
L2,L3,M1,L1,M1
M1,L2,L3,L1,L3
M1,L2,L1,H2,L3
L1,L3,H1,M1,L2
H2,L2,L2,H3,L2
L1,H3,L1,H1,L3
H1,L3,L3,L1,L1
H3,L2,L2,L2,L1
L2,L1,L3,H2,M1
M1,L2,L2,L2,L3
BN,L3,L3,L3,M1
L3,BN,L1,H3,H3
M1,L1,L1,L2,BN
L3,L2,L2,H2,L3
H2,L1,L3,L2,H3
L3,M1,H2,L1,H3
M1,L3,L2,L2,L2
M1,H3,M1,L2,H2
L1,H3,H2,L2,M1
L1,L1,L3,H3,M1
L2,H1,L2,L2,M1
L2,L2,BN,L3,L3
M1,L3,L1,H3,H2
H2,M1,L3,L1,L2
H2,L2,L3,H2,L2
L2,M1,L2,L2,L3
L2,L2,H3,L3,L3
L3,L1,L1,L3,L2
H3,M1,L2,H3,H1
L1,L1,H3,L1,L1
M1,H3,L2,M1,H1
L3,H3,H3,H2,H2
M1,L2,L2,M1,L1
L3,H2,L3,H3,L1
H1,H1,L2,H2,L2
L2,L3,H1,M1,L3
L2,H3,L1,L1,L3
M1,L1,L1,H3,M1
L3,L2,H3,L1,L3
L2,L1,L2,L2,L3
L2,L3,L3,H2,L3
M1,L3,L3,M1,L2
M1,L3,L1,L1,M1
L3,L2,L2,L2,L3
L1,L3,H2,M1,L2
L1,L1,L2,M1,L3
H2,L3,L2,L1,L1
L2,H3,H2,L3,M1
L1,L2,L2,L3,L1
H1,L3,M1,L1,L2
L1,H2,L2,L2,L1
L3,L3,L3,L1,L2
L1,L1,L1,L1,L2
H3,L1,L1,M1,L2
L2,M1,L1,H2,L1
H3,L3,L3,L1,L3
L3,L1,L2,L2,M1
M1,L1,L3,H3,L1
BN,H3,H2,L1,L3
L3,H2,L1,L3,L3
L1,L2,L2,L2,L3
H2,L3,L1,L1,H2
L2,L2,M1,L1,L1
L2,M1,M1,M1,L3
H3,H3,L2,L3,L3
H2,H3,L3,L3,H2
L3,H3,L3,L3,H1
H1,L3,L2,L2,M1
L1,L1,H2,H3,BN
M1,M1,L3,L2,M1
L2,GL,L3,L1,L3
L3,M1,H2,L2,H3
L2,L3,L1,L1,L3
L3,H2,M1,L2,L3
L2,H2,H2,L2,L2
L2,L1,L1,H1,L1
L3,M1,L3,H2,H2
L1,H2,H2,L3,L2
L3,L2,L1,L3,M1
BN,L1,H3,L3,L2
L3,M1,L2,M1,L1
H3,L1,L2,L3,M1
L1,M1,H2,L2,M1
L1,M1,L2,L1,L3
L2,L1,L3,H3,L1
M1,H3,M1,H2,L3
L1,L3,L3,L2,L2
M1,L2,L1,M1,L2
L3,M1,L1,L1,M1
L3,L2,L1,L3,L2
L3,L3,M1,H1,H3
L3,L3,L3,M1,H2
L3,L3,L2,L3,L3
M1,L1,L2,H1,L3
L2,M1,L3,M1,L1
L3,L1,L3,M1,L2
L2,L3,L3,L2,L1
L3,L3,L3,L1,L3
M1,L1,L1,H3,L2
L1,L3,L1,L1,L1
L2,L2,L1,L2,L1
L3,L1,H1,L2,L2
L3,L1,L3,L3,L3
L1,L1,L1,BN,L3
L3,H3,L3,L3,L1
L3,L1,L3,L3,L3
L1,H1,L3,L3,L3
H3,L1,L3,L1,M1
L3,L1,L3,L2,L3
L3,H2,L1,M1,H1
L2,L1,L3,M1,L3
M1,L3,H3,L3,L2
L3,L1,L3,L3,L3
M1,M1,L2,L1,L3
L2,L2,L2,L3,M1
H2,L2,H2,L1,L2
M1,L1,L1,H3,L1
L2,H2,L2,L3,L1
L1,L1,H3,M1,M1
L1,L2,L3,H3,H3
M1,L2,H1,H2,L3
L1,L2,L2,L3,L2
L2,M1,L1,L2,L3
L2,L2,L2,BN,M1
L2,H1,H3,H2,H1
L1,H3,L1,L3,L1
H3,H3,L3,H3,L3
L3,BN,L3,L3,H3
H3,L2,L3,L2,L3
H2,L3,L1,L2,BN
L3,H3,L2,L1,L1
L1,L2,M1,L3,L2
L3,L2,L1,M1,L3
M1,L2,L2,L2,H3
BN,L3,L2,H3,L1
L2,M1,L1,H3,L3
L1,L2,L2,L1,M1
L1,L3,L1,L3,L1
L1,L3,L3,H1,H2
H3,L1,H3,L3,L2
H3,L1,L2,BN,H2
L2,L1,L1,M1,L2
L2,L1,L3,L1,L2
H1,H2,H3,H2,L2
L3,L3,M1,H2,L2
L2,L1,L3,L3,L3
L1,H2,L3,L3,H3
L1,M1,L1,H3,H3
M1,L3,H3,M1,L1
L1,L2,M1,L3,L3
L1,L1,L3,H3,L2
L2,H2,L3,L1,H2
H1,L3,L2,H3,H3
L3,H1,L1,H3,L3
L3,L2,H1,L1,L1
BN,L3,L1,L3,H3
M1,L3,L2,L2,L3
L2,L2,L2,M1,L1
L1,BN,L1,L1,M1
H2,L2,L1,L2,L3
M1,L3,L1,L3,L3
L2,L2,L1,L1,L3
L1,L2,L1,L1,L1
L3,H1,L1,L3,H3
L1,BN,L1,L1,H3
L2,L2,L1,L3,M1
M1,L2,L2,L2,L2
L2,L2,L2,L1,L1
L3,L1,H2,L2,L3
L2,L3,L3,L3,L3
L3,L3,L3,L2,BN
L3,L2,L3,L1,L2
BN,L3,L2,L2,L3
M1,L2,M1,L1,L1
L1,M1,L2,L1,L1
L1,H3,L2,L1,L3
M1,L3,L1,L2,L1
H1,L1,L3,M1,L3
M1,L3,M1,L3,H2
L3,H2,L2,L2,L3
L1,L2,L3,L3,L1
H2,M1,L1,L3,H3
L3,H2,H3,H1,L2
L1,L3,H3,H1,M1
L1,L2,H3,L2,M1
L3,M1,L2,H3,L2
M1,L1,L3,H2,H3
L2,M1,L2,H1,H1
M1,L3,L2,L3,L3
L3,L2,L3,L3,L2
M1,BN,L2,H1,L3
M1,L3,L3,M1,L1
L3,L3,L3,M1,L1
L2,L3,L1,H2,L2
L1,L3,H1,L3,L3
L3,L3,L2,L1,M1
H3,L3,L1,L1,H1
L1,L3,L3,M1,H1
L2,L2,L2,L2,M1
M1,L2,L3,H1,L1
L3,L3,L3,M1,L3
L3,L2,L1,BN,H2
L1,H1,M1,L2,L2
L2,L3,M1,L1,L1
L3,L2,L2,L3,H2
L2,L2,H2,L1,L2
L2,L3,L1,L3,L1
L1,L1,L1,L2,M1
L1,L3,L2,L2,H3
L3,L3,L3,L2,L3
H2,L1,H3,L1,H3
L3,L3,L2,H3,H1
L3,H3,L3,L2,L3
L3,L2,L2,L1,L1
L3,H2,L2,L1,L3
L3,M1,L2,L3,H2
L3,H1,L1,H3,L3
M1,H2,L3,H1,L2
L2,L3,H3,L1,L3
L2,L2,L2,L3,L3
L1,L3,L2,H3,L2
L3,H2,L1,L2,L1
L3,L1,L3,H3,L1
L3,M1,L3,L1,L2
H1,H1,L3,L1,L1
M1,L1,L3,L2,BN
L2,L1,M1,H3,L3
H3,L3,H1,L2,L2
L3,L1,L2,L2,H2
M1,L1,L2,L1,L2
L3,H2,L2,L2,M1
L2,L2,L2,H2,L2
L3,L3,L3,L1,L3
L3,L2,L2,M1,L3
L1,L2,L2,L2,H2
L1,L1,H2,L3,L1
L3,L3,L3,L3,L2
L1,H3,L1,L3,L3
H2,M1,L3,L2,L2
L2,L2,L2,L2,L1
L1,L3,L2,L3,L2
H3,H3,L1,L2,BN
M1,L3,L2,L3,H3
M1,H1,L2,M1,L3
L2,L2,L3,M1,H2
H1,L2,L1,L3,L2
L2,L2,L1,L3,L2
L3,H1,L1,L2,L3
L1,L1,M1,L2,H3
L2,L2,L2,M1,L3
L1,L1,L1,L2,H3
L3,L3,L3,L2,L1
L3,L3,L2,L2,BN
H2,BN,H3,M1,H1
L1,L1,L2,L3,L2
H1,L1,L2,L3,L3
L2,L2,H1,L3,L2
H2,L3,L1,L1,H3
L1,L3,H2,L3,H1
L3,L3,L1,L1,L1
H3,L2,L3,L1,L3
H1,M1,L2,L1,L1
L2,L3,L2,L2,L1
L3,L1,L3,L1,L1
H2,H3,H3,H1,L1
L3,L1,L1,L1,BN
BN,L1,H2,M1,L1
L2,BN,H3,M1,L3
H3,L2,L3,L2,L1
L2,H2,L3,L2,L3
M1,L1,GL,L2,H2
L2,M1,L3,L2,L1
M1,L3,L1,M1,M1
L2,H3,M1,L1,BN
L3,BN,L3,L3,L1
L1,L1,L1,L3,L1
M1,L2,L1,L2,H3
L3,M1,H3,H3,L2
H3,L2,L3,L1,L2
M1,L1,L1,L2,L1
L2,L3,H1,L3,L3
L1,L3,L3,H1,L3
L3,L2,M1,L3,L1
H1,L1,BN,H3,L2
L1,M1,L3,L1,L3
M1,L1,H3,L1,L1
L3,L3,M1,H1,M1
L3,L1,L2,L2,L3
H3,L1,H3,L1,L1
L2,L3,L3,L3,H1
L3,L1,M1,L1,H2
L3,M1,M1,L2,L2
L1,L2,L3,L2,L1
L3,L2,L3,M1,L3
H3,L2,L3,H1,H1
L3,L3,M1,L1,L2
L3,L1,L3,L2,L1
H1,L3,L3,L1,L2
L1,L1,M1,H3,L2
H2,L2,H2,L1,H1
L1,L1,L1,BN,M1
H1,M1,M1,L1,BN
L1,H2,M1,M1,M1
L2,L1,H1,L2,L1
H1,M1,L1,L1,H2
M1,BN,L3,L1,L2
L3,H3,L3,M1,L3
L3,H2,H3,M1,L1
L3,M1,L2,L1,L2
L2,L1,L1,L3,H1
M1,L2,M1,L2,L3
L2,M1,L2,L3,L1
H2,L3,M1,L2,L2
L1,H3,L1,H3,L3
L2,H3,L2,L2,L3
L1,L3,M1,L3,L3
L3,L1,L1,L3,L1
M1,L3,L2,H2,H3
L1,H1,L1,M1,L2
L1,M1,L2,L2,L3
H2,M1,L3,H3,L3
L1,L2,L3,H2,L1
L1,L2,L1,H3,H1
H3,L3,L3,H3,M1
H3,L1,L3,L2,L1
M1,L2,L3,L3,H1
L3,L3,L2,L3,M1
BN,L3,L1,L1,L3
L1,L1,M1,L3,M1
L2,L2,H3,L3,L1
L3,M1,L3,L2,L2
L2,L2,BN,L2,M1
M1,L3,M1,M1,L2
L1,L1,L1,M1,H3
L1,L3,L3,L3,L2
M1,H1,L2,L1,L2
L1,H2,H2,L1,H1
L2,L3,BN,L2,L2
L1,M1,L1,L2,H2
L2,L2,H3,L2,L1
L3,H2,M1,L3,L3
L1,M1,H3,L1,L2
L1,M1,L3,L2,L2
H3,L3,L2,M1,M1
L2,L1,H3,M1,M1
L1,H3,L3,L3,L1
H1,L3,L3,L3,L2
L3,H3,H2,M1,L1
L3,M1,H3,L1,M1
M1,L3,L2,H2,L3
L3,L2,L3,L3,M1
H2,L3,L1,L1,H2
L2,H1,L2,H2,L1
H2,L2,L3,M1,L2
L1,H2,L2,H3,L3
L2,M1,M1,H2,L3
L3,H3,L2,L1,M1
L3,H2,L3,L2,L1
H3,L1,H3,L3,M1
L1,L3,M1,L1,L2
L2,H3,L1,M1,L1
L2,L2,H2,H2,L1
M1,M1,M1,L3,L2
L3,L1,L2,L2,L1
L3,BN,L2,L2,L3
L2,M1,L3,L3,L1
L2,M1,H2,L1,H1
H3,L2,M1,L1,L3
M1,M1,L2,L1,L3
L3,L1,L1,L3,L3
BN,L2,L3,L3,L2
H2,H3,H3,M1,L2
L1,L1,L3,H2,L2
L2,L2,H2,L3,L2
M1,M1,L3,L2,L3
M1,L1,L3,L2,L3
H3,L3,L1,L3,M1
M1,L3,M1,L3,M1
H3,M1,L1,L2,L2
L3,L3,L2,L1,H2
L2,M1,M1,BN,L3
H3,H3,L3,L1,L3
L2,L1,L1,L3,L3
L3,L2,H2,L3,L3
L2,M1,L1,L3,L3
L1,H3,L2,H2,L1
L2,L2,H3,L1,L1
L3,L3,L1,H3,L2
L1,L1,L1,L1,L3
H1,L2,L3,L2,L1
H3,L3,H2,L1,M1
L1,L2,L3,L2,H3
M1,L3,H3,L3,L1
M1,H3,L2,L2,L1
H3,L3,H3,L2,M1
L3,L2,M1,L2,L1
L3,L1,L2,H1,H1
L2,L3,M1,M1,L3
M1,L3,L1,L3,L1
L2,L2,H3,M1,BN
L2,M1,L3,L3,H2
L3,L1,L2,L1,L1
L1,L2,H3,L2,L3
H3,BN,L3,M1,L1
H3,L1,L2,L3,H3
M1,L2,M1,L3,H1
H2,H2,H2,L3,L3
L1,L1,H2,L3,M1
H2,L2,M1,H3,L1
L3,L2,L1,L2,L2
H3,L2,L2,L1,H2
H2,M1,L3,H1,H2
L2,L3,H2,L2,L2
L2,L2,H3,L1,M1
L1,L3,L3,L2,L3
L2,BN,L2,L2,M1
L1,L2,H3,L2,L1
H3,L2,L1,H2,L3
M1,L3,L3,L1,L1
L1,L3,L3,H1,BN
L2,L1,L3,L3,H3
L3,L2,L1,L3,L3
L3,L1,L2,L2,L1
H2,L1,L2,L3,H2
L1,L1,L2,L3,H3
L1,M1,L1,H3,H3
L3,L1,M1,H3,L2
L2,L3,L3,L1,L1
L3,M1,BN,L1,L2
L1,L1,L2,L3,L3
L3,L2,L2,H3,L1
L1,H2,H3,L3,H3
L3,M1,L1,L3,H3
M1,L2,L1,L3,H2
M1,L1,L2,H3,H2
L3,M1,L2,M1,H1
L1,M1,L3,L2,H3
BN,L3,L1,L3,L2
H3,L2,L2,L3,L3
L3,L1,L3,L1,M1
L3,L1,L1,L3,L3
M1,L2,L2,H3,L2
L1,H1,L1,L3,M1
H1,L1,M1,L3,H2
L3,L2,H1,L3,L2
L3,H2,L2,L1,M1
M1,H3,L3,L1,M1
L3,L3,H1,H2,L1
L1,L3,L3,L2,L1
L3,L3,L1,H3,H3
L1,L1,H1,L3,L2
H3,L3,L1,H2,L3
L3,M1,H3,H3,L1
BN,L1,H2,L3,H2
L3,L1,L1,L3,L2
L1,L2,L2,L1,L3
L1,L3,L3,L2,BN
L3,L2,L3,H1,L3
L1,M1,L2,BN,L2
GL,M1,M1,H2,H2
L3,L3,M1,M1,L1
M1,L2,L3,L2,L3
L1,H1,L3,H3,H3
L1,L1,H2,L2,M1
L3,L2,H2,M1,L3
L2,M1,L3,M1,L1
L3,L3,L2,L3,M1
L2,L3,L3,L2,H1
L2,H2,H3,L3,L1
H3,L2,L1,M1,H2
L1,L1,L3,L3,L1
L1,L3,L3,L1,L3
L2,L3,L2,L2,L2
H1,L1,M1,L3,L2
L2,L1,L3,H2,H3
L1,L2,L3,L1,H3
H3,H1,BN,L1,L2
M1,L3,L1,L3,L2
H3,L1,L1,H2,M1
L3,L3,L2,M1,BN
L3,L1,L1,L3,L3
L3,L1,L3,L2,L3
H1,L2,L2,M1,M1
L1,L2,L3,L3,H3
L3,L1,L3,L2,H3
H1,L2,L1,L3,L2
L2,L3,L1,L3,L3
L3,L1,BN,M1,M1
L1,L1,H1,H3,H3
L1,L1,L1,L1,M1
L3,L2,L1,L3,H1
L1,L1,L2,L3,L1
L1,L3,H2,L1,M1
L2,L2,M1,M1,H3
L1,M1,L3,L3,L1
H2,L2,L2,L3,L3
H3,H3,L3,L3,L1
L2,L3,L3,L3,L2
L1,M1,L1,L1,M1
L1,L2,M1,L1,L3
L1,M1,L3,M1,BN
L2,L2,H3,M1,H3
L3,H3,L1,H3,M1
L1,H1,L3,L2,L2
L3,H3,L3,H2,L2
L1,M1,L3,H2,H3
L3,M1,L3,H2,L3
M1,H1,M1,L2,H2
M1,L2,L2,L2,L3
L3,H2,L3,L1,L3
L3,L3,L1,L3,M1
M1,H1,L2,L2,H1
L2,L3,L3,L1,L3
L3,M1,H2,M1,L3
H1,M1,L2,L3,L2
L2,L1,L2,L1,L1
L2,L2,L3,L1,L3
L3,L2,L2,L2,L2
L1,L1,L2,H2,BN
L2,L1,L3,M1,L1
L3,L2,H3,L3,L1
M1,H3,M1,H2,M1
H3,L3,L3,L1,H3
L3,L1,M1,L2,H3
L2,L2,L1,L3,L1
L2,L1,L3,L1,H3
L3,L3,H3,L3,L1
L1,H3,L3,L1,H3
H1,H3,M1,L1,M1
H2,L3,M1,H3,H2
L2,L1,H1,L1,L1
H2,H3,M1,L2,L3
L2,L1,BN,L3,L2
L1,H2,L1,L2,H2
H3,L3,H3,L3,L2
L1,M1,L3,M1,BN
L2,M1,L1,L1,L3
L3,L3,L1,L3,L1
L1,L1,L2,L2,M1
L3,H3,L2,L2,L1
H2,L3,L3,H3,L1
H3,H2,L3,L1,BN
L2,L3,L1,L1,L3
BN,L2,BN,H2,L1
L3,L3,M1,L3,L2
H2,L2,L1,L1,L2
L2,L2,H3,L1,L1
L1,L3,L2,L2,L2
L2,H2,L3,L1,M1
L1,M1,L3,L1,L1
L2,H3,L2,L2,L1
L3,H2,M1,L2,L1
M1,L3,H3,M1,L3
BN,L3,L1,L3,L1
L2,L1,L1,L2,L3
L1,L1,L3,L3,L1
M1,L3,H1,M1,L3
L1,M1,L3,M1,L1
L2,M1,L1,H3,H3
L3,L3,L2,L2,H2
L2,L3,L1,L2,L3
BN,L2,L2,L1,M1
M1,L2,H3,L3,M1
L1,M1,H2,L2,L1
H2,H3,L2,H2,H1
H1,M1,H1,H2,H3
L2,H2,L3,L1,H2
H3,L3,L3,H2,H3
L3,L3,L2,BN,L1
L3,L1,L3,L1,L3
H3,H2,L3,L2,M1
M1,L2,L1,H3,L1
L2,M1,L2,L1,L2
L2,L1,L3,L1,L2
L2,L1,L3,M1,H1
M1,L2,L1,L1,BN
L3,L1,L2,L1,M1
H3,H1,H2,L1,L3
M1,L1,M1,L1,L2
L2,L3,L2,L1,H1
L3,L1,L2,GL,L1
L2,BN,H3,L1,L3
L2,L3,L3,L3,L1
L3,L2,L3,H3,H2
L2,L1,H3,L1,L2
L3,L1,H3,H2,H3
L1,L1,L3,BN,M1
L2,L2,L1,M1,L1
H3,M1,L1,H1,M1
L3,L3,L1,H2,H3
L3,L3,H3,L1,L3
L3,H3,L2,L1,L3
L3,L2,L1,GL,BN
BN,L2,L2,L3,H3
M1,L3,L1,L3,L1
L2,L3,L3,L1,L2
L2,L2,H3,L3,H3
L3,L1,H3,L2,L3
L2,M1,L3,M1,L1
L1,BN,H3,L3,L1
M1,L3,L3,L2,L2
L2,L3,L1,L2,L3
L1,L3,L2,L2,H3
H2,L3,H2,L2,L2
L1,H2,L1,L3,L1
L1,L1,L3,M1,L2
L1,H1,M1,M1,L1
L3,H3,L3,L3,BN
H3,L2,L3,H1,H1
L2,L1,H1,H3,L2
H1,H3,L2,M1,L2
H3,L2,L1,H2,L1
L2,L3,L1,H3,L3
L2,H3,L3,L1,L2
L3,L3,L3,L3,L2
L3,L2,L2,L2,L3
L3,H3,L3,M1,L2
L1,L1,L1,L2,L1
BN,H3,L3,H3,L2
M1,H3,L3,L2,M1
H2,L1,L1,BN,L1
L3,M1,L1,L3,L1
L1,L1,L1,L1,M1
L3,L2,L2,L1,H2
L3,L1,L3,L3,L2
L2,L3,L3,L2,L3
L3,GL,L2,BN,L3
L2,L2,H1,H1,L1
H1,L2,L3,L1,L2
L1,H2,L3,L2,L1
L3,L3,H3,L1,L3
H1,L1,BN,L3,M1
M1,M1,L3,L3,L1
L1,L3,L1,H3,L2
M1,M1,L3,L3,H1
L3,L2,L3,L1,L1
M1,L1,L3,L1,L1
L1,L3,L2,H2,L1
M1,L3,M1,L2,L1
L2,H1,L3,L3,L1
L1,L3,L2,L2,L3
H3,L2,L3,L2,M1
L3,H1,M1,L2,H3
L1,L2,M1,M1,L2
M1,H3,L3,M1,L2
L1,M1,H3,M1,L1
H3,M1,BN,L3,L3
H2,L3,L3,H1,L1
L3,H2,L2,L2,L2
L1,L1,L3,L1,H3
L3,L1,GL,M1,H3
L3,L3,L2,L2,L1
M1,L3,H1,L2,L3
BN,L3,L1,L2,L3
L3,L3,L3,L1,L1
M1,L2,L1,H3,L3
L2,L2,H3,L1,L1
L3,L3,H3,L1,H3
BN,L3,M1,L1,L1
H3,L2,L1,M1,H3
H2,M1,L1,L2,L1
M1,L2,L2,M1,L3
L2,H1,L3,L1,M1
L3,L2,H1,L1,M1
H3,L1,L1,L2,L3
L1,H3,BN,L1,L3
L1,L2,L3,H2,L1
L2,L2,L1,H1,L3
L2,L2,L1,L3,L2
H3,M1,L3,L3,L1
L2,L2,H3,L2,L3
L3,L1,L2,L1,M1
L2,L1,L1,L3,L1
L1,L3,L2,L3,L3
H3,L3,M1,H2,H3
L3,L2,M1,M1,H1
L3,L2,H3,H2,M1
L1,L1,H1,H3,L3
L2,M1,L2,L3,L1
L1,L1,L1,M1,H2
L2,H2,L2,L3,M1
L3,H3,L2,H3,L2
H3,L2,L3,L1,L3
L1,L1,H3,M1,L1
L3,L2,L3,H3,L2
H3,L3,L1,L1,M1
BN,L2,L3,L2,M1
M1,H2,L2,L1,H2
M1,L2,H3,L1,L1
M1,GL,L2,L2,L3
L1,H3,L3,L1,L1
L3,H1,L3,M1,H1
L1,H2,L2,H3,L1
L2,H3,M1,H2,L3
L2,L3,L3,L1,H3
M1,M1,L1,L2,L3
H2,M1,H1,H3,BN
L1,H2,L3,L3,L1
L3,H3,L2,L3,L3
M1,M1,H2,L1,L3
L2,L2,H1,H3,L2
M1,H2,M1,L1,L2
L3,M1,H2,L1,L2
GL,M1,H3,L3,H2
L3,L2,H3,L1,L1
L3,H3,H3,L3,L3
L2,L3,L1,M1,L3
L2,L2,H3,L2,L3
H2,L1,L2,M1,L1
H2,L3,H2,L3,H2
GL,L1,L3,M1,L2
L3,M1,L3,M1,L1
L3,L2,L2,L1,H2
L2,H3,M1,L2,L2
L3,H2,H3,L1,H1
H2,L1,H3,H2,L3
L3,H3,L3,L3,L3
M1,L2,H3,L2,L2
M1,M1,M1,L1,L3
L2,L2,L1,L2,L2
M1,L3,H3,L2,L2
L2,L3,L3,L3,M1
M1,L1,L1,L1,H1
L1,L3,M1,L1,L2
H3,L2,M1,L1,M1
H1,H2,H2,M1,L3
L1,L1,L3,L2,L3
H3,L1,L3,L3,L1
L1,L2,L1,L1,L3
L2,H1,L2,H3,H3
L1,L3,L2,H3,H3
H3,L2,H3,L1,L1
L2,L2,H2,L3,BN
H2,BN,L2,L1,L1
L2,M1,L2,BN,L1
L2,H2,L2,L1,L1
M1,L1,L3,L3,L2
BN,L1,H2,M1,M1
L2,M1,L1,L3,L2
L1,L2,L2,L1,H2
M1,L1,L1,L1,L3
L1,H2,L3,H3,L3
L1,L3,H1,L3,L2
L2,H3,BN,M1,L2
M1,L3,L3,L3,L2
L3,L2,L1,L2,L2
L3,L3,L3,BN,L3
L1,BN,H2,H2,L2
L3,L2,L3,M1,BN
L2,L3,L1,M1,L1
L1,H2,M1,M1,L3
H3,L2,L3,L2,H2
L3,L2,H3,M1,L3
L2,L1,L1,L2,L2
L1,M1,L1,L2,L3
L1,L1,L3,L2,M1
M1,L2,H1,L2,L3
L3,L1,L2,L2,L2
M1,H3,L2,L2,H1
L3,L3,BN,L3,L2
L2,H2,L3,L3,L1
L3,L3,L2,H3,H3
L3,H3,H2,L1,H2
L1,H3,L3,H1,L1
L2,L2,H2,L3,BN
L1,H2,L1,M1,L1
M1,L3,H3,H3,H1
L2,L3,L3,H3,M1
L2,L3,L1,L3,H1
L1,L1,L2,M1,L3
L3,M1,H2,L1,L3
L3,L3,L3,M1,L2
L2,M1,H3,H2,L2
BN,L3,M1,M1,L3
L2,L2,M1,L3,L3
L1,H2,BN,L2,H3
H2,H1,L2,H3,H3
L2,M1,M1,M1,L2
L1,L2,L2,L3,L1
L3,BN,L1,H2,M1
BN,H2,H2,L3,L1
L2,L2,H1,H3,M1
L1,L2,L1,BN,L1
L2,L3,L3,H2,L1
L3,L3,L2,L2,L2
BN,H3,L2,L2,L3
M1,L3,L2,L2,L2
H2,M1,L2,L2,L3
L2,L2,L3,L2,L3
L2,L3,L2,BN,L3
H2,L1,L1,L3,L3
L3,H3,L3,L1,H2
L1,L2,L1,L2,L2
L2,L1,BN,L3,L2
L2,H1,L3,L2,L3
L2,M1,L1,L1,L2
L3,H3,M1,L1,L1
L1,L2,L1,L3,M1
H3,L3,L2,L3,L3
L2,M1,L2,L3,H3
H2,L2,L1,L3,L1
M1,L3,BN,L3,L1
L3,L3,L3,M1,BN
L1,L1,L2,L1,L1
L3,H3,H3,L2,H3
L1,L1,L3,L2,L2
H2,L3,H2,L3,H2
H1,L3,L3,L2,H3
L2,L3,H1,L2,L3
L3,L1,L2,L3,L3
H3,L2,L2,M1,BN
L1,H1,H1,L2,L1
M1,M1,L3,L3,L3
L3,L3,L3,L3,L1
L3,L1,L2,L2,L1
L1,L1,H2,L1,M1
H2,H2,L3,H1,H3
L2,L1,L1,H3,M1
L3,L2,L2,L1,L1
L2,L1,L2,L3,L1
L3,BN,H2,BN,M1
L3,L2,L1,L3,M1
L1,L2,L2,M1,L3
L1,M1,H3,H3,H3
M1,H3,L1,H2,L2
L3,M1,L1,M1,L1
L1,L1,H1,L2,L3
L2,L1,L3,L3,L3
H2,L3,L3,L3,L3
L3,L2,L3,L3,L3
L1,M1,L2,L1,H3
L2,H2,L2,H2,L3
L2,M1,L1,M1,L1
L3,L1,H3,L3,L3
L2,H1,M1,L3,H3
M1,M1,L2,BN,M1
BN,L1,L2,L1,L2
L3,M1,L3,L2,BN
L3,L1,L2,L1,L2
L1,L2,L2,H1,L3
H3,M1,L3,L2,L2
H2,L2,H3,H2,L2
M1,H3,H3,L1,L1
L3,L1,L3,L2,L3
L2,M1,H2,L1,BN
L1,L1,L2,L3,L2
L3,L3,M1,L3,L3
M1,L3,M1,L1,M1
M1,M1,L1,L3,L2
L1,H3,L3,L1,H2
L2,L3,H3,M1,L3
L3,L2,L3,M1,H2
L2,L2,L1,M1,L2
L3,L1,L3,L3,L1
L2,L2,L3,L3,L1
L1,L3,H1,L3,L3
L3,L2,M1,H2,H3
L3,L2,L1,L1,H2
M1,L2,L3,L3,H3
L3,H3,L3,L1,H2
L1,L2,M1,L2,L3
L1,H3,BN,L2,H3
L1,L3,L1,M1,M1
L3,L1,L2,L3,H3
L3,L2,L2,L1,L2
L2,L3,H2,L3,M1
L3,L3,L2,M1,H3
L3,L1,L1,L1,L3
M1,M1,M1,L3,L2
H3,L2,H2,M1,L3
M1,L1,M1,L2,H2
L2,L3,L2,H2,L2
L2,M1,M1,L3,L2
L2,H3,L2,L2,H1
L3,L2,L3,L3,L1
L2,L3,GL,L1,L2
L1,L2,H1,H3,L3
L3,L2,L2,L2,L2
L1,H3,M1,H1,M1
H3,L3,L3,L3,L1
L3,H3,L1,L3,L1
BN,H3,M1,L2,L2
M1,GL,L1,H2,H2
H3,L3,L1,L3,L3
L1,L3,M1,L1,L2
L3,L1,L3,L1,L1
L3,L3,L1,L2,BN
L2,L1,L1,L2,L3
H3,M1,M1,L2,H1
L2,L2,L1,L3,L3
H1,L3,H2,H1,H2
L1,L1,L3,M1,L2
L3,H3,M1,H2,M1
L1,M1,H2,L3,L3
L2,L1,M1,H2,L2
M1,H3,H3,L2,H3
L1,L3,BN,M1,L3
L3,M1,L2,L2,H3
L3,L2,L2,L1,L3
L1,H3,L1,L2,L3
BN,M1,H2,H1,H2
L1,L1,H1,L3,H3
L2,L3,L2,H3,L3
L1,L2,BN,H1,L1
L2,L2,M1,L1,H3
L3,M1,H2,L3,M1
L1,M1,L2,H2,L2
L2,L1,L2,H2,M1
L2,M1,BN,L1,H2
H3,L2,L2,L3,M1
L2,L1,H2,L3,L3
L3,H3,H3,L3,L2
L3,L3,L3,L1,M1
L3,M1,L1,L2,BN
L1,L3,L2,M1,M1
M1,L1,BN,L3,L1
L2,H1,L2,L3,L3
H3,H2,L3,BN,H3
L3,M1,M1,M1,H2
L2,L3,L1,L2,L1
H3,L1,H3,L2,L1
M1,L1,L1,L2,L3
L2,L1,M1,L1,M1
H2,L2,L1,L1,H3
L2,M1,L1,GL,H3
L1,L1,L2,L3,L2
L1,L2,L2,H3,L2
L2,L1,L3,L1,L3
M1,L2,H2,H3,H3
M1,L1,L2,L3,L1
H3,L2,L3,H2,L2
M1,H3,H3,M1,M1
H3,L2,L1,L2,L3
L1,L3,M1,H2,L3
H3,L3,L3,L1,L3
L2,L1,L1,L3,L3
H2,L1,L1,L3,L1
L2,L2,L1,L3,L3
H1,L3,L1,H3,L3
L1,M1,L1,L2,L3
L1,H3,L2,H1,L1
L1,L1,L2,L2,M1
M1,L2,BN,M1,L1
M1,L2,L1,L3,M1
L2,L3,L3,L1,L3
M1,BN,M1,L2,L1
L3,M1,H3,H3,L3
L3,L1,H3,L3,L3
L3,L2,L1,H3,H3
H3,H2,BN,M1,L2
L3,L3,L1,L2,H1
L1,L1,L2,H2,L2
L3,L2,L3,L1,M1
L3,L3,L2,L1,M1
H1,L1,L3,L3,H3
M1,L1,BN,L2,M1
L1,L1,H3,L3,L2
H2,H3,H3,L3,L3
M1,L2,M1,H3,H1
L1,L3,L1,L2,L3
L2,H3,L3,L2,L1
L3,L3,L1,BN,H1
L3,L1,L2,L2,L1
L1,H1,L1,L1,M1
L1,H1,H1,L2,M1
L1,L1,L3,L3,L3
L2,L3,L2,L2,L3
L2,L2,H2,L1,L3
M1,L1,H2,L2,L2
H3,L3,L2,L2,H3
L3,L2,L2,L3,L2
L3,H3,M1,L3,L2
L3,L1,L2,M1,L3
L1,M1,L2,L2,L1
L2,M1,L3,L1,L3
L3,M1,L2,L3,L3
M1,M1,M1,H2,L1
L2,L3,H3,L1,L1
L3,L1,L3,M1,H3
L1,H1,L3,L1,L3
L3,M1,M1,L2,L3
L1,L2,H2,H3,L2
L3,L2,L3,L2,L1
H3,L1,L2,L3,L1
L3,L2,L3,L3,H1
L3,M1,L1,L1,L3
L3,L1,M1,L3,H1
L2,L3,L1,M1,L3
L3,L3,H2,L1,L3
M1,L3,H2,H3,L1
L2,L2,H3,H2,L3
L2,H1,L1,L2,L3
L1,BN,H2,M1,L1
L1,H3,L2,L1,L2
H2,L3,L3,L3,L3
L1,L2,L1,L3,M1
L1,L2,H3,H3,L3
L1,L3,L2,L3,L3
L2,L2,L3,L3,L1
M1,L2,L3,L2,L3
M1,H1,H1,L2,H2
L1,L2,L3,M1,L3
L3,L2,L1,L3,L3
L2,M1,M1,L1,H1
H2,L3,L3,M1,L3
L3,L2,L2,H2,L2
L2,L3,L3,L2,L3
H2,L2,L3,H1,L1
L3,L3,L3,H3,L1
L2,L2,H2,L3,L1
H2,L3,L2,L1,M1
L3,L2,L2,L2,L2
L2,H3,L2,BN,L2
L3,L3,L1,H3,L2
M1,L2,H2,L1,H1
BN,H3,M1,L1,L1
M1,L2,H1,H2,L3
L1,L1,L2,L3,L1
L3,M1,H2,L1,M1
L3,L2,L3,L1,L1
L2,H3,L1,L3,M1
L2,L2,L1,L1,L3
L3,L3,H1,L3,M1
L3,H2,BN,H3,L3
L1,L1,L2,L3,BN
BN,L3,L2,H3,H1
L2,L3,M1,L3,H1
H3,M1,L2,L2,L2
L2,H1,L3,L3,L1
L3,H3,L2,L3,L3
H2,L3,L1,H2,L2
M1,L3,L1,L2,L3
H1,L3,L2,L1,H3
L2,L3,L2,L1,L3
L2,L2,L1,BN,M1
H3,L1,L3,L1,L2
L1,L1,L3,M1,L1
L2,H2,M1,L2,M1
H3,L3,H2,M1,H3
L3,L3,L2,H3,L1
L1,H3,L3,L3,L3
L2,H3,L2,M1,M1
L2,L2,L1,L2,L3
L3,H2,L2,L2,L3
H3,L2,L2,L3,M1
L3,H1,L3,BN,L3
M1,L3,L2,L3,M1
L1,L1,L3,H2,L2
L2,M1,L1,L2,L3
L1,L1,L3,L3,M1
L2,L1,L1,H2,L3
BN,L3,H1,L1,M1
L3,L2,BN,L3,L3
L1,H3,H1,L3,L2
L3,M1,L3,H2,L1
L3,M1,L3,L2,L3
L3,L1,H2,L1,H3
L1,L2,L3,H2,L1
H2,L3,L2,L1,L3
L1,L2,M1,L1,L2
L2,BN,L2,L1,L3
H3,L3,L3,L1,BN
L3,M1,L3,M1,L3
L1,H1,L1,L1,M1
L2,L1,H3,H2,L3
M1,L2,H3,H3,L1
L2,M1,H3,L2,M1
L3,L2,L3,L1,L1
L2,H3,L3,H3,M1
L1,L2,H3,H2,L2
L2,L1,H2,L3,L3
H3,L3,L3,L3,L3
L3,L3,M1,M1,L2
H2,L2,M1,L1,L1
M1,L2,L3,L2,L3
BN,M1,L3,L3,H2
L1,L3,L2,L3,L3
L1,L3,L3,L1,L1
L3,H3,L2,L3,L1
L3,L3,L3,L3,L2
H3,L2,M1,L2,L3
M1,L1,L2,L2,L1
M1,L2,L1,H2,M1
H3,M1,H2,L2,L1
H2,L1,M1,L1,L1
L3,H2,L3,L1,H2
H3,L2,L1,L1,L2
L2,L2,L2,L1,M1
H2,H1,L1,L3,L1
L3,BN,L3,H2,M1
H2,H3,M1,L3,L1
M1,H2,L3,L3,L2
BN,L3,L3,H3,L3
M1,M1,L1,M1,L2
L2,H3,L3,L2,H2
M1,H3,M1,L2,M1
M1,H1,H3,H3,H2
L2,L2,L2,L3,H1
L1,L1,BN,H3,H3
L1,H2,H2,H1,L2
L3,H1,M1,L3,BN
L2,L1,L1,L1,L1
L2,H3,L3,BN,L2
L2,L2,L3,L2,L1
M1,L2,H3,L2,L3
L2,M1,H3,L2,L2
L3,L1,L2,L2,H2
L1,L1,L3,L1,BN
H1,L1,M1,L2,M1
BN,L1,L3,H3,L3
M1,L1,L2,L3,L2
L2,H1,L3,H2,M1
L1,L3,M1,L1,M1
L3,L3,L2,L2,H1
L2,L2,L1,L2,L1
L2,L2,L1,L2,L3
L1,H2,L3,L3,M1
L3,L3,L2,L3,L2
L3,L3,L3,L2,L1
H2,L1,H1,L3,H3
L2,L3,H1,L1,L1
L3,L2,H3,M1,M1
BN,L2,M1,L3,H2
L1,H2,L3,L1,M1
L3,H1,L2,L1,H2
L3,L1,L2,L3,L1
L2,L2,L1,L3,L3
L2,L2,M1,H2,L3
L1,L3,H1,L2,L2
M1,M1,H3,L1,L2
L1,L1,L1,L2,L3
H3,H3,L3,L1,L1
L3,L2,L2,L2,H1
H1,H1,H2,L2,H1
L1,L2,L1,L2,L3
L2,M1,L1,L3,M1
L1,L3,L3,H2,BN
M1,L3,L3,M1,H3
L2,L1,M1,H2,L2
H2,L2,H1,L3,L2
L1,L2,H2,H3,L3
L2,L2,H3,M1,H3
BN,L3,L1,L3,H2
H2,L3,L2,L2,L1
H2,L3,L3,L3,L1
L3,L2,L1,M1,L1
H3,L2,L2,L3,L2
H2,M1,L3,L3,L1
L2,L1,L1,H2,M1
L2,L2,L3,L2,H1
L2,L3,L1,L1,L2
L3,L1,BN,L2,L1
L3,L3,L2,L2,L3
L1,L2,L2,L3,H3
L3,L1,L2,L3,H3
L3,H3,M1,L3,H3
L2,H1,H1,L2,L1
H2,L2,L1,H1,L3
H3,L1,L3,L1,L3
M1,L2,L2,L2,L2
L1,M1,L2,L3,H2
L3,BN,M1,L1,H3
L1,M1,L2,L2,L3
L3,L1,L3,L3,H3
BN,L3,L3,M1,H2
L1,L2,H2,L1,L2
L3,L1,L3,L3,L3
H1,H3,L1,L3,H2
L2,L3,L3,L1,M1
L2,L2,L3,L1,L2
H3,H3,M1,L2,L2
M1,L1,L3,L3,L2
L1,L2,BN,L3,M1
L3,L3,L1,L1,L1
L1,H1,H2,L1,L3
L3,M1,L1,L3,L3
L1,L3,L3,L2,L2
L3,L2,L1,L2,M1
M1,M1,L3,M1,M1
H3,L2,M1,L1,L3
H2,L3,M1,L1,L1
H2,L2,H2,L3,L2
H2,M1,L1,M1,L3
L1,H2,L1,L2,L3
L1,L2,L1,H2,L1
M1,H1,H2,L2,L3
L2,BN,H3,L3,L1
L2,L2,L3,L3,M1
L1,L3,L2,H2,BN
BN,L3,L3,L3,L2
L1,L2,L3,L3,L2
H3,L2,L2,L3,L3
L1,L2,L3,L1,M1
L3,L2,H2,BN,M1
L2,L3,L2,H3,L2
L3,L2,L3,L1,L3
BN,L1,L3,L2,L1
L2,L3,H3,M1,L1
M1,M1,L2,L3,BN
L1,M1,H2,L3,L3
L1,L1,H3,H1,L3
L3,L3,H1,L1,H1
H3,L1,L1,L2,M1
L3,H1,H3,L3,L2
M1,L3,L3,BN,L3
L3,L2,H2,M1,H2
L2,L2,L2,M1,H3
H3,L3,L1,L3,BN
L1,H3,BN,L2,L2
H3,H3,L1,L2,H1
M1,L2,L1,L3,L3
L3,H2,M1,L1,M1
BN,BN,H3,L3,L3
L3,H2,L3,L1,L2
L1,H1,L1,H3,H3
L3,L2,M1,L3,M1
L2,L1,H3,M1,BN
L1,L1,H3,L3,H2
H3,L2,L3,H2,M1
M1,L3,L1,L1,L1
L3,L1,H3,L3,L2
L2,H3,L1,BN,H3
L3,L1,L2,L3,L1
L3,L1,L1,M1,M1
L3,L1,M1,M1,L3
L1,H2,L3,L1,M1
L1,H3,L3,L3,H1
L1,M1,L2,L3,L1
L3,L1,L3,L2,M1
L1,M1,L1,L1,L1
L3,BN,L1,M1,L3
L2,L3,L2,L3,H3
L2,L1,L3,L1,H3
L1,H1,L3,H1,H2
L1,L1,L2,L1,H2
BN,L2,L3,H3,L1
H3,M1,H1,L2,H1
L3,H2,L2,L3,H1
L2,H2,L1,L3,L3
L1,L3,L1,H3,L1
M1,H1,L3,L3,L3
L1,L3,L2,L2,L2
L3,L3,H2,L1,L3
L2,L3,H3,M1,L1
BN,L1,L1,H3,L2
L2,L3,L3,H3,L3
L3,M1,L1,M1,L2
L3,L1,H3,L1,L2
H2,L3,L3,L2,H2
H3,L1,H3,L3,H3
L3,L3,H3,L2,L2
L3,L3,L3,L1,H3
L2,L2,L3,M1,H3
L2,M1,L1,M1,H3
M1,L2,L1,H1,M1
H2,L2,L3,L2,L3
L2,L1,L3,H2,H2
L2,L2,L1,L3,H2
M1,L2,L1,M1,M1
L3,H3,L2,M1,L1
L3,L2,L2,H2,L3
M1,H3,L2,L3,L2
H3,H3,L3,L3,L2
L1,M1,H2,H2,L2
L2,L3,H1,L3,M1
L2,L3,L3,L3,L2
L3,L2,L3,H3,H2
L3,L3,L3,L2,L3
L1,L2,L3,L3,L2
H1,M1,M1,L3,H3
L1,L3,L3,L2,H3
L2,H3,H2,M1,L1
M1,L2,L3,BN,L3
BN,L1,M1,L3,L1
H1,L2,L1,L3,M1
L1,H2,L2,L3,H1
H2,L3,H3,H3,L3
L1,L2,H3,L2,L3
L1,L3,L3,H3,M1
L2,L3,BN,L1,L2
L3,L1,L3,L1,H3
H3,L1,L3,L2,M1
L3,L3,L3,L2,L3
M1,M1,L1,L2,L1
H3,L1,H3,M1,L3
BN,L3,L3,M1,L3
L3,L1,L1,H3,L2
L2,M1,L2,L3,H3
L1,L1,L1,L2,H3
M1,L1,L2,M1,L2
L2,L3,M1,L2,L3
H1,L1,L3,M1,L3
H1,H3,L3,H1,L3
H3,L3,M1,L3,M1
M1,M1,H2,L3,BN
L2,M1,L3,H1,M1
M1,L2,L2,L3,L2
L1,L2,H2,L3,L2
M1,L3,L1,L2,L1
H3,L2,L2,L1,L2
M1,L2,L3,L3,L2
L2,L3,L1,L1,M1
L2,L2,L1,M1,L2
L3,L3,L1,H2,M1
L3,L2,H3,H1,L3
BN,L1,L3,H3,L3
L3,L1,M1,L2,L1
L2,L3,H3,H1,L1
L1,L3,L3,M1,L2
L2,L1,L3,L2,L1
L1,H3,L1,L3,L3
H3,H3,H1,L3,L1
L1,L3,L3,L1,M1
H3,H2,L1,H3,L2
L2,M1,L1,L2,L1
M1,H1,L2,L3,L3
L1,L2,H1,M1,L1
L2,L1,L2,L2,L3
H1,H1,L1,L2,H2
BN,BN,M1,H1,L3
L3,L3,L1,L1,L3
L1,L1,H1,L1,H3
H3,L3,L3,L1,L3
M1,H3,L1,L3,H3
M1,L1,L2,L2,H3
H2,L2,L2,L3,L3
H3,L2,L1,L2,L1
H1,H2,H1,L3,M1
H2,H3,H3,L2,H3
L3,L1,L1,L2,L3
L2,L1,L2,H2,L1
L3,L3,H1,H1,H3
M1,M1,H2,H2,L1
L3,L1,L1,L3,L2
H2,BN,L1,L3,M1
L3,M1,L1,H2,L2
L2,H1,L3,H1,L1
M1,L2,L1,L2,H2
L2,L2,BN,M1,L2
M1,L2,H2,H3,L2
L1,L3,L3,H1,L3
H3,L3,H2,H3,H3
L3,L1,H2,L2,L3
M1,L2,L2,L3,L1
L3,H3,L2,L1,L2
L2,H1,L1,H1,L3
L2,H1,H2,H1,L2
L1,L1,L2,L2,H1
L1,L3,L2,L2,L2
H1,L3,L2,L2,M1
L2,M1,L3,H3,L1
M1,L2,BN,M1,L3
L3,L2,L3,L3,H3
L3,L3,M1,L1,L3
L3,H2,L3,L1,L3
L3,M1,L2,L2,L2
L3,L3,L1,L1,BN
L3,L3,L2,L3,L3
L1,L1,L3,L2,H2
L3,H2,BN,M1,H2
L3,L1,L2,H2,L3
L1,H3,L1,L1,M1
L1,L3,L2,L3,L3
L3,L1,L3,L1,L3
L3,L2,L2,L1,H2
L2,L2,L2,M1,L3
H2,H3,L2,L2,L1
L3,L3,L3,L2,L2
L3,L2,L2,L3,L3
L2,M1,L3,L2,L3
L1,BN,L3,H2,H2
L3,L1,L1,L1,M1
H1,L1,L3,L3,H2
L2,L2,L2,L3,BN
H1,H2,L2,L2,L2
M1,L1,M1,M1,H2
GL,H3,L1,L1,H3
L3,L1,GL,L2,L3
L1,L3,M1,H2,L3
L1,L2,L1,L3,L1
L2,L2,H3,L3,H1
L3,L1,H2,L1,L2
L1,L1,L3,M1,L1
L1,BN,L1,L2,L1
L3,L1,L1,L2,L1
H1,L1,H1,L3,L3
L3,H2,L1,L2,M1
M1,L1,L2,H2,M1
BN,M1,H3,L2,H2
L3,L1,L3,L2,L3
M1,L1,M1,L2,M1
L3,L3,L2,BN,L1
L1,L3,L1,M1,H3
L3,L3,H2,L2,L3
H2,L3,L3,L3,L1
L3,L2,L1,H3,L3
L3,L2,BN,L1,L3
BN,M1,L2,L2,L1
L3,H3,M1,L2,L1
L1,H3,M1,L3,L3
L3,L3,L1,H3,H3
H1,L3,L2,M1,L3
M1,H2,L1,L1,L2
M1,H1,L3,L3,L3
L1,L1,L1,M1,L3
L3,L1,M1,L1,L2
L3,L3,L2,H2,L3
H3,BN,L3,H3,L3
L1,L3,L3,M1,M1
L2,H2,L2,L3,L3
L3,M1,M1,L3,L1
H2,H3,L3,L2,H3
L2,L3,M1,L2,H3
L1,L1,H1,M1,L3
L3,L3,L1,L2,L1
L1,L2,L3,L2,L3
L1,L3,L2,H2,L1
L1,L3,L2,L3,M1
H1,BN,L3,L3,L3
L3,L2,L3,L3,L2
L2,L3,H3,GL,BN
L1,M1,L3,L1,L3
L1,L1,BN,M1,M1
L3,L2,L3,L2,L2
H3,L3,L3,BN,L3
L3,L2,H3,L3,M1
L2,L2,L1,L2,L1
L3,L1,L3,L2,L3
L3,L3,H1,L3,L1
L2,M1,L1,L2,L2
H3,L2,GL,L2,L2
BN,H2,L3,L3,L1
L3,L3,L2,L3,L1
L2,BN,H3,H2,L1
L1,L2,L2,L1,H3
L1,H2,L1,L3,L3
L2,L2,L1,H2,M1
L1,L3,L2,L3,M1
M1,L1,L1,L2,L3
L2,H3,L2,L3,L3
H2,L2,M1,L2,H3
L2,L3,H1,BN,M1
M1,L2,L3,L3,L2
H2,L3,L3,L3,H2
BN,L2,M1,L1,M1
L1,L3,L1,H3,L2
L3,L3,L1,H3,L1
L2,L3,L2,L2,H3
H1,M1,L2,L3,H3
L2,L1,L3,M1,L3
L3,L1,L2,H3,L3
BN,M1,L1,L1,L2
L2,H3,L1,L1,L2
L2,L3,L2,L1,L3
M1,M1,H3,L1,H2
L2,L3,L2,L1,M1
H2,L3,H1,L2,L3
L3,M1,H3,L2,BN
H3,M1,L3,L2,L3
H2,L2,M1,H3,L2
L3,L2,H3,L2,H3
L3,L2,L1,L3,L2
L3,H2,L2,L3,L3
L3,M1,L3,L1,M1
H2,M1,L3,H1,L3
L2,H3,M1,L1,H3
L2,L2,L1,L3,H3
H2,M1,L2,L2,L2
L1,H1,H2,H2,L2
L1,M1,L3,L2,L3
H2,L3,L2,L1,H1
L1,L1,L3,L2,L1
L1,M1,L1,L2,M1
L3,L1,L2,H3,L3
H3,L3,M1,L2,BN
M1,L3,L2,L2,M1
L2,L2,H2,L3,L3
H2,L1,L2,L3,L3
L2,M1,L1,L2,L3
L1,H2,L1,H1,H3
H3,L1,L2,L1,L3
M1,L3,L3,H1,L2
H2,L1,L3,H1,H2
L1,L1,L2,L3,L3
H3,M1,L2,L2,BN
L2,L2,L3,H2,L3
H3,L2,H2,H1,M1
L1,L3,L1,H3,L1
M1,L1,M1,M1,L1
H3,L3,L2,L1,L2
L2,L1,L3,L3,L1
M1,L2,L1,H1,H2
L1,M1,H2,M1,H1
M1,M1,L2,L2,M1
H2,L1,L2,H3,L1
M1,L3,L2,L1,L1
L1,L3,M1,L2,L1
L1,H1,L3,M1,H2
L1,M1,L1,L1,M1
M1,L3,L3,L1,L1
L2,L1,H3,L1,L2
L2,H1,L3,L1,L2
L3,H1,L2,L1,L1
H3,L3,M1,L3,L1
M1,L1,L3,L2,M1
L2,M1,L1,H1,L2
H3,L1,L2,L3,L1
L3,L3,L1,H2,L2
L2,L2,L3,H2,L3
L1,H2,L1,L3,L1
L2,M1,H2,L2,H3
L3,L3,L1,L1,L3
L3,L1,L3,L2,L3
H3,L2,L2,M1,H3
H2,L1,L1,L1,BN
H2,L1,BN,L1,L2
H2,L3,L1,L2,L2
L3,L2,L1,L2,L2
L1,M1,L2,M1,H3
L1,L3,H2,L1,L3
L3,H2,H3,L1,L1
L1,L1,H2,L1,L1
L3,L3,L1,L2,BN
L3,L2,L2,M1,L2
L2,M1,L3,L2,M1
L3,H3,L1,M1,M1
L3,H3,L3,H1,H3
L1,H2,M1,M1,M1
L2,L2,L2,L3,L1
L1,L3,H2,L1,L2
L1,L1,H3,L3,L1
L3,H1,L1,L3,L3
M1,H3,L3,L1,L3
L1,BN,M1,L1,L2
L1,H2,L2,L3,BN
L3,L2,L2,L1,L1
H1,H3,M1,M1,L1
L1,M1,M1,H1,M1
L2,L2,L2,H3,L3
L3,L2,L2,L3,L3
L3,L3,L2,L3,H2
L2,L3,H3,H1,L3
L2,M1,H2,L1,L3
M1,L1,L1,H2,L1
H3,M1,L2,L3,L3
H1,L2,M1,L3,H2
M1,M1,H3,L1,L1
L3,L1,L2,L1,H1
H1,L3,L2,H2,M1
H2,M1,L3,L1,L1
L1,L3,L2,L3,L2
L3,L2,L3,L2,H3
L3,L1,L1,M1,L1
L1,L3,L3,L1,L1
L3,L2,L2,L1,M1
L1,L3,H2,L2,L2
L2,H1,L1,L2,L1
L3,L3,L3,L2,L3
M1,L3,L2,H3,L1
L2,M1,L2,L3,BN
L1,H3,L2,L2,L3
L1,H2,H2,L3,H3
L3,M1,L2,L1,H1
H2,L3,H3,H3,H3
M1,M1,L3,L2,BN
L1,L1,L2,L2,L1
H3,L3,L3,L3,L2
L1,L2,L1,M1,L3
M1,L3,L2,M1,H1
L1,M1,L3,L2,L1
L2,L3,L1,L3,H2
H2,L1,M1,H2,L3
L1,BN,M1,M1,M1
H3,L1,M1,L3,H2
H2,M1,H2,L3,H3
L2,L1,L2,L2,H3
L3,H2,BN,L3,H1
H3,L2,M1,L3,M1
BN,M1,H2,H3,L1
H3,L3,L1,BN,M1
L3,L3,H2,L2,H3
L2,H2,L3,L1,H2
L2,L3,H2,L3,L3
L2,H1,L3,L3,L3
L1,L3,L3,H2,L3
L1,L1,L1,L1,L1
L3,M1,H3,L2,H1
L1,H2,M1,L3,L3
L1,L2,M1,L1,L2
L2,L3,L3,L2,L3
H2,L3,H2,L2,L1
L1,L3,L3,L3,L3
L2,L3,H3,L1,L3
L2,L3,L1,L2,H1
L2,M1,H3,L1,L1
L2,M1,L3,L2,L2
H2,L3,M1,M1,L1
H2,H1,M1,L3,L2
L2,M1,H3,H3,L2
L2,GL,L3,L1,H3
H2,L3,L2,M1,L1
H3,L3,M1,M1,M1
L2,H2,L3,L2,L3
L2,H3,L2,L1,L3
H2,H1,M1,L3,L1
L1,L2,M1,L1,L1
BN,L1,M1,L2,L1
M1,L2,M1,L1,L3
L1,H3,L1,L1,M1
L3,L2,L2,L3,L3
M1,L1,H3,L3,BN
L3,L3,L1,L2,L2
L3,L3,H2,H2,L3
H3,H2,H3,H3,L3
L2,L2,BN,H2,H2
L2,H3,H3,H2,H3
L3,L2,L1,H3,L3
L1,L3,L1,L1,L3
H1,L2,L3,L3,L2
H2,L3,H1,L3,L2
L3,L3,L1,L1,M1
L3,L3,L1,H3,L3
L1,H1,H3,L1,L2
M1,L2,L1,L1,L1
L1,L2,L3,M1,L3
H3,L3,L2,H3,L1
L1,L2,M1,M1,L1
L2,M1,H3,L2,L2
L1,M1,L3,L1,BN
H3,L1,H2,L2,L1
L3,H2,H3,L2,H2
L1,L3,L3,L2,L3
L3,L2,L3,L3,L2
H3,H3,L1,H1,H3
L1,H1,L2,L2,L3
M1,L3,H2,L3,L2
L2,H2,M1,L2,L1
L2,L2,L3,L2,L1
L1,L3,L2,L2,L3
L3,L1,H1,BN,L3
L2,H3,L3,H1,M1
L2,L3,M1,H2,M1
L2,L3,M1,L2,L3
L2,L2,L1,L2,M1
L3,L1,L2,H2,L3
L2,L1,L1,M1,H3
L3,L1,L2,M1,M1
L1,L1,L1,L3,L3
H1,L3,L1,L1,H2
H2,H3,L3,H2,L3
L3,L1,L3,L3,H1
L1,L3,L1,L1,L3
BN,L2,H2,H2,L1
M1,M1,H3,L1,L1
M1,L2,L3,L2,L3
L1,L3,L2,H1,M1
H3,L2,L3,L1,H3
L1,M1,L3,L2,L2
L2,L3,L3,L2,H1
M1,L2,M1,L2,L3
L2,L1,L1,L1,L3
L2,L3,L1,L1,L2
L3,L2,H2,L2,H3
L2,L1,L3,L1,H3
L2,L3,L2,H3,H3
H3,L3,H1,M1,L3
L2,L2,L1,L2,L2
L3,L3,L2,BN,L2
M1,H3,H2,L1,L3
BN,BN,H3,L1,L3
L2,L2,L3,M1,L3
L1,H3,H3,L3,L3
L2,L2,L3,H2,L2
L1,L2,M1,L3,L2
H2,L2,L2,L3,M1
H1,L1,L1,L2,L2
L2,L3,H2,M1,H1
H3,H3,L2,L1,H2
L1,L1,L1,L3,L2
L3,M1,L2,L2,H2
L2,L1,L2,L2,L3
L2,H1,L1,L2,H3
H2,L1,L3,L3,H3
L2,H3,H3,L2,H2
L3,M1,H3,L1,L2
M1,L3,L1,BN,L3
H1,L3,L3,L2,L3
L2,L3,L2,L2,M1
L1,L3,M1,L2,L3
L2,L1,L3,L2,L3
L1,H1,H2,L2,L3
L1,L2,L1,L1,H3
L3,L2,H1,L3,L3
L1,H1,M1,L2,L2
L2,L2,L2,L2,L1
L2,L1,L2,L2,L3
M1,L2,L2,L3,L1
H2,L2,L2,L2,L1
L3,L3,L2,L2,L3
H3,L3,H2,L3,L2
L2,L1,H3,L1,L2
L3,L3,L2,BN,L1
L2,L1,L2,L1,H3
L3,L3,BN,H3,L3
L2,H3,L2,L3,L3
L2,L1,H1,L1,L1
L1,L1,L1,L1,H1
L2,H1,H2,L2,L2
L1,L1,L2,L2,L1
GL,L3,L2,L1,L3
L1,L3,L1,L1,M1
L3,L2,L1,L1,H2
M1,L2,M1,L1,L1
M1,M1,L2,L3,L3
L3,M1,L2,L2,M1
L2,L3,L1,L2,L2
L2,H2,H2,L1,M1
L3,L1,L2,L2,L1
L3,M1,L3,H2,M1
L1,M1,L3,L2,L3
H2,L3,L1,L3,L3
L1,L2,L3,L1,H2
H3,L1,L1,H2,H3
L1,L1,L2,L2,L2
H3,L1,H3,L3,M1
L1,L2,L3,L2,L1
L2,H3,M1,H2,H3
L2,M1,BN,L1,H1
H3,H3,H3,L1,H3
H3,M1,L2,H3,L2
L1,L2,L2,H3,M1
H3,L3,L2,L3,L1
L1,L3,H2,L2,L3
L3,M1,M1,L3,M1
L2,L1,L3,L3,H1
M1,L2,L3,H1,L3
H2,L1,H3,M1,L3
L2,L3,M1,L1,L1
L2,L3,H3,L2,L3
L1,L2,L1,M1,L3
H3,H2,L2,L3,L1
L2,BN,L2,L3,L1
H3,L3,L1,M1,L2
H2,L3,L3,L1,L2
L1,L1,L1,H1,M1
H2,M1,L3,M1,L3
L2,H3,L2,L2,L1
L2,L2,L3,L2,L3
H3,L2,L3,L3,L1
L3,L1,L2,L3,L2
L3,M1,L2,L2,L1
H3,L3,H2,L3,H2
BN,L3,L1,H3,M1
H1,M1,M1,L1,H1
L2,H1,L3,L3,M1
L2,M1,L3,M1,H1
L2,L3,H2,L2,H1
L2,L2,L1,L3,L2
H3,L1,L2,M1,L3
H1,L2,L3,L3,L3
L2,L2,L3,H1,L2
L3,L3,H2,L3,L1
M1,L1,L1,H2,L3
H3,L2,H3,L1,L2
M1,L2,L2,L1,L2
L2,L2,L3,L3,L1
L1,L1,L3,L3,L2
L3,M1,L2,L2,L2
H2,L1,L2,L3,L1
BN,H3,L3,L3,L1
H2,BN,L3,H1,L2
L1,L1,L1,L1,M1
H3,L3,L3,L3,H3
L3,L2,M1,L1,L2
BN,H3,L3,L3,L1
M1,L2,L2,L2,L3
L2,L3,L3,L3,L3
H3,H3,H3,L2,H3
L1,L1,L2,L3,L2
L1,H2,L3,L2,H3
L3,H3,M1,M1,L3
L1,H3,M1,H2,L3
M1,L3,L3,L2,L2
L1,L3,L1,M1,M1
L2,L2,H1,L3,L2
M1,L1,L2,L3,L3
L2,L2,L2,L2,H2
L2,L2,L2,L1,M1
L2,L2,L3,L2,H3
L1,L1,H3,H2,L3
M1,L2,H3,L2,M1
L3,H3,L1,L1,L2
M1,H3,L1,L3,H3
H3,L2,L1,L2,L3
L2,L1,L1,L2,L1
M1,L3,L2,L3,H3
L3,L1,L1,M1,H3
L1,H3,H3,H3,L3
L1,L3,H2,H3,M1
H1,M1,L2,L1,BN
L3,L3,L1,L1,L3
L2,L1,L1,L3,L1
L3,L3,H3,H1,H2
L2,H2,L3,H2,H3
L2,L2,H1,H1,L2
L2,M1,M1,L1,L1
L2,L3,H2,L3,H2
L2,H3,L2,L2,L1
L1,L1,M1,BN,L2
L3,M1,L1,M1,L3
L1,H3,L1,L3,L3
L3,BN,L1,L3,L3
L3,L2,L2,H2,L3
M1,L3,L2,L2,L1
M1,M1,L2,L2,L3
M1,L1,L2,L3,L1
L1,L3,L3,H2,L2
L1,M1,M1,M1,H1
L3,L2,H2,L3,H1
L3,H3,L2,L2,L3
L1,BN,L2,L3,L3
L2,L1,L3,L3,M1
L3,L2,L1,L3,H2
L3,L2,H3,H2,L1
L1,L3,L2,M1,L1
H3,L2,H2,H3,L1
H3,L2,L2,L2,L3
H3,H2,L3,L3,L3
L1,L2,H3,L3,L1
L3,L3,L3,L3,L2
H3,L1,H2,GL,L1
L1,L2,L2,H1,L2
H3,M1,L1,M1,H3
L1,L2,L3,L2,L2
L1,L1,M1,L2,H3
L3,M1,L2,H3,H3
M1,L2,L1,GL,L3
BN,L3,L1,L2,H3
M1,BN,BN,L3,H2
H3,H3,L3,L3,L2
L2,L3,M1,BN,L1
H2,L3,L3,L1,L1
L3,L1,L1,L3,L1
H3,L3,L2,L3,L3
M1,L1,M1,GL,L1
L1,BN,L1,L1,M1
L2,L3,L1,L2,L1
L2,M1,L1,L1,L1
L1,L3,L3,L3,L2
M1,L3,H2,L2,L3
M1,L3,L3,L2,H2
L2,M1,L2,M1,L3
H2,L3,L3,M1,L2
L1,L2,H3,L3,H3
M1,L1,L2,M1,L1
H3,BN,H3,L2,L3
L3,H2,L2,L2,L1
L2,M1,M1,L3,H1
BN,L3,L3,L1,L1
M1,M1,L1,M1,L3
H3,L2,H3,L1,L3
L1,M1,H3,M1,M1
L3,L3,L2,L2,L3
M1,H3,H3,L2,L3
L3,L2,H3,L3,L3
L1,L2,L1,H2,L2
L3,L3,L1,L3,L3
L3,L1,H1,H1,BN
L3,L2,H3,L3,L2
H2,H2,L2,L1,L3
L3,L1,L3,M1,H1
L3,L1,L1,L1,L2
M1,M1,L1,L2,L2
L1,L1,L2,L3,L3
L1,L3,L2,H2,L3
GL,L3,L1,M1,L1
L3,L3,L2,M1,L1
L3,L3,L1,L1,L1
L2,L1,M1,L3,H3
H2,L3,L1,L2,H2
L1,H1,L1,L2,L2
H3,H1,L1,L1,L1
L3,M1,L3,M1,L3
L3,H2,L2,L1,L1
L1,H3,H3,L2,L1
M1,L3,L3,H3,L2
L3,L1,L3,L3,H2
L1,L2,H2,L1,L3
H3,L3,L2,L1,L3
L2,L1,L3,L1,M1
M1,H2,L1,L3,L1
L1,L1,L2,M1,L3
L2,H3,L2,L3,L2
L3,L1,L3,H2,L1
L1,L3,L1,L2,M1
L3,L3,L1,L3,M1
H1,L1,BN,L1,H2
L1,L1,L2,M1,M1
L2,L2,L1,L2,L1
L2,L2,L1,L2,H3
H3,L2,H3,H3,L1
L1,H3,L3,L1,L1
L3,L2,L1,H1,L2
M1,H2,M1,M1,L2
L2,L3,L3,L2,L2
M1,L2,L1,BN,M1
L3,L1,L1,H2,L1
L3,L2,H1,L2,L2
H1,H2,L2,L3,L3
L3,L1,L1,M1,L2
L2,BN,L3,L1,M1
L2,L1,L1,L3,H3
L1,M1,H3,L2,M1
H3,H2,L3,L3,L1
M1,L2,L3,L3,M1
H2,M1,L2,BN,L3
M1,L2,L1,M1,L3
L3,L2,M1,L2,L3
L1,L1,H2,H3,M1
L3,H2,L2,L3,H2
M1,L1,L2,L3,M1
L2,L2,L1,L2,H2
L2,L1,L3,L1,H3
L2,L3,L2,BN,L1
L3,L3,H1,L2,L2
L3,L1,H2,L1,L3
H3,L1,H2,L3,H2
L2,L3,H3,L2,H3
H2,L2,L1,L2,L1
H2,L3,H3,H3,L3
L1,L2,L1,H3,H3
M1,H2,L3,L2,L3
L2,L3,H2,L2,L3
L1,L3,L1,L2,L3
L3,L2,L1,H2,M1
L2,L2,H1,L2,L1
L1,M1,L1,L1,M1
L1,L1,L3,L3,M1
L2,L1,H3,BN,H1
L3,L1,L1,L3,H3
L1,L1,L3,L2,L2
L2,L2,L1,H3,L3
L3,L2,L3,L2,L3
L1,L1,L2,H3,H2
L3,L2,L1,M1,M1
L1,H2,H3,L2,L2
M1,H2,H1,L3,M1
L2,L2,H2,L3,L3
L3,L3,M1,M1,L1
H3,H3,M1,L2,L3
L3,L2,L2,L3,L3
L3,M1,L3,L1,L2
L2,H1,L1,H2,H1
L1,L1,H2,BN,H3
L1,L2,L1,H1,H3
L3,L3,M1,L3,L3
L1,M1,H3,L2,L2
L1,H2,L1,L2,L2
M1,H2,L3,L1,L3
L1,L3,L1,L2,L2
L3,L2,L1,M1,L2
H2,H3,L1,M1,L3
L2,L1,L3,L3,H2
M1,H3,H3,H3,L3
H2,L2,L3,H2,L3
L3,H2,L3,L3,L3
L1,L1,M1,L1,L1
M1,H2,L3,H3,L3
L2,M1,H3,H2,L3
H2,L3,BN,L1,BN
L2,L1,L1,L2,L2
L2,L3,GL,L3,L3
L2,L1,L3,M1,L2
BN,L1,L1,L3,L3
L2,L2,L3,M1,L1
M1,L1,L3,L3,L3
L1,H3,H2,L2,L3
H3,H2,L1,L1,H3
L3,L1,M1,L1,L3
L2,L1,L1,L2,L1
L2,L2,L1,M1,L3
L3,L1,L1,M1,L1
M1,L3,M1,M1,L2
L1,L3,L1,L1,L3
H1,H2,L3,H2,H2
M1,H3,L3,L1,L3
L2,H3,M1,M1,L1
H3,L2,H2,H1,L3
L2,L3,M1,L2,L1
L2,H1,L2,H2,H1
H3,H2,L2,M1,M1
L3,L1,H2,L2,L3
L2,H2,BN,L1,L2
L3,H1,M1,L1,L1
L2,L2,L1,M1,L1
L3,L2,M1,L2,M1
BN,L1,M1,L3,M1
L2,L2,L2,L1,L1
M1,H2,M1,H3,L3
M1,L3,L2,M1,L2
M1,H3,H2,M1,L3
H2,L1,L3,M1,L2
M1,L3,L3,L1,L2
L3,L2,L1,H3,L3
M1,BN,L3,L2,L2
M1,L2,L1,L2,BN
L2,M1,H3,L1,H3
L2,L2,L2,L3,L3
H1,L3,L3,L2,L1
L3,L2,L3,L2,L1
L1,H3,L3,M1,L2
L3,L1,L1,M1,L3
M1,L2,H1,L1,L1
L1,L3,H3,L3,L3
L2,BN,H2,L3,L2
L2,L2,L1,L1,L1
H1,L3,L3,L3,M1
M1,L1,M1,L1,L3
L3,L3,L1,L2,L2
L1,L2,L1,H2,L3
H2,H2,L2,L2,L3
L2,L2,M1,L2,L1
H2,L2,L3,L3,L2
L3,L3,L2,L1,M1
L3,M1,L3,L1,L3
L2,H3,L3,L2,H1
L3,M1,L1,L3,L3
L3,L2,L2,H3,H3
L3,H2,L1,L1,H1
L3,L3,L3,L1,H2
H3,H1,L2,L1,H3
L3,M1,H1,H2,L2
H3,M1,L3,L3,L1
L2,L1,M1,H1,H3
L3,L1,H1,L3,M1
H3,L3,H3,H3,L3
L2,H3,L1,L3,L3
L3,H3,L2,L2,H2
L1,L1,H3,L1,H3
L2,H2,L2,L1,L1
BN,L3,L1,L1,L1
L1,L2,L3,L1,L2
M1,L1,L1,L3,L1
M1,M1,L2,M1,L1
M1,L3,L3,L2,L1
H2,L2,H3,L2,L2
L1,L1,L3,L3,M1
L3,L1,L1,M1,L1
M1,L3,L1,H1,L3
L3,L1,L3,L2,L3
H3,L3,L1,L2,L3
L1,BN,H1,L2,L3
H3,L3,L3,M1,L3
L3,L2,L2,L1,L2
L2,L2,L3,BN,L1
M1,M1,H2,L2,H1
L3,H2,L3,M1,L2
M1,L3,L2,L3,L1
L3,M1,L3,L2,L2
L2,M1,H2,H1,L2
L2,L1,M1,M1,L2
H3,L3,L3,BN,L1
L1,L3,L3,L3,M1
L1,M1,L3,L3,H1
H3,H1,H3,L3,L2
L3,L2,L3,L3,L1
M1,H2,L2,L3,L3
L3,L3,L2,M1,L1
L3,L1,L3,L2,L1
M1,L2,M1,L2,L3
L1,L2,L3,L3,L3
L2,L3,L3,L1,H1
L1,L2,L2,H3,L3
L1,M1,L3,L3,H3
L2,L3,H1,L2,L1
L3,L1,L2,L2,L2
H3,BN,L3,M1,L3
M1,M1,L2,L3,L3
L2,H2,L2,GL,L1
H2,M1,L3,L3,L3
H2,M1,L1,L2,L3
L2,L2,M1,L3,BN
M1,L2,L2,L3,L1
L1,L1,L1,L1,L1
L3,H1,H1,M1,L1
L2,M1,L3,L2,H1
H2,L2,L1,L2,L1
L2,L2,BN,L1,L2
M1,L1,H2,L2,L2
L2,L1,H1,L3,H3
M1,L1,H2,L3,M1
L2,L1,L2,H1,L2
M1,M1,L3,L1,L2
L3,L2,H2,L1,M1
H1,BN,M1,L1,H1
L3,L3,L3,L1,H3
L1,L1,L3,H3,H2
L2,M1,H3,H2,L2
H3,L3,L3,L2,L3
L3,M1,L2,H2,L3
L3,L3,L2,L2,M1
M1,L3,L1,H3,L3
L3,L2,H2,L3,H3
M1,L3,L1,L3,L1
L1,L3,H3,M1,L1
L2,L1,BN,L3,M1
BN,H3,L3,L3,L2
H3,L2,H2,L3,L2
H3,BN,L3,L2,L2
L2,L3,L1,M1,L2
H3,H3,H2,L2,H1
L3,L1,M1,L3,H2
M1,M1,L2,H1,L1
L1,L1,H3,H3,L3
L3,BN,L1,L2,L3
L1,L3,L2,H3,L3
BN,L2,L2,L3,L3
L3,L2,L3,L2,L1
M1,L3,L3,L3,M1
H1,M1,L3,L2,L1
L2,L3,H3,L3,L1
L1,M1,H1,L2,L2
L3,L2,H3,L3,L2
L2,L2,L2,M1,H3
L1,M1,L2,H1,L3
L1,L2,BN,L3,L2
L1,M1,L3,L3,L3
H2,L1,M1,L1,H3
M1,H1,L2,L1,L3
L2,L2,L1,L2,L2
H3,H2,H3,L1,L3
L3,L2,L2,L3,L3
L2,L1,L3,M1,L2
L3,L3,M1,M1,L1
L2,L1,M1,H3,L3
L1,H3,L2,M1,L2
L1,L2,L2,L1,H3
L3,H2,H2,L2,L3
L3,L3,L3,L3,L1
L2,L3,L1,M1,L1
L3,L2,L3,M1,L3
L2,L2,L3,M1,BN
H3,L1,L3,L3,H3
L3,L2,M1,H2,L2
L1,H3,L3,L3,L1
L1,M1,L1,L3,L1
L3,L2,L1,L3,L1
L1,H3,L2,M1,L2
L2,L1,L2,L2,L3
M1,M1,M1,L2,L3
L3,L2,L2,H3,L3
L2,L2,L3,L2,L2
H1,L3,H2,L1,L1
L3,L1,L2,H3,M1
L1,H1,H3,L1,L1
L2,L3,M1,H2,L3
H2,L2,H1,L2,M1
M1,M1,L2,M1,L3
H2,L2,L1,L2,L3
H2,L2,L2,L3,L2
L1,L3,H3,L3,H3
L3,L3,H2,L1,H1
L3,BN,L2,H2,L1
L2,L1,H2,L2,L3
H2,M1,L1,L1,L3
L3,H3,L1,M1,M1
H1,L3,H1,L3,L2
L1,L2,L3,L3,L2
L3,H2,M1,L1,L2
L2,L3,L3,L3,L1
L2,L1,H3,M1,M1
L1,M1,L3,L1,BN
L2,L1,L2,H3,L3
M1,L1,L1,L1,L1
L3,L2,L1,L3,H3
L3,L2,L1,L1,L2
H2,L3,L1,L3,L3
L1,L2,L3,L2,L2
H1,H3,L2,L2,L2
L1,L1,L2,M1,H2
H1,L2,L1,H3,L1
L2,L3,L2,H3,H2
L2,L2,L2,L3,L3
L3,H1,L1,M1,L1
L3,L3,M1,L2,L2
M1,L2,L2,M1,L2
L1,L1,L1,H3,L1
M1,L1,L3,H3,BN
L3,L3,L2,L1,L1
M1,H1,L3,L3,H3
L2,H1,L2,L3,L3
L3,M1,M1,L3,L1
H3,M1,L1,H1,L2
L2,H3,L2,L1,BN
L1,L3,L2,M1,M1
H1,L3,M1,H3,M1
L1,L2,L1,H3,L1
L3,L1,L3,L2,L1
L3,L2,L2,H1,H3
M1,H2,L2,L1,L3
H3,H1,M1,L3,L3
L2,L1,L2,L3,L1
L1,H2,L2,H3,L3
L2,L3,L1,L3,BN
L3,L2,L3,L3,L2
L1,L2,M1,M1,L2
H3,L3,L2,L2,H2
L2,L3,L1,BN,H2
L3,L3,L1,M1,L3
L1,L1,L1,M1,L2
L1,L1,M1,L2,L3
L1,L2,M1,L3,L1
H1,H3,BN,L3,M1
H2,L3,L2,H1,M1
L1,L1,L1,L1,L2
L2,H3,L3,L2,M1
M1,H3,L3,H2,L3
H3,L1,M1,L2,M1
H2,L3,M1,L1,L3
L1,M1,H1,BN,L1
L2,L3,L1,L3,M1
L2,L1,L1,L2,L1
L2,L3,L1,L3,L1
L2,L3,L3,L2,L2
L1,L1,L3,H3,L1
L1,L1,BN,BN,L2
L3,L2,L2,L2,H3
L3,L2,L3,L3,L1
H1,L1,L3,L2,L1
L3,L2,L1,L3,H2
L2,H2,H1,M1,L1
H1,L3,L2,L3,L3
L1,L1,L3,L1,H3
L1,L1,L1,H2,M1
L2,L3,L1,L3,H3
H1,H3,H3,L2,M1
L2,H2,M1,H1,L1
L3,L2,L3,L1,L2
H1,L2,L3,L3,L2
BN,L1,H3,L1,L3
L1,M1,L3,L2,L2
L1,L3,L1,L3,L3
L2,L1,H2,L3,L2
L3,BN,L3,H3,L1
L3,L1,L1,L3,H3
L3,L3,BN,H3,H3
L3,L2,L1,L2,L2
L1,L1,L3,L3,M1
L3,H3,L2,L3,L1
H1,L2,L1,M1,L3
L1,L1,L2,L1,L3
L3,L1,L1,L3,H2
L2,L2,L3,L3,M1
BN,H1,H1,L1,L2
L2,L3,M1,H2,H3
L2,L1,L1,H2,L2
L1,L2,L2,M1,L1
M1,L2,L1,H1,L1
L1,M1,H3,H3,L1
L3,L2,L2,L1,H2
L2,L3,L3,L3,L1
L1,L1,L2,L3,L1
L2,M1,M1,H2,L2
L1,H2,L3,L2,L2
L2,L3,L3,L2,L1
H1,L2,H3,L1,L3
L3,L3,M1,L2,L1
H2,BN,H2,L3,L1
L1,L2,H2,H1,H3
L2,L3,L3,M1,L2
L1,L1,L1,L3,L2
L2,H3,L2,L2,L3
H2,L2,H2,BN,BN
L3,L3,L1,L3,L2
L1,L3,M1,L3,L1
L2,L1,L2,L1,L2
M1,L2,L2,L3,L3
L3,M1,L3,L3,L3
H1,L1,L2,L2,L3
L2,L1,L3,H3,L1
L2,M1,H2,BN,H3
L3,M1,H2,H3,L2
L1,L2,H2,L1,H1
L2,L2,M1,L2,L3
L2,L2,M1,M1,L2
M1,L3,L1,M1,L1
L3,L2,L2,L2,L2
H2,L3,M1,L2,L3
L3,L3,H1,H2,H3
M1,H2,BN,M1,H1
M1,H3,L2,L1,L2
M1,L3,L3,GL,L3
H3,L3,H3,L3,L3
H3,M1,L2,L2,M1
L1,L1,L2,H3,L2
L2,H3,L3,M1,L1
L1,H3,M1,H3,L2
L1,L3,L3,L2,L2
L3,H1,BN,M1,L1
L2,L3,L2,L2,L3
M1,H2,L2,BN,L3
L2,L3,L3,H2,M1
M1,L2,H1,L1,L1
L2,L3,L3,L3,L2
L2,L1,L2,L3,H1
H1,L3,L3,L3,L2
L3,L3,H2,H3,L2
L3,L1,H3,H3,L2
L1,L2,H3,L3,L3
L2,L1,L1,M1,L1
L1,L2,L1,L3,L2
L2,M1,L3,L2,L3
H2,L1,BN,L2,L1
L1,L1,L3,M1,L3
H2,L3,M1,H3,L2
M1,H1,H2,L3,L2
L2,H1,L2,L1,L3
L3,M1,L2,L3,H3
L3,L1,L2,L2,L2
L1,H3,L1,L3,L3
M1,M1,M1,BN,L1
L2,L3,L3,H3,L2
L1,H3,H3,L3,L2
L3,L2,H2,L1,BN
M1,L2,L1,H1,H2
L3,H2,L3,L2,L1
L3,L2,BN,L3,L2
M1,L3,H2,L3,L1
H3,H3,L1,L2,L1
L1,L3,H2,L1,M1
L3,L3,L2,L3,M1
L1,L2,L1,L1,L1
L1,M1,L1,L2,L2
L1,L1,L2,BN,L3
L2,L2,L1,H3,L2
L1,H3,M1,L3,L3
L2,L2,L1,H3,L3
L3,M1,L3,L3,L1
L1,H3,L3,L2,H3
L3,L1,L3,L2,L3
M1,L2,L2,L3,L1
BN,L2,L3,L2,L3
H3,H2,H2,L2,H1
L3,L3,L1,L1,H2
L3,L2,L2,H2,M1
L2,H1,L3,L2,BN
L3,L3,L3,L2,L1
M1,L2,H2,H2,L3
H2,L2,L1,L2,H2
H2,M1,L1,L1,L3
H2,M1,L1,L1,H2
L3,L3,H3,M1,L1
L2,L1,L2,L3,M1
L1,L3,L1,L2,BN
L2,L1,L2,L3,H1
L2,L3,L2,L1,L3
H3,L2,BN,H2,H2
L3,M1,L3,L3,L2
H3,L2,L3,L3,L2
H3,L2,L2,H3,L1
L2,L3,L2,M1,H3
L2,L1,L3,L3,L3
L1,M1,BN,L2,L3
L3,L2,L1,L2,L1
H2,L1,L1,L2,L3
L1,M1,L3,L3,L3
L1,L3,H3,L3,L2
M1,L3,L1,L2,M1
BN,L3,BN,H2,M1
M1,L2,M1,L2,L3
H2,L1,L3,L3,H3
M1,L1,L3,L3,L2
L1,L3,L1,L3,L3
L2,M1,H3,L3,H2
L3,H1,M1,L3,L2
L3,L2,L3,L1,M1
L2,L2,L2,L3,L2
L1,L3,L2,L3,L1
L2,H1,L3,L3,M1
L3,L2,L3,M1,L3
H1,L1,H2,L1,L1
L3,L3,L2,L3,L3
BN,H1,L2,L3,L3
M1,L3,L1,L1,H3
L3,L2,H3,L1,L3
L2,M1,M1,L3,H3
L3,H2,L3,H3,L1
L3,L2,M1,L3,L3
H2,L1,L1,H2,H3
L1,L1,L1,BN,L1
M1,L3,L2,M1,L2
L3,BN,H1,M1,L3
L3,L1,L3,H3,M1
L3,L3,L1,M1,H3
L2,L2,M1,L2,L3
M1,H3,L3,L1,L2
L2,L2,L1,BN,H2
L3,L3,L1,L1,L1
L1,M1,M1,L3,M1
L1,L3,L2,L2,L1
L2,L3,H2,L1,H2
L2,L2,H3,L1,L1
L1,L2,M1,L2,H2
L1,H2,L3,L2,L3
L3,L1,L3,L1,L3
H3,L3,H3,L3,M1
L3,L1,L1,H3,L3
L2,L1,L2,L2,L1
M1,M1,L1,H1,H1
L2,L2,L2,L2,L3
L3,H1,L3,L1,M1
L2,M1,L3,L1,L2
L1,M1,M1,L2,H3
L3,H2,L3,L1,M1
M1,H2,L1,L1,M1
L1,L2,M1,M1,L1
M1,M1,H3,H2,L2
L1,L1,L1,H2,L1
L1,L1,L1,L3,L3
H2,H2,L3,L2,L2
L1,L2,L3,M1,M1
BN,L1,L3,L3,M1
L3,L3,M1,L3,L1
L2,L1,M1,L2,L2
H2,L3,L2,L1,L3
L1,M1,L1,H2,M1
L2,H3,L1,H3,L1
L2,L2,L3,L3,L3
L1,H3,L2,L3,L1
L3,L2,H1,L1,H2
H3,L1,L2,H3,L1
M1,M1,M1,H3,M1
H3,L2,L1,L1,L1
L1,BN,L3,L3,L2
L3,L1,L1,M1,L2
H1,L3,L3,H2,L2
L2,L3,L1,H1,L3
H2,L3,L1,M1,L1
L3,L3,L1,L2,L3
L2,M1,L2,M1,L1
M1,L1,L2,L1,L3
L3,L3,M1,H1,M1
H2,L3,L2,L3,L1
L2,L3,M1,L1,M1
H2,L2,H3,L1,L2
L2,L2,L3,L3,L2
L2,L1,L3,L3,H3
BN,L3,L1,L3,L1
L2,L2,L1,GL,L2
M1,L3,BN,H3,H1
L3,L3,M1,L3,L2
M1,L3,L2,L3,H2
L2,M1,L1,L2,L3
BN,L3,L3,L2,H3
L2,H3,L1,L3,H3
L2,L2,M1,L1,L1
H2,H3,L1,L1,L3
L3,L1,M1,L3,L2
L1,L2,H2,L3,L2
L3,L3,L3,L2,H2
M1,L1,M1,L2,M1
L3,L3,L3,H3,L1
L2,H3,L3,M1,H1
L1,L1,L3,L2,L2
L3,L3,L1,L3,L1
L1,L3,L1,M1,L2
M1,L2,H3,H2,L3
L1,L3,L1,L1,L2
H1,L3,M1,L3,L3
H2,L1,H3,H3,L2
L1,L3,H3,L2,H3
L1,H2,H1,L3,M1
L3,H2,L2,L1,L1
BN,L1,L3,L1,H3
L3,L1,H1,L3,L3
L2,H2,M1,L2,H2
H2,L3,L3,L2,L3
L1,H3,M1,L1,L1
L2,H3,L3,M1,H3
L2,L2,L2,L3,L2
L3,L1,L2,H1,M1
BN,L3,L2,L1,L3
L3,L1,H3,H2,H3
L1,H3,L2,L2,H3
L2,H3,L3,L1,L1
L3,M1,H2,M1,L2
L3,H2,L2,L2,L2
H3,M1,L2,L1,L2
BN,L3,H3,L1,L3
H2,L1,L3,H3,L3
L2,H2,H2,M1,L3
L3,L2,M1,L3,L1
L2,L2,H1,H3,L2
H3,M1,L2,M1,L3
H3,M1,L3,L1,L3
H1,L2,M1,L1,L2
L2,H2,L1,H2,L2
L1,H3,M1,H3,M1
L1,H2,L2,H3,M1
H2,L2,L2,L3,L3
L3,H3,L3,L2,L2
L1,L3,L3,H3,L3
L2,L3,L2,M1,L1
H3,L1,L1,M1,L3
L1,L1,L2,L3,L3
M1,L1,M1,L3,L1
H2,L3,H2,M1,L2
H1,L1,H3,L3,L3
L1,L1,L3,M1,L3
L2,M1,L3,M1,L2
L3,M1,L1,L3,L2
L1,M1,L2,L2,L2
M1,L2,L3,L3,L3
H1,L3,L1,L3,L3
L3,L3,L2,L1,L3
H1,L1,L2,L3,L1
M1,L1,H2,L3,L3
L3,L2,L3,M1,L2
H3,M1,H3,L2,L3
L2,L2,L3,L2,M1
H3,L2,L1,M1,L2
L2,H2,L1,L1,L3
L2,L2,L1,L3,M1
L3,L3,L2,L1,L2
L1,M1,L1,L3,H3
L1,L1,L2,L3,L3
L1,L2,L2,L1,L1
M1,M1,L3,L2,L3
H1,L1,L2,L2,L2
L1,L3,L3,L1,L1
L1,L2,H3,L3,H3
M1,L1,H2,L1,H2
L3,L3,L3,H2,L3
L2,L3,L3,L3,L3
M1,H3,H1,L2,L3
M1,L2,M1,L2,L1
L1,M1,L2,L3,L3
L1,L3,L2,M1,H3
L3,L2,H1,L3,L3
L2,L3,M1,L3,L3
M1,H1,L1,L1,L2
L3,L3,L2,L1,L3
L2,L2,L1,L3,L2
L1,H3,H3,L3,L2
L1,M1,BN,L2,H3
M1,L2,L2,L3,L3
L3,L2,L2,L2,L2
H3,M1,H1,L2,L1
L3,L1,H1,L3,L1
L2,H3,H1,M1,M1
L3,H3,L1,L2,L3
L1,M1,L3,L2,L3
L3,L2,H3,L1,M1
L3,L1,L3,BN,L1
M1,L2,L2,M1,L1
L1,H2,BN,L2,H3
GL,H3,L3,L3,L3
M1,L2,H3,H1,H2
M1,H3,H2,M1,L2
BN,L3,L2,H1,L1
L2,L2,M1,L2,M1
H2,L3,H2,L2,L2
H3,M1,L1,L2,L3
L3,L2,L1,L2,M1
L2,H3,L2,L3,H2
H3,L1,BN,M1,L3
L1,L3,L2,L2,L3
L3,L1,L1,L3,H3
L1,L2,L2,H3,L2
H3,L1,L1,L1,L2
L3,L1,L3,L3,L2
H3,L1,L2,L1,L3
BN,M1,L1,L3,H1
H3,M1,L1,L2,L3
L3,M1,H1,M1,L3
L3,L1,H1,L2,L1
L2,L1,L2,L2,L2
H2,L1,L1,L3,L2
L3,L3,L1,L1,L1
L3,L1,M1,L3,L3
M1,L1,L1,L1,L2
L1,M1,L1,L3,L2
L2,L1,L1,L1,M1
H2,L2,L1,M1,L2
BN,H1,BN,L3,BN
L3,L2,L1,H2,L1
M1,L3,L3,L3,L3
M1,H3,M1,L3,M1
M1,L2,L2,H3,M1
L1,L3,L3,H3,L3
H3,H2,L3,L3,H3
H3,M1,H1,L2,L1
L3,L2,L1,L3,L1
M1,M1,L3,L3,L2
L1,H2,L3,L2,H2
L1,L1,H1,L1,L2
L1,M1,M1,H2,H3
L3,L3,L3,L1,L3
H3,L2,L3,L2,L1
L3,L3,L3,L1,L1
L3,H3,L3,L2,L2
H3,L1,H3,L1,H3
H2,L1,L2,L1,L1
L2,BN,M1,L2,L3
L1,L3,L2,L3,L3
L3,H2,L2,H2,L1
L3,L3,H2,L3,L2
L1,H2,H1,L2,L3
H1,L1,L3,L2,L1
L1,L3,BN,L1,L1
L1,H2,GL,L2,L3
L2,H2,L2,L3,L1
L2,L2,L3,L3,L3
H2,H3,L2,M1,L2
L2,H1,L3,L2,H3
L2,L1,L2,L1,L2
L1,L3,H3,L2,L3
L1,L3,L3,L3,L2
L3,L3,M1,L1,H2
L1,L3,M1,H3,L3
L2,L3,L3,L1,L3
BN,L3,H2,L2,BN
L1,L3,L2,H2,L2
L1,BN,H2,L2,L3
L3,H1,L2,L2,H3
L2,H3,L3,BN,L2
H3,L2,M1,L3,BN
L3,L1,L3,L1,L1
L1,L2,L3,L1,H1
H2,L3,L2,L3,L1
H2,H3,L2,H2,L2
L3,L3,L3,L1,H2
H3,L2,L3,H2,L3
L3,L3,L3,L1,M1
L2,H2,H2,BN,BN
H3,L3,L2,L1,M1
L2,H1,L2,L2,L1
L3,H3,GL,L3,L1
L1,L2,L3,L2,L1
M1,M1,L3,L1,H3
H1,L3,M1,L2,L3
L3,H2,L1,BN,L3
L3,L3,H3,L2,L2
L3,L3,L1,L3,H3
L3,L3,L1,L3,M1
L2,L3,L1,L3,L1
L1,L2,L1,L1,L3
L2,L1,L3,H3,H2
M1,H2,L3,L3,H2
L3,M1,L1,H3,L1
M1,L3,L1,L2,H2
L2,BN,L3,L3,H1
H3,L1,L3,H3,M1
H3,L1,M1,L1,L2
L3,L3,L2,L3,L2
H3,L1,L1,L1,BN
L2,M1,H3,L3,L1
L3,BN,L2,H3,L1
L2,L3,L2,L1,L1
L2,L1,L2,L3,L2
L1,L1,H1,L1,L3
H3,L1,L1,M1,L2
L2,L2,L2,L2,L1
L2,L3,L3,L2,M1
BN,M1,L3,M1,H3
H1,L1,L2,L2,L1
L3,L2,L3,L3,L3
L3,H1,L2,H1,L1
L2,L3,H3,L3,L2
L2,M1,L3,H3,L2
M1,L1,L1,L2,H2
L3,H2,L3,M1,L2
L3,L2,H1,M1,L1
L2,H1,L1,L3,H2
L3,L3,BN,M1,L3
L3,L3,H2,H2,L2
L2,H2,L3,M1,L1
H2,H3,M1,L2,H1
L2,L3,M1,L3,L3
M1,L3,M1,L1,L1
H1,L1,L3,L2,L3
L2,M1,L2,L3,BN
M1,L2,L3,L2,L3
H3,L3,L2,L2,L3
L3,L3,L1,H3,H1
L2,H2,L1,L2,L1
L2,M1,H3,H3,M1
L3,L2,L2,L1,L2
L1,L2,L2,L1,L3
L3,L1,M1,H3,H1
L1,L3,L1,M1,H3
L1,L3,M1,L3,H1
M1,L3,L2,L2,L3
BN,M1,L3,M1,L2
M1,H3,L2,L2,L2
L3,H2,L1,H3,BN
H3,L3,L3,L3,L1
L3,L2,H2,L2,L2
H2,L1,L1,L1,L2
H2,L1,H3,L3,L1
L1,L3,L3,BN,L2
M1,L2,L1,L2,L1
L2,M1,L3,L3,L1
L1,L3,M1,L2,H2
L2,L2,H3,L3,L3
L1,M1,L3,L3,L2
L1,H3,L1,H2,L2
H1,L2,L2,L2,L1
BN,M1,L1,L3,L3
L3,M1,M1,L3,L2
L3,L2,BN,M1,L3
L1,H3,H3,H3,L3
L2,L3,L2,L3,H3
L3,L2,H3,L3,M1
L3,L1,L2,H2,H3
L3,L2,L1,L1,L2
M1,M1,L2,L1,GL
L3,L2,L3,L3,L2
L1,BN,L3,L1,M1
L2,L3,L3,M1,L2
L1,H3,L3,L3,L3
M1,L3,L1,L1,L3
L3,M1,L1,H3,L3
L3,L3,BN,BN,L1
L3,L3,L3,L3,L2
L1,L1,H2,L3,L3
L3,L3,L1,L2,L3
L3,L1,L3,H2,H2
L2,M1,M1,M1,L2
L2,M1,L1,L3,H2
H3,L2,L3,M1,L2
L3,H3,L3,H1,L2
L1,L3,L1,H3,L1
M1,L1,M1,L3,L1
L1,L2,M1,L3,L3
L3,L1,L3,L2,L1
H3,M1,M1,BN,H3
H1,L3,L1,M1,M1
L3,L1,L3,H1,L3
L3,L3,H3,L1,M1
L3,M1,L2,L3,H3
L3,L3,L1,L2,BN
M1,L2,H2,H1,L2
L1,M1,L1,L3,M1
L3,L3,M1,L2,L3
L3,H2,L2,L2,L3
H1,L2,L2,L3,L2
L3,L3,H3,H2,L1
L3,H2,H1,M1,M1
L1,M1,L3,L3,L3
L2,L2,L3,M1,L3
L3,L3,L1,H3,M1
L3,L3,L3,L3,L2
L2,L1,H2,L3,L1
L3,L2,L3,M1,M1
H2,H3,H3,L2,L3
H3,L3,H1,L1,L3
L2,H1,L2,L2,L3
L2,M1,L2,M1,L2
H3,H1,L2,L2,L2
H3,L2,L3,L1,H3
L2,L1,M1,H3,L1
BN,H2,L2,H1,L3
L1,M1,L3,M1,M1
L3,L1,H3,H3,H2
H2,L3,L2,L1,L3
L2,H1,L3,H3,L2
H3,H1,L3,L2,L2
L3,L1,L3,L2,L2
M1,H2,L1,M1,L2
BN,L3,L3,L2,M1
L2,L2,H2,H3,L3
L3,M1,L2,H2,H1
L1,BN,L2,L3,M1
L2,H2,L2,H3,L3
L1,L1,L1,H1,M1
H3,M1,M1,L3,H1
L2,L3,L3,L2,L3
L3,L1,L3,L3,H1
L3,L3,M1,L3,M1
L2,H2,L3,L1,BN
BN,BN,H3,L2,H1
L2,L1,L2,L1,L1
L3,L3,M1,L1,L2
M1,L1,L2,L1,H3
L3,L1,L3,BN,L3
L1,L2,L2,L1,H3
L3,L1,L2,L1,L2
L2,M1,L1,L3,M1
H3,L1,L2,L1,L1
H2,L3,L1,L3,L2
L1,L3,L3,L3,L1
L1,M1,L3,L1,L1
L3,H3,M1,L1,L2
L3,L3,M1,M1,M1
BN,L3,H3,L3,H2
L1,H1,L1,L1,L1
L1,L3,L2,H2,M1
L3,L2,L2,M1,H3
H3,H3,H2,L1,L3
L1,BN,M1,L3,L3
H2,L3,M1,L3,L1
M1,L3,L3,H3,H3
L2,H2,L1,H3,L2
GL,L3,L2,L3,L1
H1,M1,L1,L3,L1
L3,L2,L3,L2,L3
L3,L3,L2,H3,L3
L1,H3,L3,H2,L1
L3,L1,H1,L2,M1
L2,L3,L1,M1,L3
L1,L3,L3,L1,L3
L1,L3,L3,H3,H2
L2,L3,L2,L1,H1
M1,L2,L1,M1,L2
L2,L3,H1,L1,L1
L3,L2,L3,L3,L1
L1,GL,H3,L2,H3
L1,L1,L3,L3,L3
L2,L2,L1,H3,L3
L2,L3,M1,H3,L1
M1,M1,L2,H1,L3
H2,M1,L2,L3,L2
L2,L2,L2,L1,L2
H3,L1,H2,L1,L2
L1,L2,H3,L3,L1
M1,L3,L1,L2,L3
H2,BN,L2,H1,L2
L2,L3,L1,L3,L1
L1,L3,L1,L1,L3
L3,L1,L3,H3,H3
M1,H3,L2,L2,L1
L3,L3,L1,L3,L2
BN,L3,L2,L3,L3
L3,H3,L1,L2,L1
H3,L3,H1,H2,H2
H3,L1,L3,L3,L3
L3,L1,L1,M1,H3
L3,H3,L3,L2,M1
L2,L1,L2,H3,L3
L2,L1,M1,L3,H2
L2,L1,M1,L1,L2
M1,L2,L2,H2,H3
L1,H3,H3,L1,BN
L3,L1,L2,L3,L3
H2,L2,L1,L3,M1
M1,H1,L2,L2,L2
L2,L1,L3,L2,H2
M1,L2,L2,H2,H1
M1,BN,H2,M1,L3
L3,L1,M1,L3,L2
L3,L2,L1,L3,M1
H2,M1,L2,L2,L2
M1,L3,L1,H2,H3
M1,L2,L3,L2,L2
L3,H2,L3,L1,BN
H2,L1,L3,M1,H2
L3,L1,L3,H3,L1
H2,L1,L3,H3,M1
L3,L2,L3,L1,L2
L2,L3,H3,L2,L3
H2,H1,H2,H1,M1
L1,M1,H3,L3,L1
L3,H3,L1,L1,L3
L2,L1,L1,L2,L3
H2,M1,M1,L3,L2
L3,H1,L3,L3,L3
L1,L3,H3,L3,L3
L2,L3,L1,L2,M1
L3,L3,L3,L1,L1
M1,L2,L3,L1,H3
L3,L3,L3,L3,L3
H2,L2,L3,M1,M1
L2,H1,BN,L3,H1
L3,L1,L3,L1,M1
L3,L3,L3,L2,H2
L3,L1,L1,L2,L3
L2,L2,L1,L3,H3
L2,H3,M1,H3,H3
L2,L1,L3,H2,L2
H3,L3,BN,L1,L3
L2,L3,L1,L1,BN
H1,L1,H3,H3,L3
L3,L1,M1,H3,M1
M1,L1,L2,L1,L1
L1,L2,H2,L1,L2
L2,M1,L2,H3,L2
L1,L2,L3,L1,L1
L3,L1,L3,L1,H2
L3,H1,M1,M1,L3
L1,H3,L3,H3,L2
L2,L2,L1,L1,H3
L3,M1,GL,BN,L1
L2,M1,L1,L1,L2
L1,L1,H3,L1,L1
H2,L2,M1,M1,L2
L3,M1,L3,L1,L3
H3,M1,L1,L1,L3
H3,H2,M1,H1,L1
L3,L3,L3,L1,L2
L3,H3,L2,L1,L2
BN,L2,H3,L3,L1
M1,L1,L3,L2,L2
L3,H2,H3,L3,L3
L1,M1,L1,L3,M1
L1,L2,L2,L3,H2
H3,L2,H3,H3,L2
L2,L1,L2,L1,H3
L2,H3,L3,L3,L1
L3,H3,L3,L2,L1
M1,H1,L1,H3,L1
L2,H3,H2,L2,M1
M1,H3,H3,H1,L1
L1,L2,L2,H3,L2
H3,L2,L1,L1,L1
M1,L1,L1,H1,L3
L3,L1,H3,L3,L3
L2,L3,L3,L1,L2
L1,L2,L1,L1,L2
L3,H2,H3,L2,L2
L2,L2,L1,H1,L2
L1,L2,L1,L3,L2
L2,L1,L1,L1,L2
M1,L3,L1,H3,L1
L3,L2,H2,L2,L2
L1,H3,L1,L3,L1
L1,L1,L3,L1,L2
L2,L1,H2,M1,L3
L2,M1,L1,L3,H2
H2,L1,L2,L3,L3
L1,L3,M1,BN,L2
H3,L1,L1,M1,L1
L2,L2,M1,H2,L3
L1,L2,L3,H3,L2
L3,H3,M1,L3,H2
M1,L3,L3,M1,L1
L3,L2,H2,L3,L2
L1,L1,L1,L3,L3
L3,H3,L2,L3,L1
L2,L3,H2,L2,L2
M1,L3,L3,L1,L1
L2,L3,L3,L1,H3
L1,H3,L3,L1,L2
L2,L2,L2,L1,H2
L3,L1,BN,L3,L3
M1,L2,M1,L3,L3
L1,L2,M1,M1,L2
L1,H3,L3,L1,L3
L1,L1,M1,L3,H2
M1,L3,L2,H3,L1
L1,L2,L2,L3,H2
GL,L3,L3,L2,H2
M1,H2,L2,H2,L3
L3,L2,M1,L2,H1
H1,H1,H3,L3,M1
L3,M1,L1,L2,L2
L2,L3,BN,L2,L2
L1,L1,L2,L2,L2
H3,L3,L3,L2,H2
L3,H2,H1,L2,L2
L2,L1,L3,L2,L3
L2,H3,L1,BN,H2
L1,L3,L2,H1,L2
M1,L3,L3,L3,L1
H2,L2,L2,L3,L3
L2,M1,L3,L1,H3
L3,L3,M1,H3,L2
L3,L2,L3,L3,L1
M1,L1,L3,L1,M1
L2,L3,L3,L3,H2
L2,L2,L2,L2,L1
H3,H3,L3,L3,L3
L1,L1,L2,M1,H3
H3,H3,H3,L3,L2
L3,L2,L2,H2,L2
L3,L3,L2,BN,L2
H3,L2,L1,L3,L3
M1,L1,M1,H3,L3
L3,L1,L3,L3,L2
H1,M1,M1,L2,L1
M1,L3,L2,L1,L3
H1,L3,L1,H1,L3
L1,BN,H3,M1,H3
H1,L1,M1,BN,L3
BN,L2,L1,L3,H2
M1,L1,L3,L2,L2
H1,L1,L3,L2,L1
L2,L3,L3,L1,M1
L3,L1,L2,L2,L3
L3,L1,L2,L1,BN
M1,M1,H3,L2,L3
H2,L3,L3,H1,M1
L3,L2,L2,L2,L2
L3,H1,M1,L1,L3
L2,M1,L2,L1,H3
M1,M1,L3,L3,L2
M1,M1,H3,L1,L2
L3,L3,L3,M1,H1
L3,L3,H1,L2,L3
L1,H1,L1,L3,L1
L3,L1,L3,L3,L3
L3,L3,L3,L3,L3
L2,L2,L2,BN,L3
M1,L1,BN,L2,M1
BN,L1,L1,M1,L1
H2,L3,L3,H2,L3
L3,M1,L1,M1,L3
L1,L1,L2,H2,L3
L3,H2,L3,L2,L3
M1,L1,L1,L1,L3
L1,L3,L3,H2,L1
L3,L1,L3,L3,L1
L1,L2,M1,L3,L1
H3,L2,L3,L2,L1
L2,L3,L3,L3,L3
L3,L2,L3,L1,L3
L3,M1,M1,M1,L1
L3,H1,L3,L2,L1
L3,L3,L1,L3,H1
L1,M1,H3,L1,H2
L1,H2,H2,L1,L1
L3,L3,L1,L1,L2
L3,L2,H2,L2,L3
M1,L3,L2,L1,L3
L2,L2,L2,L2,L2
L3,L2,M1,L2,L2
H3,L2,L1,H1,L3
L1,L1,L3,L2,L2
L1,L2,M1,L1,L3
L3,L2,H2,L2,L2
M1,L2,M1,L3,L3
M1,L2,L3,L2,L2
L2,L1,H3,H2,L3
M1,L1,L3,BN,L1
H3,L2,L3,L3,L1
L2,M1,M1,L3,L3
H1,L3,L1,L2,H1
L3,L1,H2,L1,L1
M1,L1,L2,L2,L3
L3,L1,L3,L2,L2
M1,L2,M1,L3,L1
M1,H2,L1,M1,L3
L2,L3,H2,L1,L2
L2,L2,H3,L1,M1
H1,L2,H3,L3,M1
H2,L3,L2,M1,H3
H3,H1,L3,L2,H3
H3,M1,L3,L2,L2
L1,L3,L3,L1,L2
L3,H2,L3,BN,L1
L3,M1,H2,L3,L3
L2,H3,L2,M1,L3
L2,L3,L2,L2,L2
H2,M1,L2,M1,L3
L3,L2,H2,L1,L3
L2,L1,L3,L1,L2
L1,M1,H3,M1,L3
L2,L1,L2,L3,L1
L3,L1,M1,L1,L2
L1,L1,L3,BN,H3
L1,L2,L1,L2,M1
L1,L1,L1,L1,L1
L1,H3,L3,M1,M1
L3,L2,L3,H2,L2
L3,L1,L2,L3,L1
M1,M1,M1,M1,L2
L3,L3,L1,L1,L1
L3,L2,BN,L2,M1
L3,L2,L2,M1,L3
L3,L1,L2,BN,L1
L1,M1,H2,H3,H3
L1,L2,M1,H3,H1
L3,L3,L1,L1,L2
BN,H2,H2,L1,BN
L2,L3,L2,M1,L1
L2,L3,L1,L2,L1
L3,L3,L3,L3,L3
L3,L2,L3,L3,L3
H2,L3,M1,H1,L3
H2,L2,L1,L3,L1
L3,L3,L3,M1,BN
H1,H1,H2,L1,L3
L2,L1,L2,H3,L1
M1,H2,L2,L2,M1
L3,H3,H1,L2,H2
L2,L2,H1,M1,L1
L1,L1,L1,H3,L1
H2,L3,L1,M1,L1
L2,H3,L2,L3,H2
L2,M1,L2,L3,M1
H1,L3,M1,L2,L1
L3,L2,M1,H2,L2
M1,L2,L1,M1,H1
L2,L1,L3,L2,L1
L3,H3,L1,L2,L1
H2,L1,M1,L1,H2
L1,L2,L2,L2,BN
H1,L3,H1,L1,L2
L3,H2,L2,H2,L2
L1,H1,L1,M1,L2
L1,H2,L2,M1,L3
L2,M1,L1,M1,H2
H2,L1,L1,L3,M1
H3,M1,L3,L3,L1
M1,M1,L3,H3,L1
L3,L3,L2,L3,L1
L3,M1,L1,L2,L1
M1,L2,L1,H3,L1
L3,H3,H2,L2,L3
L3,H2,L3,H2,L2
L3,L1,L1,M1,M1
L3,L3,L1,L2,L3
M1,L1,H3,L1,H3
M1,M1,L2,L3,L2
H2,BN,L3,L3,BN
L2,M1,L2,L3,L3
H2,L3,L2,L2,H2
H2,L3,L1,H3,L1
H3,L3,L2,L3,L1
L3,L3,BN,L3,L2
M1,L2,M1,L2,L2
M1,M1,M1,H3,L1
L2,H2,L1,H1,L3
H2,L2,L1,L2,H3
BN,H3,L1,L2,H2
H2,L1,L2,L1,M1
L3,L1,H2,H2,L2
L1,L2,H2,L2,M1
L2,H2,L3,H2,L1
L2,L1,L2,L2,L1
L2,L2,L1,L1,M1
L3,M1,H1,L1,L1
L3,L3,L1,H1,M1
L1,L3,M1,L2,L3
L1,L3,H3,L2,L3
M1,H2,L3,L3,L1
L1,L1,L1,H3,L3
M1,L3,M1,L2,H2
L3,M1,L1,H1,L1
L3,M1,L3,L3,M1
L3,H3,L3,L2,L2
L1,L2,L3,L2,L1
L2,L1,L2,L3,L2
L3,L2,L1,H3,L3
L1,L3,L2,L1,M1
L1,L1,L2,L2,L2
L2,L3,H2,L1,L2
H1,L3,L3,H3,M1
M1,H3,M1,L1,L2
L1,L3,M1,H2,L2
L3,L2,H2,L1,L1
L3,L3,L2,H2,L3
L1,M1,L1,L2,L2
M1,L2,L1,M1,L3
H2,L3,L3,L3,M1
BN,L2,H1,H3,L2
L3,L1,M1,M1,H1
L2,M1,H3,L2,L3
H1,L1,L1,BN,L1
L2,H3,L1,H2,L2
H3,H1,L1,L2,L1
L3,L1,L2,L2,L1
M1,L1,L3,L3,L3
H3,L3,H2,H2,L2
L2,H2,M1,L1,M1
L2,M1,L1,L2,L2
M1,H1,L1,H3,L1
BN,H1,L3,L1,M1
H1,L3,L2,L3,L1
L1,L1,H3,L2,L1
H1,L2,L2,L1,L2
L3,L3,L2,H3,L2
L3,L3,L2,L1,L3
L3,H1,H1,L3,H2
L3,M1,L3,M1,H3
L1,L3,L1,L2,L3
L3,L2,L2,L1,L2
H1,L3,H1,H3,L2
H3,L2,H3,H1,L1
BN,L2,L1,L3,H3
L2,L3,L3,L1,M1
L1,M1,L2,L1,L1
L2,L3,M1,BN,M1
H1,L2,H1,L1,L3
L2,M1,M1,L2,L1
L2,L2,L2,L3,L2
L1,L1,H3,L3,M1
M1,L3,H2,L3,M1
L2,L1,L1,L3,L3
M1,L3,L2,L3,L2
L2,L2,BN,L2,L2
L2,L3,L3,L1,H3
L1,L2,H2,H1,H3
L3,L2,L2,M1,L1
H3,L3,H1,L3,L2
M1,H2,L3,L3,L3
L2,M1,L3,L2,L3
L2,L2,M1,H2,L1
H2,H1,L1,H2,L3
L1,L1,H3,H2,H2
L2,H3,L3,L1,L2
L3,H3,L1,H3,L3
L2,M1,M1,L1,M1
M1,H2,L1,H2,H2
L1,L1,L3,L3,L3
L1,L3,L1,H1,L2
H2,L2,L3,L3,L2
L3,H3,L3,L2,L2
L3,L2,M1,L1,L1
L3,L2,L2,M1,L3
L2,L2,H2,L3,L2
L3,L3,L3,L2,L2
L1,L3,M1,M1,L2
L1,L3,M1,H3,L2
H1,L3,L3,L2,L2
H3,H3,M1,L1,L1
M1,L1,L1,L3,L2
L3,L1,L3,L3,L3
H1,L1,M1,L1,L2
L3,H3,L2,BN,L2
L3,L3,L1,L2,L2
L2,BN,H3,L2,H3
L2,M1,L3,L2,L1
H3,L1,L1,H1,L1
L2,L2,M1,L2,L1
L2,M1,L2,M1,H2
L2,L3,L1,L3,L3
L1,L3,L3,L1,H2
L3,H2,H3,L1,L1
L2,L3,L1,M1,L3
L2,M1,L1,L2,L3
L3,L2,L1,L1,M1
L1,H3,L2,H3,L2
L3,L2,L3,M1,M1
L1,H2,BN,L2,M1
M1,L2,L2,L2,H2
L1,H1,L1,H3,L2
L1,L2,L3,L2,L1
H1,M1,H3,L3,H1
L3,L3,L3,L1,M1
L1,H2,L1,L2,M1
L2,L1,M1,L2,L1
L3,L3,L1,H2,L2
L3,L1,L2,M1,L2
L1,L1,M1,L1,L2
L3,L2,L1,L1,L1
L1,L2,L2,H2,H3
H2,L2,L3,L2,L2
H1,M1,H1,L2,M1
L2,L3,L3,H3,L3
H2,M1,L3,L2,L2
BN,M1,M1,H3,L1
L2,L1,H3,L2,L2
M1,L3,L2,L2,L1
L3,L3,L3,L2,L3
L1,L1,H3,L2,L1
H3,H1,L3,L2,L3
L2,L2,L1,L1,L3
H3,H2,L2,H3,L1
L2,L1,L3,L3,H3
H3,L3,L3,L3,M1
H3,L1,L2,L3,L2
L2,H3,L3,L3,H3
L2,L2,L2,H3,L2
H2,H2,L3,L1,L2
L3,M1,L1,L3,L1
L1,L3,L2,L2,H3
L1,L2,L2,L1,L3
L3,L1,L2,L3,L3
H3,H2,L1,M1,L2
L2,H3,L1,H1,H3
L2,L2,H2,M1,L1
L2,H3,L2,H2,H1
M1,L3,L1,L3,BN
L3,L1,L3,H3,L2
L1,L3,L2,L2,H2
L2,L3,L2,H2,H3
L1,L3,L1,L3,L2
L3,M1,M1,L2,H2
L2,H2,L1,L2,L2
L2,L3,BN,L3,M1
GL,L2,L3,L2,L1
L2,L2,L1,L2,H3
L1,L3,L1,L3,L2
L1,H2,L3,L1,H3
H3,H3,L1,L2,H3
L2,L3,H3,L2,L3
L3,M1,M1,L3,H3
L1,L3,L2,L3,M1
L3,L2,L3,L1,L1
H3,M1,H3,M1,H2
H1,L1,L2,L1,L2
L2,M1,L1,H3,M1
H1,L2,L2,L3,L1
L1,L3,L2,L3,L3
L3,L3,GL,BN,H3
H3,L3,BN,L3,L2
L2,L3,M1,M1,L2
L3,L1,L2,L2,H1
L2,L1,L3,L3,L2
L3,L1,L2,M1,L3
L3,L3,L1,L3,L1
L2,L1,L2,L3,H2
L2,L3,L1,M1,L2
H3,L3,L3,L3,L2
L2,M1,L2,L3,L3
M1,M1,H3,L2,L1
H2,L2,L2,L2,L2
H2,L2,M1,L2,H3
H2,L3,H3,L3,L3
M1,H3,H2,L1,M1
L2,L3,L2,L3,L1
L3,L1,L1,BN,M1
L1,L1,L2,L2,L1
H3,L2,BN,M1,M1
M1,BN,M1,L2,M1
BN,L2,L3,L3,H1
L1,L1,L2,L2,L2
H3,H1,L1,L2,L3
L1,L1,H2,L3,L2
M1,L2,L3,L1,L2
L1,L2,L2,L3,BN
L1,H1,H1,M1,M1
L2,M1,L3,L3,L2
L2,L2,M1,L1,H3
M1,H3,L3,L3,L3
H2,L2,L3,L2,L1
H2,L1,L1,L3,L1
H2,H3,L2,H2,L3
H2,L1,H2,L1,L2
BN,L1,L1,L1,L2
L3,L1,L3,L3,L3
H1,L3,L1,L1,H2
H1,L2,L3,L1,L2
L1,L2,L1,L1,H1
L1,BN,L2,H3,H3
L2,M1,L1,L3,H1
L2,L1,H1,L1,L1
L3,L3,BN,L3,L2
L3,L1,L1,L3,L2
L3,L1,L2,L3,M1
L2,H2,H2,M1,L1
M1,H1,L2,L1,L2
M1,L2,L3,L3,L3
L1,L3,L3,H2,M1
BN,H3,M1,L2,L2
L2,L3,L3,L1,H3
L1,H3,H3,H3,H3
L2,L2,BN,L3,L2
L2,L1,L2,L2,H1
L2,L2,L2,L3,H2
H2,L3,L3,L2,H2
L2,M1,H2,H3,M1
L2,L3,L3,L1,M1
L3,M1,H1,L3,H3
L2,L2,L3,H2,L1
L1,L2,H2,L3,L1
L2,L1,M1,L1,L1
H2,L2,L3,L3,M1
L3,M1,L3,H2,L2
L3,L3,M1,L3,L1
L2,L2,L2,M1,L3
L3,L1,L1,L3,L1
L3,L1,L3,L3,L1
L1,L1,L1,L2,L3
L2,H1,L2,L3,L1
L2,L1,L3,L2,M1
M1,L1,GL,L1,H2
L2,H2,L2,L3,H3
L2,L3,H3,L2,L2
L2,M1,L1,L1,L3
L3,L2,H1,H3,L2
L3,H1,L1,L2,L1
L2,L3,L2,L2,H1
L1,L3,L3,L1,L3
L3,L2,L2,L3,H3
L2,L1,H2,M1,M1
L1,L3,L1,L2,H1
L2,L3,H3,L3,H1
L2,L3,L3,M1,L2
L1,L3,L1,H1,L3
L2,H2,L3,L3,L2
L2,L1,L3,H2,L2
L1,L1,H3,L3,H3
H3,L3,L1,H3,L2
L2,L3,L3,L1,H1
M1,H1,H3,M1,L1
L1,L1,L3,M1,L2
L2,L3,H1,L1,L3
L1,H2,L2,L2,L3
H1,L3,L3,L2,L3
H1,M1,L1,L3,L3
L3,L2,L3,H3,L2
M1,M1,L3,L1,L1
H3,L1,L1,M1,L2
L2,L2,L1,H2,L2
L1,L1,L3,L3,L2
L3,L3,L2,L2,L2
L3,H3,L1,M1,L1
L2,L1,L1,L3,M1
L3,L1,H3,M1,BN
H3,BN,H2,L3,L1
L1,L1,L2,H3,L1
M1,H3,H3,L2,H3
L3,L3,M1,H3,H2
M1,L1,L2,L2,L2
L1,M1,L2,L3,L1
H2,H3,L2,L3,L3
L1,L2,L3,M1,H2
M1,L3,L2,M1,L2
H2,H3,L1,H2,H2
M1,L3,M1,M1,L3
M1,L1,L1,L3,H2
L3,L1,L3,L3,BN
L2,L1,L2,L1,M1
H3,L1,L3,H3,L3
L1,H3,L3,H1,L2
L3,M1,L3,M1,H3
BN,L3,L3,L2,L1
L3,L2,M1,BN,L1
H2,H3,L2,H3,H3
L2,L2,L3,H3,L3
L3,L1,L3,L3,L1
L3,M1,L1,H1,M1
L3,L2,M1,L1,L1
L1,L3,L1,H2,H2
M1,H2,L2,L2,L3
L2,H2,M1,M1,H3
L3,H2,L2,L1,L2
L2,H3,M1,L3,L2
H1,M1,M1,L2,L1
H1,L1,L1,L1,L3
L3,H2,L2,H3,L3
L2,L3,M1,H3,H3
M1,L3,M1,L3,H2
M1,H3,L3,L3,H2
M1,H2,H1,L1,L3
L3,L2,L3,L1,L3
L3,L1,L2,L3,L2
M1,L3,M1,L2,L1
L2,L2,L3,H1,M1
L2,L2,L3,L2,L1
L3,M1,L1,M1,L3
H2,L2,M1,M1,L2
H2,L3,M1,M1,L2
L2,H2,L1,L2,H2
M1,L1,M1,L2,L2
H3,L3,L1,L3,L3
L1,L2,BN,L3,L1
H2,L3,H3,M1,H2
L1,L2,L1,L3,L1
L1,M1,L2,BN,H1
L1,L3,H1,L1,BN
L3,M1,L3,H1,L2
L3,L3,L1,L2,L1
M1,L2,L2,L3,L3
L1,L1,H1,L3,L3
L3,H1,H2,H2,L1
L1,H3,H3,L1,M1
L2,L1,L1,H3,H3
L2,H1,L2,M1,M1
H3,L1,L2,H2,BN
L1,BN,L3,L3,H3
M1,L2,L1,L1,L2
L2,L3,L1,H2,L1
L1,L2,M1,L2,L1
L1,H3,H2,H3,L2
L3,M1,M1,L2,M1
M1,L3,L3,M1,L3
M1,L1,M1,L1,L1
L3,L1,L2,H2,L2
M1,L2,L1,M1,H1
M1,H3,L2,L3,L3
L1,M1,L3,L1,H2
L3,L3,H3,L1,L3
L1,L1,L2,L2,L1
L2,H1,L2,L1,L1
L3,M1,L2,L1,L2
L3,L3,L1,L3,L2
H1,L2,L3,L3,M1
L2,L3,L3,L1,H2
L3,L3,L3,H3,L3
H2,L1,L2,L3,H3
H2,H3,H1,L1,L2
L1,BN,L3,L3,L2
L3,M1,L3,L2,L1
L3,L3,H1,L3,L3
L1,L2,H3,L3,L2
L1,L2,H2,M1,M1
L2,M1,L1,L3,L1
M1,L3,L1,BN,L2
BN,L3,L3,L3,M1
L3,H2,L2,H3,H3
L2,L2,H2,H3,H1
M1,L2,BN,L3,H2
L3,L2,L2,L3,L1
L2,L3,L1,L2,H2
L2,L3,L1,H3,L3
M1,L1,L3,L1,BN
L2,L1,L2,M1,L3
H2,L2,L3,L2,H3
L3,L3,BN,L3,L2
H1,H3,H1,L3,H2
M1,L3,L1,H3,L2
L1,H3,H2,L2,L2
L3,L1,H1,L2,BN
L3,L1,L1,H3,M1
H2,H2,L3,L2,L3
L3,H1,H3,L3,H2
L3,H3,M1,L3,L1
L2,H2,H2,L3,H2
L3,L1,M1,H2,L3
L3,L1,L2,L3,L1
L3,M1,L2,L2,L2
L3,L2,L3,H1,L3
H1,L1,M1,L1,M1
L3,L1,L3,L3,L1
M1,L3,M1,L3,L2
L2,H2,L1,M1,L3
M1,L3,L2,L1,M1
L1,H1,M1,M1,L3
GL,L3,L3,L2,L1
L2,L2,L2,H3,H2
L1,M1,L1,L2,L1
L2,L2,H3,L1,H3
L2,L2,L2,H1,L2
L1,L2,L3,M1,M1
L1,H1,H1,L3,L1
L2,L3,L1,L2,L1
L3,L3,L1,H3,H3
L3,L2,H1,BN,L1
M1,L3,M1,L2,L1
M1,L1,L3,M1,L1
L1,L3,M1,L1,L3
L2,L2,L3,L2,L3
L3,M1,L1,M1,M1
M1,L3,L1,L2,L2
L2,H1,L1,L3,L1
L1,H2,L2,L3,L2
H2,L3,L1,L3,M1
L1,L3,L1,L1,L1
L3,H2,L3,L2,L1
L3,L1,L3,H2,M1
L1,L1,H3,M1,L1
L3,L3,H2,L3,L3
L2,L1,L1,L3,L1
M1,L3,M1,GL,L1
L1,M1,M1,L1,L1
L3,L3,L1,L1,L1
M1,L1,M1,L1,L1
L3,H3,H3,L1,L3
L1,L1,L2,L3,M1
L3,L3,L1,L3,L1
L1,L3,L2,L2,M1
M1,L2,L3,L3,L1
L3,L2,L2,L1,L3
H3,M1,H3,L3,L3
M1,L2,H2,L3,L1
M1,M1,M1,L1,L1
L1,L1,L1,L1,H3
L3,H3,L3,M1,L1
M1,L3,M1,L1,L2
L2,L3,L1,L3,L1
H3,L2,L1,L2,L2
L1,BN,M1,L1,L1
L2,L3,L1,L3,L2
H2,L1,L3,L2,H3
L3,L3,L2,L3,H2
L3,L1,L1,H3,L1
L2,L1,M1,L3,L1
H1,H1,L3,L3,H2
L1,L2,L3,L2,BN
M1,L1,M1,L1,L2
L2,L1,H3,L2,L3
L3,L3,L1,L2,H2
L2,L3,M1,L3,H3
L2,L1,L1,L2,L3
BN,L1,GL,M1,L3
H3,L3,L1,L2,L1
L3,L3,L3,H1,L2
H1,L2,H2,H2,M1
L2,M1,L3,L3,L1
L3,L2,H1,H1,L2
H3,L3,L2,H3,L3
L1,H2,L3,L3,H2
L3,L2,L3,H3,L2
L2,L1,L2,H3,H3
L3,L1,H3,L3,L1
H2,M1,M1,M1,H1
L2,H3,L3,H2,H2
M1,L2,H3,H3,BN
L2,L3,L2,L2,L3
M1,L1,L3,L1,H3
H1,M1,L3,L1,L2
L1,H3,L2,L1,H2
L3,H2,L2,L1,L3
H2,L3,L2,H3,L1
L2,L3,L2,L2,L2
L1,L2,L3,BN,L2
H3,L3,H3,H2,L3
L3,L1,H3,L3,H3
H2,L2,L3,H3,L2
L3,L1,L2,H3,BN
L3,L3,L3,L2,L2
L2,L3,L1,H1,L1
L2,L3,L3,L3,L2
L2,L3,L2,M1,L2
L3,L2,H3,H2,L3
L3,L3,L3,H2,L1
L2,L1,L3,L3,L3
L2,L1,L2,L3,L1
H2,L3,L1,L2,L2
L3,L1,L2,BN,L1
M1,BN,L3,H2,H3
L1,L1,L1,M1,H3
L2,H2,L2,L1,L3
L1,L3,H2,L3,L3
L3,L3,H3,L2,L1
L3,H2,M1,L3,L2
L2,BN,H3,L1,L3
H1,M1,H1,L3,L3
L3,L2,L1,L1,M1
L1,L3,L1,L2,L1
L1,L2,M1,L1,H2
L2,L3,L3,L2,L2
M1,L1,L3,M1,M1
M1,M1,L2,L2,L2
L1,L3,L2,M1,H2
H2,M1,L1,H2,L2
BN,L2,L3,L1,L1
L3,BN,L2,L2,L2
L1,H3,H1,M1,H3
L1,L3,M1,L1,L2
M1,H3,H1,L3,M1
H1,H2,H3,L1,H2
L3,BN,L2,L3,L3
L3,L3,H2,H1,BN
L2,H3,L1,L1,GL
L3,L1,L2,M1,H3
M1,H2,L3,L2,M1
H2,L3,L1,L3,L3
H2,H3,L3,L3,L2
L3,L3,H2,L3,L3
L3,L3,L2,H3,L1
BN,L2,H1,H2,L2
L2,L1,L2,L3,L1
H2,BN,L2,L2,H3
M1,L2,BN,L2,L3
L3,L3,L1,L1,L1
L3,L2,M1,L3,BN
L2,L3,H1,H2,L1
L1,L1,H3,M1,L2
L2,L2,BN,BN,H2
L2,H1,M1,L1,H3
L1,L3,M1,L3,L2
L3,L2,L2,H2,L3
M1,L3,L3,L2,M1
M1,H3,L3,H2,H3
L1,M1,L3,GL,L3
L1,L3,L3,L2,L2
L1,L2,L1,M1,M1
L3,L3,H3,H1,L3
L2,M1,M1,L3,L2
L3,L2,L1,L1,L3
L2,L1,M1,L1,L3
BN,L1,BN,L1,L3
H3,L1,L3,L3,L2
M1,L2,L2,M1,L1
H1,L2,H3,L2,L1
L2,L3,L2,H3,L1
L1,H3,M1,L3,L3
L1,L3,L3,H3,BN
L1,L3,L2,L3,H1
M1,L1,L3,M1,L3
H2,H1,H3,L2,L2
L1,L1,H1,H3,L3
M1,H3,L2,L2,H2
H1,H3,L2,H2,L1
L1,L3,H3,M1,M1
L3,L1,L2,L3,L1
H3,L2,L1,L1,L1
L3,H3,L3,L3,L3
L3,M1,H2,L2,L3
M1,L1,H3,L2,BN
L3,L3,M1,H2,L2
M1,L1,L3,L3,H1
L3,L3,L3,L2,M1
H2,H3,H2,L3,H3
L2,M1,H3,L3,M1
M1,L2,L2,L1,M1
L1,L2,M1,M1,L2
L2,L2,L2,M1,L1
L2,L3,L2,L2,L2
L2,L3,H3,L2,L1
L1,L1,L2,L3,L1
L2,H2,L3,M1,H2
L3,H3,H1,L2,M1
M1,L2,H2,L3,H3
L2,M1,M1,L2,M1
L2,L2,L3,L3,L2
L1,H1,L2,M1,L1
H2,H1,H2,L2,L2
L1,H1,L1,L3,L2
L3,L2,H2,L2,L1
L1,L2,M1,L2,L1
BN,L1,H1,L3,L3
L1,L3,L2,H3,L1
L3,L3,L2,H3,H1
M1,L3,L2,L3,L3
L3,L3,L3,L3,L3
L1,H3,L1,L3,H3
M1,H2,L2,M1,H1
L3,L2,L3,L1,BN
M1,L3,L3,M1,H3
L3,BN,L2,H3,H3
L2,L2,H3,H2,L1
L3,L3,M1,L3,H2
L1,L3,L2,M1,L2
H1,L3,H2,H1,L3
L2,L3,L2,M1,H3
M1,L2,L1,L3,L3
L2,M1,H1,L3,L3
L3,L1,BN,L3,M1
GL,L3,L3,L3,L3
L3,L1,L3,L3,L3
L1,L1,L1,L3,L3
L3,BN,L3,L3,L1
L3,M1,BN,L1,H2
H2,H3,H2,H2,H2
L2,L3,L3,M1,M1
L3,L3,L3,H1,L1
H3,L3,L2,L3,L2
L2,L3,L2,L1,L3
M1,M1,L3,BN,L3
H3,L1,L3,L3,L3
L2,M1,L3,L2,L3
L1,L3,L2,H1,L1
L1,M1,L2,L3,L2
L3,L2,H3,L3,H3
L2,L3,L3,L3,L2
H2,M1,M1,L1,H2
L2,L2,M1,L2,L1
L2,H3,L3,L1,L2
H3,L1,L3,H2,M1
L3,L2,L2,H1,H3
L1,L3,L3,L1,H1
L1,L1,H3,L2,L1
L3,M1,H2,H3,L1
L1,L2,M1,L1,L2
M1,L3,L2,L3,L2
L2,L2,L3,L2,L2
M1,L2,H1,M1,L2
L2,L2,L2,L3,L3
H2,L1,L3,L2,L2
M1,L1,H1,L2,L1
H3,H1,M1,L2,L3
L2,L3,H3,H1,H2
H3,M1,L1,L1,L2
M1,L1,M1,L2,L1
L3,L1,M1,M1,L3
L1,H3,L2,H3,L3
BN,L1,L1,L3,H3
L3,L2,H2,H2,L1
L2,H2,L2,M1,L3
L3,H2,H1,L1,BN
L1,L2,L1,L2,L3
M1,H3,L3,L3,H3
L2,L3,L3,L3,L1
H1,L1,M1,L1,L2
L2,L1,L2,L3,H1
L1,M1,L1,L3,L2
L1,L2,L3,L1,L2
L2,L1,M1,M1,L1
M1,L2,L3,L2,M1
L1,L3,H3,L1,H2
H1,L2,L2,M1,M1
L2,L1,H2,BN,L1
H1,L3,H2,L1,L1
L2,L2,L3,L2,L1
L1,L1,H2,M1,L2
L2,GL,L1,L2,L3
L3,L2,L2,L3,L2
L2,L3,L3,H2,L3
H3,H2,L1,L3,L2
L3,M1,M1,M1,H3
L3,H3,L2,L1,L2
L3,L1,H1,L2,L2
L2,BN,L1,L2,L3
L1,L2,L2,L2,L3
L2,L1,L3,L3,H2
L1,L3,L2,L3,L2
H3,H3,L1,L2,BN
L3,L1,H2,L3,H3
L1,L1,BN,L3,L2
M1,L1,M1,L1,L1
L2,L2,L1,L3,L1
M1,L2,L1,H2,M1
H3,L2,L3,L3,L1
H1,H2,L1,L3,L3
M1,L3,BN,L2,L2
L3,L3,L3,L1,L2
L2,L1,L1,L2,H3
H2,L2,L3,L2,L1
L2,L1,L3,L1,L3
M1,L1,L2,L3,L1
L1,L1,L2,L3,L3
L1,L1,L2,M1,L1
M1,M1,L3,L2,M1
H2,H3,H1,L1,H3
L2,L2,L3,H2,H2
L2,L3,L2,L2,L3
L2,L2,L2,L2,L3
L3,H2,L2,L3,L1
M1,L1,L3,M1,H3
L2,M1,L3,L1,H3
H2,H3,L3,H3,L1
L3,L2,H1,M1,BN
L2,L2,L2,L3,H1
L3,L1,L2,L1,H3
L2,L1,L2,L2,L2
H2,BN,L1,H1,L3
L3,M1,H3,L3,L2
L3,L3,L1,L2,L1
L3,L2,H3,L3,L2
L3,L1,H1,L2,L3
L2,M1,L2,L1,BN
L2,L2,H1,H2,L3
L2,L1,M1,L1,L3
L2,L3,BN,L2,H2
L1,H1,L2,L2,H2
M1,L2,L2,L2,L1
L3,L3,L3,H3,L2
H3,L3,L1,L1,L3
L3,M1,L2,L3,L1
L1,H1,L2,L3,BN
H1,L2,L2,L1,L2
BN,H2,L1,L1,H2
L2,L3,H3,L2,L1
L1,H1,L2,M1,L2
H2,H3,L3,L2,L3
M1,L2,M1,L1,H2
M1,H2,L3,H1,L3
L2,H3,L2,H2,L3
BN,M1,L3,H1,H1
L3,L1,H3,L3,L3
L3,L2,L3,L2,L2
L2,L1,L1,L3,L3
M1,M1,L1,M1,L2
L2,L2,L2,L1,L2
L2,L3,H3,L1,L2
L1,L1,L2,M1,M1
H2,M1,L3,H2,L3
L2,L1,L3,H1,M1
M1,BN,H3,H1,L2
M1,H3,M1,L3,L2
L2,H3,L3,L3,L1
L3,H2,M1,L3,L3
L1,L2,L2,L2,L2
L2,H2,L3,H2,M1
L3,L1,L3,L2,H2
L2,L3,L2,L1,BN
L1,L3,L3,L2,M1
BN,H2,L3,L1,H2
L1,L2,L1,L3,H2
M1,L3,M1,H1,L2
L2,L2,L1,L1,L2
L3,L1,L1,M1,L2
L3,M1,H1,L2,L2
H3,H2,L3,L1,L2
L2,L3,H2,L3,L2
H2,M1,L3,L1,L3
H3,L3,L3,M1,L1
L1,H3,H2,H3,L1
BN,L3,L2,L3,L1
L1,L2,L2,L1,L3
H3,L3,M1,M1,H3
L3,H3,H3,L2,L1
L2,BN,M1,H1,H3
M1,L3,L1,L2,M1
H3,L2,L3,L2,L1
H3,L3,L1,L3,M1
L2,L3,H1,L1,L1
L3,L1,L3,L2,L1
M1,L2,L1,L3,L2
L3,L2,H3,L2,M1
L3,L2,H3,H3,L1
L2,L1,L1,L1,L1
L1,H2,L2,L3,L3
L3,L1,H2,L1,M1
L3,L1,H1,L2,L1
L1,L3,L3,L1,L3
H3,L1,L1,L1,H3
L2,L3,H3,L1,L1
L3,L3,M1,M1,L2
L3,L3,L3,L2,L3
L2,L2,L3,L3,H1
L1,M1,L1,L3,L3
L2,L2,L3,L2,L3
L2,L3,L1,L2,L3
L2,L1,M1,L1,L1
H1,M1,BN,L1,L2
M1,L1,H1,M1,L1
L2,M1,L2,H1,L3
L1,L2,L1,L3,L3
H3,L3,L2,L2,L2
M1,L3,L3,L3,L3
L3,L2,L2,L3,M1
L2,H3,L3,L2,H3
M1,L2,L3,L3,L2
L1,L3,L1,H2,L2
L1,L1,L3,L3,H3
L1,M1,M1,H1,L2
L1,L2,L2,L2,L3
M1,L2,M1,L3,L3
L2,L3,L2,L1,L3
L3,H3,L2,L3,H3
L2,M1,L3,L2,L1
L3,L3,L1,H2,H3
L2,L3,H1,H3,L1
BN,H2,L2,L2,L2
H2,L3,M1,H3,L2
L2,L1,L1,L1,H3
L3,H2,H2,L3,L3
L3,L3,H3,L1,M1
L2,L3,L3,L3,L3
H3,L1,L2,H1,H3
L1,L2,H3,L2,L3
H1,L2,L2,L1,L3
L1,L3,H2,L2,L2
H3,L2,BN,L1,L3
L3,L1,M1,H3,H3
M1,H2,L2,L1,L1
L3,L2,L3,L2,L3
M1,L1,H3,L3,M1
L2,L2,M1,L2,M1
L1,L1,L2,L2,M1
L2,L2,L2,L2,L3
L3,L2,L3,L2,L3
L3,L3,L1,L3,L2
L2,H3,L3,L3,L1
L2,H3,L2,L1,H2
L1,L3,L1,L3,L1
L2,L1,L3,L3,L3
H3,L1,H2,L2,H2
H1,L2,L1,L1,M1
L3,L3,M1,L3,M1
H2,L1,L1,H1,H1
L3,L1,L1,H1,L1
L2,L3,H2,M1,L3
H3,L2,H2,L3,L1
BN,L1,L3,L1,GL
L2,L2,L3,L3,L2
L3,L2,H3,L1,L2
L3,H2,L1,H1,H2
M1,H3,L3,H3,L3
L1,L3,H3,H1,H2
L1,L2,L1,L1,M1
H2,L3,H2,L3,L3
L2,L2,L2,H3,H2
L1,L1,H3,L3,L2
M1,M1,L3,L2,M1
H3,L1,M1,L3,L1
L3,L1,M1,BN,H3
H2,L1,L1,M1,M1
L2,L3,H1,H2,L2
L2,L2,L1,M1,L1
L1,M1,L3,H3,L1
L1,L1,L1,L1,H2
L2,L2,L3,L3,L1
L2,M1,L2,L1,L2
L2,L3,L2,M1,H3
L2,L3,L3,L1,L3
M1,H3,H1,L1,L2
L1,H3,L1,H2,L2
H3,L2,L3,H1,H3
L1,L3,L2,L2,L1
BN,L2,L2,H3,L1
M1,H3,L2,L3,L1
L2,L1,M1,L1,L3
L2,L3,L3,L3,L1
L2,L1,L3,H1,L2
L3,L1,L1,L2,L2
L3,M1,L3,H2,L2
L1,L2,M1,BN,H3
L2,H3,L1,H3,H3
M1,H1,L1,L2,L3
H3,H3,L1,H1,L3
M1,L3,M1,L2,L1
H1,L3,L1,H2,M1
L1,L3,L1,L2,L1
M1,L3,L2,M1,L1
M1,L3,H2,BN,H2
BN,L3,H2,L2,M1
L2,L1,L1,L1,BN
M1,L2,L3,H2,L3
L1,L1,L3,L2,L2
L3,H2,L1,L3,M1
L1,L3,L3,L3,M1
H2,H2,L3,H2,L1
L3,L1,L3,L1,M1
L3,L2,L1,L3,L3
L3,L2,L3,H1,H2
L3,L2,H3,L2,L3
L3,H2,H2,M1,L2
L2,L3,H2,M1,L3
H2,L3,M1,L2,M1
L3,L2,L3,L3,L3
M1,BN,L1,H3,L2
L1,L3,L3,L2,H3
L3,L2,H1,L1,L2
M1,M1,L3,L2,L3
L2,L2,L3,BN,L1
L2,L1,L3,L2,L1
L2,L2,M1,L3,L3
L2,M1,M1,H3,L1
L1,L3,H3,H1,L3
L3,H3,H3,BN,L2
M1,L3,H1,H2,L3
L3,L1,L1,H3,H2
M1,L3,L3,L1,L2
L1,L2,L3,L1,L2
M1,L2,L3,L2,L1
L2,M1,L3,L2,L1
L2,L3,M1,L1,L3
L1,L1,L2,M1,L3
L3,H1,L3,L1,H3
H3,H2,M1,L1,L2
L2,L1,H2,M1,H2
L3,L2,H3,H1,L2
H3,M1,H3,H3,L2
L1,L1,L3,H2,M1
M1,M1,L3,M1,L3
L2,L1,H1,L1,M1
M1,L2,M1,H2,H1
L3,M1,L3,GL,L1
L2,L2,L3,H2,L3
L1,BN,L1,L1,L3
L1,L2,H1,L3,M1
L1,L2,M1,H2,L3
L3,L3,M1,L1,L2
L3,L1,H2,L3,M1
H2,H2,L2,L3,M1
L3,L1,L2,L1,BN
L3,M1,H1,L2,L2
H3,L3,L1,L1,L1
L3,L1,H3,BN,L1
L3,L1,L2,L2,L3
L1,L1,M1,L3,L3
L3,L2,L1,L2,H2
H3,M1,M1,L1,L3
M1,H2,H3,M1,L3
L3,H3,L2,L3,L2
L3,H1,BN,M1,L1
M1,H3,L3,L1,L3
L1,H3,M1,L2,L1
H1,L1,L3,L1,H3
BN,L2,H2,L1,L3
L1,L3,L2,M1,L1
H1,H3,M1,H3,L1
L3,L2,L1,L3,M1
L2,L1,BN,H3,L3
L2,L2,L2,L2,L1
H3,L2,L2,L2,L3
L3,L2,L3,L3,L2
L1,L1,M1,L3,L1
L3,L1,L2,L1,L3
L3,H2,L2,L2,M1
L2,L3,L2,L3,L1
L2,L1,L2,H3,M1
H3,M1,H3,L1,H2
BN,L2,H2,L3,L3
L3,L2,L2,L2,L2
L1,H3,L2,L2,L3
L2,H3,L2,L2,L2
L3,H1,M1,L2,L3
L2,L2,M1,L2,L1
L2,BN,L2,L1,L3
M1,L3,H2,M1,L2
L1,M1,L2,L2,H3
H3,L2,L2,L3,L3
H2,M1,M1,L3,L3
M1,L1,H1,L2,L2
L1,L2,H3,L1,L1
M1,L2,H1,L3,H3
L3,L1,L3,M1,M1
L2,L2,L2,H3,L1
L2,M1,L1,L3,H3
L3,M1,L2,H3,H1
M1,L3,L3,L1,L2
L2,L3,L2,L2,L3
M1,BN,H1,L1,L1
L2,L3,L3,H3,L2
L1,L2,L1,L1,H3
M1,M1,L2,L1,L2
L3,L1,M1,M1,H2
H2,L1,L2,L3,L2
L3,H2,M1,M1,L1
L1,L2,M1,L2,L2
L3,L2,L3,L2,H2
M1,L2,L2,M1,L3
L1,L2,H2,L2,L1
H1,M1,L3,H2,L3
L3,L3,L1,L2,H3
L3,L2,M1,M1,GL
L3,L1,L2,M1,H2
L3,L3,M1,L3,L2
M1,L1,L2,L2,L2
H1,L1,M1,L3,L2
H3,H3,L1,L3,L2
M1,BN,BN,H3,L2
H3,L2,H1,H3,H2
L2,H1,M1,L2,L3
H1,H1,L1,BN,M1
L1,L1,M1,L3,L3
L1,L2,L3,H1,L3
H1,L2,H2,L2,M1
L1,H3,M1,L2,M1
L3,H2,L2,L2,L2
L2,L2,L1,M1,M1
L2,L3,H1,L3,L1
L3,L1,L3,GL,L2
H3,L2,L3,H2,L3
H3,L1,L3,H3,L3
M1,L2,L3,L3,L1
L2,BN,M1,L3,L2
H3,L3,L2,L2,L3
H3,M1,L3,BN,L2
L2,L1,L1,H2,L1
L1,H2,L3,L2,M1
L3,L3,L2,L1,M1
L1,L3,M1,M1,M1
L2,L3,H2,L2,M1
L2,L3,L3,L3,L1
M1,L2,M1,M1,L3
M1,H1,H1,L1,H2
L3,M1,H3,L1,L3
L3,H3,H2,L2,L1
L3,L3,L2,H1,L3
H1,L3,BN,L2,H1
L3,M1,L1,L2,L1
L3,L2,H1,L2,L2
L3,L3,H2,L3,L3
H1,L3,L2,M1,L3
H3,L1,H3,H1,L2
L2,L3,M1,H1,L1
L3,L3,L2,L3,L1
H3,L2,L3,H1,M1
L2,L2,L3,L3,L2
M1,L3,M1,L2,H2
BN,L3,L2,M1,H3
L3,L1,L2,L2,L1
H3,L3,L3,L2,H2
M1,L2,L2,L1,BN
L1,L1,H2,L3,L1
H3,L2,L2,L1,L2
H3,L3,H2,L3,L3
L2,L3,BN,L3,L2
L2,L3,H3,L3,H3
L2,M1,L3,H2,M1
BN,H2,L3,H2,H2
L3,H2,H3,L2,L2
L3,L1,H3,H3,L3
L1,L1,M1,L1,H2
L3,L3,L2,L2,M1
L1,L3,H1,L2,L3
H3,L1,H2,M1,L2
M1,M1,L2,L3,H2
L3,M1,L1,L2,H1
H3,L3,L2,H3,M1
M1,L2,H3,L3,L3
L3,M1,L2,L2,L3
L3,L2,L2,L3,L3
L3,H3,L2,L1,L3
M1,H2,L1,H1,L3
L2,L3,L1,H2,L3
L1,L2,L1,BN,M1
H3,M1,H1,L2,L3
L1,L2,L3,L3,H1
L3,L3,H3,L3,L1
M1,L2,M1,L3,L3
M1,M1,L1,L1,L3
L3,M1,M1,L2,L3
L1,M1,L3,L2,L3
M1,M1,L3,L3,L1
L1,L3,H2,L1,L2
L3,L3,L2,L3,L3
L2,L2,L2,L2,M1
L2,L3,H1,M1,L1
H2,L1,L3,L1,L1
H1,BN,L1,L1,L2
H3,L2,H3,L2,L1
L3,L1,M1,L3,L1
L3,L1,L1,H3,L3
M1,L2,L1,L1,L2
L1,L2,L2,H2,M1
L2,H2,M1,L1,H2
M1,L3,M1,L3,L3
H3,H3,L1,H2,L2
L3,L3,H3,L3,L2
L2,L2,L3,L2,M1
L2,L1,H2,M1,L1
L3,L3,M1,L1,H2
L1,L2,L2,L1,H3
H2,L2,L1,L2,M1
L1,L3,L3,M1,L3
H3,H2,L1,L2,L3
L3,BN,L1,L2,L1
H1,L2,L1,M1,L2
L3,L1,L1,L2,M1
L2,M1,L2,L2,L1
L1,L2,L3,M1,M1
M1,L1,M1,M1,L3
L3,L3,M1,L2,L2
L1,L2,L1,L2,L3
H2,L3,L3,L3,L3
L2,M1,L1,L1,L2
L3,L2,L3,H1,L3
L2,L3,M1,L2,L3
L2,L3,L3,L2,L1
L3,L1,L1,L2,H2
L2,L3,H3,L1,L1
L3,L1,H2,L1,L1
H2,L3,L3,H3,L1
L3,L2,L3,M1,H1
L1,L2,L3,L3,L3
L3,L2,H1,L3,L3
M1,L2,L2,L3,L2
L3,L3,L1,H3,L1
L3,L2,M1,L2,M1
L2,M1,L2,L3,L3
GL,H1,L1,H1,L2
M1,L1,L1,L3,L1
H1,M1,L2,L1,H3
L3,L1,L2,L2,L3
L1,H2,L2,L3,L2
M1,L3,M1,L2,L2
L2,L3,L1,M1,L2
L1,H3,L3,L1,BN
L1,H3,L3,L1,M1
L3,L2,H2,L1,L3
L3,H2,M1,L3,M1
L2,L2,BN,H2,L3
L3,M1,H2,L3,L2
L3,BN,L1,L3,H2
H2,H3,L2,L1,L1
L2,H1,H2,H3,L3
H2,H3,L2,L2,M1
L2,L3,M1,H1,L1
M1,L1,L2,L2,L2
L1,M1,L2,BN,L3
L2,L1,H3,M1,L3
L3,H2,L3,M1,L1
H1,L2,L2,H1,L3
H1,L2,H3,M1,L2
L1,L2,H3,L1,H2
L2,L2,L3,H3,L3
H3,L3,L1,L1,L1
L3,L1,L1,M1,L1
L3,L1,L1,L1,M1
L2,L1,L3,M1,L2
L3,H3,L2,L3,H3
L1,L3,L3,L2,L3
L2,L1,L1,L3,L3
L2,L1,L2,L1,L1
H2,H1,L2,L2,H1
L1,M1,L3,L2,L2
H2,L3,H2,L3,L2
L1,L1,M1,L2,BN
L2,L1,L2,L2,L3
L3,M1,L1,M1,L1
L1,M1,M1,H3,L2
H3,L3,L1,M1,M1
L3,L2,L3,M1,L2
H3,L2,L1,L3,L3
H3,L2,L3,H2,M1
L3,L3,L1,L1,BN
L2,L1,L3,L3,L2
L2,L3,L1,H3,L2
L3,L3,L3,L3,M1
L2,L1,L1,H3,L1
L1,H3,L2,L2,L1
L2,L1,L3,L2,H3
M1,L2,M1,L2,L1
L2,L1,L2,L1,L1
L2,L2,L3,M1,L2
L2,L2,L1,H2,L2
L1,M1,L3,L1,L1
L1,L2,L3,L1,L3
M1,L1,H1,L3,M1
L3,M1,H2,L1,L2
M1,L3,M1,M1,H3
L1,L2,L2,L2,L1
L2,L3,L2,L2,L2
L1,L3,L1,L1,L1
M1,BN,L1,L3,H2
L3,L3,L1,H2,GL
H1,L2,L3,L2,L3
L2,H1,L1,H2,M1
L2,H3,L2,L1,L1
L3,M1,M1,H3,H3
L3,L1,L3,L3,M1
H3,L1,L2,L3,L1
L3,M1,M1,L3,L3
L1,L3,L3,M1,H3
L3,M1,L1,L2,M1
L3,H3,L2,L1,L3
L2,H2,L2,L3,L3
L1,L1,L3,M1,L1
H2,L1,H1,L1,L3
L2,M1,H3,H1,H3
L1,L3,L3,L3,L3
L1,L2,L2,L3,BN
L2,M1,L2,L2,L2
L1,L1,L2,L1,L1
L3,L1,H2,L2,L2
L2,L2,H2,L3,H1
L2,L2,L3,L1,M1
L1,L1,L2,H3,M1
L2,L3,L2,L1,L2
M1,H2,M1,M1,M1
H3,L3,L1,L1,L3
H2,L1,L2,L1,M1
H1,L1,L3,L2,H1
L1,M1,L2,L2,L2
BN,GL,L3,L2,L3
L3,L2,L1,L2,L2
L1,L3,L3,H3,L3
M1,H3,L1,H3,L2
L2,H3,L3,L1,L1
L2,L3,L2,L2,L3
L2,H2,H2,H2,H3
H1,L2,L2,L2,H2
L1,L1,M1,L3,L2
L3,L2,L2,L3,L2
L2,L1,L3,L1,L3
L3,L2,L1,L1,L3
M1,L2,L3,L3,L1
H2,L2,L2,L2,L3
H2,L2,L3,L1,L2
L1,H1,M1,L3,L3
L2,L2,L3,M1,L1
H2,L3,L1,L1,M1
H2,L1,L2,M1,L2
L1,L1,H3,M1,L2
H2,H3,L1,L2,H2
L1,L3,L2,L2,BN
L3,L3,M1,L3,H1
M1,M1,H3,L3,H2
L3,L3,H3,L2,L3
L2,H1,M1,L1,H1
L2,L2,L3,H3,M1
L3,H1,L3,L3,L2
L1,L2,L1,M1,L3
L1,H3,H2,H1,H2
L1,L2,M1,L1,H3
L3,H3,L3,L1,M1
L1,BN,L3,H3,L3
L2,L1,H3,M1,L3
L2,L2,L2,M1,L3
L1,H2,L3,L1,H1
L1,L1,L2,H3,L3
L1,L3,L1,L3,L3
H3,L1,L2,L3,H2
L3,L3,M1,L1,L1
L2,L1,L3,L2,L3
L2,L3,L1,M1,BN
L1,M1,L3,L1,L3
L3,H3,L3,L2,L2
L3,L3,L1,L1,L2
M1,GL,L2,H2,L2
M1,L2,H3,L3,L3
L3,L2,L1,H3,L3
BN,L2,L1,L3,M1
L3,L1,L1,L2,M1
L3,H2,L1,L3,L2
H3,L3,L2,L1,L2
L3,L1,L1,L2,L3
L2,L3,L1,M1,H3
GL,H2,L3,L2,M1
H2,H3,BN,L2,M1
M1,L3,L3,L1,L1
H1,H2,L3,L3,H2
H1,H3,H3,H2,L3
H2,L2,H3,L3,L3
L3,L2,L3,L2,L3
L2,L2,L1,L1,L3
BN,L3,L2,L3,L2
L1,BN,L2,L1,H3
L3,L2,L3,M1,L3
M1,L3,M1,L3,L2
L2,L2,H3,L3,H1
L2,L1,H1,L3,L1
L2,L2,L3,L3,L2
L1,L3,BN,L2,L2
H3,L1,L2,M1,L2
L3,H3,H2,M1,L2
H2,L1,L2,L1,M1
H2,L2,L1,M1,L1
M1,GL,L2,L3,H3
L2,L1,L1,BN,L1
L1,L2,H3,L3,L1
L1,L1,L3,L2,H1
M1,L3,L2,M1,BN
H3,L1,L2,H3,L2
L3,H2,H3,H3,H3
L3,L1,L1,BN,H2
H2,BN,L3,L3,L2
L3,L3,L2,L3,L3
L3,L1,L3,M1,L3
L1,H3,L1,L1,L3
H3,L2,H3,L2,L3
L1,M1,L1,L2,H3
L3,L3,L3,M1,L2
M1,L2,M1,L1,L2
L2,L2,L3,M1,L2
L3,L1,L2,H2,M1
L3,M1,L1,L3,H3
L1,L2,L2,L3,L1
H1,H3,L3,M1,L3
H3,L1,L1,L1,L3
L2,H3,H3,BN,L3
L3,M1,M1,L3,L3
L2,L1,L2,L2,L2
L2,L2,L2,L1,L1
H3,M1,L2,L2,L2
L1,L2,M1,L1,L3
L1,H1,L1,H2,L2
H1,L3,L2,L2,L2
L2,L1,L3,L2,L2
M1,M1,L3,L2,H1
L1,L2,L1,L3,L2
L2,L1,L1,L3,L1
L1,M1,H2,L1,L1
L3,L2,L3,H3,L3
H3,M1,L2,L2,L2
H1,L2,H2,L3,M1
L3,L1,H2,L2,L2
H2,L2,H3,L1,L2
H2,L2,H2,H2,L3
L3,L3,L2,M1,L2
M1,H3,L2,L2,L1
M1,L3,H1,H2,H3
L1,L3,L2,H3,L3
L3,M1,L3,L2,L1
L2,M1,L2,L2,L1
L1,L3,H3,L2,H3
L1,L2,L2,L3,L1
H3,L2,H1,L2,L1
L1,M1,L1,L1,L3
H3,L2,H1,L2,H1
H1,H3,L1,H2,H2
M1,L3,H1,M1,H3
L1,L2,H1,L2,L2
H3,L2,L1,H2,L3
H1,L2,L2,H3,L3
L1,M1,L2,L2,H1
M1,L3,M1,L2,M1
M1,L3,L1,H1,L1
L1,L2,L1,L2,L3
L1,L1,L2,L1,L3
L3,L3,BN,L1,L2
L3,L3,H3,M1,L3
H2,L3,H3,M1,M1
L3,BN,H2,L2,L3
L1,L2,L2,M1,L2
BN,M1,L3,H3,L2
L1,L1,L1,H1,H3
L1,L1,L2,L1,L1
H1,H2,L1,L2,M1
L2,M1,H2,L3,L2
L2,L1,L1,M1,L3
M1,H3,L2,H2,H1
M1,L1,H2,L3,H2
M1,L2,H3,H2,L1
L3,M1,L2,L3,M1
H3,L3,L1,L2,L3
M1,H3,L2,L3,L2
M1,L2,H3,L2,L2
L3,H1,H1,H3,L3
L2,M1,M1,L1,L1
L1,M1,L3,M1,L2
L2,L3,L1,L3,L3
L3,L2,L1,H3,L3
M1,H2,H1,H1,L2
GL,L1,L3,L3,L1
L2,M1,BN,L2,H2
L1,L1,L3,L3,L3
L1,M1,L1,M1,L1
L3,M1,L1,L3,H3
H1,L2,L2,L2,L2
H2,L1,M1,L3,H2
M1,L3,L2,L3,L1
H1,H3,L3,L1,H1
L1,L3,L1,L3,L1
H2,L1,L1,L3,L2
L1,L1,H2,L3,L2
L3,L2,L2,L1,M1
H2,L1,L2,L2,H2
H1,L3,M1,L2,L2
H3,H3,L3,L3,L2
L3,H2,BN,H3,L3
L2,L3,H3,L1,L2
L1,L2,M1,H2,L1
L3,L1,L3,H3,L1
BN,L1,L3,M1,H3
L3,H3,L1,L1,L1
L1,L3,H2,L3,L3
L2,L3,L1,L3,L3
M1,L1,H3,L3,L2
L2,L3,L3,L1,H3
L1,L2,L3,M1,M1
H3,L2,BN,L2,L2
L3,L1,M1,L3,L2
M1,H2,L3,H2,L3
H1,BN,L3,L3,L3
L2,L2,H2,L2,L2
L3,L1,M1,L2,L3
L2,H2,H1,M1,L3
L1,M1,H3,L2,M1
BN,L3,L1,L2,L1
L2,M1,L2,H2,L3
H3,L3,L3,L3,L1
L2,H2,L2,L1,L1
L3,H3,L1,L1,M1
L1,H2,L2,L1,L3
L3,H1,M1,H3,L3
L1,L1,H1,L3,H3
BN,L2,L2,L2,L1
L2,L2,L3,L2,H3
L2,L1,L1,L1,L1
H2,M1,L3,H1,L3
L2,L1,L2,M1,H3
L3,L3,L1,H1,L1
L2,M1,L2,L1,L1
H1,L3,L1,H3,L2
L3,L3,L1,L3,L1
L2,L3,L1,M1,M1
L2,M1,BN,L2,M1
H3,L3,L3,L2,L3
L2,L2,L1,L3,M1
L3,L2,L2,L3,L3
L2,L3,M1,L1,M1
L3,M1,L1,L2,L1
L1,L3,H1,L1,H2
L2,L3,L3,L2,H3
L3,L3,L3,H3,L2
L1,L1,L3,L2,L3
L3,L3,L1,L1,L3
L3,L2,M1,L2,L3
L2,M1,L3,L1,L3
L3,L3,M1,L1,L2
L3,H2,L1,M1,H3
H3,H2,M1,BN,H2
L2,M1,L2,L3,M1
L3,L2,L3,L2,M1
L3,L3,L3,L1,L2
BN,M1,L2,L3,M1
L2,H3,H2,M1,L3
L3,H2,L2,M1,L1
H3,H3,M1,L3,L1
L3,H3,L2,L3,L2
L3,L2,L3,L3,L2
H3,L2,L3,M1,M1
L3,L1,M1,M1,L3
L1,H1,L2,L1,L1
L3,H1,L3,L1,L3
L1,L2,L3,H2,H3
L1,L3,L3,M1,GL
BN,M1,L3,BN,L2
L1,L1,H3,L2,L2
L2,M1,L2,L2,L1
H1,L1,L3,L1,L3
H3,L1,L2,L1,L3
M1,L3,L3,L2,BN
L2,L2,L2,L3,L2
M1,L1,H2,L2,L3
L2,L1,L3,L1,L2
L1,L2,L2,L2,L1
H3,L2,H3,L1,L1
L3,L3,L3,H1,L3
L1,L2,L1,H1,M1
L3,H1,M1,M1,H3
L2,M1,M1,L1,L1
L3,L1,L3,L2,L2
L3,L2,L2,M1,H3
L1,L2,H1,H2,L1
H2,L1,H3,L2,M1
M1,L2,L3,L3,L2
H3,L3,L3,M1,L3
BN,M1,L1,L3,H3
L2,L3,M1,L2,M1
L3,L1,L2,L1,L1
L1,L1,L3,L1,L2
L1,M1,L3,H3,L3
L3,M1,L3,L1,L3
H2,L2,H2,L1,L3
L3,L1,L2,H3,L1
M1,L1,L3,L2,L2
M1,L1,M1,M1,L2
L3,H2,L1,L3,M1
L3,L3,L2,BN,L1
M1,L2,L3,L1,L3
L3,H2,H1,L3,L2
L3,L3,L3,H3,L3
L3,H2,L3,L2,L2
L2,L1,L3,L2,H2
L2,L2,L1,L2,H3
L2,L2,L3,L2,L3
L3,L3,L2,L1,L2
L2,L2,H2,H2,H2
L3,L1,H2,L2,L2
H1,H3,L3,M1,L3
L1,BN,L3,M1,L2
H2,H3,L3,L1,L1
L3,H3,M1,L2,L2
L1,L2,L2,M1,L1
L3,L3,L2,L2,H3
L2,H2,M1,M1,H2
L1,L1,L3,L3,L3
L2,L2,L3,L1,L3
L2,L2,L2,L3,L3
L2,H1,L3,L1,H2
L3,L3,L3,L2,L1
L2,L3,H2,H3,L2
L3,L3,L3,L3,L2
L2,L3,L1,L2,L3
M1,L2,H2,L2,L3
L3,L3,L1,L1,H3
L1,L3,L2,L3,L1
L3,H1,L3,H2,H1
L3,L1,H1,L2,M1
L2,L3,L3,L2,H3
H3,L2,L3,H3,L3
L3,L1,L1,M1,H2
L2,M1,H3,L2,M1
L2,L2,H1,L3,L3
L3,L1,L2,L1,M1
L1,L2,H2,L1,H1
H2,H3,L3,L1,L3
M1,H3,L1,L1,L1
H1,L2,L1,L1,H2
BN,H2,L3,L3,L3
L1,L1,L3,L2,L3
M1,L3,L3,L2,M1
L3,BN,H3,L1,L2
L2,L2,M1,L2,L3
L3,L2,L2,M1,M1
L1,L3,L3,L3,L2
H2,H2,L2,L3,L3
L3,L3,L3,L1,L2
L3,BN,H1,M1,L1
L2,M1,H1,H2,L2
L1,L1,L3,L2,L3
L1,M1,H3,L2,M1
H1,L2,L3,L2,L1
H3,L3,L3,L1,L2
H2,H2,L1,L3,L3
L1,H3,L2,H2,M1
L1,L3,L3,M1,L2
L3,L1,L1,L3,H3
M1,H3,M1,L1,L1
M1,L3,M1,M1,L1
L2,L3,L2,L3,L2
H2,L1,L3,BN,L2
L3,H3,L2,L3,L1
L2,L2,H3,L2,H1
H1,L1,L2,H1,L3
M1,H1,M1,M1,L2
L3,L1,L1,L1,L1
L3,H3,L2,M1,L3
L3,L3,H2,L1,M1
M1,L1,L3,L2,L2
H2,H2,H3,L1,M1
L3,L1,L1,H3,L3
M1,M1,L3,L3,L3
L3,L2,L1,H2,L2
L2,L1,L2,L2,L3
L3,L3,L2,M1,M1
L3,L1,L1,L1,M1
L2,BN,L2,L1,L3
M1,L3,L2,L1,H3
L2,L1,L2,L1,L3
L3,M1,L2,L1,M1
L3,L1,H2,M1,L3
L3,L2,L2,L3,L2
L3,L1,L1,H1,L2
M1,L1,L3,L3,L1
L3,H2,L2,L3,L1
H3,L2,L1,L2,L3
M1,L3,H2,L3,L2
L2,M1,L2,H3,H1
L1,L1,L1,L1,L3
H3,M1,H3,M1,L1
L1,M1,L1,M1,L3
L2,L3,H2,L2,L2
M1,L2,L1,L3,M1
M1,L2,L2,L1,M1
L3,L1,L2,L3,M1
L3,L3,L3,H1,H1
H2,L3,M1,L1,M1
L1,M1,L3,H2,L1
L2,L2,BN,H2,M1
L2,L2,L2,L1,L1
L3,L2,H2,L1,L3
L2,L3,L2,H3,L2
L2,L3,L1,L3,L3
L1,L2,L2,H2,L3
H2,L2,L1,H2,H3
GL,L1,M1,L3,L1
H3,M1,L2,H3,L3
H2,L2,L1,H3,H2
BN,H2,H2,H3,L1
L2,L2,L2,L3,L3
H1,L1,L1,L1,L2
L2,L1,M1,L2,L3
H1,L3,L2,L3,L2
L3,BN,L2,L2,L3
M1,L1,H2,L3,BN
L1,L1,L2,L2,M1
L1,H3,L1,L2,M1
H2,L3,BN,M1,H3
L3,L3,L2,L1,L2
L1,L3,H2,L2,L3
L2,L2,L2,L3,L1
H3,L1,L3,L3,L2
H3,L2,L3,L2,L2
L1,L2,L2,L2,L2
L3,L3,L2,M1,M1
L2,L3,M1,H2,BN
L3,L1,L2,BN,L2
L3,L1,M1,L1,H3
L3,M1,L2,H1,L1
H2,L1,L1,L2,L1
L2,L3,L2,L1,L1
H2,L1,H2,L2,H3
L3,L1,L1,L3,L1
L2,H2,H3,L2,L1
L3,L3,H3,L2,L2
L3,H1,L3,H2,H2
L2,L3,H2,L3,L3
L2,H3,L2,H1,L2
H1,L2,L3,L3,M1
H2,L1,L1,L3,M1
L3,L3,L2,L3,L2
L3,H3,L2,H2,H3
L2,H2,H3,L3,H3
L3,L2,L3,L3,L1
L3,L3,H2,L2,H3
L3,BN,M1,M1,L2
L3,H3,L2,M1,L3
L3,L1,L1,H3,L2
L1,L1,L2,L2,H3
BN,L2,L2,H2,M1
H3,L3,M1,H2,L3
M1,L3,H1,L1,L3
H2,M1,M1,M1,H2
L1,L2,H2,L2,M1
L3,H3,L2,L1,M1
L1,L3,L2,H1,L2
M1,L3,L3,L1,L3
L1,H1,L2,L1,L2
L1,L3,H3,L1,L3
H3,L2,L2,L2,L3
H2,L3,H2,L2,M1
L2,L1,L1,H1,M1
H3,L3,L3,H2,L1
H3,H3,M1,L2,L2
L3,L1,H3,L3,H3
L1,L3,H1,L1,L2
M1,L3,L2,L3,H2
BN,L1,M1,L3,H3
L2,L1,L2,L1,L2
L3,L3,L2,L1,L1
L3,BN,L3,L2,L2
M1,H3,L3,L3,L1
L3,L1,L1,BN,L3
M1,L3,H3,H1,H3
L3,L2,L1,M1,BN
L3,L1,L2,L2,M1
L1,L2,H1,L2,L3
L2,L3,L1,L3,H3
M1,L3,L2,H3,L1
L2,L1,L3,L3,L3
BN,H2,L3,L3,L2
L2,L3,L3,L1,L2
H3,H2,H2,L1,L3
L1,H3,M1,M1,BN
L2,L2,L3,BN,L3
L2,L1,L3,L3,M1
L1,L2,L2,L1,L1
L3,L2,L1,L2,H1
BN,L2,M1,L2,L1
L2,L1,H2,L1,L3
L2,L3,L3,L3,L3
L1,L3,H3,L3,L1
L1,H3,H3,L2,M1
L2,L3,L1,L3,L3
M1,L3,L1,L3,L3
L1,L3,L3,M1,H2
H3,L3,L3,L3,L2
H3,L2,L3,H3,L3
L2,L2,L3,BN,M1
L2,H2,L3,L2,M1
H3,L2,L1,L3,L2
H3,L2,H2,L1,L2
M1,L1,L1,L1,L3
M1,L2,L2,M1,L3
H3,H1,L1,L3,L3
L3,L3,H3,L1,L1
H3,M1,L1,M1,H3
L2,H3,L3,L3,L2
H3,M1,L2,M1,M1
L3,L2,L2,H3,L1
BN,L2,L3,L1,M1
L2,L2,L3,L2,L3
M1,L3,L2,L2,L2
H1,L1,L1,L3,L3
L2,M1,L2,L3,L3
H2,H3,L3,L1,L3
L1,M1,L2,H3,L3
L1,L2,M1,M1,L3
L3,M1,L3,H3,L1
M1,M1,L2,L1,L2
L3,L2,L2,M1,L3
L2,L3,L1,L2,BN
L3,M1,L1,L1,M1
M1,L2,H3,L1,L1
L2,M1,L3,H2,M1
H3,L2,L3,M1,L3
L2,L2,H2,M1,H1
M1,H3,L1,L1,L1
H3,L1,L3,L1,L3
L3,H3,H3,M1,H2
L3,H1,L1,H3,L1
BN,L1,L1,L3,M1
L3,L2,L3,M1,L2
L1,L2,H3,H2,L3
H3,L2,L3,M1,L1
L3,L2,L2,L2,M1
L2,L2,L2,L3,L2
L3,L1,L2,L2,L2
H2,L3,H2,H2,L3
L2,L3,L1,L1,L3
H2,L3,L2,L3,L2
H2,L2,L1,L2,L3
L3,L3,L2,L1,L3
H1,L3,L3,L3,L3
M1,L3,M1,L3,H3
L2,L2,L2,M1,L3
L2,L2,L1,L3,L2
L3,L2,L1,L3,M1
L3,L2,L1,L3,M1
H3,M1,L1,H3,L1
H3,L3,L2,L1,H2
L1,L1,L1,L2,L3
H1,M1,L3,L3,L2
L2,L1,L2,L1,L2
H1,L3,M1,L2,L3
L2,H2,H2,M1,L1
L1,L1,L3,L1,L1
H3,L3,L3,M1,H1
L3,M1,M1,L3,L1
M1,L2,L2,L3,L2
L2,L1,M1,H3,L2
L2,L3,H3,L2,H2
L3,L3,M1,M1,L2
H2,H3,H2,M1,L1
L3,L3,L3,L2,L3
H1,BN,L2,L2,L2
L1,H2,L3,L1,L1
H2,H1,H3,L3,H2
M1,M1,L3,L2,L3
H1,L2,H2,L1,L3
L1,L3,L3,L3,L2
L3,L1,L2,L3,L2
M1,BN,L1,L3,L1
L3,L1,L2,L1,H2
L1,H2,L2,L2,M1
L2,L1,L3,L1,BN
L2,L1,L3,L2,L3
L1,L3,M1,H3,L2
L3,H3,M1,L1,M1
L3,L1,H2,L3,L1
H3,L3,L1,L1,L1
L2,H3,L2,L2,L1
H1,L2,L3,H1,L1
L2,H2,L3,H2,BN
L1,H2,BN,H3,L2
L3,L3,L2,M1,L2
L3,L2,L2,H2,L2
L3,L3,L1,L2,L1
L3,L3,L3,L2,BN
H2,L3,M1,L2,H3
L1,L3,M1,L1,M1
L3,L3,L2,M1,L1
H3,L3,L3,H1,L2
L3,L3,L3,L2,L1
L2,L1,L1,L3,H1
H2,L2,BN,L3,H3
H2,H3,L3,L3,L1
L2,M1,L2,H3,L1
L2,L2,L1,L3,H1
L3,H2,L3,L2,L2
H3,M1,L2,L1,L2
L3,L3,L1,L1,L2
L1,L2,L2,L3,H3
M1,L3,L2,M1,H3
L3,L1,L2,H3,L2
L3,L2,L2,L2,L2
L1,H2,L2,L1,L2
L2,L3,M1,L2,L1
H3,L2,M1,H3,L1
L1,L2,L2,L1,L2
L3,BN,M1,M1,L3
H1,L1,H3,H1,M1
L1,H3,M1,H1,L2
M1,H3,L1,L1,L3
H1,L2,L1,L1,M1
L1,L2,L3,L3,L2
L2,L1,H2,L1,L2
L3,L2,L3,L2,M1
L2,L1,L2,L1,H1
L2,L2,L3,M1,L3
M1,M1,L3,L1,L2
L3,M1,L3,H2,L2
H2,GL,L1,L3,L3
L1,L3,L1,BN,L1
L3,L3,L1,H2,M1
L3,L3,L3,H1,L1
H2,L3,M1,L2,L2
L1,BN,L1,H3,H2
L3,M1,L3,H3,L3
L3,L3,L3,L2,H3
L3,H2,L1,H2,M1
L1,L2,L2,H3,L2
H2,L2,L3,M1,H2
L3,L1,L2,L2,L3
L2,L2,L2,L3,H1
M1,L2,L1,L2,L1
L3,L2,L3,L1,L2
L2,H2,L1,L3,L3
L2,L3,L2,M1,H2
M1,H3,M1,L3,L2
L3,L2,L3,L3,H3
L3,H3,L1,H1,H2
L3,H3,H3,M1,L2
L2,L1,L3,L2,H1
L2,L2,L2,L3,L1
L1,L1,L3,L3,M1
L3,H3,M1,H3,L1
M1,H1,L2,L2,BN
L2,L1,H2,H2,H2
M1,L3,L2,L2,L1
L1,M1,L3,L2,L3
H3,L3,L3,H3,L1
M1,L1,H3,H1,L3
L2,L2,L1,L2,BN
L3,L1,H2,L2,L3
H3,H3,L2,L2,L2
H2,L1,L2,L3,L1
L3,H3,L3,L1,H2
M1,L3,L3,L2,L3
L2,H3,L1,L1,H3
L1,L2,L1,L3,L3
L1,L2,H1,L1,L1
L1,L2,L2,L2,L3
L1,M1,L2,L1,L1
M1,L2,L1,H3,L3
L3,L1,M1,L1,M1
L3,L3,L2,H2,L1
M1,L1,L3,L2,L1
L1,L1,L2,H1,L3
L1,L3,L3,L2,L3
H1,M1,L1,L1,H3
L1,M1,L3,L3,L2
L3,L3,L2,L3,L3
L1,H1,L1,H1,L2
L2,M1,H3,L3,H2
L1,L2,L1,M1,L3
L2,L3,L3,L2,L3
L3,BN,L2,L2,L1
L2,L2,L3,H2,M1
M1,L1,L2,L1,L2
M1,L2,L1,L2,H2
L3,L1,M1,M1,M1
L1,L2,L3,H3,L2
H3,L3,L3,L2,L1
L1,L1,L3,L3,L1
H2,L1,L3,L1,L3
H1,L3,L2,H2,L2
M1,L3,M1,H3,L2
L1,H3,L1,L3,L1
L1,L2,L2,H3,L3
L3,BN,L1,L3,L2
H1,H1,L1,L3,L3
H2,L1,L1,BN,L1
L2,L2,L3,M1,L2
H3,L2,L1,L1,L3
H3,L1,M1,H2,H2
L3,H3,L3,L2,L3
L1,H1,L2,L3,L2
L3,L1,M1,L1,L2
L2,L3,L3,L2,M1
L3,H3,H2,M1,M1
L3,H2,L2,L1,L2
L2,M1,GL,H2,L1
H1,M1,L3,M1,L2
L2,L3,M1,L2,H3
BN,L1,L3,L3,L2
L2,H3,L3,H3,GL
L3,H2,L3,H3,L2
L1,L3,L1,L1,H3
L1,L2,M1,L3,L3
L3,L2,L3,M1,L1
L2,L3,L3,L3,L2
L3,L2,L1,L1,L3
L3,M1,L2,BN,M1
M1,H3,H3,L2,L1
L2,L3,L1,L1,H2
L1,L3,L3,L2,L2
L3,L1,M1,L3,GL
H3,L2,L3,M1,H2
L2,BN,L3,L1,H2
M1,M1,L2,L1,L1
L2,L3,L2,H2,H1
L2,L1,L2,M1,H1
M1,H3,H3,L1,L1
H1,L2,L3,L1,L2
M1,L2,L3,L3,L2
L1,H3,M1,H2,L1
L3,M1,H3,H3,L2
L3,L3,L3,L3,L3
L3,L3,L3,L2,H3
M1,M1,BN,L1,L3
L2,H3,L3,L3,L3
L3,L3,H1,L3,L1
L2,L2,L2,L2,M1
H3,H2,L2,L2,M1
H3,L3,H1,L2,H2
H3,L2,BN,H1,H2
H3,L3,H2,L1,L2
L2,L3,L3,L2,L3
H2,L3,L1,L1,L1
M1,L2,H3,H3,H1
L2,L3,L1,L2,L3
L1,H3,L3,L2,L2
L2,L1,L2,M1,L1
L1,H3,M1,M1,L2
L1,L2,L1,L1,L1
M1,L1,M1,H3,BN
H2,L2,H3,L2,M1
L2,H1,H3,L1,H1
L1,L1,H3,L2,H3
L2,M1,L1,L3,L1
H3,L3,H2,H1,L1
L1,L1,M1,L1,M1
M1,L1,M1,L1,L3
M1,H1,H1,L2,L1
L1,L2,L3,L2,L1
L1,L2,L2,L1,L3
L1,L1,H3,H1,M1
L3,H2,L2,M1,H3
L1,M1,L3,L1,L1
H2,L3,L3,L1,L3
L1,L3,H2,L2,L1
L1,M1,H2,M1,H3
L3,L2,L2,L3,L3
L2,L2,H1,M1,L2
L2,L2,L3,L1,M1
L1,L3,L1,L3,H1
L3,M1,L1,M1,L1
L2,L1,H2,M1,L2
L2,H3,L1,L3,L1
H3,L3,L3,L3,L2
L2,L2,H3,M1,BN
L1,H2,L2,L3,H2
L2,L3,H3,H1,L2
H3,M1,M1,H1,H1
H3,L2,M1,L1,H3
L2,L3,L2,L3,L1
H3,L3,M1,L2,H1
L2,L1,L2,L1,L1
L1,H2,L3,L1,H3
H3,L2,L1,L2,M1
L3,L2,L1,L2,L1
L1,M1,H3,L3,M1
M1,H3,L1,L2,M1
L2,BN,L1,L3,L2
L1,L3,H3,L2,H2
L2,L3,L3,L3,H3
L1,M1,L2,L3,L2
L2,L3,L3,H2,M1
L3,L3,H3,M1,L3
L2,M1,L3,H3,L1
L2,L2,L1,L2,H1
L2,H2,H3,BN,L2
L1,L1,L1,L2,H2
L3,L3,L2,L3,M1
L2,H2,L3,M1,L3
L2,L2,M1,L2,H3
H2,L3,H2,L1,BN
L2,BN,L1,L1,L3
L2,L2,H2,M1,L1
H3,H2,H3,L3,H3
L1,H1,L3,H1,H1
L3,L3,L3,L2,H3
L3,L1,L3,M1,M1
BN,L1,L2,L1,L1
L2,L3,L1,H2,L3
L3,L3,L3,M1,L3
L1,L3,L2,L1,M1
L3,H2,M1,L2,H3
L1,H3,L1,L2,L1
L2,L1,L2,M1,L2
L1,BN,H2,BN,H2
L1,L2,H1,H2,L1
M1,L2,L2,L2,L2
M1,L3,L3,L3,L2
H3,H3,H3,GL,L1
L3,L2,M1,H2,M1
L2,M1,L3,L1,L3
L1,H2,L1,L2,H3
L1,L3,L1,L2,H2
H3,L3,M1,L2,L3
L3,L3,L3,L1,L3
H3,M1,L3,L3,H2
L2,L3,L1,L1,H2
L2,L1,L3,M1,H3
L3,L1,L2,L3,L3
H2,M1,L2,L3,H3
L1,BN,BN,L1,L1
L2,M1,M1,L3,L2
L2,H2,H3,L3,L3
L1,L3,L3,H2,L1
L2,M1,L1,L3,H3
L1,H2,L3,BN,L2
M1,L2,L2,H3,H2
H2,L3,L2,L1,L3
L3,L3,L1,L2,L3
L2,L2,H2,L2,L1
GL,L2,L3,L1,L1
H2,L3,H3,L2,L2
L1,L3,L1,H2,M1
L1,H1,L1,L3,L1
L2,L2,L1,H3,M1
L2,H2,H1,L1,L2
L2,L3,L3,L2,L2
L1,L3,L1,L3,L3
L1,L1,H3,L2,H2
L2,L3,H3,L1,L3
M1,L1,L3,L2,BN
L2,L2,L1,L2,L3
L1,L1,L2,L2,L1
L2,M1,L1,L1,L1
L2,L1,H2,L1,L1
M1,M1,BN,M1,L1
L2,L2,L3,L3,L3
L1,L2,L2,M1,L3
L3,L1,M1,L1,H2
M1,L2,M1,H1,L3
L1,L1,L3,L1,L1
L2,M1,H1,H2,L3
L3,L3,H3,L1,L3
L1,L1,L1,L2,L3
L3,H2,L1,L2,H1
L3,L1,L1,L1,L1
L1,L1,L3,BN,L3
H2,L2,L1,L3,L1
L3,L1,M1,M1,L3
M1,L2,L3,L3,L3
M1,H3,M1,M1,L3
M1,L3,H1,H1,L3
L1,H1,H3,L3,H1
L1,L2,H1,H1,L3
L3,M1,L1,L3,H2
H2,H3,H3,H1,L2
L3,L1,L3,L1,M1
L1,L3,L3,L3,L2
H1,L1,L3,L1,BN
L3,L1,L3,H3,L1
L1,BN,L3,H2,H1
L2,L2,M1,L3,M1
L1,L3,L1,H3,L3
L3,M1,L1,L1,L3
H2,H2,L2,H1,L3
H2,M1,L1,H2,H3
H2,L1,L2,L1,H3
H3,M1,M1,L1,L2
L1,L1,H1,L2,H3
H3,H3,L3,L1,H2
L3,L2,H2,L3,L3
L2,H3,L3,L2,L1
L2,L3,H3,H3,L3
L3,M1,H1,L2,L3
L3,L3,L2,H3,L2
L1,L1,L1,L1,L1
H1,L3,L3,L1,L3
H3,H3,L2,L1,L2
L3,M1,L1,L3,M1
L3,M1,H3,L2,L3
L3,M1,H3,L3,L3
L1,L2,L2,L3,L1
L1,L2,L2,L2,L1
L3,H2,L2,BN,H2
M1,L2,L1,H3,L2
L2,L2,L2,M1,L1
M1,L3,L3,L2,L3
L1,H3,L2,L2,L3
L1,L3,L1,H3,L2
H3,L2,L3,H2,L1
L2,M1,M1,L3,L2
L1,L1,M1,M1,L3
L2,L1,L2,L1,L1
L3,L3,L2,M1,L3
BN,L1,H3,M1,L3
M1,H2,H3,L1,L3
H2,L2,L3,L3,L3
H3,L3,L3,M1,L1
L1,H1,H3,H2,L3
L3,L1,L1,L2,L3
L1,L2,L2,H3,L2
L1,L1,L2,H2,H2
M1,L2,L2,H3,L3
L3,BN,M1,M1,L2
M1,L1,L1,L1,L2
L3,H1,L1,L1,M1
H1,L2,L2,H3,H2
L2,L2,L1,L1,L3
L1,L3,H3,L2,L1
M1,H3,L2,L3,L1
L3,M1,L1,L2,M1
BN,H2,L1,H3,M1
M1,L2,H2,L3,L2
L1,L2,M1,L1,L1
L3,L3,L1,L3,L3
L1,L2,L3,L3,L1
L1,M1,L1,L1,L2
L3,BN,H2,L2,L2
L2,H2,L3,L3,L3
H2,L3,L1,L2,L3
L1,M1,L1,H3,L1
L2,L1,H2,M1,L1
L1,H3,L3,L3,H3
L2,L1,H2,L1,L3
L1,H3,BN,L3,H3
M1,H1,L2,H3,L1
L3,L2,H1,L1,L3
H3,M1,L3,L3,L1
L1,L3,L3,L1,L1
H3,L2,L3,L2,L3
L3,L2,L3,M1,L2
L1,L3,L2,L3,L2
L1,L2,M1,L1,L1
L1,L2,L2,M1,M1
M1,L1,L2,H3,H2
H2,M1,H1,L1,L3
M1,H3,H2,L1,L2
H3,H1,L3,L1,L2
L1,L3,L3,M1,L3
L3,L3,H3,H3,L2
L3,H3,L2,L3,L3
L3,H2,L3,L1,M1
L2,H3,H3,L3,L3
L3,L1,L2,M1,L2
L3,L3,L3,M1,L2
H2,H3,L3,L3,L1
M1,L3,H3,L1,L3
L3,L3,L1,M1,L2
H3,H2,L1,H3,L2
L1,L1,L3,M1,H3
L2,M1,M1,L3,H3
L3,L1,L1,L1,L1
BN,L3,H1,L3,M1
L2,L2,H3,L3,H3
L3,M1,L1,H2,H1
L2,H3,L1,L1,L1
L2,H3,L1,L2,L3
H2,L1,M1,L1,L3
BN,L2,L1,L2,L3
L2,L3,L2,L1,M1
L3,L2,L2,M1,H1
M1,L2,H3,H2,H2
L1,L3,L1,L1,L2
L3,L2,L2,L3,M1
L1,L3,H2,H3,H1
L3,L1,L3,L3,BN
L3,H2,L2,L1,L1
M1,L2,BN,BN,L1
L3,M1,L2,L3,H3
L2,L1,M1,L1,M1
H2,H2,M1,L1,L2
L2,L2,L1,M1,H3
M1,M1,H3,L3,L2
L2,L3,L3,L3,M1
M1,M1,L3,L2,L3
H2,L3,H3,H3,L3
H2,H3,L1,L2,L2
M1,M1,L1,M1,L2
M1,L2,H1,L1,M1
L1,L3,L2,L1,L3
L2,M1,H2,M1,L1
L3,L2,L1,L3,L1
L2,H3,L1,H3,L1
L2,L2,L2,BN,L1
L3,L2,H3,L3,M1
L1,L2,H1,L1,L2
M1,H3,M1,M1,L3
L1,L1,L2,M1,L1
BN,L1,L2,L3,M1
L3,L2,H2,L3,M1
L3,L3,H1,L1,L2
L3,L3,L2,L2,L3
H3,L2,L2,L3,M1
L2,L2,H2,M1,L1
L1,L3,M1,L3,M1
L3,H3,L1,L3,L3
L2,H3,H2,H3,M1
L3,L1,L2,L3,M1
M1,M1,M1,L2,M1
L3,L2,L1,H3,L2
L2,H3,H3,L2,L2
L3,BN,L3,M1,L2
H1,H3,L3,L1,H1
H3,L1,M1,M1,H1
L2,H3,L2,L1,L2
M1,H2,L2,L3,H2
L3,L3,BN,L3,H2
L2,L3,M1,L1,L3
L3,M1,L3,L2,L3
L2,L3,M1,L1,H2
L1,L3,L1,L1,M1
L3,BN,H3,M1,L2
L3,L3,H2,L1,H3
L3,M1,L3,L1,L2
M1,L2,L1,L1,H1
L3,L1,H3,H2,BN
H2,H2,GL,M1,H1
L3,L3,H1,H3,L1
H1,L3,L3,L3,L1
H3,H3,L1,M1,L1
L3,L2,L2,L3,L2
BN,M1,L1,H3,M1
H3,L2,L3,L3,L2
L3,L3,L3,H2,L2
L2,H2,L1,L2,M1
M1,L3,L3,L2,H1
L3,L3,L1,M1,L3
H3,L3,L1,L2,L2
M1,H3,H3,BN,L1
L3,H2,M1,L1,L1
H3,M1,L2,M1,L1
H2,L3,H3,H3,L3
M1,H3,M1,L1,L2
L2,H2,M1,M1,L3
L1,L1,L2,M1,L1
H3,M1,L1,L1,L1
L3,L3,L3,M1,L2
L1,H3,L1,L3,L3
L2,L3,L1,L2,H3
H3,M1,H2,L2,L3
L1,H3,L3,L1,L1
L2,L1,L1,L2,H1
H2,L3,L3,H2,M1
L3,H1,L3,BN,H3
L3,L3,H2,L1,L3
L1,L3,L1,L3,L2
L3,L1,L2,H2,L2
L1,H1,L1,L2,L2
L3,L2,L2,L2,L1
L2,L2,L2,L3,L1
GL,L1,H2,L1,L3
L3,L2,M1,BN,BN
L1,BN,L2,L1,L2
H2,L2,H1,L3,L1
M1,L1,L1,M1,L2
L2,L1,L2,L3,L3
M1,L1,L1,L3,L1
L3,L2,L2,H2,L1
L3,L3,L1,H1,H3
L3,L2,L2,L2,L3
L3,H3,L3,L3,L1
H3,L1,L1,M1,L1
L3,L2,L3,L3,L2
H1,H3,H1,M1,L3
L1,L3,M1,L3,L2
H1,L2,L1,L3,L2
H3,L2,H2,M1,L1
H3,L2,L2,H2,BN
H3,M1,L2,H2,L3
H2,L2,L3,L1,L2
H3,L1,H3,L3,L3
L3,L1,L1,L3,M1
L2,L3,H3,H3,L3
L1,M1,L3,L1,L2
L2,L3,M1,H2,L1
H2,L1,L2,H3,L1
L2,L1,H1,L3,L1
L1,H3,L2,L1,L1
BN,L2,L2,L2,H3
H1,L1,H3,H3,H2
L1,L1,L2,M1,L2
L2,L2,L3,L1,L1
M1,L2,L2,H3,L1
L2,L2,L1,H2,L3
L1,M1,L3,L1,M1
M1,M1,L1,L1,L1
L3,M1,H3,L3,H3
L3,L3,H1,H1,L3
H3,L3,M1,H2,H2
L1,L2,H2,L2,H1
L1,H3,H2,H2,L3
L1,L2,H2,L3,L3
L1,L3,L2,M1,H3
L3,L3,L2,L2,L1
L2,H3,L1,L1,H2
H3,L1,L2,L2,M1
L3,L2,L3,H2,M1
L1,L2,L3,L1,H3
H2,L2,L1,H1,L2
L3,L3,L3,L3,M1
L2,H3,M1,L2,L1
BN,L1,L2,L3,H2
M1,L3,M1,L3,L2
L1,L3,M1,L1,L1
M1,L3,L1,L1,L1
L1,L1,H2,M1,L2
H1,L2,L2,M1,L1
L3,L1,L2,H3,L1
M1,BN,H2,H2,H1
H3,L2,L3,M1,L3
L3,L2,L3,H1,M1
L2,L2,L2,M1,H3
L1,L3,L2,L2,L3
L1,L2,L3,L3,L2
L3,M1,H3,M1,L3
L3,L1,L1,L2,L3
L3,M1,L2,H1,L2
L2,L3,H3,M1,M1
L3,H2,L2,L2,L3
L2,L1,L3,L2,L2
L3,L2,L3,L3,L1
L2,L3,L3,L3,L1
L3,L3,L2,M1,L1
L1,L2,L2,BN,L3
H2,H1,L2,L1,L2
M1,L1,L1,L1,L3
M1,L1,L2,L3,L2
H3,L3,L2,L2,H2
H3,L2,L1,H3,L3
L1,H3,L3,H3,H3
L3,L3,L2,L3,L1
L1,L3,L2,H3,L1
L3,L3,L2,L2,L1
H1,L3,M1,M1,L2
H2,L1,M1,BN,L2
L3,BN,L1,H3,M1
H2,L1,M1,L1,L3
H2,H1,L1,L2,L1
L2,H2,H1,L2,L1
L3,L3,H2,H3,L3
H1,M1,M1,L3,L2
L3,H3,H1,L2,L2
L2,BN,L2,L2,L2
L3,L2,H2,L3,L2
H2,L1,M1,L1,M1
L2,L3,L3,L2,L1
M1,L1,L3,L2,M1
L2,H3,L1,L2,L3
L2,L3,L3,L1,L2
L3,L2,H3,L3,L3
L3,M1,L2,L3,M1
H2,L2,L3,M1,M1
H2,H2,L2,L1,L2
L1,L2,L2,L2,L1
L3,H3,H1,L2,M1
H3,H3,L1,M1,M1
L3,BN,H2,L2,L3
L1,L2,L1,L2,H1
H3,M1,L2,M1,L3
L3,L3,H3,H3,L2
M1,M1,L1,H2,H3
L3,H3,L2,M1,L3
L2,L3,L2,L1,H2
BN,H1,L2,M1,H3
L3,L3,L1,L1,M1
H3,L1,M1,BN,L3
L1,H3,L2,L3,M1
L1,L3,L3,L3,L1
L1,H3,L2,L2,H1
L1,H3,L1,L2,L1
L2,L1,L2,L3,L3
L3,M1,L2,H2,L3
M1,L2,L3,M1,L3
M1,M1,L2,M1,L2
M1,L3,L1,L3,L1
L3,M1,L1,L3,H3
L1,L2,L3,M1,L3
L1,L3,L2,L2,L2
L1,L2,H3,L2,L1
L3,L1,GL,L3,L1
L3,H3,L3,M1,L2
H3,L2,M1,L3,L3
H3,H2,M1,L1,L3
L3,L1,H3,L3,BN
L2,L3,H2,H2,L3
L1,L3,L3,L1,L1
M1,M1,L3,L3,L3
L2,L2,H1,L1,M1
L3,L2,H1,L1,L3
L3,H3,H2,L3,H3
L3,L1,L2,L1,BN
H2,H3,L2,L1,M1
L1,BN,L1,L1,L1
L1,L2,L1,L1,M1
L3,L3,H2,L3,H1
L2,L3,L2,L3,L1
L2,H3,BN,H3,L1
M1,L2,M1,L1,H2
L1,L1,L2,H2,L2
M1,L2,L2,L1,M1
L1,H1,L1,L3,L3
L2,L3,L3,L3,L1
H3,L2,H3,L2,L3
L1,M1,M1,L3,L2
L2,H3,L2,L1,L1
L1,L3,H2,L2,H1
H3,H3,M1,H3,L2
L3,L2,L3,L2,L3
L3,L3,L1,L2,M1
L1,L1,L3,L1,L3
L2,H2,L2,M1,L2
L3,H3,H3,L2,L2
L1,H3,L2,L1,L3
L3,L3,L2,L1,H1
M1,H3,H3,H3,H3
L3,L1,L2,L1,H3
L2,BN,L1,L2,H3
L1,H1,L1,H3,L3
M1,L3,L1,L2,L2
L1,L2,M1,H2,L2
L1,L2,H2,H2,L1
M1,L2,L3,L3,L3
L3,L3,L3,L3,L3
L1,L3,L2,L2,L2
H1,L1,L1,L1,L2
H2,L2,L2,L2,H3
L1,M1,L3,L3,L3
L2,L2,L2,L3,M1
H3,H3,H3,H3,L1
L3,H3,L1,H1,L3
L3,L1,H1,L1,H3
L3,M1,L1,L3,M1
L2,L1,L3,H3,L2
BN,M1,H3,L3,L3
H3,L1,L2,L3,M1
H2,L1,L3,H3,L1
L3,H1,L2,L1,L3
L3,L2,L1,L3,L2
L2,L3,L1,M1,L3
L1,M1,L2,L1,L2
L3,M1,BN,M1,M1
H3,L1,L3,L3,H2
L3,H2,L3,L3,H1
M1,H3,L1,L1,L3
L3,L3,L2,M1,BN
L1,L2,L1,L2,L3
L2,L1,L1,H3,L2
L3,H3,L1,L1,L2
H3,H3,L1,L1,M1
L3,H2,M1,L1,L1
M1,H3,H3,L2,L2
L1,L3,L3,L2,H2
L3,H3,L2,L3,L2
H3,L3,M1,L3,L2
H3,H1,H3,L2,M1
M1,M1,H1,L2,M1
H1,H2,H3,M1,M1
L2,L3,L2,L2,L2
L1,H3,L3,L2,BN
L3,L2,H2,L3,L2
M1,L2,L1,L1,L2
L2,L3,BN,L2,H2
M1,L3,L3,L3,M1
M1,L2,M1,L3,L2
L2,L2,M1,L2,L3
M1,L2,L3,L2,M1
L1,L1,H1,L3,H3
L1,L3,L2,L2,L1
H1,BN,L1,L1,L3
L1,L3,H2,L2,L1
L2,L2,L3,L3,L3
H1,L1,H2,M1,L1
L1,L1,M1,L3,L2
M1,L3,L1,L3,H1
L3,L3,L3,L2,L2
L3,GL,H3,M1,L1
L2,H2,L1,L2,L1
L3,L2,M1,L2,H3
L1,L2,M1,H3,L3
L3,H2,H2,H2,M1
L2,L3,L1,L3,M1
L2,H2,L3,BN,L2
L1,L2,M1,L1,M1
L3,L2,L2,L3,M1
L1,L3,M1,M1,L1
H2,L3,M1,M1,L1
L2,L3,L1,L1,H1
H3,L2,L2,L3,L1
H3,H3,BN,L2,L1
BN,L2,H3,L2,L2
L2,H3,H3,M1,L1
L3,L1,L1,L2,L3
H1,L2,L3,L3,L2
L3,L2,L3,H3,H1
L3,L3,L3,M1,L2
L1,L1,L2,L1,L1
L2,BN,L3,BN,L3
L1,L1,H1,L3,L2
L2,H1,L2,M1,H2
M1,L1,L3,L2,L2
H1,L3,L2,L3,H3
L1,L2,L2,L2,L3
L2,H3,L3,L3,H2
L3,L3,L1,L3,L3
M1,H1,L2,L1,L2
H3,L2,L2,H3,L2
L2,L1,H3,L3,L3
H1,L3,L2,H1,M1
L3,H3,L1,M1,L3
L3,L2,L2,H3,L1
M1,L2,L1,L2,H1
M1,L3,H1,L2,L1
L3,L3,L2,L3,H3
L3,H3,BN,L2,L3
L1,H1,L3,M1,L1
L2,L2,L3,H1,L2
L3,H1,H2,L2,M1
H2,L2,L2,L2,H2
L1,L3,M1,M1,L3
L2,H3,L2,L1,H3
L2,L2,L1,L3,M1
L2,L3,H3,H2,H1
L3,M1,H1,L1,L2
L1,L3,L3,L3,BN
L1,L3,H3,L2,L3
L3,L3,L1,L2,L2
L3,H3,L3,L2,M1
L2,L3,GL,M1,L1
L1,H2,H3,M1,L1
H3,L1,L1,L3,M1
L1,L3,H3,L3,L2
M1,M1,M1,L2,L2
L3,H2,L3,L3,L2
L1,BN,H2,L2,L2
L2,L3,L3,L1,L2
H3,L1,L3,L1,M1
H3,H1,H2,L3,L3
H2,L2,L2,H2,L2
H2,L2,L1,L1,L3
M1,L1,L3,H1,L1
H2,L2,L2,M1,L3
L3,L3,L2,H3,L2
BN,M1,L3,H1,L3
L2,L2,L2,H3,M1
L1,H1,L1,H2,L1
L3,M1,L3,L3,L2
L1,H2,H3,L2,L3
L2,L2,L2,L2,L2
L1,L2,H3,H3,L3
L3,L2,H3,L2,L3
L2,L1,M1,L1,H1
M1,L2,L1,L1,M1
H1,L1,M1,L3,M1
L3,L1,L1,BN,L3
L2,L1,L2,L2,L2
L3,L3,H3,L3,H2
L2,M1,L2,L1,L1
L3,L2,L1,H2,L3
L1,L3,L3,L2,H3
H2,L2,L1,L1,L2
L3,L2,M1,L2,L3
H3,L3,L3,L1,L2
L1,L1,L2,L1,L1
M1,H2,L2,L1,L3
L1,L2,H3,M1,L1
H2,L3,L1,L1,L3
L2,L2,L1,L1,M1
L1,L2,BN,L1,L2
L1,L1,L3,H3,L2
L1,L2,L3,L1,L1
L1,H1,L1,L3,L1
L1,L2,L3,L1,L1
L1,L2,L1,L3,L1
L3,H1,L1,L2,L2
L1,L3,L1,BN,H3
L1,L3,L2,H2,L2
L3,M1,M1,L3,M1
H3,L3,L1,M1,BN
L2,L1,L1,L3,L2
L1,L2,L1,L1,H3
L2,L1,M1,L2,M1
M1,BN,L1,L3,H3
H3,H2,H3,M1,L3
L2,H3,H3,L2,L2
L2,L2,L2,L3,H2
L1,L2,L1,L1,L1
L3,L1,L2,L3,M1
L1,H3,L1,L2,L1
M1,L2,H2,H1,H2
M1,H2,L1,L3,L1
L3,L1,L2,L2,L1
L2,L2,L1,L3,H3
L3,L1,L1,L2,L1
L2,M1,L3,L3,L1
H2,L2,L2,L1,BN
L2,H3,L2,H2,L3
M1,H1,L1,L1,L2
H2,H3,L1,H1,L2
L1,M1,L3,L1,H3
M1,M1,L3,H3,L1
L3,H3,L1,H3,L2
L3,H3,L2,L3,L2
BN,L1,M1,L2,H3
L2,BN,L1,L3,L3
L2,L3,L2,L3,M1
L1,L1,L3,L2,L2
L2,H2,L2,L3,M1
L3,L1,L3,M1,L2
L3,L2,L3,M1,L3
H2,L1,L2,L3,H1
M1,L1,L1,L3,H2
M1,L3,L2,M1,L1
L2,L2,L3,L1,L3
L3,L1,M1,L2,M1
H2,L3,L3,L2,H2
L1,L3,H2,H2,L3
L3,M1,L2,L2,L2
L2,L1,L2,L1,H1
L3,L3,L1,L1,L1
L3,L1,H1,L2,L2
L2,H3,H3,L1,L3
M1,L1,L3,L3,L3
H3,L2,BN,L1,L2
L3,L2,H3,L2,H2
M1,M1,L3,H2,L3
M1,L3,L2,H2,M1
M1,L3,L2,L3,L1
H3,M1,L2,L2,H3
L3,L3,L2,L1,L3
L3,M1,M1,L1,M1
L3,L3,L1,L3,L2
L2,L2,L2,L3,L1
H3,H3,L3,L3,L3
L2,H3,H1,L2,H1
L1,L2,L3,L2,L3
L3,L2,M1,M1,L2
L3,M1,H3,L3,L1
M1,H3,L2,BN,L3
M1,L1,H3,H2,L3
L1,L3,L2,L2,H3
L3,L2,L3,M1,L1
L1,L1,L1,L1,L3
H3,H2,L2,L1,L3
L1,M1,L3,L1,L3
H2,L1,L3,BN,L3
H3,H2,M1,L3,L2
L2,L1,L2,H3,M1
L1,H1,H3,L2,H2
H2,L3,H1,H3,L2
BN,L2,L3,L2,L2
L2,H2,L3,L3,L3
L1,L2,L1,L3,L3
H1,L1,M1,L3,M1
L3,L1,H3,M1,L3
BN,L3,L3,L3,L1
M1,L3,L2,L1,H3
M1,L2,H2,M1,M1
L1,L3,L2,L2,H2
L2,L1,L1,L3,H1
L3,L1,L1,L2,L1
L2,M1,M1,H3,H3
L3,H2,M1,L1,L2
H3,L3,L2,H3,BN
L2,L3,L3,L2,L3
M1,L1,H3,L2,L1
L3,L2,M1,L2,L1
L1,H3,L3,L3,M1
L3,M1,L3,L2,L1
H3,L3,L2,H3,L2
M1,L3,L3,L1,H3
L1,H3,L1,L3,H2
L1,L3,L1,L1,L2
L2,L1,M1,H1,L3
H3,H3,L3,L1,H3
M1,L3,L2,L3,H1
L2,L1,M1,L3,L1
L3,M1,L1,L2,L3
M1,H2,L2,L2,L1
L1,L3,L3,L2,L3
H1,L3,L1,L3,L2
L2,L1,H2,GL,L1
L2,L3,L1,L1,L2
H3,L2,L3,H3,L3
L3,L2,L1,L2,L1
L3,L2,L3,L1,L3
L1,L3,L3,L3,L3
L3,L1,L2,L1,L3
L3,L2,L3,M1,L3
L1,L2,L2,H3,L3
M1,L1,M1,L2,L3
L3,M1,L3,L1,L1
L3,L3,L2,L2,M1
L2,L3,H3,L1,L3
L3,L2,H2,L3,L2
L3,L2,L3,L2,H3
L2,L1,L2,L2,L2
L1,L1,H2,L1,H3
L2,H3,H1,L3,M1
L2,M1,L2,L3,L2
L1,L1,L3,L2,L1
H3,L3,M1,L3,H3
H3,L3,M1,H3,L2
L3,L1,L3,L1,L2
L3,L1,L2,L3,L3
M1,L1,L3,L2,L1
L1,L2,L1,L2,L1
L1,L3,L1,H1,L3
H2,H3,L1,H3,M1
L1,L3,L3,M1,L3
L2,L3,L3,M1,L1
L3,L2,H3,M1,L2
L1,L2,L1,L3,L1
L3,H2,L3,L1,L2
L3,L1,M1,L2,H2
L2,M1,BN,L3,L1
L1,H2,L3,H3,L1
L3,M1,L2,L2,L2
BN,M1,L3,L2,L3
M1,L1,M1,M1,L3
L3,H2,L2,M1,L3
L3,L2,H1,L2,L1
L2,L1,L2,L3,H2
L3,L2,L2,L1,L2
L1,L2,M1,L2,L1
L2,L1,L3,M1,L1
L3,L3,L1,BN,L2
L3,L2,H1,L3,L1
L3,M1,H2,M1,L1
L2,H3,H2,H2,L1
L3,H3,L2,L1,H3
L3,L1,L3,H1,H3
M1,L3,L1,L1,H2
L3,L3,L1,L3,H3
L1,L2,L2,L2,H1
H2,BN,H2,H1,BN
H3,M1,L3,L1,L2
L3,L1,H2,M1,L1
L3,L3,L1,M1,L2
L3,H3,BN,L1,L2
H2,L2,H3,L3,H1
M1,L3,L2,L2,L3
M1,H1,L2,H3,L1
L2,H3,H2,L3,L2
L1,M1,H1,M1,L2
H1,H3,L2,L1,M1
H3,L1,BN,H1,H3
H2,H1,L3,L3,L3
L2,L1,L1,L2,L3
L2,L1,M1,L3,L2
L3,M1,H2,L2,BN
H1,M1,M1,M1,L2
L3,L2,L3,L3,L2
H2,L3,L1,M1,H3
H2,H2,L1,H3,L1
H3,L3,BN,M1,L1
L3,L1,H2,H2,L1
L3,M1,L2,L2,L1
M1,L1,L1,M1,M1
L1,L1,L3,L1,H2
L1,H1,L1,M1,H3
L3,L1,L1,H2,L1
L1,L3,L1,L1,H2
L2,L3,L3,H2,L1
H3,H2,M1,L2,L1
L3,H2,L2,L1,L3
L1,M1,H3,M1,L1
L3,M1,L1,L2,L2
M1,L2,L3,L3,L1
H3,L3,M1,L3,L1
L3,GL,L1,L3,L3
L3,M1,H3,L2,M1
L2,L3,L3,M1,M1
H1,L2,L2,L3,L3
L1,L2,M1,L3,L1
H2,L1,L3,L1,L3
L3,L2,M1,L1,L1
L1,H3,H1,H3,H2
L2,L1,BN,L3,L3
L1,M1,L1,L2,L2
H1,L1,L2,L3,M1
L1,L3,L3,L2,L2
M1,H2,L2,L1,L2
H2,M1,L1,M1,L2
L2,L3,L2,H2,L3
L2,L1,L2,L1,H3
H2,L3,L1,L2,L2
L1,L2,M1,L2,L1
L2,L3,L2,M1,H3
L2,L1,L1,GL,M1
H1,L3,L1,L1,L3
H3,L2,L3,L3,BN
M1,H2,L3,L2,L2
H3,L2,L1,L3,L2
L3,L2,L2,M1,L3
L2,M1,L2,H2,M1
L3,L1,M1,L3,H3
L2,H1,H2,L1,M1
M1,L3,BN,L1,M1
L3,L3,L2,H1,L1
H1,L1,L1,L3,M1
H3,M1,L1,L3,L1
L3,L2,L3,L1,L1
H2,L2,L2,H2,L3
H3,H1,L2,L1,L1
H2,BN,M1,L2,L2
L3,L3,L3,L1,H3
M1,L2,L2,L2,H3
L2,L2,L2,H2,L1
L1,L1,L3,L3,L1
M1,H3,L2,M1,H3
H2,H2,L3,L3,L3
L1,L2,L2,L2,L2
L3,L2,L3,L2,L2
L1,L1,H2,L3,L1
L3,L2,L1,L3,L1
L1,BN,L1,H2,L3
L2,L1,L3,L2,L3
L1,M1,L3,H2,M1
L3,L1,L3,L2,L3
H3,L2,L2,L1,H1
M1,H1,H3,L2,L1
H3,L2,L2,L3,L2
L2,L1,L2,L3,L1
L3,L3,M1,H2,L1
L1,L3,L1,L1,GL
L3,L3,L1,H1,M1
L1,M1,H2,L2,L2
L3,L1,L1,L3,H2
H3,H3,L1,L2,L3
M1,L3,M1,H3,M1
M1,L2,M1,H3,H1
L3,L3,L2,L1,M1
L2,L2,L1,L3,L2
H1,L2,M1,L2,H3
BN,L2,L1,L2,L2
L1,L3,L2,H1,L2
L3,L2,M1,L2,L2
L2,L2,M1,L1,L1
M1,L2,L3,L3,L3
L2,H3,H2,L2,M1
H3,M1,L2,L2,L2
H2,L2,L3,L3,H2
M1,L3,L1,M1,L1
L1,L2,L3,L3,H2
L3,L1,L3,H2,L3
L3,L3,BN,L1,L2
L3,L1,H1,L3,L3
L2,H3,L1,L2,L2
L1,L2,L3,L3,L3
H1,L3,L2,L2,M1
L3,L3,L3,L3,M1
L2,L2,L1,BN,L2
H1,L1,L3,L2,H3
L3,L1,L2,M1,L3
L2,L3,H2,L1,L3
L2,L1,H2,L2,L2
L2,L3,H1,M1,L3
H2,L1,L2,L1,L1
L2,M1,L1,L2,L2
L3,M1,L1,L1,L3
L3,L1,L3,H3,L1
L3,M1,L3,H3,M1
M1,L2,H1,L3,L2
L3,L3,M1,H3,H2
L3,L2,L3,H2,M1
H3,L3,M1,H2,L2
L1,H3,M1,L3,L1
H3,L2,L3,L3,H3
L2,L2,L1,L3,H2
M1,L1,L2,L3,L3
H3,BN,L2,L3,L2
L2,M1,L1,L3,H3
H2,M1,L2,M1,L3
L2,L3,H2,L1,L1
L3,L3,L1,L2,H3
L2,H2,H3,L1,L1
M1,M1,M1,L1,L2
L3,H3,L3,BN,H3
L1,L3,L2,L2,L2
L2,H1,L1,L1,L3
L3,L3,H3,H3,H3
L1,H2,M1,H2,L1
BN,L1,L1,L1,L3
L3,L3,L2,L1,L3
M1,L2,L2,L1,L2
L1,L2,M1,L3,L1
M1,L3,M1,L3,L2
L3,L3,M1,L1,L1
H2,L2,L1,M1,L3
L3,L1,M1,L1,H3
H1,L2,M1,L1,L1
L2,H1,L1,BN,L3
M1,L1,L3,L3,L2
L2,L3,H3,L2,L2
M1,L1,M1,L1,L3
L3,L3,L3,H1,L3
L2,H2,M1,L3,M1
M1,L3,L3,H1,L2
L2,L3,L3,L2,H2
L2,L3,L1,L3,L1
L2,L1,L1,H2,M1
L3,L3,M1,L1,L3
L2,H3,L2,L3,L2
L2,H3,H3,L2,L1
L2,L2,M1,M1,H1
H3,L3,L2,L2,H2
L2,L1,H2,L3,L3
L3,L1,L1,L2,L1
L3,M1,L1,L3,M1
L1,L1,M1,L3,L3
H2,L2,L3,L2,L2
L1,L2,L1,L1,H3
M1,M1,M1,M1,M1
H1,H3,L2,H3,L1
H3,L3,L3,L1,H1
L1,L3,L2,M1,M1
M1,H3,L2,M1,L1
M1,L2,L3,L3,H3
L1,L3,L1,L2,L2
L1,L3,M1,L3,L2
L3,L2,M1,L3,L3
L1,H2,L2,M1,L2
L1,L1,L3,H3,L3
L1,L3,L2,L2,L1
L3,H3,L2,L3,GL
L1,L3,L3,M1,L1
BN,L1,L2,BN,H1
L3,L3,L1,M1,L3
L3,L3,L1,H1,L2
L2,H1,L3,L1,H2
L2,M1,L3,L2,H1
L2,M1,H2,L1,L3
L2,L2,L2,M1,L2
L3,H2,L3,H1,L2
L2,L1,L2,L2,L3
L3,BN,L2,L3,L3
H1,L1,L3,L2,L3
L2,L3,L1,L1,L1
L1,L3,L1,L1,BN
H1,L1,H3,M1,L2
L3,L1,H2,L1,H1
H1,L3,L1,L2,L3
L1,M1,L3,H2,L2
L2,H3,L1,L2,M1
L3,H3,L2,L2,L3
L1,L2,L3,M1,L3
L3,L3,L3,L3,L2
L3,M1,L2,L1,M1
L2,L2,L1,M1,L3
L3,M1,L1,L3,L2
L1,L3,L3,L3,L1
L3,H3,L2,L3,L3
L2,L2,L2,L2,M1
L1,L1,M1,L1,L2
L1,L3,L2,L3,L1
L2,L1,L1,H2,L3
L1,H2,M1,L2,H1
H1,L1,L1,M1,L1
L2,M1,L1,H3,L3
L2,BN,H1,M1,M1
L3,L3,L1,L1,L3
L3,L3,L3,L2,L3
L3,H2,L2,L1,L2
L3,L1,L2,L2,H2
L2,L2,L1,H1,L3
M1,M1,M1,L2,H3
L3,M1,L3,H1,L3
L3,L1,M1,L3,M1
L3,L3,L1,L1,L2
L3,L1,L2,L2,L2
L2,M1,L2,L3,L3
L3,L1,L3,L1,L2
L2,L3,L1,L3,L3
L2,L3,L3,H3,M1
L3,H3,L3,L1,M1
L1,M1,BN,L3,M1
L2,L3,L2,L1,L2
H2,L3,H1,L3,L2
L2,L3,L3,L2,L1
H2,L3,M1,M1,L3
BN,L1,L3,H3,H3
L3,BN,L2,L2,H2
L1,L3,L3,L1,L2
L3,L1,L2,L1,M1
H2,L3,M1,H1,L1
H2,L3,M1,L3,L3
M1,L2,L3,M1,L1
H2,M1,L3,L3,L1
L2,M1,M1,BN,L1
L3,H2,L2,L3,L1
H2,L2,L3,L2,L3
L2,L1,H1,M1,L2
L2,L2,H2,M1,L1
L2,L1,L1,M1,H3
L3,M1,L3,L3,L3
H2,L2,M1,L2,L3
M1,L1,M1,L1,BN
L2,L3,L2,H2,L3
L3,L3,H3,L1,L1
L2,L2,H2,L3,L3
L3,L3,BN,H3,L3
H3,L3,L3,L2,H3
H1,L2,L3,L3,H2
L2,L3,L1,BN,L3
L2,H2,L2,L2,L2
L1,H1,L1,L3,L1
L3,H2,L3,L3,L3
M1,M1,M1,H2,H1
L2,L1,L2,M1,L1
L2,L2,L2,L1,L3
L2,H3,L2,L3,L2
L2,H2,L1,L1,H3
H3,L3,L3,L1,L1
H1,H3,L3,L1,H3
L3,L1,L3,L2,L2
L3,H3,L3,L3,L2
L2,L1,L3,L2,L2
L2,L3,L3,L3,L1
L3,H1,L1,L2,M1
L1,L1,L1,M1,L1
H1,L3,L1,M1,L1
L1,L3,L2,M1,L2
H2,L3,L1,H3,L3
H3,L1,L3,L3,L1
H3,H3,L3,H1,L1
L3,H2,L2,L1,H1
L2,L1,H2,H2,L1
M1,L2,H1,H2,L1
M1,L3,H3,L1,H3
L2,L1,L3,M1,L2
L2,L3,H3,L1,M1
L1,L3,H2,L2,L3
L1,H1,L3,L2,L3
H3,L3,L2,H3,L3
L2,L3,L1,L2,L3
H1,L3,L1,M1,L3
L2,H2,M1,L3,M1
L3,L2,H2,H1,L2
M1,L2,L3,H3,L2
L3,H1,H2,L1,L1
L1,H3,L3,H2,L2
M1,H3,H2,L2,L1
H3,H2,L2,L3,M1
H2,L1,BN,H3,H1
H2,M1,L3,M1,L1
L1,L3,L2,H3,L3
L3,H3,L1,M1,L3
L3,H3,L2,H1,L1
H3,L1,H3,L3,H2
L3,H2,L3,L1,M1
H1,L1,L1,M1,L1
M1,L2,H2,L3,H2
L1,L3,L3,L1,L1
L1,H3,M1,L3,L2
L2,L1,L1,L3,L1
L2,L3,H2,L3,H2
L3,L1,H2,H3,L3
L3,L2,H2,M1,L1
L1,L1,L3,L3,H2
L1,L3,L2,H2,L1
L3,L3,L3,H2,L3
H3,L1,L2,L3,L2
L3,L2,M1,H2,L2
M1,H3,L3,L3,L2
L1,L3,L1,L1,GL
H1,L2,L1,H3,L1
H3,L1,L2,H1,L1
L2,L2,H3,L3,L3
L1,L2,M1,L2,BN
L3,L3,L3,L2,H3
M1,H3,L3,L1,H1
H2,L1,L3,H2,L1
M1,BN,L3,H3,L1
L1,L1,L1,M1,L3
H2,L3,H2,H1,L1
H3,L1,L1,L3,L3
H3,L2,L1,L2,H1
L3,L2,L3,L3,L1
L2,L2,L3,L2,H3
L1,H2,L3,H3,M1
L3,L1,L3,M1,L3
L1,L3,L3,L1,L2
H3,L1,L1,M1,L3
L3,L3,M1,L3,BN
L2,L3,L3,L2,H2
L3,M1,H2,L3,M1
L2,BN,H2,H3,L1
BN,L2,L1,L1,M1
M1,L1,L3,H2,L2
L3,H1,L3,H3,H2
M1,L1,M1,L2,L2
L2,H2,M1,L3,L1
L2,M1,L2,M1,H2
M1,L2,H2,L3,L2
H2,L2,L2,L1,L2
L2,L2,H2,L3,L2
H3,L1,H2,L2,L3
L1,H3,L2,M1,L1
M1,L3,L3,M1,L2
L3,L2,L2,L1,L3
L2,H3,L1,L3,GL
L1,L3,H2,H2,H3
L3,M1,L3,L2,H1
L2,L2,L1,L1,L3
L1,M1,L3,L1,L1
L3,L1,L1,L3,L3
M1,H1,L2,L1,L3
M1,L1,H3,L3,M1
L1,L3,L2,L3,L2
L3,H2,H3,L2,H2
L3,H2,M1,H3,H2
L3,M1,L1,BN,L3
L3,L2,L1,L2,L1
H3,M1,L3,H2,L3
L3,H1,L3,H2,M1
H3,L2,L1,L1,L2
M1,L1,L1,L2,L2
L3,BN,L2,H3,H1
L3,H3,L2,L2,L2
L1,L1,L2,L2,L3
L3,L3,H1,L1,H2
H3,H2,H1,H2,L3
L2,L3,H3,L3,L3
L1,M1,L3,L3,L2
L1,L3,L2,L1,L3
L3,H3,M1,L2,L1
L1,M1,L1,H3,L2
L3,L3,L1,L2,L2
L1,L3,H1,M1,L2
M1,L1,M1,L3,L2
L1,L2,L2,L2,L2
H3,L3,L2,M1,M1
M1,H3,H1,L2,L2
L2,M1,L1,H2,H1
L3,L3,L3,H2,M1
L3,BN,L3,H3,L1
L1,L2,L2,L2,L3
H2,L3,M1,L1,BN
M1,L2,L1,L2,L1
L3,L3,L2,H2,M1
L2,L2,H2,BN,H3
M1,H2,L2,L3,L2
L2,L1,L3,L2,L1
L2,L1,L2,H2,L1
H2,L1,L2,H1,H3
L2,L1,L2,M1,L1
L1,L3,H3,L2,L1
L1,L3,L1,L2,L2
M1,L2,L1,L1,H2
L1,M1,H1,M1,L3
L1,L1,M1,L1,L2
L3,L3,L3,L3,L3
L1,L1,L2,L1,L3
L3,M1,L1,L3,L1
H3,L1,L1,L1,L3
L3,L3,M1,H3,L2
H3,L3,H3,BN,L2
H3,H1,L1,M1,L3
L3,L1,L3,H3,BN
L1,L3,M1,L1,L2
BN,L2,BN,H3,L3
H3,L2,M1,L2,M1
L1,L2,H3,M1,L3
L1,H3,L1,L3,L2
L1,L2,L3,L2,L3
L2,L2,L1,L3,L1
L3,L3,L1,M1,L3
L1,H3,L1,H2,L2
L1,M1,H2,L3,L3
L3,H3,L2,L3,L2
L2,L1,L3,L3,H3
M1,L3,M1,L3,M1
L2,BN,L3,L3,L2
L1,L1,H2,L1,L1
L1,L1,L3,L3,H3
M1,L3,L3,M1,H3
L3,L2,L1,L3,L1
M1,L3,H2,H3,L2
L2,H3,L2,M1,L1
H2,L3,H2,L2,L3
L1,BN,L1,L2,L3
L3,L3,L2,L2,L3
M1,L1,L2,L3,L1
BN,L1,L2,L1,M1
H2,L2,L2,H1,H3
L2,M1,M1,L1,L3
M1,L2,H3,L2,M1
M1,L1,L3,H1,L2
H2,L2,M1,M1,H2
L3,L1,L2,L3,L2
L1,L2,M1,L3,L2
L3,L1,L2,H2,L3
L1,M1,H3,M1,L3
L2,L2,L3,L3,L2
H3,L2,L3,L3,L3
L3,H3,L1,L3,L2
L3,L1,GL,L1,H3
L3,L3,L3,L2,L3
L1,M1,L3,M1,L2
L3,L3,L3,H1,L2
M1,H2,BN,L2,L2
M1,L3,L3,L3,L3
L3,H3,L1,H3,M1
L3,L2,L2,L3,H2
L3,L3,L2,H3,L3
L1,M1,L2,L1,M1
L1,L1,L1,L2,H3
L3,L3,L1,L3,L3
H3,L3,L2,L2,L2
L1,L2,M1,M1,BN
L1,L2,M1,BN,M1
L3,M1,L1,L3,L1
M1,L1,H2,L2,L3
L3,M1,M1,H2,L1
L2,M1,L1,H3,H3
L2,L2,L3,H3,L2
M1,M1,L2,M1,L3
M1,L1,L1,L1,H3
H2,L3,L2,H1,L2
H2,L2,L2,M1,H3
H3,H3,BN,L3,L3
L1,H3,L1,L2,H1
L2,L3,L1,L2,L1
L2,H3,L1,M1,L1
H1,H2,L3,L3,L1
H1,H1,L2,L1,H3
L3,L2,L3,L1,L3
L1,L3,M1,H3,L3
L1,L2,L2,L3,L2
L3,L3,H3,L1,H2
L1,L2,L3,L3,M1
BN,H3,L2,L2,L3
H2,L3,M1,L3,L3
L3,M1,L2,H2,L1
M1,L3,M1,L3,L3
L3,M1,L2,M1,L3
L1,L3,L3,L1,L2
L3,L1,L1,M1,H2
L2,H2,L3,M1,M1
H2,L3,L3,L1,L2
L2,L2,BN,M1,M1
H1,L3,L3,H3,L1
L2,L2,L2,L2,L1
L3,M1,L2,M1,L1
L1,H2,L1,L3,H3
L2,H3,L3,L3,L1
H3,L1,L3,BN,M1
L2,L3,L3,L3,H3
L1,L1,H3,M1,L2
H2,L1,BN,H2,L1
L3,H1,L3,L1,L1
H1,M1,L3,H2,M1
L1,M1,L1,L3,H2
L2,M1,L2,L1,L3
H3,L3,L3,L3,L1
L1,L3,L3,L2,L3
L3,L2,L3,L2,M1
H2,M1,L1,L1,L1
H3,L1,L2,H3,L2
L1,L1,H1,L2,L3
L1,L3,L3,L3,L2
H2,L1,L2,H2,L1
L1,BN,H3,L3,M1
M1,L3,L3,L3,L3
L3,L3,L2,L1,L2
L1,H3,L2,M1,L2
L1,L1,H3,M1,H2
L1,H3,H3,L2,H3
L1,H2,L3,L2,L3
H2,M1,L3,H3,L3
L2,L3,H3,L1,L1
L1,M1,L3,L3,L2
L3,H2,L3,L2,H2
L2,H3,H2,L2,L2
H2,H2,L3,H2,L3
L1,L3,H3,L3,L1
L2,L3,L3,L2,L1
L3,L2,L3,H2,L2
L3,H3,L1,L2,M1
M1,M1,BN,L3,L3
L2,L2,L2,L2,L2
L1,H3,L3,M1,H3
L2,L2,H1,L3,H1
L1,L1,L1,H1,L3
L2,L3,L3,L2,M1
L2,L1,M1,L2,H2
H2,H1,L2,L2,H3
L2,L2,L1,H2,H2
H3,L3,L2,L3,L3
H3,M1,H3,H3,M1
L1,L2,L3,L1,L1
L3,M1,BN,L1,L2
L3,M1,L1,H3,H2
M1,H3,M1,L3,H3
L3,L1,H3,L3,L3
L1,L2,L3,L3,L2
L3,L3,L3,L3,L1
L1,H3,L2,L2,L3
L2,M1,M1,L2,L3
H3,M1,M1,H2,L1
L1,M1,L1,M1,L2
L2,M1,L1,H2,L3
L3,BN,L2,L1,L1
H3,L1,H3,L1,H3
M1,L3,L3,L2,L1
L1,H2,L2,M1,L1
L3,M1,L1,H3,L3
L1,M1,M1,L1,M1
H3,L3,L2,L3,L2
M1,M1,H2,L2,L2
H2,BN,L2,M1,L1
H2,H3,H1,L3,L3
L1,H1,L3,L2,H2
L3,H1,L1,L3,L1
L3,L3,L2,L3,L3
H1,H3,L2,L3,H2
L1,L2,L3,M1,L2
L1,M1,L2,H3,H2
H3,L1,M1,L2,L1
L2,L1,L3,L1,L1
L3,M1,L2,M1,M1
L2,L3,M1,L2,L2
L1,L3,L3,BN,H2
L3,L3,L2,L3,L1
L3,L2,L3,M1,L2
L1,L2,M1,H1,L2
L3,L3,M1,L1,L3
L2,M1,BN,L2,H2
M1,M1,L3,M1,L1
H3,H1,H3,H3,L2
BN,L2,L2,L1,H3
M1,H3,L2,L2,L2
L1,M1,H2,H2,H1
L3,L2,L1,H3,L3
H1,L3,H2,M1,L1
H3,BN,L3,L3,L1
L2,L2,L2,L2,H3
L3,L1,H1,M1,L1
H3,L2,L3,H3,M1
L1,L1,L2,L3,H1
M1,L2,BN,L2,M1
L3,L1,H2,L1,L2
L3,H3,L3,L2,L2
L2,L3,L1,L2,L3
L3,L2,L1,L2,L3
L1,H3,L2,L1,L2
L2,L1,L3,M1,L3
L1,L2,L3,H3,L2
M1,M1,M1,M1,M1
H3,L1,M1,L3,L1
H3,L2,L1,L1,L2
L3,M1,L2,M1,L2
L3,L1,L2,L2,L2
M1,L3,L2,M1,M1
L3,BN,H3,H3,L3
L3,L3,H2,L2,L3
L2,M1,L2,L1,M1
H2,L1,L3,L1,M1
L1,L2,H2,L1,H1
L3,M1,L3,L3,H3
M1,M1,L3,L3,L2
L2,M1,L3,L2,M1
L2,M1,L2,L2,L1
L2,L3,L2,H3,L1
L1,L3,L2,L3,L3
H1,L1,L3,L3,L2
L1,L3,L2,H2,L3
L2,BN,L1,H3,L2
L2,M1,H3,L3,M1
L1,L1,L3,H3,H2
M1,L2,L3,L3,M1
L3,L1,L2,L2,L2
L1,L2,L2,H2,H3
H2,L1,M1,L3,L2
L2,H3,BN,L3,L3
L1,L1,M1,H2,L3
L3,M1,L2,H1,L2
L3,L1,H3,L2,H3
L3,H3,L3,H3,L1
H2,L3,BN,L3,H3
L3,L3,L3,L3,L3
L3,L3,L1,L3,L2
M1,H1,L2,L3,L3
M1,L3,L1,M1,L3
L2,L2,L1,L1,L1
L3,L3,M1,H3,L3
L1,M1,L3,L2,L2
H2,L3,L1,L3,L3
H2,L3,H2,L3,L3
H1,L2,L1,L2,L1
H1,H2,BN,M1,L2
L2,M1,M1,L1,L3
L2,L1,M1,GL,L2
L1,H2,M1,L1,L2
L3,L3,L3,L3,L2
L2,L1,L3,L3,L3
M1,L3,H1,L1,L2
L1,L3,M1,M1,L1
L1,L3,M1,L1,L3
H3,H1,L1,L3,L2
L3,BN,H3,L1,L2
H1,L3,L3,L1,H1
L1,L3,L2,L1,L3
L2,L1,L2,L1,M1
L2,M1,L2,L3,L1
L2,L2,H3,L1,L1
L1,M1,L2,L3,L1
M1,H3,L2,GL,L1
H2,H2,L3,L1,H3
H2,L3,M1,L2,L3
L3,L3,L3,M1,L1
M1,L3,L1,L3,H2
H2,L1,L2,L3,BN
BN,BN,L1,L3,H1
L1,L3,L1,L2,L3
L3,L3,L3,L3,L3
H1,H3,H1,L2,M1
L2,L2,L3,L3,L2
L1,H3,H3,H3,L2
L3,M1,L2,L3,L3
L1,H2,L3,H1,H2
L3,L3,H3,L3,L1
L1,L2,L3,L3,M1
M1,L2,L3,H3,L1
L3,H1,L1,L2,L3
GL,L3,L2,L1,L3
BN,H2,L2,L2,L3
M1,L3,H3,L2,M1
L2,M1,L3,L2,L2
L2,L3,L1,L2,H1
H1,L1,H2,L2,L3
L2,L3,L2,H1,L2
L2,L1,L2,L1,L1
L1,L1,L2,L1,L2
L1,BN,M1,L1,L3
L3,M1,H2,H3,H3
L1,H3,L3,L1,L2
L1,L1,L2,H2,L3
L3,L3,L2,L2,L3
L2,L2,L1,H3,L1
L3,H3,L3,H3,L1
H3,M1,L1,M1,L1
L1,L1,H1,L1,L1
H3,M1,L3,L2,M1
L2,L2,L3,H1,L2
M1,L1,L1,L1,L3
L3,L1,L3,L2,H3
L2,L1,L1,L1,L1
H2,L1,H2,L2,L1
H1,L2,M1,L1,L3
H1,M1,L2,H1,L2
H2,H3,L3,M1,M1
H2,M1,L2,H3,L1
L2,L2,M1,L1,M1
L2,L3,M1,L3,L3
M1,L2,M1,L1,L3
L1,L2,M1,L3,L1
BN,L2,L1,L1,L3
H1,L2,L3,L3,M1
GL,BN,M1,L3,L1
L3,L3,GL,M1,L3
L2,L3,M1,L1,L3
L2,L1,L3,L2,H3
L3,L2,L1,L3,L3
H2,BN,L1,L2,L1
L3,L3,L3,M1,H3
M1,M1,M1,L3,L1
L3,L3,BN,L2,L2
L2,L2,L1,L1,L1
L2,L2,H1,M1,M1
L1,L1,L1,M1,L1
L1,H2,L2,L3,L2
L1,L2,H1,L3,L3
H3,L1,L1,L1,L2
H3,L2,L3,L2,H2
L3,L1,H3,H2,H3
L2,L3,M1,L3,H3
M1,L1,BN,L1,L2
L2,L1,L2,L2,M1
H2,H3,M1,H3,M1
L2,L2,L3,GL,M1
L3,H3,L3,H3,L1
M1,L1,M1,M1,L3
H3,L2,L2,L2,L1
H3,L2,H2,L3,L2
H1,L3,H2,H2,L3
L2,H1,H2,L3,L3
L3,M1,L1,H3,L1
M1,L1,H2,L1,L1
M1,L1,L2,M1,M1
L2,L3,L3,L2,BN
M1,L2,L3,M1,L2
M1,L3,H3,GL,M1
BN,L3,L3,L3,H2
L2,L2,H1,L1,L3
L1,M1,L2,M1,L2
L1,M1,L3,L1,M1
L1,L3,M1,M1,H1
L3,L1,H2,L3,L3
L3,L3,M1,H1,L1
L3,L3,L3,L2,M1
L1,L1,H3,L1,L2
L2,L2,L3,L1,L1
H1,L1,L3,L1,L1
L2,L1,M1,L1,L3
L3,L2,L1,H3,L1
L2,L2,L2,M1,M1
H3,H1,L3,L2,L3
L2,H3,L3,L2,L2
L1,H3,M1,L2,H2
L2,L2,L3,L1,L1
M1,L2,L3,L1,L2
H3,H3,L1,H2,H2
M1,L3,H3,L1,L3
L3,L2,L2,L2,L2
M1,L2,L2,H2,L2
M1,L3,L1,M1,L3
L1,L3,L3,M1,M1
L2,L3,L2,L2,M1
L1,L2,BN,L2,L1
L3,L1,L2,M1,L2
H2,L3,H3,L1,H2
L2,L1,L3,M1,L3
L2,M1,H3,L1,H3
L3,L2,L1,M1,GL
H3,L3,L2,H1,L1
H3,L3,L1,L2,L2
L2,L1,L3,L2,L3
H2,L3,H1,L3,L1
L1,L1,M1,L1,L3
L3,M1,H1,L1,L3
L3,L3,L3,L2,L1
L3,H3,L1,L1,L3
L1,H2,H2,L3,H2
L2,L3,L2,L3,H1
L2,L3,L3,L2,L3
M1,H2,L3,H3,H3
L3,M1,L3,L1,L3
H1,H3,L2,L1,H2
H2,M1,H2,H2,L1
H1,H3,H3,H3,L3
L2,L2,L1,L2,H2
L3,H3,BN,L3,L1
M1,L1,L2,L2,M1
L3,L1,L2,L2,BN
H1,L2,H3,L2,L1
L3,H1,L1,L3,L2
H3,L1,L2,L3,H2
L1,L3,L2,M1,L3
L1,L1,L1,L2,L1
M1,L3,L2,H3,L3
L2,L2,L1,M1,L2
L3,L1,M1,L2,H3
L2,L1,L1,L2,H1
H3,L2,L2,M1,L2
L3,L2,L1,L1,H3
H1,L3,L3,L3,L3
L3,L1,H3,BN,H3
H1,L2,L2,M1,L3
H2,H1,L2,L1,L1
L2,L2,L3,M1,M1
M1,L2,L2,H3,L2
L3,L3,M1,L3,H1
M1,L1,H1,L1,L1
L1,L2,L2,L2,L3
H1,L3,M1,L2,L3
L2,L3,L2,H3,L1
L2,H3,L2,H3,H1
M1,L2,L2,M1,L3
L2,L2,L2,L3,L2
L3,M1,L3,M1,M1
L1,L2,L1,M1,L3
M1,BN,GL,L1,H3
L3,H2,L2,L3,BN
H3,L2,H1,L2,L3
BN,H3,L1,L2,L2
L2,H2,L2,M1,H2
L2,L3,L2,L1,M1
L2,L3,L1,H2,M1
L2,L2,L1,L2,L3
L1,L2,H2,L3,L1
BN,L3,M1,L2,L3
L1,BN,H2,L1,BN
L2,L1,L1,H1,M1
L3,L1,H3,M1,M1
L2,L2,H2,L1,L3
L2,L3,L1,L3,H2
L3,L1,H2,H1,L2
M1,H2,L2,L2,L1
L3,L3,H1,L2,L3
H3,L2,L2,L1,H3
L2,H2,L2,L2,L1
L2,H3,L2,L2,L1
H3,BN,M1,L2,L2
L2,L1,H3,L1,H1
L3,L3,L1,H2,H1
L2,L3,L3,L1,L3
L2,L3,L3,H3,M1
H3,L3,H2,M1,L1
M1,L3,L3,L2,L1
L3,L2,L3,L3,L2
L2,L3,L3,H3,L3
L2,L3,L1,L3,BN
L1,M1,L2,H2,M1
L1,L3,L3,M1,L1
H2,L3,H2,L1,M1
L1,L2,L2,L3,M1
L2,H2,L2,L1,H2
L3,H3,L2,L3,H3
L2,L2,H3,L2,M1
H3,L2,L3,L2,L3
M1,BN,L3,L3,H3
H3,L1,L2,L1,L2
H1,M1,H1,L2,H2
L2,L2,L2,M1,H2
M1,H3,L1,H2,L2
L3,L3,L3,L3,H3
L3,H3,L1,L3,L2
L3,L1,L3,L3,H3
L1,L1,H3,L1,M1
L2,L3,L1,M1,L1
L3,L3,L3,L1,M1
L2,L3,L3,L2,L2
L3,L2,H1,L3,L3
L2,L3,L1,H3,L2
M1,L2,H2,H3,L2
L1,H3,H1,L1,L3
L2,L3,L1,L3,L1
L3,H3,L3,L2,M1
L3,L1,L3,H3,L2
L2,H2,H2,L2,L3
L3,L2,L2,H1,H3
L1,L2,L3,L1,L3
M1,L1,L3,L3,L1
L3,M1,L1,L3,H2
L3,L3,L2,L2,L1
L3,L2,L1,M1,H2
M1,L3,L2,L1,L3
L3,M1,L1,L1,L3
L3,L1,H2,L2,L3
L1,L1,L2,M1,L3
L2,BN,L3,L2,M1
L2,M1,L2,L2,M1
H1,L2,L1,L1,M1
L3,M1,M1,L2,L3
H2,L3,L1,L1,L1
L2,L1,L2,BN,L2
H2,M1,L1,L2,L2
BN,L1,L1,L2,M1
L3,L1,M1,L2,L1
L2,L2,L2,M1,L2
L2,L2,L3,L3,H1
H1,L1,H3,L3,L2
L2,L3,BN,M1,L3
L3,L3,L2,H3,L2
L3,L2,L1,L3,L3
L3,L3,M1,L1,L2
L1,L1,L1,L1,L3
L3,L2,L3,H1,L3
L1,L3,M1,L1,L2
L1,H2,L3,H2,L2
H3,L1,L3,H2,L2
L2,L3,L3,M1,L3
L1,L3,L3,M1,BN
H2,M1,L2,L3,L2
L1,L3,L2,L3,M1
L1,H2,H2,L2,L3
L1,L1,H2,M1,L2
L1,H2,L3,L1,H2
L2,M1,H2,L3,L3
L1,L2,M1,L1,BN
H2,L3,L1,L3,L1
BN,H1,L3,L1,L2
L2,H2,L2,H3,L3
M1,M1,L2,L1,L1
L1,L3,L2,L1,L3
H3,H3,M1,L3,L1
L2,H3,L2,L3,L1
L1,L1,BN,L1,L3
L3,L3,L1,H2,L1
L3,L1,L3,L3,L2
L2,H3,L2,L2,L2
L3,M1,H3,H2,M1
L2,L2,H3,L2,M1
L2,H2,L3,H3,L2
H3,L3,L3,L3,BN
L3,L3,L3,M1,H1
L3,L2,L3,L2,L2
H3,M1,H3,L2,H2
L1,H2,L3,L1,L3
H3,H2,H1,L1,L3
BN,M1,H2,M1,L1
L1,H3,L3,L3,L2
H3,L3,M1,L2,L3
H3,H3,L1,M1,M1
L2,L3,M1,L2,H3
M1,L1,L3,L1,H3
L3,L2,L1,L2,M1
L3,M1,L1,L1,L2
L3,BN,L2,M1,L1
L1,L3,L1,L1,L3
L2,L1,M1,L1,L3
M1,H2,L2,L3,L1
L1,M1,L1,L2,BN
L1,L3,H1,L2,L1
L2,L3,L2,L3,L2
L3,L1,BN,L1,L2
L3,M1,L1,H1,M1
BN,L3,L1,L3,L3
L3,L1,L1,L3,M1
M1,L1,L3,H3,M1
M1,M1,H1,M1,L1
L1,L3,L2,L3,L3
L2,L2,M1,L1,BN
M1,L2,H3,L3,H2
L3,L3,H2,M1,M1
H3,H2,L1,L3,H2
L3,L1,L2,L3,M1
L2,H3,H3,L1,L3
H3,L1,L2,H2,L3
L3,L1,L2,L3,L1
L2,L1,L3,L3,L1
H3,H3,L1,M1,L2
L3,H3,L3,M1,L2
L1,L1,L2,L2,L1
L3,H3,L2,L2,L2
L1,L2,L3,L1,L1
GL,M1,H2,L3,L2
L2,L3,L3,L3,H3
H2,L2,H2,L1,L3
H2,L3,M1,H3,L3
L2,H1,L3,L3,L2
M1,L1,L3,H2,L2
L1,L3,BN,M1,H1
L1,L1,H3,L2,L3
L2,M1,L1,BN,H1
L2,L1,L1,L1,BN
H1,L3,L1,H3,L2
L3,L1,L3,L1,L2
M1,L1,L2,H2,L3
M1,BN,L1,L3,L3
L1,L3,H3,L3,H2
L1,L1,L3,L2,L1
L2,L1,L1,L1,L3
L3,L2,M1,L2,L2
H3,L2,M1,L2,BN
L1,L3,L1,L3,L3
L1,L3,L3,M1,L2
L1,H3,H3,L3,H3
H3,L3,L3,L1,L2
L1,L3,H3,M1,L1
L2,BN,L2,M1,H3
L3,L2,M1,H2,L1
L2,L3,H3,L3,L3
L3,M1,L3,L2,L2
M1,L3,M1,L2,L3
L2,L1,L2,H3,L3
H3,M1,L3,L1,L3
H1,L2,L2,L3,L1
L3,L1,L3,M1,L1
L1,L3,L3,L2,L1
L1,H2,H3,H2,L2
L3,M1,L1,H3,L3
H2,L1,L1,L3,H1
L2,L2,L2,L3,L2
M1,L1,L2,H3,H3
L3,L3,L1,L3,L3
L1,H2,L3,L2,L3
L2,L3,L2,L3,L1
L1,L2,H3,H3,L2
L3,H2,L2,L1,L1
L3,M1,L3,H2,L2
L2,L2,H3,L3,H2
L2,L2,L2,L3,H3
L1,L1,L2,L1,H2
H1,L1,M1,L3,M1
L1,L1,L1,L2,M1
H3,H2,M1,L2,L1
L2,M1,L1,M1,H3
L1,L2,L1,L1,M1
L2,M1,H2,H3,L3
L3,L3,L3,L2,L3
H2,M1,L1,L2,H1
M1,L1,L3,H3,L2
BN,L3,L3,L2,L2
L3,L2,H3,L2,L1
M1,L3,H2,L1,L3
M1,L3,L1,L2,L2
M1,L1,L2,L2,H3
L1,L1,L2,M1,M1
L3,L2,L3,L2,L3
H1,H1,L1,M1,L3
M1,M1,L1,L2,M1
H3,L2,BN,L1,M1
M1,L1,L2,L2,L1
L2,M1,L1,BN,L2
M1,L2,L3,L2,L2
M1,L1,M1,L1,H2
H3,L1,H2,M1,L1
L2,L1,L2,L1,H1
L2,L1,L1,L1,L1
H1,M1,L3,L1,L3
L2,L3,L2,H1,H2
L3,L1,L1,H3,L1
H2,L2,BN,L1,L3
L1,L1,L2,L2,H3
L2,L2,M1,M1,L3
M1,L2,H3,M1,L3
L2,L3,H1,L1,L2
L1,M1,L3,L2,H2
BN,L3,L1,L3,L3
L3,L3,L1,M1,M1
L1,H2,L1,H2,L3
L2,H2,L3,L1,M1
H1,L2,L1,L2,H1
M1,L1,L3,L3,L3
L3,L1,L1,H3,L1
M1,L3,M1,L2,L3
H3,L3,L3,H3,L1
L3,L2,L2,L3,L2
L3,L3,H3,L1,L3
H2,L1,M1,L2,L1
L1,M1,L3,L3,L1
M1,L1,L1,L1,L3
H3,L1,L3,H3,H2
L2,L3,L3,L2,H2
L2,L2,H3,L3,L2
L2,L3,L1,GL,M1
M1,L3,L2,H1,L1
M1,L2,M1,L2,L3
L3,L1,L2,H1,H1
L2,L1,L2,L3,H1
H3,L3,H2,L2,L2
M1,M1,L1,L3,L1
L2,L3,BN,H1,L2
H1,L1,L2,L3,L1
L1,L1,L1,H3,H3
L3,L3,M1,L2,H3
L3,H1,M1,L2,L1
M1,L3,L2,L2,L3
M1,L2,L1,L2,L2
M1,L3,L3,M1,L1
L3,L2,L2,H2,BN
L3,L3,L2,H3,H2
L3,L2,L3,L1,L1
H2,L3,L3,GL,L1
L2,L3,L2,L3,L3
M1,L2,L1,H3,GL
L2,H3,L1,H1,BN
L3,L2,L3,L2,L2
L3,L3,H2,L3,L1
H3,M1,L3,L1,L3
L1,L3,L1,L3,L1
L3,H2,L1,L3,H3
M1,H2,L1,L1,L3
L1,L2,M1,M1,L1
H2,L2,L1,H3,L3
L2,BN,L3,L1,H1
BN,L1,L1,L1,L3
H1,L2,L1,H2,L1
L3,L1,L2,L2,L1
L2,L3,L3,L1,L2
H1,H1,L1,L2,L3
L3,L2,H3,L2,H1
L3,L1,L2,L3,L3
L3,L2,L3,L1,L2
L2,M1,L2,L2,L3
L3,L3,L1,L1,L2
L2,M1,L2,L2,L2
L3,L3,H3,L3,M1
L2,H1,M1,L1,L2
L2,L1,M1,L3,L1
M1,L1,L3,L3,L1
L1,H3,H1,M1,L1
H3,H2,L3,L2,H3
L2,L1,L2,L2,L2
M1,H1,GL,H1,L1
H2,BN,L3,L1,H3
H3,L1,L3,L3,H3
L3,L3,H2,H2,L1
H2,M1,L1,L2,L3
L2,L2,M1,L1,L1
L3,L3,L2,L2,L3
L1,H2,L3,M1,L1
L2,L2,L2,M1,L3
L2,M1,L3,M1,L3
L1,L3,L1,L3,L3
L3,L3,L3,L2,L1
H2,L2,L1,M1,M1
L2,L2,M1,L2,H3
L3,L1,L1,L3,L3
L3,H2,L2,L2,L3
L1,L2,H3,H3,L1
M1,L1,L1,M1,L3
L3,L3,H2,H1,L2
L3,L2,H1,L1,L3
H3,M1,L2,L2,H3
L1,L2,L1,H3,L2
H3,L3,L1,M1,L3
H2,M1,L1,M1,L2
H1,L3,L1,H2,BN
L2,L1,L3,L2,M1
L3,H2,L3,L1,H2
BN,L3,L1,L3,L1
M1,L2,L1,L1,L1
L1,L2,L1,L2,L1
L1,H3,M1,L3,L1
M1,L1,L3,L1,L2
L1,L1,L3,L1,H2
H1,L2,L1,L1,L3
M1,H1,H3,L1,L3
L1,L2,L3,L3,L1
H3,L2,L2,L3,L3
H1,L3,L1,L1,M1
GL,L1,L3,L1,H3
L3,L2,L3,M1,L2
L3,BN,L2,H3,GL
L1,L3,L1,L1,L3
L3,L3,L2,L2,L3
L1,L3,L1,L3,M1
L2,L2,L2,L1,L3
L3,L3,L3,L1,L3
M1,L2,M1,L3,M1
L3,L1,L2,L3,H3
H3,L2,H3,L3,L2
L3,H2,M1,H1,L2
L1,M1,L3,L3,BN
L1,L3,H2,L1,L2
L2,H2,L3,L2,H2
M1,L1,L1,H3,H3
L1,L3,M1,M1,L2
L1,L1,L3,L2,L1
M1,L1,L1,L1,H2
L1,BN,L3,L2,L2
L2,L1,H3,L3,L1
L3,L2,L1,L2,H3
L1,H3,H3,L3,H3
L3,M1,L2,L2,L2
L3,L2,M1,H2,L2
H2,L3,L3,L1,L1
L3,L3,L1,L3,L1
L2,M1,L3,H2,L3
L1,L2,L3,L1,M1
L3,L2,L2,L2,L3
H2,L2,M1,H1,L1
L3,L3,L2,H3,H2
L2,M1,H1,H3,L1
M1,M1,L1,L3,H1
H1,L3,L3,L3,L1
M1,L2,H3,GL,L3
H2,L1,L2,L1,L1
L3,L3,L1,M1,L1
M1,L1,L3,L3,L3
M1,L2,L2,L3,M1
M1,L3,L2,L2,L3
H2,H1,L2,L1,M1
L3,M1,L2,L3,L1
L1,L2,L1,L2,L3
L1,L2,L1,L2,H2
H2,L3,M1,L3,L3
L2,H2,L3,L2,L2
L1,L2,L2,L3,L2
L2,L2,L1,L3,L2
L1,L2,L2,L3,L3
L2,L2,L1,L3,M1
L3,L1,L3,H3,L1
L2,L1,M1,L3,M1
L2,H2,L3,L1,L1
L3,M1,L2,M1,L3
L3,L2,L3,M1,L2
M1,L3,L1,L1,L1
L2,L3,L2,L2,L3
L3,L3,L3,L2,L3
H3,L2,L3,M1,L3
L3,M1,BN,L3,L3
H1,M1,M1,L1,L3
H1,L1,L1,L2,M1
L3,L3,L3,L2,L2
M1,H2,L1,L3,H2
L2,M1,M1,M1,L3
L2,L1,L3,L2,L2
L2,L2,L2,L1,L1
L2,L2,H2,L1,L2
L1,L1,GL,L2,L3
H1,L3,L3,L2,L2
L3,H2,H2,L3,L1
M1,L3,L1,L1,L3
L2,L2,L3,L3,BN
H1,L3,L3,L1,H2
L2,L3,L2,L1,L3
L2,M1,BN,L3,L2
M1,L2,L1,H2,L2
M1,H3,M1,H1,H3
L2,L2,L2,L3,BN
H3,L3,L3,H1,L3
L2,L2,L2,L2,H2
M1,L1,L3,M1,L3
M1,H1,L3,L2,L3
L3,L1,H1,L3,L2
L3,L3,L2,L2,H2
M1,L3,L3,L2,M1
L3,L2,L3,H2,L2
L1,L3,L3,L1,L1
L2,L3,L2,L3,L2
L1,H3,H2,L1,L3
L1,L2,L2,L3,L3
L3,L2,L3,L3,L1
L1,L2,L3,L3,L1
L2,L3,L2,L3,L1
M1,H3,L2,H3,L3
L3,H3,L2,H2,L2
L1,L2,L1,L1,M1
L2,L3,L2,L2,H3
L3,H2,H1,L3,BN
L2,L3,L3,M1,L1
L1,L2,L1,L2,H3
L3,L1,H3,H3,H3
L1,H2,L2,L3,L3
M1,L3,L2,L2,L3
L3,L1,L1,L2,L2
L2,H3,L2,H2,H3
M1,L3,L2,H2,L3
L1,L3,L3,L2,L1
BN,M1,H3,M1,H3
L1,H2,L3,H1,L2
L3,L2,L3,L3,L3
L2,L1,L1,H2,L2
L2,M1,L2,M1,L1
L2,L1,L3,M1,L2
L1,L2,L3,L1,L2
L2,L2,H2,L1,L3
L1,L3,M1,L1,L1
BN,M1,L1,M1,H3
L1,L2,L1,L3,L3
L3,M1,L3,L1,L2
L3,L3,M1,H1,M1
L1,M1,L2,L3,L3
H3,L2,H3,L2,L3
H1,L1,L1,L3,BN
L3,M1,L1,M1,H3
L3,L1,L3,H1,L2
M1,M1,L2,H3,H3
L2,M1,L3,L2,L2
L2,L1,H3,L1,L2
L1,L1,L2,L2,H3
L2,L3,H2,BN,M1
L2,L2,L1,L3,BN
BN,L2,L1,L2,H3
H3,M1,L2,L2,L2
L3,H2,M1,M1,L1
L1,L3,L2,L1,L1
L3,L1,L2,L2,L3
H2,L1,M1,L1,L3
H3,M1,L2,L2,H2
L1,L1,L3,L1,M1
L2,L1,L1,L3,L2
L1,L1,L3,L3,L3
L2,M1,L2,L3,H3
M1,L3,H3,L2,M1
H1,L3,L2,L1,L2
M1,H2,M1,L3,L3
H2,M1,L2,L3,H2
L3,L1,M1,L1,L3
L3,H3,L3,L3,L2
M1,L1,H3,H3,L3
L1,L3,BN,H3,H3
L1,L3,L1,L2,L3
L2,BN,L2,H3,L2
L3,L1,L2,L2,L1
BN,H3,H3,L1,L3
L2,L2,H3,L2,L2
H3,H3,L2,L3,H2
H3,L3,H2,H3,H1
L2,L1,L2,M1,L3
L3,L3,L1,H3,L1
H2,L2,L3,L2,L3
H3,L1,M1,L2,BN
L1,L2,L3,L3,L1
M1,M1,L3,BN,L1
H3,H3,H2,M1,H3
L1,H1,L1,H3,L2
L3,M1,L1,M1,H3
L1,H3,L3,L1,L2
L3,L1,H2,L2,L2
H2,L3,L3,L1,L2
H1,L3,L2,L3,L1
L3,L1,L1,L3,M1
H2,H3,L3,L2,H3
L3,L1,H2,L1,L1
L1,L3,L3,L1,L3
H3,H1,L1,H3,L1
L1,L2,L2,H2,L2
H3,BN,L3,BN,H3
H3,L1,L1,L1,L1
L3,L3,L2,H1,H2
L1,L3,H3,H3,L2
M1,L3,L3,L2,M1
L1,M1,L1,H3,L1
L3,M1,L3,L1,BN
H3,H3,L2,L3,L3
L1,L3,M1,H1,H1
M1,H2,L3,H1,L3
M1,L3,L3,L2,L1
L3,L2,H2,H2,L3
M1,L1,H3,M1,L1
H3,L2,L3,M1,L2
L2,M1,L3,L1,L2
L2,M1,H1,L2,L3
L2,L3,L3,H1,L1
L1,M1,H2,L2,L3
L2,L2,L1,H2,M1
H2,M1,L3,H1,H1
L3,L2,L1,H2,L2
M1,M1,L3,L2,L1
M1,L1,L3,L3,M1
L2,L3,H3,L3,L3
H2,L2,L2,L2,L1
L3,H1,H2,L3,L1
L1,M1,L1,L2,L1
H1,L1,L2,L3,L3
H2,L2,L2,L1,L3
L2,L2,L3,H2,L2
M1,L3,L2,L2,L3
H2,L3,L1,L1,H1
L2,L3,H3,L3,L3
L2,H2,H1,M1,L2
L2,L2,L1,L2,H3
L2,L3,L2,L2,H2
L3,L3,L1,L2,M1
L3,L3,H2,L3,H2
L3,H2,M1,H3,H3
H1,H2,H3,L3,L2
L2,L2,L2,L3,L1
L1,L3,H2,L1,L3
L2,H3,L2,H1,H1
L3,H3,L2,L3,H3
M1,L3,H2,H2,M1
L3,L3,L3,M1,H3
L1,L3,L3,M1,L3
L2,M1,L3,L3,H2
L2,L1,H2,L2,L2
H2,L2,L1,L3,H3
L1,L2,H1,M1,L1
L1,L3,H2,L3,M1
L3,L3,H3,H2,L3
H1,H3,L1,H3,L2
L3,L2,M1,L2,L1
BN,L1,M1,L3,M1
H1,M1,H2,L3,L3
L3,L2,H3,L1,H3
L1,L3,L3,M1,L2
H3,L3,H1,L2,L2
L3,L1,L2,L3,L3
H3,H2,L3,L2,L3
H3,L2,M1,L2,H3
L2,L1,L3,L3,H1
L2,L2,L3,H1,M1
M1,L2,M1,L1,L3
L3,L1,L2,L3,L2
L2,M1,H3,M1,L3
L3,L1,H3,H2,L3
L2,L3,H3,H3,M1
H1,L3,L3,L1,L2
L3,L3,L2,M1,L3
H1,L2,L2,L3,L2
L1,H3,L3,L1,L3
BN,L3,H3,H1,L2
L3,BN,L2,L1,L1
H2,L3,L2,M1,L1
H3,H3,L3,L2,L2
H2,L3,H1,L3,H2
L3,L2,H3,L3,L1
H1,M1,L1,H2,L1
L1,L2,L1,M1,M1
L1,L3,BN,L2,M1
L3,L2,L1,M1,L1
L1,L1,L1,L3,L2
M1,L3,H3,M1,L2
L2,L2,L3,L1,H3
L1,L2,L3,M1,L3
H3,L1,L2,L3,L3
L1,L2,L3,L1,M1
L2,H2,M1,L3,H2
L2,L2,L1,H3,L3
H2,L2,L1,L3,H3
H1,L3,L1,L1,L3
L3,L2,L3,L2,H2
M1,L2,H2,L3,M1
L3,L3,H3,H3,M1
L3,L3,L3,H3,L2
L1,L2,M1,L1,M1
M1,L2,L1,H3,L1
M1,L1,H1,M1,L3
L3,L3,L3,L1,L3
L3,L3,L2,L3,L3
L1,L1,L1,L1,L1
L3,L2,H3,M1,L2
L2,M1,M1,L3,H1
M1,L2,M1,L1,L1
H3,L1,M1,L1,L3
L2,L2,H2,L1,L1
L3,M1,L1,H2,H3
H3,M1,L3,H3,L3
L2,L1,L1,L3,L3
H1,H3,L2,M1,L1
M1,L2,M1,L3,L2
L2,L1,L3,L3,L3
L3,BN,BN,L3,L2
L2,L1,L2,L3,H3
L2,L3,L3,H3,L3
M1,L3,H3,L2,L3
L2,L3,M1,L1,L3
L3,H2,L1,M1,M1
H2,L3,BN,H1,H1
H2,H2,H3,M1,L3
L3,L3,L3,H1,L1
L1,H3,L3,L2,M1
H2,L3,H3,L3,L2
L2,L1,H1,L1,H2
L1,L1,L3,M1,L2
L1,M1,L2,L2,L3
L1,L3,L2,H2,H3
L3,L3,H3,L2,H3
L1,L2,L3,L1,L3
L1,L2,M1,H2,L3
L3,L2,L1,H1,L1
L1,L2,L3,H2,L2
L1,L2,H3,H3,M1
L2,L2,H3,L3,L2
L2,L1,M1,L1,L1
H3,L1,L3,L3,H2
L2,L3,L3,H3,H3
L1,H3,L3,L2,L3
H2,H2,L3,M1,M1
L3,L2,L1,L2,L2
H1,L3,H2,L1,L2
H3,L2,M1,L1,H3
L3,L1,L3,M1,L1
L3,L1,M1,L3,H1
L3,L2,M1,L3,L2
H3,L3,L3,H3,L3
L2,L3,L1,L3,L3
L3,L2,H2,L3,L3
M1,L3,L2,H3,L3
L1,H3,L2,L3,L1
L1,H3,H3,L1,L2
L2,M1,L3,L3,BN
L2,L2,L1,BN,L2
L1,L1,L2,M1,L2
L3,L1,L3,L3,H3
L3,L3,L3,L1,H3
L3,L2,L3,L3,M1
L3,L3,H3,L1,L2
L2,H2,M1,M1,L1
H2,BN,H3,L2,L3
H3,L3,L2,H3,H3
L2,L1,L2,L1,L2
L2,L3,L1,L1,H1
H2,H3,L3,M1,L1
L1,L3,H1,L2,L2
L2,BN,H1,M1,H2
M1,M1,L3,L3,L1
L1,H3,H3,H3,L2
L1,L3,M1,M1,L3
L1,H3,L3,L1,L3
L2,H3,L3,L3,L1
L3,L2,L2,L3,L1
L2,H3,H3,L1,L1
L1,M1,M1,L2,L1
L2,L3,H3,L2,L1
L1,L1,L2,L1,H3
L1,M1,L1,L1,L3
L1,L3,L1,L1,H3
L1,L3,L3,M1,L1
L3,L3,L3,H2,L1
H2,L1,M1,L1,L2
L2,L3,BN,H1,H1
L3,M1,M1,L1,M1
L2,L1,L1,BN,H1
M1,M1,L3,H3,L3
M1,L1,L2,M1,L2
H3,L1,L1,M1,H3
M1,M1,H1,L3,H2
H2,L3,L3,H3,M1
L1,H3,L3,L3,L3
L1,L2,L3,H3,M1
M1,H2,L1,M1,L2
L3,BN,L3,H1,L2
L1,M1,L2,L2,L1
L3,L2,L3,L2,GL
M1,L1,M1,L1,L2
L3,M1,L2,L1,L3
L1,L2,L2,H3,L3
L1,L2,L1,L3,L2
L3,BN,M1,L1,L1
L2,L2,L2,L3,L2
L2,L1,L1,L2,H1
L3,L3,H2,L2,M1
L3,L1,L2,H3,H2
M1,L3,H3,L3,L2
L2,L1,L3,M1,M1
M1,L2,L3,M1,L1
L3,H2,L3,L3,H2
M1,L3,H3,M1,BN
L3,L1,H2,L2,L1
L1,M1,L3,M1,H3
H3,M1,L3,L2,L3
L2,GL,L2,L2,L3
L3,L3,L1,H3,L1
L1,L3,L2,L2,H3
L1,L3,H3,L3,L3
L3,L1,L1,L3,L2
M1,L2,L1,L2,L1
H2,H3,H2,M1,M1
M1,L2,L1,L3,L3
L2,L3,H2,L2,L3
BN,H3,H2,M1,H3
L3,L3,H2,L3,H2
L1,L3,H2,L1,M1
M1,L2,L1,H2,L3
L3,L3,L2,L2,L2
L1,L2,L3,L1,L1
L2,L2,L1,L2,L1
L1,L3,L3,L2,L1
L1,L3,L2,M1,L2
L1,H3,L3,L3,L3
L2,L1,L2,H2,L3
L2,H3,H2,L3,H3
L1,H3,H2,H2,L3
H2,L1,M1,L3,M1
L2,H2,L2,L2,L2
L3,L3,H3,L2,M1
L2,L2,L1,H2,H3
L1,L1,H2,M1,H3
H1,L3,L3,L3,L3
H3,L2,L3,L2,GL
L3,M1,L3,H2,L3
H3,L2,L2,L3,M1
L2,L3,L3,H3,L3
L2,L2,L3,M1,H3
L1,L3,H3,H3,L3
L3,L2,M1,L2,L3
H3,L3,L1,L2,L2
L3,H3,M1,L2,M1
L2,L2,M1,L2,L3
H2,L1,H1,L2,L3
L2,H1,L3,L3,L3
L1,L3,H3,L2,H3
L1,L2,L2,L3,L2
L3,M1,M1,L3,M1
L3,L2,H3,L1,M1
M1,M1,H2,H1,M1
L1,L1,L2,L3,L1
L3,L1,L2,L2,L2
M1,L2,L1,L3,L3
L3,L1,L3,L2,L1
L3,L1,L2,L3,M1
L2,H1,L3,L2,L3
L1,L1,L3,L1,H3
L3,H3,L3,L2,M1
L1,L2,L2,M1,L3
M1,L3,L1,L3,M1
L2,L3,L1,L2,M1
L1,H2,L3,L2,H2
L1,M1,BN,H1,H2
L1,M1,L2,H2,M1
L2,L1,GL,L3,L2
L2,L1,H3,L2,L2
L1,L2,L3,H1,L2
L1,L1,L2,H3,L3
BN,L3,BN,L2,L3
L3,L1,L1,L3,L3
H1,L3,GL,L3,L3
L2,L2,L2,L2,L1
L3,L2,L1,H3,L3
H1,H1,L3,M1,L3
L3,L1,H3,L3,L1
L3,L2,H3,L3,L3
L1,L3,L1,L1,L2
M1,H1,L2,H3,L3
L3,M1,L1,L3,L3
L1,L3,H3,L2,L3
M1,H3,L2,L1,L3
L1,L1,H3,M1,L3
L1,L3,H2,H3,L2
L2,L2,L1,H2,L1
L1,BN,M1,L2,L2
L2,H2,M1,L1,L3
M1,L1,L1,H3,L1
M1,M1,H3,H1,BN
H2,L1,L2,M1,L2
H2,L3,L3,L1,L3
L1,L1,L3,L2,M1
L3,H1,L2,L2,L2
L1,L2,M1,L3,L2
L3,L3,L2,L1,L2
L1,H3,BN,L3,L1
L2,L2,L3,L3,L3
L1,L2,H3,L1,H2
L2,H1,H3,L3,L1
L3,H2,H2,L3,H3
H2,L1,M1,L3,L3
L1,L2,H3,L2,L1
L2,L2,L3,BN,M1
L3,L1,L3,L2,L2
L3,BN,L2,M1,L2
H1,L1,L2,H3,H2
L2,H3,L3,L3,L2
L2,L1,L2,L3,H2
L3,H3,L3,L2,L3
L3,H2,L1,L2,L3
L2,L2,GL,L2,L3
L1,L2,L2,L2,L1
L3,L2,L1,H2,L3
L1,L2,L2,H3,L2
L1,L3,M1,L3,L3
L3,H2,L1,L3,BN
L2,L1,L1,L3,L3
L3,L3,L3,L3,H2
L3,L3,M1,L2,L3
M1,M1,H1,L3,L3
H1,L3,L3,L1,L3
L2,M1,L2,L2,H3
L2,M1,L2,L1,L3
L1,L2,M1,M1,L2
L2,L3,L1,L1,L2
M1,L2,L1,L1,L2
H1,L2,M1,L3,H2
L3,L1,M1,H3,L3
L2,BN,M1,L3,L2
H3,M1,H2,L2,L2
L3,M1,H3,M1,L1
L1,L3,H1,M1,L3
BN,L2,L1,L1,L2
L2,L2,L1,L2,L1
L3,H3,L1,L1,L2
H1,L3,H2,L3,L1
L3,M1,H3,L3,L2
H3,L3,L1,L3,H1
L1,L3,L2,L2,L1
M1,H3,L2,L2,M1
L3,L1,BN,L1,L3
L3,L3,L3,BN,L3
L1,L1,L3,L3,H1
L2,L2,H1,L3,M1
L1,L3,H2,H2,H1
L1,H3,L3,L1,L2
M1,H1,L3,L3,L1
L2,L2,M1,H3,H2
L3,L2,L2,H1,H2
M1,L3,L2,M1,L1
L1,L2,L3,L2,L3
L3,L2,L3,L2,BN
L2,L3,L2,L3,H2
H1,H2,BN,H2,L3
L2,L2,L1,L3,L2
L3,L3,L1,H3,L2
L3,L3,L3,M1,H3
L3,L1,M1,L2,L2
L2,BN,H2,L1,L1
L2,L3,M1,L2,M1
L3,M1,L3,M1,H3
L3,L2,L1,L3,L2
H1,L1,L2,L3,H2
H2,L3,L2,M1,H2
L2,L1,L1,L2,M1
L2,BN,H1,L2,H2
H1,L2,H2,L1,H2
L1,L3,L1,L3,L1
L1,L1,M1,L3,L3
H3,L3,H3,L1,L3
H2,H1,M1,L2,L1
H2,M1,M1,M1,GL
M1,L3,L1,L3,H3
BN,L1,L1,L1,L3
H1,M1,L3,L3,H3
L3,H2,L2,L3,M1
L2,BN,L3,H2,L2
L3,L2,L3,L3,L3
H1,L2,L1,L3,L1
L1,M1,L3,L3,L3
L2,L2,L3,M1,H3
M1,L1,M1,L3,L3
L1,L3,H1,H1,L2
M1,L2,H3,L3,H3
H3,L3,M1,H2,L3
L1,L3,H1,L2,H1
M1,L1,L2,L3,H3
L3,BN,L3,M1,L1
H3,L3,L2,L2,L1
L2,L1,M1,L3,M1
L2,L3,H1,L3,L3
H3,L3,L1,L2,L3
L1,L3,BN,L3,L2
L1,L3,L2,L3,L3
L2,M1,H2,M1,L2
L3,L2,L2,L1,L2
L2,M1,L2,L2,L1
L3,H3,L1,M1,L3
L3,L3,L2,BN,L2
GL,L2,L1,L3,L2
H3,L1,L2,L2,M1
L2,L3,L3,H3,L2
L1,L3,M1,L2,L2
L3,L2,L2,L3,L1
H1,L3,L3,H2,L1
M1,L3,L2,M1,H3
L1,H3,L3,L1,L3
H2,L1,L2,H1,L1
L1,L3,H3,M1,L1
L2,M1,L3,L1,M1
L1,L2,H1,L3,L1
H3,H2,H3,BN,H1
M1,L3,L3,M1,H2
L3,L2,L2,M1,M1
L1,H3,H3,L1,L1
L3,L3,H3,L1,L3
L3,M1,L2,L1,L2
H1,L3,L2,L2,L3
L1,L2,L3,M1,L2
L3,L2,L1,L1,M1
L1,L3,L3,H1,L3
H1,H1,L2,L3,L3
L3,M1,L1,L1,L2
L1,L3,L1,L2,L3
H2,H2,L3,L2,L3
L2,BN,M1,H2,L1
M1,L1,L2,H3,L1
L1,H2,L1,L3,L2
L2,L1,L3,M1,H3
M1,M1,L2,L3,L2
L1,M1,GL,L2,L1
L1,L3,M1,L2,H2
L3,L3,L2,BN,L1
H2,L1,L1,L1,L2
M1,H2,L3,H3,M1
M1,L1,L2,L3,H2
L2,L1,L1,GL,L1
L3,L1,L3,H3,L3
H3,L2,L2,L2,L1
H2,L3,L3,L2,L3
L2,L3,L3,L3,L2
L1,H2,L2,L1,H1
M1,L2,H2,L1,M1
M1,L1,L2,BN,L1
L2,M1,H1,H2,L3
L2,L2,M1,L1,BN
H1,L2,L2,L2,H1
H2,L1,H3,H3,L3
H3,L3,L1,L3,H1
L2,L1,L1,L2,M1
L3,H2,BN,H2,L3
L1,M1,L3,H3,H3
L3,L2,L3,L1,L2
L2,L3,L1,H2,H2
L3,M1,L3,M1,L1
L1,BN,M1,L3,L2
L1,L1,L3,L2,L2
L2,L2,L2,L3,M1
L3,L3,H2,L3,H1
M1,H3,L1,L2,M1
L2,L2,M1,H2,L3
L2,M1,H3,L2,BN
L3,L3,L1,M1,L1
L1,H3,L2,H2,L1
H2,L1,L3,L3,L1
L1,L3,L2,L1,L1
H1,L3,L1,H3,M1
L1,L2,L3,L1,L1
L1,L3,L1,L1,L1
L1,H3,L1,L3,L2
H3,L3,L2,M1,L2
H3,L2,L3,H3,H3
H2,L3,L2,H2,L1
L3,L1,L3,M1,L3
L2,L3,L1,L2,M1
M1,L2,L3,L2,L3
L3,L1,H3,L3,H2
L1,BN,L2,L3,L2
L3,L3,L3,L2,H1
L1,L2,H3,L1,L2
L1,L2,L3,L3,L2
L2,L2,L1,L3,L3
L3,L3,L2,L1,L3
L1,L3,L1,H1,L1
L2,L1,H3,L3,M1
L2,H2,L1,L1,L1
L2,L3,H2,L1,H1
M1,L1,H3,H3,L2
L3,H1,L1,H3,L1
M1,L1,L3,L1,L3
M1,L3,L2,L2,L2
M1,H3,M1,H1,L1
L3,L2,L3,H2,L3
H3,L2,L3,H2,L2
L2,H3,M1,L2,H1
L2,L3,L2,H2,H2
L1,L2,L1,L3,BN
M1,L2,M1,L1,H2
L3,M1,L1,H3,H1
L2,H2,L1,BN,L1
L3,H2,L3,L2,H1
L3,H2,L3,L2,L3
H2,L1,M1,L2,L3
L2,H1,H2,L2,L1
L3,L2,H1,H3,L2
M1,L1,L3,H1,L3
H2,H2,H2,L1,H3
L1,L2,L2,H2,H3
M1,H2,M1,L2,M1
M1,L1,L3,M1,L3
L1,M1,L2,L3,H3
L1,L2,L2,L3,H3
L3,L2,L3,L1,GL
L3,L3,H3,M1,L3
L3,L3,H3,M1,M1
L1,BN,L3,L2,H2
L1,L1,L3,M1,M1
L2,L3,L2,L2,M1
M1,M1,L3,H3,L2
L2,M1,L1,L2,H3
L2,L3,L2,L3,M1
BN,L2,M1,L2,L3
L1,L3,L2,L3,L3
L1,M1,L3,L2,L3
L2,L1,L2,L2,L3
L3,L3,L2,H3,H3
L2,L2,M1,L2,L3
L3,L1,L2,H2,L2
H2,H3,H2,M1,L3
H3,L3,L1,L2,L2
M1,L1,L2,L3,L1
M1,L1,H3,H3,M1
L3,H3,L3,L2,L1
H2,H2,H2,L3,L2
M1,L2,L3,L1,L3
L3,M1,L2,H2,L3
L3,M1,L1,L2,L2
L3,L1,L3,L3,L1
L1,L3,L1,L1,L1
L3,L2,L3,L3,H1
L1,L2,H1,L2,M1
L1,L2,L3,M1,H1
L2,M1,L1,H1,L1
H3,H2,L2,L3,H3
L3,L2,L1,L1,M1
L2,L3,L1,L3,L3
L2,L2,L3,L2,M1
L3,L1,L3,M1,M1
L2,H3,L2,H3,H2
H1,M1,H3,L3,L1
L2,M1,H3,L3,L1
L3,L3,H1,L3,L1
L2,L3,L3,L3,L1
L2,L1,L3,M1,H2
L3,L2,L1,H3,L2
L2,L3,H2,M1,BN
L1,L1,H1,L3,L2
H3,H3,L1,H2,L3
H2,L3,L1,L1,L2
L1,L3,L3,L1,L3
L2,L2,L1,L2,L3
L3,L2,L3,L3,L1
L2,L3,M1,L3,M1
L2,M1,L2,L2,L3
L2,H3,L2,L2,L2
L3,L1,L1,L1,L1
L2,L3,L3,M1,H3
H3,L1,L2,GL,L1
L2,L3,L3,L3,L2
H2,L1,L1,L3,L3
L3,L1,L2,L3,L3
H1,L1,M1,L3,M1
H3,L1,L1,M1,L3
L2,H1,L2,BN,L2
L1,L3,L2,L1,L1
L3,M1,L3,L3,L3
L3,M1,M1,L1,M1
H3,L1,M1,L3,H3
L1,L2,H3,H2,H2
L1,L3,M1,L2,L3
H2,L1,M1,L1,L3
L3,L3,L2,L1,M1
L3,M1,L2,L1,L3
H1,L3,M1,L1,L2
L1,L3,M1,L2,L3
H1,L1,M1,L2,M1
M1,L2,M1,L3,H1
L3,L3,L1,L1,L3
L3,H3,L2,H2,L2
L2,H2,M1,H2,H3
H2,L2,L1,L2,L2
L1,L1,L2,L3,H1
H1,L1,L2,M1,L3
L3,L2,L3,L3,L1
L1,H1,H3,L2,L2
L1,L3,BN,L1,L3
L2,L1,M1,L3,L2
H2,L3,L1,L3,M1
L1,H2,H3,M1,L2
L1,L1,H3,L2,L2
L2,L2,H3,L3,L2
L1,M1,H3,L3,L2
H1,L2,H2,L2,L3
L3,L2,L3,L3,L2
H2,L1,M1,L1,H3
L1,L2,H2,H1,L3
L2,H3,L3,L1,L2
L1,H2,M1,L2,L3
L1,L1,M1,L2,L3
H2,BN,L1,L1,L3
L1,L2,H1,L3,H3
L2,L1,L1,L2,BN
L3,L3,L2,L1,L1
L1,H3,L1,BN,L2
L3,L3,L1,H3,L3
L2,L3,L3,L2,H3
H3,L2,L2,L1,L1
L2,H1,L1,L1,L1
L2,L3,H3,L2,H3
H3,GL,H2,L3,L2
L2,L3,H2,L2,L2
L2,L2,BN,L3,L1
L3,H3,L3,M1,L1
L1,L2,M1,M1,H3
H3,L1,L2,H1,H1
L2,H1,L1,L3,L3
L1,L2,H3,M1,H3
L2,L1,L3,M1,L3
L1,M1,L1,BN,H2
L2,L3,L3,L3,L2
L1,L2,H2,M1,L1
L3,L1,H1,L2,L2
L2,L1,L2,L2,L2
H3,L1,L2,L2,M1
L3,L1,L3,L3,M1
L2,M1,L1,L2,H1
M1,L3,L3,L2,L3
L1,H3,L1,L2,L2
H3,L3,H3,L1,BN
H3,H3,L3,BN,L2
H3,BN,L3,L2,L3
H3,L2,L2,L3,H3
H3,L1,L3,L2,L3
L2,L3,H3,L2,L3
L3,H3,M1,H1,H1
L2,H1,L1,H3,L2
L2,M1,L1,H3,H3
L1,L2,BN,L3,L3
L2,L2,H2,L3,BN
L3,L3,L3,H3,L2
L3,H2,L2,H1,L1
L1,H2,H2,L3,L2
L2,H2,M1,L3,L2
L3,H2,H3,BN,H3
L1,L1,L3,L3,H3
L3,L3,L1,L1,GL
L2,H2,M1,M1,L1
L1,M1,L2,L3,L3
L3,BN,L3,L3,M1
L3,H2,L3,M1,M1
M1,L1,L1,H1,L2
M1,L1,L3,L3,M1
L2,L2,L1,L3,L3
L1,L1,L3,L3,M1
L2,L2,L2,L2,L2
BN,L2,L1,M1,L2
L3,L1,L1,L1,H2
L1,L1,L2,L1,L3
L2,L3,L2,L1,L1
H3,L2,L1,L3,L2
H1,L1,BN,L3,H2
H3,M1,L2,L2,H1
L2,BN,L2,L1,L2
H3,L1,H1,L3,H1
H3,M1,L1,L1,L1
L1,L1,L1,H2,L2
M1,M1,M1,L1,L1
L1,L1,M1,L1,L1
L2,L2,L3,L2,L1
L1,L1,H2,M1,H3
L3,L2,H1,L2,L1
M1,L2,L1,L2,H3
L2,L2,L3,L2,H2
L1,M1,L3,L1,H1
L2,L1,H2,L3,L2
L3,M1,L2,M1,L2
L3,L3,M1,L2,L2
L3,L3,L2,L3,H1
L3,L3,L2,M1,H3
L2,H3,L3,H2,L3
H2,L3,H1,L3,L3
L1,H2,M1,M1,M1
M1,M1,L2,L1,L2
L2,L3,L2,L1,L2
L1,L2,L2,L1,L3
L3,L3,L3,M1,H3
BN,H2,H3,L3,L2
L1,L1,L3,L2,L1
H3,L3,L3,L1,M1
M1,L3,M1,L3,L1
L2,M1,L1,H3,M1
L2,L2,L3,L2,L3
M1,H3,L2,L3,H2
H3,H1,M1,L3,L3
H3,M1,L1,H2,L3
H1,L1,L1,L2,L3
BN,L2,L2,M1,L3
L1,L3,L3,H3,L1
L3,L3,L1,H1,M1
L3,L2,L2,H3,H3
L3,L2,L2,H2,H2
L2,L2,H3,L3,M1
L3,L2,L1,L1,L3
M1,H1,L2,L3,L3
H2,L3,L1,L3,M1
L1,L3,L3,L3,BN
BN,L2,L2,L1,L3
H2,M1,L3,H1,L2
L3,L1,H3,BN,H1
L1,H2,L1,L2,L1
L2,H3,L3,L2,L1
L2,L3,L1,M1,L2
H2,L1,L2,L3,BN
L2,L1,H1,M1,L2
M1,L2,BN,L3,L3
H3,L3,L3,L2,L1
BN,L2,L2,M1,H3
H3,L3,H3,L1,M1
M1,L1,L1,L3,H3
L3,L3,L2,L2,H3
L2,M1,H1,L2,L1
L2,L3,L2,L2,L1
L2,L2,L3,L2,L1
L3,GL,BN,L3,L1
L1,L1,M1,L1,L2
L2,H3,L3,L3,L3
L3,L3,L2,H1,L1
L2,M1,L3,M1,H2
L3,L3,H3,L2,L1
L2,L3,L2,H1,H2
L2,L3,H1,L1,L1
L3,L2,L3,H2,L3
BN,L2,L3,L1,L2
L3,L2,L2,L3,L3
L2,H3,L1,L1,L1
L1,L1,L3,L2,L2
L2,L3,L1,L2,L1
H2,L3,L3,L3,H3
L1,L3,L2,L2,L3
L1,L2,H3,L2,L1
L2,L3,L3,L2,M1
M1,L2,L2,L1,L3
L1,L2,L2,L1,L2
L1,L2,H3,L3,H3
L1,L3,H1,L2,BN
L2,L3,L1,L1,L3
L1,L2,L2,H2,L1
L2,L3,H3,H2,H3
L3,M1,L1,H3,H2
M1,H3,L3,L3,L1
L1,M1,L3,L2,H3
L2,L1,H3,H2,L2
L3,H3,M1,H3,H2
L1,H3,L3,H2,M1
H2,L1,L3,L3,L3
L2,L1,L1,L3,L3
L3,L1,L2,H2,M1
L1,L1,L1,H2,L2
L2,H2,L1,BN,L3
M1,L2,L3,L2,L3
L3,H2,L1,M1,L3
H3,L1,L2,L1,L2
L2,BN,H1,L2,L3
L2,L2,L1,L3,H1
L3,L2,M1,L1,H3
L1,L1,L1,L2,BN
L2,L1,H3,L1,L2
L1,H1,H3,L3,H3
L2,H2,L3,L2,L3
H2,H3,L1,L3,L2
H1,L1,L2,L3,L3
M1,L3,L3,L3,L3
M1,L2,L1,H3,L3
H3,M1,L1,L2,L2
L2,L3,L1,L3,H3
L1,H3,L1,L3,L1
L3,BN,L2,M1,M1
L3,L3,H2,H3,L2
L3,L2,BN,H1,M1
H3,H3,M1,L2,H3
L2,L3,L2,L2,M1
L2,L2,M1,L3,L1
L3,L2,H3,L1,L1
L1,L2,L3,L2,L2
L3,L1,H3,L2,L3
L2,L1,L3,H2,L1
L2,L2,M1,L1,L2
L1,H3,L3,L3,L2
L3,H3,L1,L2,L3
H2,L2,L3,L1,L1
H1,H2,H2,L1,M1
L1,M1,L3,L3,L1
H2,L2,H2,L1,M1
M1,BN,L2,L3,M1
H2,L2,L1,H2,L2
L2,L1,M1,L3,L2
M1,L2,L2,H2,L3
L3,L3,M1,H2,L2
L3,H1,L3,L2,M1
L3,L1,H3,M1,L2
L1,L2,M1,L1,L1
L2,M1,M1,M1,L2
L3,H3,M1,L1,H3
H3,L3,L1,L2,L3
L2,M1,L1,M1,H3
L3,H1,H3,M1,BN
M1,M1,L1,L3,L1
H2,L3,H2,L2,L3
L3,L3,L2,L2,L3
L2,H3,GL,L3,L3
L3,L1,H3,H2,L1
L3,L1,L3,H3,H3
M1,M1,L3,M1,L1
L3,M1,L2,L3,L1
L1,L3,L1,M1,L1
L1,L2,L2,L3,H1
L1,BN,L3,L1,L3
H3,L1,M1,L3,BN
L2,L1,L1,H2,H2
H2,L2,L3,L2,M1
L2,L2,L2,H3,L2
L3,L2,L3,L3,M1
L1,L3,L2,L1,L2
L1,L2,L3,L1,L2
L3,L1,L1,L1,L3
L1,L3,H1,L3,H3
L2,L1,H2,L3,M1
L1,L3,L2,L3,L2
L2,L1,L2,BN,L1
M1,L2,L3,H3,L2
L1,L1,M1,L1,BN
H1,BN,H3,L1,M1
H1,H2,H1,M1,L1
L1,L2,H2,L3,L3
BN,L1,BN,L2,M1
L3,L2,H3,H2,L1
H1,H2,L2,L1,L3
H1,L2,L1,L2,M1
L3,M1,L3,L2,H3
M1,H3,L3,L1,H1
L1,L2,H3,L2,M1
L3,L1,L2,L2,H1
L3,L3,L2,L3,H1
L2,H3,L3,L3,H2
L1,L3,H3,L3,L2
L2,L2,H3,L1,L2
L2,L3,L3,L1,L3
M1,H3,H2,L2,L3
M1,H1,H2,H3,L3
H2,L1,L3,L3,BN
L2,H3,H3,L2,M1
L3,L1,L1,L1,L3
L3,L1,L2,BN,L2
L3,L2,L2,L3,L2
L1,L2,L3,M1,L1
BN,H1,M1,H3,L2
L3,L1,H3,L1,M1
H2,L3,H3,L3,M1
L1,L2,L3,L1,L1
M1,BN,L3,L2,L3
L2,H3,L3,L2,H1
H3,L1,L3,L1,H1
L3,M1,L2,L2,M1
BN,H2,H2,L3,H2
M1,L2,L2,M1,L2
M1,L3,L3,L1,H2
L2,L1,M1,L3,H1
M1,H3,L3,L1,L3
H1,L2,H3,L2,L1
H3,H3,L1,L2,M1
H1,L3,H1,L2,L3
L1,L2,M1,L1,H3
L1,L1,L3,L1,H2
L3,M1,L2,L2,L3
H3,L2,L3,L3,H2
GL,H3,H2,H1,L2
M1,H2,L3,L3,L1
L3,L1,H1,L2,L1
L2,L1,L3,L2,L1
L1,L3,L2,L3,H2
L3,L2,H1,M1,L1
L2,H1,L1,L3,H1
L1,L2,H3,H3,M1
L3,L1,L3,L3,L2
L2,L3,L1,L2,L2
L2,L2,L3,L1,L1
H2,L3,M1,L3,L2
L2,M1,L1,M1,L2
L3,L1,L1,L3,L3
H3,L1,BN,L3,H2
M1,L2,L2,L2,L3
L1,L1,L2,L3,L3
L3,L2,H3,L1,L2
L3,M1,H3,L3,M1
M1,BN,L2,L2,M1
L3,L2,L2,H3,L2
H1,H2,L3,L2,L1
H3,L2,M1,L2,H2
L3,L1,H1,L1,M1
L1,L2,H3,L1,H2
L3,L1,H1,M1,H2
L3,L3,L2,L3,L1
H1,H2,M1,BN,M1
L1,L3,L1,L2,L2
L3,M1,L2,L3,M1
L3,L1,BN,L2,H3
M1,L3,L3,L1,L1
L2,L1,H1,L1,BN
L2,L1,H3,L3,L1
M1,L2,L3,L1,L3
L2,H3,H3,L3,H3
L1,L2,L3,L2,L1
L3,L3,L2,L3,L3
L1,L2,H1,M1,H2
H3,L3,L3,L3,L3
H2,H3,L3,L2,L2
L3,H3,L1,L2,L2
M1,L3,H2,L1,L2
H1,L3,L3,L2,M1
L1,M1,L3,M1,H1
L1,M1,L3,H2,L3
L2,L2,H2,M1,H3
H1,M1,L3,L2,H3
L3,H3,L3,L2,L2
H1,L3,L2,L1,L1
BN,L1,L2,L1,H2
L1,L3,L1,M1,L2
H2,H2,M1,L3,L1
H2,L1,L1,L2,L1
L2,M1,H3,L2,L1
H3,M1,H2,L1,L1
L3,L2,L2,L3,L2
M1,L3,L2,L1,H3
L2,L1,H3,L3,L3
H1,L3,H1,L2,L2
H2,BN,L3,H1,L3
L3,L2,L2,H2,H2
L3,L2,H1,L3,L3
L3,L1,L2,L1,L1
L2,L3,M1,L2,H3
L1,L2,L1,H3,M1
L1,L2,L1,L3,L3
L2,H2,L2,L3,L2
L1,L3,L3,L3,L1
L2,L1,L3,L2,L3
L1,GL,BN,L2,L1
L2,L3,L3,L2,L3
H3,L1,H3,M1,H1
L1,M1,L2,L2,L1
L2,L3,L2,L2,L2
L3,L1,L2,L2,L1
L2,H1,L2,L3,L1
L1,H2,L1,L1,H2
L3,L1,L3,L2,L3
H3,L3,L1,M1,L2
H3,BN,L3,L2,L1
M1,L3,L3,M1,L1
L2,L3,M1,L3,L3
L3,H2,L3,M1,H3
H3,M1,L3,L2,L1
L1,H2,L3,M1,M1
L2,L2,L1,L2,L2
H1,L2,L2,L3,L1
M1,L3,M1,L3,H2
L3,L1,L3,L2,L3
L3,L2,H1,L1,L3
L3,L3,L1,L2,L3
L1,L1,L1,L1,M1
L3,M1,L2,L2,BN
L3,L3,L2,L1,L2
L1,L1,L1,L1,L3
L1,H2,L1,H2,L2
L2,L2,H3,H2,GL
H3,L3,BN,H3,L2
H1,L2,H3,L2,L1
L1,L3,M1,L2,H2
L3,L3,H2,L2,L1
L1,M1,L3,L1,L2
M1,L3,L1,L3,L3
L1,H2,H2,L3,H1
L3,L1,H3,H3,H1
L2,H2,L3,L2,L2
L2,L1,L2,M1,H3
L3,L2,H1,M1,L2
L1,H1,L2,L1,M1
L3,L2,M1,BN,L3
H3,L3,BN,L3,L3
H2,H2,H1,L2,H2
L2,L2,H1,H3,L1
L2,H2,L3,L2,L3
L1,H1,L2,L1,L3
H3,L1,H3,L1,M1
H3,M1,L2,L3,L3
H2,M1,H3,L2,BN
L1,L2,L2,M1,L2
L2,L3,L3,L1,L3
L2,H3,L2,L2,H1
L2,M1,L1,L1,H3
H3,L3,M1,L2,H1
H3,M1,L3,H3,L3
L2,L3,L1,L1,L3
H1,L1,L3,L1,L3
L2,L1,H2,L2,L3
H3,H1,L2,L2,L2
L3,L2,L2,L3,H2
BN,L1,H2,L2,L1
M1,L2,L2,M1,L3
L2,L1,L2,L3,M1
L3,L3,L1,L3,L2
H1,M1,L1,L3,L3
H2,L1,L2,M1,L1
L2,L1,L2,L1,L3
L2,H1,L2,BN,L2
L1,L1,L2,L3,H2
L3,L3,M1,L3,H3
L1,H3,L1,M1,L2
L2,L2,L2,H2,L1
L2,H3,L3,H3,L1
H1,L1,H3,L2,L3
M1,L2,BN,L3,L3
L1,H2,L1,L3,H3
L1,H1,L3,L2,H3
L1,L1,L3,L1,M1
L2,L2,L2,M1,H2
H1,L1,L3,L3,L1
L3,M1,H2,L3,L1
H3,M1,H3,H2,L3
L1,L3,L1,L1,L1
L1,M1,L2,L2,H1
H2,L2,L3,H3,L3
L1,L2,M1,M1,L2
M1,L2,L3,L2,L2
L2,M1,M1,L3,L2
L3,L3,L3,L3,L2
L3,L2,H2,L1,L3
H3,H3,L3,M1,L3
L3,L2,L3,L1,L1
H3,M1,M1,L3,L3
M1,H3,H3,L2,L2
L1,BN,M1,L1,L3
BN,H2,L3,L1,L1
L3,M1,L2,L1,L3
L1,L2,L3,H3,L1
L2,H2,H2,L2,M1
L1,L1,BN,BN,L3
M1,L2,H2,L1,H3
L1,L1,L1,M1,L3
L3,L2,L3,L2,L3
L2,L2,L3,H2,H2
L2,H3,H1,L3,M1
L3,L2,L3,M1,L3
H1,L2,H3,L1,M1
L3,L2,L3,L1,M1
L3,M1,BN,L2,L1
L2,M1,L2,L2,L3
L1,L2,L2,L3,L2
M1,H1,L2,L3,L1
M1,H2,L3,L2,M1
H3,L2,L1,L3,M1
L1,L1,L3,L1,L2
H1,L3,M1,L2,M1
L3,L3,H2,L1,L1
L1,L2,L3,L2,H2
L3,H3,M1,L1,L1
L3,L3,L2,L2,M1
M1,L2,L2,L2,L2
L2,L3,H3,L2,H3
L2,L1,L3,L2,L3
L3,L3,H2,M1,BN
M1,L3,L3,L3,M1
L1,L2,L3,L3,L3
H2,L2,H1,L2,L3
L1,H2,L2,L3,H1
M1,L1,L3,L2,H3
L2,BN,L3,M1,L2
H1,H3,L2,L1,L1
H2,H3,L3,M1,L2
H2,L3,L1,L1,M1
M1,L2,L3,L3,L2
L2,L2,L1,L2,L2
L3,L3,L2,L2,L2
L2,H3,L3,L2,L1
M1,M1,M1,M1,L1
L3,L3,H2,H2,L2
L1,H3,L2,L3,L3
H2,L3,L2,L3,H1
H3,M1,H1,L3,M1
L3,L3,L2,L1,L3
L2,M1,L3,M1,L3
L1,L1,M1,GL,L1
H3,L2,H3,M1,L1
M1,L1,L2,L2,L2
L1,L3,L3,H1,L2
H3,H3,L3,H1,L3
L2,H2,L2,M1,H3
L1,L3,L1,M1,L3
BN,L3,M1,H3,L1
L3,L1,M1,H3,L3
M1,L2,L1,H2,L1
H3,L2,H2,L2,M1
L3,L1,M1,L2,L3
L1,L1,L2,L1,L3
H3,L3,L3,L2,H2
L1,H2,L2,L3,M1
H1,L1,L3,H2,H3
L3,L1,L2,L2,L1
L1,L1,L2,L3,L1
L3,L3,L1,L3,M1
H3,H3,L1,M1,L2
L2,L2,L2,H3,H1
H1,L2,H2,BN,L3
L1,L1,M1,H3,L3
L3,H3,L2,M1,L2
L1,M1,L1,L3,L1
L1,L1,H2,L1,L1
L2,L2,L1,L2,L2
L3,H3,L1,L1,M1
H3,L2,L1,L2,L2
L2,L3,L2,L2,L2
M1,L2,H3,L2,M1
M1,L3,L2,L1,M1
H2,L2,H3,BN,L3
M1,H3,L1,L2,M1
L1,L2,L3,M1,L1
H2,L3,M1,L2,H3
L3,H2,L3,H3,L1
L3,L1,H1,H1,L3
L1,M1,M1,M1,L3
L1,L1,H3,L2,L1
L2,M1,L1,H3,L3
L3,L1,L3,L1,L2
L1,L3,L3,H3,L1
L3,L3,L1,L2,L1
L1,L2,L1,L1,L3
M1,H3,H1,L3,M1
L3,L2,M1,M1,L3
H2,L3,L2,H3,L1
L3,L3,L1,L1,L2
H3,H3,H3,L2,L2
L2,L1,L2,M1,L3
L3,L1,L1,L2,H3
H3,L3,L3,L2,L1
H1,L3,H2,L1,H1
H3,L3,L3,H2,L3
L3,L2,L1,L2,L1
L1,L1,L3,H2,H3
L3,L3,H3,L2,L1
L1,L3,L3,H1,M1
L3,L1,L3,L3,H2
M1,M1,L2,L3,H3
L3,L1,L2,L1,M1
H3,H1,BN,H2,L2
L3,L2,L3,L1,L1
L2,H2,L2,L3,L1
L3,L1,L2,L3,H1
L1,M1,L3,L1,L1
L1,L3,H3,L2,L3
L3,L2,H1,L3,H2
M1,L1,L3,L2,H1
L3,L3,M1,L3,L1
L3,L3,L3,L2,H3
H3,L2,L1,M1,L3
L3,L2,L3,L1,L1
L1,H1,L1,L1,L2
H3,L3,L3,H1,L3
H3,H3,L3,GL,L2
L1,H2,L3,H3,H2
L3,L1,H3,L3,L2
H3,L1,L1,H2,H1
L2,H3,L2,L3,H3
H2,L1,L1,H1,L3
GL,M1,L1,H2,L3
H3,L2,H3,L2,L2
L1,L2,L1,L3,M1
L2,L1,H1,BN,L2
H2,M1,L2,H3,M1
L1,L3,L3,L1,H2
L1,H3,L1,H1,H2
M1,L1,L1,H3,L3
H3,L1,BN,H2,M1
L3,L3,L3,L2,L3
L2,M1,H2,L2,L2
M1,L3,L2,L3,L2
M1,L3,L1,L1,H3
L3,L1,L3,L1,L3
M1,L3,L2,L1,H1
L2,L2,H2,L2,H3
L3,BN,H1,L2,L2
L1,L1,H2,L3,L3
L2,M1,M1,L1,H1
H1,L3,L2,L1,L2
BN,M1,H3,L2,L1
L3,L2,H2,H2,L2
L3,L2,L2,M1,L2
L2,L3,H3,L3,M1
L2,L2,L1,L2,L2
L3,L1,M1,L2,L2
BN,L3,M1,H3,L1
L2,L1,L2,M1,H2
L2,L2,M1,L1,H3
L2,H2,L1,M1,L2
L1,L1,M1,L3,M1
L3,L2,H2,H3,H1
M1,L2,H1,M1,L2
M1,L3,L3,L2,M1
L2,H2,M1,H3,M1
H3,L1,L1,L2,L3
M1,L2,L2,H2,M1
M1,L2,L1,M1,L1
L2,L3,L2,H2,L3
L1,L3,H3,L3,M1
H3,L3,H1,L1,H2
L3,BN,L3,L1,M1
L2,M1,L3,L1,L2
L3,L1,L1,L2,H2
L1,M1,L1,L2,L3
L3,L2,L2,L2,L2
H3,L2,L3,H2,L2
L3,H1,L1,H2,L3
H3,L2,L2,H2,H2
H3,M1,L1,L1,M1
H3,H2,L3,L2,H2
L3,L2,L2,L3,L1
L2,BN,L2,L1,H2
M1,L2,L2,BN,M1
L3,L3,L1,L2,L3
L1,H3,L2,L1,L3
L2,L2,L3,L3,H3
L1,L2,L2,L3,L2
L2,H1,M1,M1,H1
L3,L1,H3,L3,L1
BN,L3,L2,L3,H1
L2,M1,L1,H2,L1
L2,M1,M1,L1,H2
L2,M1,L2,L1,H2
L2,H3,L3,L2,M1
L3,H2,L2,H2,H1
L2,L1,H3,L3,L3
L3,L2,L2,L3,M1
L3,L2,L2,L2,L1
L2,L1,H3,L3,H1
L1,L2,L2,L3,M1
L2,H2,L1,L3,H1
M1,L2,L2,L3,L1
L2,L1,BN,M1,M1
L1,L3,L1,BN,H1
L1,M1,L2,L3,L2
L3,H3,L1,L1,L2
M1,L2,L3,H2,M1
M1,L3,L2,L3,L1
L2,M1,L1,H3,H2
M1,L3,L2,L1,L3
H1,H2,M1,H1,L3
H1,H2,BN,L2,M1
M1,L1,M1,L3,H3
H2,L2,L1,L3,L3
L2,H1,M1,L3,H2
L1,H2,L1,L2,L2
L3,H1,H2,L2,L3
M1,L1,L2,L2,L3
L2,M1,L3,L2,L2
H1,L1,L3,L1,L2
L2,L2,L3,L2,H3
H3,L2,L3,L2,L3
L2,M1,L3,L1,L2
L3,L2,L3,H3,BN
H1,M1,L2,L3,H1
L2,L3,L3,L3,L3
L2,BN,L3,L3,L1
H2,L3,L3,L3,L3
M1,M1,L1,M1,L1
L1,L1,L3,L1,L1
L1,M1,L2,L2,M1
L2,H1,H3,L1,H3
L3,L3,L1,L2,L2
H2,L2,H1,M1,L3
L2,L1,H2,L3,H1
BN,L3,H2,H3,L1
L2,L2,L3,L3,L3
L1,M1,L3,L2,L1
M1,H1,M1,M1,H3
L3,H2,L3,L2,L1
L2,L1,M1,BN,BN
BN,H1,L2,L3,L2
L3,L3,L2,L2,L3
H3,L3,L3,M1,L2
L2,L3,L3,L2,L2
H1,L2,L1,L1,L3
H1,M1,L3,L2,L2
L2,H2,M1,BN,H3
L2,M1,H3,L2,L2
M1,L3,L3,L2,M1
L1,L3,L3,L2,H2
H1,L3,M1,L3,L1
L2,M1,L3,L3,L3
H2,M1,H3,L1,L1
H3,L1,L3,H2,H3
L2,H2,L3,H2,H1
H2,L2,M1,L1,H3
L3,M1,L2,L1,L2
L3,L3,L3,L1,M1
L2,M1,L2,L2,L2
L2,L3,M1,L1,L1
H1,L2,L2,L3,L2
L2,L1,L1,M1,H3
H2,M1,H2,H1,H3
M1,L2,L1,L2,BN
L3,L3,H3,L2,L3
H1,M1,L3,L2,H1
L2,L3,L1,H3,M1
L2,L3,L3,L3,L3
L1,M1,L3,L2,H3
H3,H3,L3,L2,L3
H2,L3,L3,L1,M1
L3,L1,L2,L2,L1
L3,L1,L1,L3,L2
L1,L3,H2,L2,L3
H3,M1,L1,M1,L3
L1,L3,H2,H3,L1
L2,M1,H3,L1,L1
M1,M1,L3,L2,L3
L3,L1,L2,H3,M1
L1,L3,L3,L2,L3
L3,L3,L3,L1,L1
L1,H3,L3,L2,L2
L3,H1,L3,L1,L3
L2,L3,L2,L2,L3
L2,L2,L3,M1,L2
L1,L2,M1,L1,L1
L2,L3,H3,L2,L3
L3,M1,H2,L2,L2
H2,L3,L1,L2,L1
L3,L2,L1,BN,H3
H1,L1,L1,M1,L2
L1,L3,L3,L2,M1
L3,M1,L2,L2,M1
H3,L3,L3,L2,L2
L2,M1,L2,L3,L2
M1,L1,L1,L3,L3
L2,L3,H1,L2,H3
L3,L2,L3,M1,BN
L3,L3,L1,L1,L1
L3,H3,L3,H3,L1
L1,H2,L2,L3,L3
M1,L1,L2,BN,L3
L3,L2,H1,L1,L3
L1,L1,L1,L1,L1
L2,L2,L3,L1,L3
L1,L3,BN,M1,L1
L2,L1,H3,L2,L2
L1,L1,L3,M1,M1
L2,L2,L2,H3,M1
M1,L1,L3,L3,M1
H3,BN,L3,L1,L3
M1,L3,L1,L1,L1
L2,L3,L3,L2,L2
L3,M1,L1,M1,H3
L1,L3,L2,L2,L1
L2,L2,L2,L3,H3
L3,L3,L1,L1,BN
L1,L3,H1,L1,L2
L1,L2,L2,H2,L2
L2,H1,M1,M1,L2
M1,H3,GL,L3,L3
L1,L1,H3,BN,H2
L1,L1,L3,L1,BN
L1,L2,M1,L1,L1
L3,H1,H2,H3,L3
L2,L2,L2,L3,L1
L2,H3,L2,L2,H1
L3,L1,M1,L3,M1
L1,L3,L2,L3,L2
L3,L1,L3,L3,L1
M1,L3,L1,BN,L2
L3,L2,L3,L3,L2
BN,L1,L2,L3,H3
L1,M1,L2,L3,L1
L2,L1,L1,L3,L1
L1,L2,H1,L3,H3
H1,H2,L3,L2,H3
L3,L3,L3,L1,H1
M1,L1,H3,L3,H2
L1,L2,H1,M1,BN
L2,L3,L2,L3,L1
L1,L3,M1,L1,L3
L1,L3,M1,L3,L2
M1,L3,L2,L3,L1
L2,L2,L3,L1,L2
L1,M1,L1,L1,L3
L1,L3,L3,H2,L2
H1,L2,H2,L2,L2
L1,L3,L1,L2,H3
L1,L2,L2,L1,M1
L3,L3,L2,H1,M1
L3,L3,H1,H2,L3
L2,L1,L2,L2,M1
L3,L2,L2,M1,L3
H3,M1,M1,L3,H3
L1,L1,H2,L1,H3
L1,L1,H2,L2,H2
L1,L2,L1,L1,H3
L1,H3,H1,H3,L1
L2,M1,L2,L1,L1
M1,L1,L1,L2,L3
M1,M1,L2,L1,L2
L1,H2,L3,L1,L3
M1,M1,M1,M1,L3
H2,H3,L1,L1,L1
H3,L3,L3,L2,L1
L3,L3,L2,L2,L2
L2,BN,L1,L3,L1
L3,L2,L2,L2,H3
BN,L3,L2,H3,L1
H1,L1,L2,H2,M1
L2,M1,H3,L3,M1
L1,L3,L3,L2,L2
L3,L3,L3,L1,L3
L3,L3,L2,H2,L3
H3,L1,L2,L3,L3
H1,L3,H3,L3,L2
L1,BN,M1,L2,L2
H1,H2,L3,H1,L3
L1,L2,L2,L1,L3
L2,L2,L1,M1,L2
L2,L2,L1,L2,M1
L2,L3,L3,H1,L3
L1,H3,L1,L2,L1
GL,M1,L2,H3,L3
M1,L2,L3,L3,L2
L2,H3,L1,L2,L1
M1,L1,M1,L2,L3
L1,L2,L3,H3,M1
L3,H2,L3,L1,L3
H1,L3,L3,L1,H1
M1,L1,H3,M1,L1
H3,H3,L2,L2,L3
H3,L1,L3,H2,L2
L1,H3,L2,M1,M1
L3,L2,L2,L3,L3
M1,M1,L1,L2,L1
H3,H3,M1,L1,M1
L1,M1,L1,L3,BN
L1,L2,L2,L2,L3
M1,L2,L1,L2,M1
L3,L3,M1,L2,H1
L1,L1,H3,L2,L2
BN,L2,L2,L1,M1
L2,L1,L3,M1,L3
L2,H3,H3,M1,L2
M1,L3,H3,L2,M1
L3,L1,L2,H3,L3
L3,L2,M1,L3,L1
L1,M1,L3,H2,L1
L3,M1,L3,H3,L2
L1,M1,L3,L2,M1
L2,L1,L3,L3,M1
H3,H2,L2,H3,L1
L3,L2,M1,M1,M1
L1,L3,H2,L2,L3
L3,L1,L3,L3,H2
L3,L1,L1,L3,L2
L1,L1,H3,H3,L1
L1,M1,L2,L1,L2
M1,L2,L1,H2,L1
M1,L1,M1,L3,L2
L2,L2,H2,L3,L1
L2,L2,L2,L3,L1
L2,H3,L1,L3,H3
H3,M1,L3,BN,L2
M1,L1,H2,L3,H3
M1,L1,H2,L1,L3
H1,M1,L2,L3,L2
H3,H2,M1,L2,L3
BN,L1,H3,L2,L3
L3,L3,L3,L1,L3
L2,L3,L2,L3,L2
L3,L2,L2,M1,L1
H3,L3,L3,L3,L1
H3,H3,L2,H1,L3
L1,M1,L1,L1,L3
L3,L2,L1,M1,L1
L3,L1,L3,H1,L2
H2,L2,BN,BN,H2
L3,L2,L1,L1,M1
L3,L3,L2,L2,L3
H2,L1,L2,H1,L1
L3,H3,M1,L2,L2
L1,L1,H3,L2,L3
H3,L2,L1,L3,L2
H2,L3,L1,H1,M1
L2,M1,L1,L3,L2
L3,L2,L1,L1,M1
L2,L2,L2,L1,M1
L1,H3,H2,L1,H3
L3,L1,H2,L1,L3
H1,H3,L2,L1,M1
L3,L3,L3,H3,L2
H3,H1,H1,L2,L1
L3,L1,L3,L2,L2
H2,L3,L3,L3,M1
L3,L3,L1,L2,L1
L2,L3,L3,H1,L1
L2,L3,L1,L2,H2
L2,H3,L2,L1,L2
L3,H3,L3,L2,L3
L2,M1,M1,L2,L2
H2,H2,L3,H1,H3
L1,L2,BN,L2,H2
M1,L2,H2,H3,L3
H1,L1,H1,L1,L1
L2,L3,L1,L1,L3
H2,L1,L1,L1,L2
M1,H3,L1,L2,L2
L1,L3,M1,L3,H3
L3,H2,L1,L1,H3
L3,L3,H3,H1,H3
H2,M1,M1,M1,L2
L1,L1,M1,H3,L3
M1,L3,L1,L3,H3
L3,L2,L2,L3,M1
H3,M1,L1,L3,L1
L3,L1,H3,L1,L3
M1,L3,L2,L2,L1
L3,L2,H2,L1,M1
H3,H2,L3,L3,GL
L2,H3,M1,L3,L2
M1,L3,M1,L1,L3
L3,L2,L1,L3,L3
L1,H3,L3,L2,M1
H3,L2,BN,H3,H2
L1,L2,H3,L3,M1
L2,L1,H3,L2,M1
L3,L3,H3,L1,L2
L3,L3,L2,L1,H3
L2,L2,L2,L2,L3
M1,M1,L2,L3,H2
L2,L1,L2,L3,L3
M1,L1,L3,H3,L1
L1,L3,L3,H2,L3
H3,H3,H1,H2,L2
M1,L2,L2,H3,M1
L2,L2,L1,M1,BN
L3,L3,L2,L3,H2
L3,M1,L3,M1,L3
L2,H3,L2,M1,L3
H3,L3,M1,H2,L1
L2,L1,L3,L2,L1
M1,L1,H3,H2,L2
L1,M1,L1,M1,L2
H3,H3,L1,L2,L2
L3,L2,L3,H3,L3
BN,H1,H2,L2,L2
L1,L1,L2,L1,L3
L3,L1,H3,L3,M1
H2,M1,L2,L2,M1
L1,L1,M1,L2,GL
L1,BN,L1,H3,L2
L2,H3,L2,L1,H2
L2,L2,H2,H1,L1
L1,L2,M1,L2,L2
BN,M1,L2,L2,L2
L1,L1,L2,L1,L2
L3,L3,L3,BN,L3
L1,L3,H2,L3,L1
L2,M1,L2,M1,L3
L2,H3,H2,L2,L2
H3,L2,H3,L2,L3
L1,BN,L3,H3,BN
H1,H1,M1,L1,L1
L2,L3,L2,M1,L1
L1,L3,L1,L3,L3
L3,H2,H2,L1,L2
L3,L3,L1,M1,L2
M1,L1,L2,L2,L2
L2,L2,L2,L2,L3
H2,L2,H2,L2,L2
L2,L3,H3,L2,L3
L1,L3,H2,L1,L2
L3,H1,M1,L3,H2
H1,L1,M1,H3,L3
L3,L1,L1,H3,L1
L2,L1,BN,L3,L1
L3,L1,H3,BN,H3
L1,L2,L2,H2,L3
H1,L2,L3,L3,L1
L1,BN,L2,M1,H3
L3,L3,M1,M1,L1
L1,L1,M1,L2,L3
GL,H3,L2,L2,M1
L2,M1,L2,L1,L3
L2,H2,L2,L1,L3
M1,L2,H3,L1,L2
M1,L2,L2,L1,L1
L2,M1,M1,L1,L2
L3,L2,L1,L1,L3
L3,L2,L3,L1,H2
H1,L3,L3,L1,L3
M1,L1,M1,L1,H1
L3,M1,L2,L2,L1
L2,H3,L1,BN,L3
BN,L1,M1,H3,L1
L3,L1,L2,L1,L1
L3,L3,L2,M1,H3
L3,L3,H2,L2,M1
H1,L1,L3,L2,L1
L2,L3,M1,L2,H1
L3,H2,L2,L3,L3
L2,M1,L3,M1,H3
L3,L1,M1,L3,L3
L3,L2,L3,H3,L2
L1,L3,L3,L1,L3
L3,L1,M1,L2,L1
L2,L3,L3,M1,L3
L1,H1,L3,L2,L3
H2,L2,H3,L2,L1
H1,L3,L2,H3,L1
L1,L3,L2,L2,L1
L3,L2,L1,H2,L3
M1,L1,H3,L1,H2
L2,L2,L3,M1,L1
L3,M1,L1,H2,L2
H2,L1,L1,L2,L1
H3,L3,L1,BN,L3
L1,L1,L1,M1,M1
L3,M1,L3,L2,H3
L2,L1,L3,L1,L3
H2,L3,H2,L3,L3
L2,M1,L2,H2,L1
L1,L3,L3,L3,L2
H2,L1,L1,M1,L2
H1,L3,L1,L2,L3
H3,M1,M1,L2,L2
L2,L1,M1,L2,L3
M1,M1,L2,L2,L1
L1,L1,L3,L3,L3
L3,H3,M1,L3,L2
M1,L3,H3,H2,L3
H2,L1,L1,H3,L3
H2,M1,L3,L3,L2
L2,L2,L2,M1,L1
L1,L2,L2,L2,L1
L3,L2,L3,L3,L3
H2,L2,L2,L1,L3
H1,L3,L3,M1,M1
L2,L2,L3,L3,L3
L2,L1,H2,BN,L3
L3,L1,L1,L1,H1
L1,H3,L3,M1,L2
L1,H3,M1,M1,L2
H3,L2,H1,M1,L3
L1,H2,H3,L1,H3
L2,L3,L2,BN,L3
H3,L2,H2,L3,M1
BN,H3,L3,M1,L3
L2,H1,M1,L3,L2
M1,L2,L2,L2,H2
L2,L2,L1,M1,L1
L1,L1,L2,L1,L3
H3,L3,L1,L3,M1
L3,M1,H3,L2,L1
H2,L3,H2,L2,M1
H1,L1,L2,M1,H1
H3,L2,L1,L1,L3
H3,M1,L2,L1,H3
H1,L1,L1,L2,L3
L3,L1,L1,L2,H3
L2,M1,L1,L2,L3
L3,H3,L1,L1,L3
L1,L2,L1,H1,L2
H1,H3,L2,L3,L1
L3,BN,L3,L2,L2
L3,H2,L1,L3,M1
M1,H2,L3,L2,L3
L2,L2,L3,L3,L2
L1,L2,L1,L1,L3
L3,M1,L1,L1,L2
L1,L3,L2,H2,L2
L2,H3,L2,L3,L2
H3,L2,L1,L1,L2
L2,L2,L3,L1,L2
H3,M1,M1,H2,L2
L3,L2,L1,L1,L1
L2,BN,L1,L1,L3
L1,L1,L1,L3,L1
L2,H1,L1,H2,H3
L2,L2,L2,L3,L3
L1,M1,H2,H3,L3
L3,L1,M1,L3,L2
L1,H3,L1,L2,L2
L2,H2,M1,M1,H2
L2,L1,L1,L3,L2
L1,H1,H2,H2,L2
H2,H2,H2,L2,L1
H1,L2,L2,M1,L3
M1,L3,L2,H3,M1
H2,L1,L3,L2,H3
L2,L1,L1,H3,M1
L2,H2,L3,L2,L2
L2,L2,L3,L3,L1
L2,M1,H2,L2,L3
H3,H2,L3,L3,M1
L3,L1,L3,H3,H3
L1,L2,L2,H2,M1
L2,M1,L1,L3,L3
M1,L1,M1,L3,H3
L2,M1,L3,L1,L3
L2,L2,L2,H1,L1
H1,L3,L3,M1,H2
H3,H1,L2,H3,L2
L3,BN,L2,L2,L3
H1,L2,L3,L2,L1
L1,L2,M1,L2,L1
M1,L3,L1,L2,M1
L3,M1,L2,L1,L3
L1,H3,H2,L2,L3
L1,L1,L2,L1,L1
L1,H1,H2,H3,L3
L3,L3,H2,L1,H2
H1,GL,L1,H2,H1
H1,L1,L2,L1,L3
H3,L3,L1,M1,L2
L3,H3,M1,M1,L2
L3,L2,M1,M1,L2
L2,L1,L2,L3,L2
L3,L1,L2,L1,M1
M1,H1,L3,M1,H2
M1,L2,L2,L1,BN
L1,L2,L2,L3,H1
L2,L1,H2,M1,M1
L1,L3,M1,L3,L3
L1,L1,BN,L1,L1
H1,L2,M1,L1,M1
L2,L1,L2,L3,L2
L3,M1,L1,L3,L2
BN,M1,L1,L3,L1
L3,L1,L3,M1,L1
M1,L1,H2,L2,M1
L3,H1,L3,L2,H1
L1,H2,L3,L3,BN
L2,H2,H3,L1,L3
H3,L2,L3,L2,H3
L3,L2,H3,L1,L3
L1,M1,M1,L2,L1
L2,L2,L3,L3,L3
L3,L1,L1,L1,L1
L1,L3,H3,L1,L1
L3,L2,L2,BN,L1
L2,H3,M1,L2,L2
H2,H2,M1,L3,H3
H3,H2,L1,M1,L1
L2,M1,H1,L2,L1
L2,L1,L1,L3,L2
L1,M1,L2,L3,L1
L3,L3,L2,L2,H1
H1,L3,H3,H3,H2
L2,L2,H3,H3,L2
L1,BN,L1,L1,L3
H3,M1,H2,L1,L3
H2,L1,M1,L1,L3
L2,L3,L2,L2,L1
M1,L2,L1,L2,L3
H2,M1,L1,L2,H3
L3,M1,H3,L1,H3
L3,L3,M1,BN,M1
L3,M1,BN,L2,M1
H2,L3,H3,L1,L1
L2,H2,M1,L2,L3
M1,L3,H2,H3,L2
L2,L3,L3,L1,L3
H3,M1,L2,L1,L3
L2,L1,L1,L3,L1
L3,M1,H1,L3,L1
L3,H3,L3,L2,L2
L1,L3,BN,BN,L3
L1,L2,L3,H2,M1
L2,H2,H3,L3,M1
L3,L2,L2,M1,L2
L2,H2,H1,H3,L1
L2,L2,L3,H3,L3
L3,L2,L2,L3,L2
M1,L1,L2,M1,H3
H1,H1,H3,L1,L1
H3,L3,L3,M1,M1
L3,L3,L3,L1,L2
M1,H3,L2,H3,M1
L3,M1,L3,L2,L2
L3,L2,L3,H3,L3
L3,L3,L2,H3,L3
L1,L3,L1,L1,H2
M1,M1,L3,L3,L3
L1,L1,L3,L1,M1
H3,H3,L3,L3,L1
L2,L3,L3,L1,L2
L3,M1,L3,L3,L3
H3,L2,L1,M1,L2
L3,L2,M1,L2,L2
L3,L2,M1,H3,L2
L2,L2,L1,L1,H3
L3,L3,L1,L2,L3
H2,M1,M1,L2,BN
L1,L3,L2,L3,H3
L2,L3,H2,L1,H3
L2,L1,L3,BN,M1
L2,L2,L3,L2,H2
L2,L1,L2,L1,L3
L1,BN,L1,L1,L2
L2,L3,L2,L3,L3
H2,L3,L3,L1,L2
L2,L2,L2,L3,L3
L3,L1,L1,L3,L2
L2,L3,H2,L3,L2
M1,BN,L3,M1,L3
L1,L1,L1,L2,M1
L1,L1,L3,L2,L2
L1,L3,L1,L2,L2
M1,L3,L3,L1,L3
L2,BN,M1,L3,L2
L3,L2,H3,L2,L1
L3,L3,L1,L3,L3
L1,H2,M1,L2,L1
L3,H2,M1,M1,L1
L2,L2,M1,BN,L1
H3,L3,L1,L3,L3
L2,L1,H2,L2,BN
L3,L1,L1,L3,L2
L3,H3,L2,L3,H3
M1,H3,L2,L1,L1
H3,L3,L1,GL,L3
L3,L3,M1,L2,L1
L1,L3,L1,H2,L2
H1,L1,L3,L2,L1
L1,M1,L1,L3,L1
L1,M1,L1,L1,M1
L3,L2,L3,L1,L3
H2,L3,M1,L1,L3
L1,L1,L1,L2,L3
L1,M1,L3,L1,L2
H3,BN,L2,H2,M1
M1,L2,L3,M1,M1
H3,L1,H3,L1,L3
H2,L2,M1,L3,L3
L2,M1,M1,L3,M1
L1,L1,L1,L1,H3
M1,L3,H2,L1,L1
H3,GL,L1,H3,M1
L2,M1,L1,BN,L2
L2,M1,L2,L1,L3
L1,M1,L3,H3,BN
M1,L2,L2,L1,L1
L2,L2,H2,H3,L1
L1,M1,L3,L3,L3
L2,M1,L2,L1,H3
L1,L1,H3,M1,L2
L1,L3,L2,L2,GL
H3,L3,L2,L1,L1
L3,BN,L1,M1,L1
L1,H1,H1,L2,H3
L1,L2,M1,H2,L3
L3,L2,L2,L1,H3
H2,L3,H3,L2,BN
H2,L1,M1,L3,M1
H3,L1,L2,L2,L2
L3,L2,L2,M1,L2
L2,H3,L2,L1,M1
M1,L1,L2,H1,L2
M1,L3,GL,L3,L2
H2,L2,H2,M1,L3
L2,L2,L1,L2,L2
M1,L1,M1,L1,H3
L2,L3,M1,H1,M1
L3,L1,L2,M1,L2
L3,L3,L2,L2,L2
L3,L1,M1,L2,L3
L2,L1,H3,L2,L1
L1,M1,L2,L3,L2
L1,H3,L2,H3,L1
H3,L3,L1,L2,L2
H1,L1,L3,L3,M1
L3,M1,H2,H3,L3
L1,M1,M1,L3,BN
L2,L1,M1,H3,L1
L2,L1,L2,L3,M1
L2,L3,L2,L2,L2
L1,BN,L2,L2,L3
L2,H3,H1,L1,H3
L3,L3,L2,H3,L3
H2,L1,L3,L3,M1
L3,L2,H2,L3,H2
L1,H3,L3,L3,L2
H2,L2,L3,L1,L2
L2,M1,H3,M1,L2
H3,H3,L3,M1,L3
L3,L3,L3,H3,L3
H2,L3,H3,L1,L3
L3,L3,L3,L1,H3
L3,L2,H3,M1,L1
L3,L2,L1,L1,L1
L2,L3,BN,H2,L2
L2,M1,L1,H3,M1
L2,H2,L1,L3,L2
H3,L2,L2,L3,L1
L2,H3,L3,L2,H2
L2,H3,L2,L3,L2
H3,L3,H3,L2,L2
H3,L3,L3,M1,H3
L2,L1,L2,H3,L1
L2,L1,L3,L2,M1
M1,L2,L1,M1,L2
L2,L1,L1,H2,L1
L3,L1,L1,H3,L3
L3,L3,L1,L3,H2
L1,H3,L1,H1,L3
L3,L3,H1,L3,H2
L1,M1,L1,L2,L3
L3,H2,H2,L2,H3
L2,L2,L1,L3,L3
L1,M1,L3,L1,L2
L3,L2,M1,L2,L2
L3,L3,L3,L1,L3
H2,L3,L1,L3,L2
L1,L2,L2,L2,L3
L3,H1,L3,M1,H2
L1,H2,L1,L3,L2
M1,M1,H1,L3,H3
L2,L1,BN,L3,M1
L2,L2,M1,L2,L3
L2,M1,L3,L3,L3
L3,M1,L2,L2,L2
L3,L3,L3,L1,L2
L2,L3,M1,H3,H1
L3,L2,H1,H2,L1
H3,H3,L1,M1,L2
M1,H2,L2,L1,M1
L3,L3,M1,M1,H2
L3,BN,L1,H1,L2
L2,L1,M1,H2,L2
L2,L3,L2,L3,L3
L3,M1,L3,H1,L2
M1,H1,H1,H3,H1
L2,M1,M1,L3,L1
L2,L1,L1,L3,H2
L1,H1,L2,H2,M1
L3,H3,L3,H3,L3
L3,H3,L1,L2,L2
M1,L2,L3,L2,H2
L2,L1,L2,L1,L3
L2,L3,L3,L2,L2
H2,H2,L2,L1,L3
L3,M1,H1,L1,M1
L3,L3,L2,M1,L3
H3,L1,L3,BN,M1
L1,L3,L1,L1,L2
H2,L1,H1,H1,L3
L2,L2,L1,L2,L3
L3,L2,L1,H2,L3
H3,L2,H2,L3,L3
H2,M1,L1,H2,L3
BN,L3,L2,L2,L2
L3,L1,M1,L3,L3
M1,H3,GL,H3,L2
L1,L1,L1,L2,L2
L2,L3,H1,L1,L3
L3,M1,H3,L3,L3
L1,L2,L1,GL,L1
L3,L2,H1,M1,L2
L2,M1,M1,H3,L2
L1,M1,L1,L3,L3
H3,L1,M1,L3,L1
